,v1_unit,dlgn_unit,upper_bound,ampc,loss
0,1,1_1,0.1,0.01502,0.06836
1,1,1_1,0.1,0.01535,0.06573
2,1,1_1,0.1,0.02226,0.1265
3,1,1_1,0.1,0.01532,0.0761
4,1,1_1,0.1,0.01811,0.09424
5,1,1_1,0.1,0.01363,0.0759
6,1,1_1,0.1,0.01375,0.0733
7,1,1_1,0.1,0.01688,0.069
8,1,1_1,0.1,0.0164,0.0731
9,1,1_1,0.1,0.01675,0.0675
10,1,1_1,0.1,0.015274,0.0695
11,1,1_1,0.1,0.01912,0.08514
12,1,1_1,0.1,0.02097,0.10406
13,1,1_1,0.1,0.01544,0.07495
14,1,1_1,0.1,0.02501,0.0979
15,1,1_1,0.1,0.02415,0.10236
16,1,1_1,0.1,0.01554,0.07385
17,1,1_1,0.1,0.02084,0.08264
18,1,1_1,0.1,0.01721,0.0869
19,1,1_1,0.1,0.01683,0.0724
20,1,1_1,0.1,0.02048,0.1233
21,1,1_1,0.1,0.02026,0.08325
22,1,1_1,0.1,0.01505,0.1206
23,1,1_1,0.1,0.02138,0.165
24,1,1_1,0.1,0.0163,0.0706
25,1,1_1,0.1,0.02065,0.0759
26,1,1_1,0.1,0.01477,0.07263
27,1,1_1,0.1,0.0204,0.0729
28,1,1_1,0.1,0.01775,0.0979
29,1,1_1,0.1,0.01843,0.07526
30,1,1_1,0.1,0.02103,0.12415
31,1,1_1,0.1,0.0182,0.11
32,1,1_1,0.1,0.0201,0.0724
33,1,1_1,0.1,0.01794,0.1414
34,1,1_1,0.1,0.01903,0.0798
35,1,1_1,0.1,0.02179,0.09674
36,1,1_1,0.1,0.01703,0.07007
37,1,1_1,0.1,0.02008,0.0728
38,1,1_1,0.1,0.01851,0.0668
39,1,1_1,0.1,0.02113,0.1083
40,1,1_1,0.1,0.01968,0.0972
41,1,1_1,0.1,0.02167,0.1049
42,1,1_1,0.1,0.02032,0.0768
43,1,1_1,0.1,0.0226,0.07385
44,1,1_1,0.1,0.02095,0.1277
45,1,1_1,0.1,0.0164,0.0781
46,1,1_1,0.1,0.02174,0.08636
47,1,1_1,0.1,0.01868,0.0859
48,1,1_1,0.1,0.02031,0.0934
49,1,1_1,0.1,0.0157,0.0955
50,1,1_1,0.1,0.01874,0.07336
51,1,1_1,0.1,0.0172,0.0689
52,1,1_1,0.1,0.01913,0.07306
53,1,1_1,0.1,0.01672,0.0846
54,1,1_1,0.1,0.01616,0.09216
55,1,1_1,0.1,0.02261,0.10425
56,1,1_1,0.1,0.01507,0.0789
57,1,1_1,0.1,0.01723,0.07697
58,1,1_1,0.1,0.01886,0.0778
59,1,1_1,0.1,0.01982,0.0752
60,1,1_1,0.1,0.0236,0.12067
61,1,1_1,0.1,0.01472,0.1088
62,1,1_1,0.1,0.0201,0.07806
63,1,1_1,0.1,0.01663,0.06946
64,1,1_1,0.1,0.0154,0.06793
65,1,1_1,0.1,0.01688,0.08344
66,1,1_1,0.1,0.015144,0.07837
67,1,1_1,0.1,0.0171,0.09644
68,1,1_1,0.1,0.01865,0.09674
69,1,1_1,0.1,0.01921,0.0884
70,1,1_1,0.1,0.0223,0.0819
71,1,1_1,0.1,0.01883,0.09924
72,1,1_1,0.1,0.023,0.11017
73,1,1_1,0.1,0.02043,0.0828
74,1,1_1,0.1,0.02046,0.0938
75,1,1_1,0.1,0.01452,0.1389
76,1,1_1,0.1,0.01598,0.07556
77,1,1_1,0.1,0.01744,0.08466
78,1,1_1,0.1,0.0169,0.07306
79,1,1_1,0.1,0.01773,0.09937
80,1,1_1,0.1,0.01688,0.0719
81,1,1_1,0.1,0.02025,0.0684
82,1,1_1,0.1,0.01758,0.06946
83,1,1_1,0.1,0.03041,0.1318
84,1,1_1,0.1,0.0214,0.0674
85,1,1_1,0.1,0.01465,0.09955
86,1,1_1,0.1,0.0179,0.07294
87,1,1_1,0.1,0.01836,0.07416
88,1,1_1,0.1,0.02219,0.09076
89,1,1_1,0.1,0.018,0.08325
90,1,1_1,0.1,0.01336,0.1389
91,1,1_1,0.1,0.01952,0.0884
92,1,1_1,0.1,0.02121,0.0707
93,1,1_1,0.1,0.02832,0.1323
94,1,1_1,0.1,0.02324,0.1153
95,1,1_1,0.1,0.0149,0.08185
96,1,1_1,0.1,0.01538,0.07367
97,1,1_1,0.1,0.01825,0.09125
98,1,1_1,0.1,0.01695,0.1184
99,1,1_1,0.1,0.0197,0.07
100,1,1_1,0.1,0.0161,0.08075
101,1,1_1,0.1,0.013535,0.08563
102,1,1_1,0.1,0.01729,0.0759
103,1,1_1,0.1,0.01784,0.0803
104,1,1_1,0.1,0.01808,0.11304
105,1,1_1,0.1,0.02052,0.09247
106,1,1_1,0.1,0.01752,0.0751
107,1,1_1,0.1,0.02058,0.07294
108,1,1_1,0.1,0.01707,0.1616
109,1,1_1,0.1,0.01398,0.1927
110,1,1_1,0.1,0.01558,0.08466
111,1,1_1,0.1,0.01942,0.0762
112,1,1_1,0.1,0.0227,0.0839
113,1,1_1,0.1,0.01898,0.1022
114,1,1_1,0.1,0.01842,0.083
115,1,1_1,0.1,0.01525,0.07336
116,1,1_1,0.1,0.01834,0.0742
117,1,1_1,0.1,0.02187,0.06854
118,1,1_1,0.1,0.01791,0.0904
119,1,1_1,0.1,0.02254,0.08813
120,1,1_1,0.1,0.01848,0.08203
121,1,1_1,0.1,0.02672,0.1131
122,1,1_1,0.1,0.01822,0.06793
123,1,1_1,0.1,0.02126,0.079
124,1,1_1,0.1,0.01851,0.0824
125,1,1_1,0.1,0.02394,0.0817
126,1,1_1,0.1,0.01414,0.0677
127,1,1_1,0.1,0.0184,0.1038
128,1,1_1,0.1,0.01396,0.0842
129,1,1_1,0.1,0.02025,0.0739
130,1,1_1,0.1,0.01755,0.07245
131,1,1_1,0.1,0.01839,0.0765
132,1,1_1,0.1,0.02428,0.144
133,1,1_1,0.1,0.01776,0.081
134,1,1_1,0.1,0.02216,0.0729
135,1,1_1,0.1,0.02362,0.10034
136,1,1_1,0.1,0.0216,0.0927
137,1,1_1,0.1,0.02025,0.0788
138,1,1_1,0.1,0.02342,0.1327
139,1,1_1,0.1,0.01717,0.0695
140,1,1_1,0.1,0.02544,0.1337
141,1,1_1,0.1,0.02162,0.0705
142,1,1_1,0.1,0.01901,0.0794
143,1,1_1,0.1,0.01944,0.07263
144,1,1_1,0.1,0.02052,0.0713
145,1,1_1,0.1,0.01439,0.0831
146,1,1_1,0.1,0.01582,0.08154
147,1,1_1,0.1,0.02171,0.0891
148,1,1_1,0.1,0.01561,0.1934
149,1,1_1,0.1,0.01704,0.1047
150,1,1_1,0.1,0.0168,0.0732
151,1,1_1,0.1,0.01744,0.0728
152,1,1_1,0.1,0.01997,0.09973
153,1,1_1,0.1,0.01501,0.11035
154,1,1_1,0.1,0.0234,0.0727
155,1,1_1,0.1,0.01753,0.08575
156,1,1_1,0.1,0.0164,0.0701
157,1,1_1,0.1,0.01828,0.0727
158,1,1_1,0.1,0.02222,0.10016
159,1,1_1,0.1,0.02312,0.0838
160,1,1_1,0.1,0.01886,0.0738
161,1,1_1,0.1,0.01628,0.06964
162,1,1_1,0.1,0.01988,0.072
163,1,1_1,0.1,0.0222,0.0812
164,1,1_1,0.1,0.01884,0.1095
165,1,1_1,0.1,0.02446,0.0797
166,1,1_1,0.1,0.0203,0.1635
167,1,1_1,0.1,0.02017,0.0791
168,1,1_1,0.1,0.01819,0.07007
169,1,1_1,0.1,0.01779,0.06964
170,1,1_1,0.1,0.02005,0.0943
171,1,1_1,0.1,0.02708,0.1056
172,1,1_1,0.1,0.02254,0.07074
173,1,1_1,0.1,0.02571,0.1321
174,1,1_1,0.1,0.01988,0.07513
175,1,1_1,0.1,0.02104,0.0699
176,1,1_1,0.1,0.01881,0.10034
177,1,1_1,0.1,0.015,0.1085
178,1,1_1,0.1,0.0201,0.0773
179,1,1_1,0.1,0.01502,0.06866
180,1,1_1,0.1,0.02734,0.0953
181,1,1_1,0.1,0.02367,0.1116
182,1,1_1,0.1,0.02328,0.09357
183,1,1_1,0.1,0.02203,0.1097
184,1,1_1,0.1,0.02296,0.09064
185,1,1_1,0.1,0.02527,0.0774
186,1,1_1,0.1,0.02782,0.1287
187,1,1_1,0.1,0.02101,0.076
188,1,1_1,0.1,0.02023,0.105
189,1,1_1,0.1,0.02228,0.0749
190,1,1_1,0.1,0.0157,0.0718
191,1,1_1,0.1,0.01683,0.0733
192,1,1_1,0.1,0.01862,0.0877
193,1,1_1,0.1,0.015144,0.0791
194,1,1_1,0.1,0.01576,0.1416
195,1,1_1,0.1,0.02089,0.08417
196,1,1_1,0.1,0.01624,0.07886
197,1,1_1,0.1,0.02098,0.07245
198,1,1_1,0.1,0.01976,0.1225
199,1,1_1,0.1,0.01707,0.1615
200,1,1_1,0.1,0.02115,0.0719
201,1,1_1,0.1,0.01488,0.0731
202,1,1_1,0.1,0.02295,0.0798
203,1,1_1,0.1,0.01576,0.07275
204,1,1_1,0.1,0.013466,0.1635
205,1,1_1,0.1,0.01624,0.0722
206,1,1_1,0.1,0.01904,0.07544
207,1,1_1,0.1,0.01793,0.0766
208,1,1_1,0.1,0.0208,0.0801
209,1,1_1,0.1,0.02223,0.0727
210,1,1_1,0.1,0.02003,0.0722
211,1,1_1,0.1,0.01554,0.1298
212,1,1_1,0.1,0.01775,0.07117
213,1,1_1,0.1,0.01712,0.0675
214,1,1_1,0.1,0.01938,0.07153
215,1,1_1,0.1,0.02129,0.0701
216,1,1_1,0.1,0.02074,0.1209
217,1,1_1,0.1,0.01688,0.07336
218,1,1_1,0.1,0.02553,0.09674
219,1,1_1,0.1,0.01775,0.0775
220,1,1_1,0.1,0.01562,0.0804
221,1,1_1,0.1,0.01492,0.1498
222,1,1_1,0.1,0.02037,0.0782
223,1,1_1,0.1,0.01883,0.104
224,1,1_1,0.1,0.02333,0.0938
225,1,1_1,0.1,0.02031,0.0772
226,1,1_1,0.1,0.01772,0.0736
227,1,1_1,0.1,0.02605,0.1015
228,1,1_1,0.1,0.02187,0.1125
229,1,1_1,0.1,0.01976,0.1213
230,1,1_1,0.1,0.0194,0.0734
231,1,1_1,0.1,0.01425,0.0937
232,1,1_1,0.1,0.02261,0.08484
233,1,1_1,0.1,0.0198,0.0834
234,1,1_1,0.1,0.01634,0.098
235,1,1_1,0.1,0.01895,0.0719
236,1,1_1,0.1,0.01796,0.08716
237,1,1_1,0.1,0.02736,0.1206
238,1,1_1,0.1,0.02101,0.07416
239,1,1_1,0.1,0.02164,0.0835
240,1,1_1,0.1,0.01837,0.08
241,1,1_1,0.1,0.02043,0.07825
242,1,1_1,0.1,0.0254,0.0788
243,1,1_1,0.1,0.01502,0.06824
244,1,1_1,0.1,0.01964,0.08704
245,1,1_1,0.1,0.01927,0.109
246,1,1_1,0.1,0.01671,0.07623
247,1,1_1,0.1,0.01944,0.0741
248,1,1_1,0.1,0.02168,0.076
249,1,1_1,0.1,0.014915,0.1477
250,1,1_1,0.1,0.01701,0.1816
251,1,1_1,0.1,0.02838,0.1254
252,1,1_1,0.1,0.01535,0.07227
253,1,1_1,0.1,0.02364,0.1245
254,1,1_1,0.1,0.02179,0.09827
255,1,1_1,0.1,0.01721,0.0774
256,1,1_1,0.1,0.02254,0.1495
257,1,1_1,0.1,0.02654,0.08813
258,1,1_1,0.1,0.02153,0.0807
259,1,1_1,0.1,0.01848,0.0713
260,1,1_1,0.1,0.01581,0.0736
261,1,1_1,0.1,0.0193,0.1445
262,1,1_1,0.1,0.01918,0.0686
263,1,1_1,0.1,0.0157,0.0774
264,1,1_1,0.1,0.0169,0.1184
265,1,1_1,0.1,0.01964,0.0725
266,1,1_1,0.1,0.01291,0.0774
267,1,1_1,0.1,0.02206,0.0772
268,1,1_1,0.1,0.01732,0.07056
269,1,1_1,0.1,0.02975,0.09937
270,1,1_1,0.1,0.02145,0.0728
271,1,1_1,0.1,0.02788,0.10706
272,1,1_1,0.1,0.02097,0.0843
273,1,1_1,0.1,0.02695,0.0905
274,1,1_1,0.1,0.0139,0.0684
275,1,1_1,0.1,0.01674,0.0703
276,1,1_1,0.1,0.02025,0.0761
277,1,1_1,0.1,0.0213,0.0947
278,1,1_1,0.1,0.0183,0.0685
279,1,1_1,0.1,0.01797,0.09375
280,1,1_1,0.1,0.01706,0.0683
281,1,1_1,0.1,0.01733,0.0692
282,1,1_1,0.1,0.01773,0.162
283,1,1_1,0.1,0.01817,0.0718
284,1,1_1,0.1,0.01332,0.0728
285,1,1_1,0.1,0.01805,0.078
286,1,1_1,0.1,0.02025,0.1537
287,1,1_1,0.1,0.02592,0.08844
288,1,1_1,0.1,0.02426,0.0791
289,1,1_1,0.1,0.01996,0.0778
290,1,1_1,0.1,0.01842,0.0692
291,1,1_1,0.1,0.02095,0.0703
292,1,1_1,0.1,0.019,0.0869
293,1,1_1,0.1,0.02066,0.07935
294,1,1_1,0.1,0.02159,0.0701
295,1,1_1,0.1,0.02237,0.09705
296,1,1_1,0.1,0.01613,0.06915
297,1,1_1,0.1,0.02159,0.07294
298,1,1_1,0.1,0.02646,0.0952
299,1,1_1,0.1,0.0174,0.07605
300,1,1_1,0.1,0.01955,0.0694
301,1,1_1,0.1,0.02295,0.10754
302,1,1_1,0.1,0.02065,0.06934
303,1,1_1,0.1,0.0154,0.07306
304,1,1_1,0.1,0.02051,0.0953
305,1,1_1,0.1,0.02167,0.09515
306,1,1_1,0.1,0.02019,0.0822
307,1,1_1,0.1,0.01646,0.0704
308,1,1_1,0.1,0.01929,0.1511
309,1,1_1,0.1,0.02197,0.07306
310,1,1_1,0.1,0.01456,0.0717
311,1,1_1,0.1,0.01762,0.1664
312,1,1_1,0.1,0.01964,0.0688
313,1,1_1,0.1,0.02031,0.10065
314,1,1_1,0.1,0.01793,0.0744
315,1,1_1,0.1,0.02768,0.11725
316,1,1_1,0.1,0.02792,0.1084
317,1,1_1,0.1,0.02199,0.08997
318,1,1_1,0.1,0.02,0.09924
319,1,1_1,0.1,0.01807,0.078
320,1,1_1,0.1,0.01877,0.0726
321,1,1_1,0.1,0.02081,0.06866
322,1,1_1,0.1,0.01851,0.07214
323,1,1_1,0.1,0.02316,0.1222
324,1,1_1,0.1,0.02711,0.093
325,1,1_1,0.1,0.01915,0.1156
326,1,1_1,0.1,0.02603,0.1326
327,1,1_1,0.1,0.0213,0.0929
328,1,1_1,0.1,0.0307,0.1072
329,1,1_1,0.1,0.01459,0.0703
330,1,1_1,0.1,0.01889,0.0767
331,1,1_1,0.1,0.02095,0.1078
332,1,1_1,0.1,0.01839,0.0866
333,1,1_1,0.1,0.02072,0.0954
334,1,1_1,0.1,0.01775,0.0727
335,1,1_1,0.1,0.01863,0.0761
336,1,1_1,0.1,0.01913,0.06885
337,1,1_1,0.1,0.02422,0.0816
338,1,1_1,0.1,0.02481,0.1195
339,1,1_1,0.1,0.01598,0.07306
340,1,1_1,0.1,0.01971,0.1404
341,1,1_1,0.1,0.01768,0.0687
342,1,1_1,0.1,0.02274,0.1148
343,1,1_1,0.1,0.0185,0.07745
344,1,1_1,0.1,0.02136,0.0863
345,1,1_1,0.1,0.0183,0.0742
346,1,1_1,0.1,0.01859,0.07275
347,1,1_1,0.1,0.01863,0.06946
348,1,1_1,0.1,0.02115,0.09326
349,1,1_1,0.1,0.02249,0.08154
350,1,1_1,0.1,0.01839,0.088
351,1,1_1,0.1,0.021,0.0831
352,1,1_1,0.1,0.02194,0.07666
353,1,1_1,0.1,0.01706,0.0734
354,1,1_1,0.1,0.01776,0.07263
355,1,1_1,0.1,0.01956,0.07855
356,1,1_1,0.1,0.02234,0.0951
357,1,1_1,0.1,0.01968,0.0759
358,1,1_1,0.1,0.01978,0.07874
359,1,1_1,0.1,0.02133,0.0774
360,1,1_1,0.1,0.01825,0.0723
361,1,1_1,0.1,0.01782,0.1345
362,1,1_1,0.1,0.02101,0.0719
363,1,1_1,0.1,0.02435,0.07776
364,1,1_1,0.1,0.01993,0.0806
365,1,1_1,0.1,0.02011,0.1233
366,1,1_1,0.1,0.01901,0.0712
367,1,1_1,0.1,0.02174,0.06964
368,1,1_1,0.1,0.015396,0.08563
369,1,1_1,0.1,0.02432,0.0778
370,1,1_1,0.1,0.01971,0.0777
371,1,1_1,0.1,0.01752,0.07385
372,1,1_1,0.1,0.02159,0.08563
373,1,1_1,0.1,0.02089,0.09076
374,1,1_1,0.1,0.01907,0.1188
375,1,1_1,0.1,0.0276,0.1381
376,1,1_1,0.1,0.02364,0.07477
377,1,1_1,0.1,0.0222,0.08
378,1,1_1,0.1,0.01633,0.06995
379,1,1_1,0.1,0.01807,0.0794
380,1,1_1,0.1,0.02545,0.08966
381,1,1_1,0.1,0.01718,0.0698
382,1,1_1,0.1,0.02153,0.10175
383,1,1_1,0.1,0.0222,0.08813
384,1,1_1,0.1,0.02664,0.09564
385,1,1_1,0.1,0.01736,0.08984
386,1,1_1,0.1,0.02379,0.10095
387,1,1_1,0.1,0.01735,0.0734
388,1,1_1,0.1,0.01561,0.0715
389,1,1_1,0.1,0.01668,0.122
390,1,1_1,0.1,0.0225,0.1087
391,1,1_1,0.1,0.02287,0.118
392,1,1_1,0.1,0.01846,0.07794
393,1,1_1,0.1,0.01904,0.0726
394,1,1_1,0.1,0.02257,0.08295
395,1,1_1,0.1,0.01898,0.06836
396,1,1_1,0.1,0.02304,0.1288
397,1,1_1,0.1,0.02017,0.0711
398,1,1_1,0.1,0.01915,0.08563
399,1,1_1,0.1,0.02003,0.0687
400,1,1_1,0.1,0.0206,0.0781
401,1,1_1,0.1,0.0204,0.094
402,1,1_1,0.1,0.0215,0.0916
403,1,1_1,0.1,0.01836,0.0741
404,1,1_1,0.1,0.02246,0.1002
405,1,1_1,0.1,0.01863,0.0728
406,1,1_1,0.1,0.02475,0.1053
407,1,1_1,0.1,0.01726,0.0877
408,1,1_1,0.1,0.01886,0.0892
409,1,1_1,0.1,0.0183,0.1543
410,1,1_1,0.1,0.01593,0.1445
411,1,1_1,0.1,0.01678,0.0747
412,1,1_1,0.1,0.01973,0.07336
413,1,1_1,0.1,0.01744,0.0764
414,1,1_1,0.1,0.02013,0.0931
415,1,1_1,0.1,0.01945,0.0737
416,1,1_1,0.1,0.0199,0.0715
417,1,1_1,0.1,0.02222,0.11163
418,1,1_1,0.1,0.02354,0.07996
419,1,1_1,0.1,0.01611,0.0751
420,1,1_1,0.1,0.02097,0.0862
421,1,1_1,0.1,0.01936,0.08923
422,1,1_1,0.1,0.01845,0.0748
423,1,1_1,0.1,0.01744,0.1443
424,1,1_1,0.1,0.0188,0.0911
425,1,1_1,0.1,0.02046,0.07263
426,1,1_1,0.1,0.02644,0.10175
427,1,1_1,0.1,0.02103,0.0895
428,1,1_1,0.1,0.02216,0.07275
429,1,1_1,0.1,0.0193,0.1095
430,1,1_1,0.1,0.01875,0.1067
431,1,1_1,0.1,0.01595,0.0927
432,1,1_1,0.1,0.01502,0.1456
433,1,1_1,0.1,0.01884,0.07446
434,1,1_1,0.1,0.0196,0.0787
435,1,1_1,0.1,0.01488,0.0733
436,1,1_1,0.1,0.02164,0.1008
437,1,1_1,0.1,0.02263,0.0789
438,1,1_1,0.1,0.01756,0.1571
439,1,1_1,0.1,0.02904,0.0848
440,1,1_1,0.1,0.02002,0.1018
441,1,1_1,0.1,0.01694,0.07446
442,1,1_1,0.1,0.01851,0.07465
443,1,1_1,0.1,0.01553,0.07227
444,1,1_1,0.1,0.01701,0.0891
445,1,1_1,0.1,0.01588,0.073
446,1,1_1,0.1,0.01913,0.0691
447,1,1_1,0.1,0.02303,0.07245
448,1,1_1,0.1,0.02011,0.071
449,1,1_1,0.1,0.02477,0.0883
450,1,1_1,0.1,0.0195,0.07025
451,1,1_1,0.1,0.01842,0.0705
452,1,1_1,0.1,0.02025,0.07385
453,1,1_1,0.1,0.01816,0.0681
454,1,1_1,0.1,0.02315,0.07764
455,1,1_1,0.1,0.02148,0.116
456,1,1_1,0.1,0.0194,0.0862
457,1,1_1,0.1,0.02052,0.1069
458,1,1_1,0.1,0.02118,0.07855
459,1,1_1,0.1,0.01909,0.07886
460,1,1_1,0.1,0.01834,0.0986
461,1,1_1,0.1,0.02092,0.0776
462,1,1_1,0.1,0.01738,0.07666
463,1,1_1,0.1,0.02356,0.0889
464,1,1_1,0.1,0.03009,0.12036
465,1,1_1,0.1,0.01869,0.0696
466,1,1_1,0.1,0.02124,0.08704
467,1,1_1,0.1,0.01828,0.06964
468,1,1_1,0.1,0.01854,0.08655
469,1,1_1,0.1,0.01863,0.10394
470,1,1_1,0.1,0.01773,0.0977
471,1,1_1,0.1,0.021,0.0869
472,1,1_1,0.1,0.01775,0.0831
473,1,1_1,0.1,0.02539,0.10016
474,1,1_1,0.1,0.02011,0.08606
475,1,1_1,0.1,0.01791,0.0747
476,1,1_1,0.1,0.01945,0.07465
477,1,1_1,0.1,0.02707,0.1001
478,1,1_1,0.1,0.02054,0.10376
479,1,1_1,0.1,0.01918,0.0686
480,1,1_1,0.1,0.01839,0.101
481,1,1_1,0.1,0.02226,0.0948
482,1,1_1,0.1,0.02068,0.074
483,1,1_1,0.1,0.02179,0.0758
484,1,1_1,0.1,0.02072,0.0786
485,1,1_1,0.1,0.0162,0.0706
486,1,1_1,0.1,0.01848,0.0881
487,1,1_1,0.1,0.02092,0.0751
488,1,1_1,0.1,0.0191,0.0747
489,1,1_1,0.1,0.02032,0.08875
490,1,1_1,0.1,0.01537,0.1234
491,1,1_1,0.1,0.0189,0.07416
492,1,1_1,0.1,0.01735,0.0704
493,1,1_1,0.1,0.01918,0.06995
494,1,1_1,0.1,0.0164,0.147
495,1,1_1,0.1,0.0182,0.071
496,1,1_1,0.1,0.02827,0.094
497,1,1_1,0.1,0.02374,0.1608
498,1,1_1,0.1,0.01718,0.0782
499,1,1_1,0.1,0.0258,0.1001
500,1,1_1,0.1,0.02394,0.1257
501,1,1_1,0.1,0.01608,0.07104
502,1,1_1,0.1,0.01627,0.0755
503,1,1_1,0.1,0.02003,0.08203
504,1,1_1,0.1,0.02003,0.0857
505,1,1_1,0.1,0.0215,0.09344
506,1,1_1,0.1,0.01559,0.075
507,1,1_1,0.1,0.02492,0.121
508,1,1_1,0.1,0.02016,0.0734
509,1,1_1,0.1,0.0228,0.0915
510,1,1_1,0.1,0.02052,0.0709
511,1,1_1,0.1,0.02034,0.08435
512,1,1_1,0.1,0.01878,0.06903
513,1,1_1,0.1,0.0159,0.0874
514,1,1_1,0.1,0.02058,0.1067
515,1,1_1,0.1,0.02112,0.0728
516,1,1_1,0.1,0.01749,0.07117
517,1,1_1,0.1,0.03265,0.08203
518,1,1_1,0.1,0.01933,0.07855
519,1,1_1,0.1,0.01929,0.0709
520,1,1_1,0.1,0.02644,0.07947
521,1,1_1,0.1,0.01768,0.1428
522,1,1_1,0.1,0.02628,0.08496
523,1,1_1,0.1,0.02625,0.0884
524,1,1_1,0.1,0.01689,0.117
525,1,1_1,0.1,0.01974,0.0759
526,1,1_1,0.1,0.02014,0.1142
527,1,1_1,0.1,0.0229,0.0792
528,1,1_1,0.1,0.02031,0.0784
529,1,1_1,0.1,0.0242,0.11084
530,1,1_1,0.1,0.02235,0.0804
531,1,1_1,0.1,0.02141,0.08966
532,1,1_1,0.1,0.01588,0.0683
533,1,1_1,0.1,0.01625,0.0697
534,1,1_1,0.1,0.01758,0.1084
535,1,1_1,0.1,0.02171,0.0725
536,1,1_1,0.1,0.01799,0.0874
537,1,1_1,0.1,0.01808,0.08527
538,1,1_1,0.1,0.0238,0.1083
539,1,1_1,0.1,0.0193,0.07855
540,1,1_1,0.1,0.01917,0.07275
541,1,1_1,0.1,0.02324,0.07263
542,1,1_1,0.1,0.0242,0.114
543,1,1_1,0.1,0.02174,0.077
544,1,1_1,0.1,0.02106,0.07166
545,1,1_1,0.1,0.02147,0.0982
546,1,1_1,0.1,0.0186,0.0704
547,1,1_1,0.1,0.02216,0.11816
548,1,1_1,0.1,0.01917,0.06866
549,1,1_1,0.1,0.02061,0.10254
550,1,1_1,0.1,0.01736,0.0727
551,1,1_1,0.1,0.02235,0.0734
552,1,1_1,0.1,0.015,0.0768
553,1,1_1,0.1,0.01859,0.0731
554,1,1_1,0.1,0.0208,0.0843
555,1,1_1,0.1,0.02109,0.0766
556,1,1_1,0.1,0.01941,0.0877
557,1,1_1,0.1,0.01796,0.07294
558,1,1_1,0.1,0.01915,0.0868
559,1,1_1,0.1,0.0214,0.0837
560,1,1_1,0.1,0.0237,0.1001
561,1,1_1,0.1,0.01941,0.07495
562,1,1_1,0.1,0.0213,0.0959
563,1,1_1,0.1,0.02133,0.07684
564,1,1_1,0.1,0.02174,0.0856
565,1,1_1,0.1,0.01637,0.09204
566,1,1_1,0.1,0.01877,0.0728
567,1,1_1,0.1,0.0197,0.07635
568,1,1_1,0.1,0.01875,0.10095
569,1,1_1,0.1,0.02148,0.0727
570,1,1_1,0.1,0.02191,0.10364
571,1,1_1,0.1,0.02858,0.09644
572,1,1_1,0.1,0.02074,0.0796
573,1,1_1,0.1,0.02066,0.1073
574,1,1_1,0.1,0.02069,0.0853
575,1,1_1,0.1,0.0172,0.1617
576,1,1_1,0.1,0.02257,0.0752
577,1,1_1,0.1,0.01388,0.0813
578,1,1_1,0.1,0.01962,0.0729
579,1,1_1,0.1,0.01846,0.0849
580,1,1_1,0.1,0.0223,0.075
581,1,1_1,0.1,0.02165,0.0727
582,1,1_1,0.1,0.014206,0.0714
583,1,1_1,0.1,0.02042,0.1656
584,1,1_1,0.1,0.02097,0.0709
585,1,1_1,0.1,0.02303,0.07654
586,1,1_1,0.1,0.01625,0.07336
587,1,1_1,0.1,0.02023,0.11993
588,1,1_1,0.1,0.0226,0.0762
589,1,1_1,0.1,0.01976,0.06995
590,1,1_1,0.1,0.01854,0.084
591,1,1_1,0.1,0.02504,0.0743
592,1,1_1,0.1,0.01816,0.1135
593,1,1_1,0.1,0.02193,0.07416
594,1,1_1,0.1,0.02246,0.0988
595,1,1_1,0.1,0.02339,0.0862
596,1,1_1,0.1,0.01753,0.07623
597,1,1_1,0.1,0.01996,0.0788
598,1,1_1,0.1,0.02588,0.0917
599,1,1_1,0.1,0.01976,0.0742
600,1,1_1,0.1,0.02222,0.07983
601,1,1_1,0.1,0.02,0.07227
602,1,1_1,0.1,0.01854,0.07526
603,1,1_1,0.1,0.02823,0.1223
604,1,1_1,0.1,0.0217,0.0939
605,1,1_1,0.1,0.01671,0.0885
606,1,1_1,0.1,0.01694,0.1245
607,1,1_1,0.1,0.01796,0.0725
608,1,1_1,0.1,0.0227,0.08685
609,1,1_1,0.1,0.02235,0.1542
610,1,1_1,0.1,0.01712,0.07806
611,1,1_1,0.1,0.02216,0.0776
612,1,1_1,0.1,0.02298,0.08246
613,1,1_1,0.1,0.01927,0.07184
614,1,1_1,0.1,0.0297,0.1366
615,1,1_1,0.1,0.0195,0.075
616,1,1_1,0.1,0.01904,0.0778
617,1,1_1,0.1,0.02203,0.152
618,1,1_1,0.1,0.02185,0.0728
619,1,1_1,0.1,0.01996,0.0757
620,1,1_1,0.1,0.01938,0.101
621,1,1_1,0.1,0.01846,0.0706
622,1,1_1,0.1,0.02098,0.0755
623,1,1_1,0.1,0.01762,0.07117
624,1,1_1,0.1,0.0228,0.08
625,1,1_1,0.1,0.0177,0.0758
626,1,1_1,0.1,0.02089,0.08704
627,1,1_1,0.1,0.02394,0.07196
628,1,1_1,0.1,0.01642,0.086
629,1,1_1,0.1,0.01971,0.0707
630,1,1_1,0.1,0.02277,0.08167
631,1,1_1,0.1,0.03026,0.08936
632,1,1_1,0.1,0.01985,0.0708
633,1,1_1,0.1,0.02547,0.147
634,1,1_1,0.1,0.02148,0.0823
635,1,1_1,0.1,0.01855,0.0775
636,1,1_1,0.1,0.01682,0.0797
637,1,1_1,0.1,0.02979,0.0981
638,1,1_1,0.1,0.035,0.09357
639,1,1_1,0.1,0.02107,0.0722
640,1,1_1,0.1,0.02242,0.09216
641,1,1_1,0.1,0.02191,0.0801
642,1,1_1,0.1,0.01808,0.07166
643,1,1_1,0.1,0.02493,0.0887
644,1,1_1,0.1,0.0157,0.0728
645,1,1_1,0.1,0.01889,0.0973
646,1,1_1,0.1,0.02397,0.0777
647,1,1_1,0.1,0.0246,0.1317
648,1,1_1,0.1,0.01697,0.1407
649,1,1_1,0.1,0.01828,0.1288
650,1,1_1,0.1,0.02124,0.0817
651,1,1_1,0.1,0.02536,0.1056
652,1,1_1,0.1,0.01674,0.1282
653,1,1_1,0.1,0.02367,0.09033
654,1,1_1,0.1,0.01898,0.0946
655,1,1_1,0.1,0.02257,0.10706
656,1,1_1,0.1,0.01546,0.06976
657,1,1_1,0.1,0.014046,0.1351
658,1,1_1,0.1,0.02708,0.09717
659,1,1_1,0.1,0.02142,0.1016
660,1,1_1,0.1,0.01587,0.1305
661,1,1_1,0.1,0.01903,0.1517
662,1,1_1,0.1,0.02469,0.128
663,1,1_1,0.1,0.01868,0.07086
664,1,1_1,0.1,0.01845,0.0872
665,1,1_1,0.1,0.01645,0.0912
666,1,1_1,0.1,0.01799,0.069
667,1,1_1,0.1,0.02205,0.092
668,1,1_1,0.1,0.02667,0.1231
669,1,1_1,0.1,0.01958,0.0761
670,1,1_1,0.1,0.01942,0.0936
671,1,1_1,0.1,0.01932,0.1047
672,1,1_1,0.1,0.01752,0.1003
673,1,1_1,0.1,0.01689,0.0732
674,1,1_1,0.1,0.02164,0.07904
675,1,1_1,0.1,0.0241,0.0887
676,1,1_1,0.1,0.02562,0.1051
677,1,1_1,0.1,0.01833,0.083
678,1,1_1,0.1,0.01834,0.0724
679,1,1_1,0.1,0.01848,0.11145
680,1,1_1,0.1,0.0203,0.07495
681,1,1_1,0.1,0.01607,0.0961
682,1,1_1,0.1,0.02634,0.086
683,1,1_1,0.1,0.02017,0.08624
684,1,1_1,0.1,0.01791,0.08276
685,1,1_1,0.1,0.02834,0.08545
686,1,1_1,0.1,0.01996,0.1449
687,1,1_1,0.1,0.01717,0.0743
688,1,1_1,0.1,0.01906,0.073
689,1,1_1,0.1,0.01627,0.0736
690,1,1_1,0.1,0.02313,0.08417
691,1,1_1,0.1,0.02045,0.0867
692,1,1_1,0.1,0.0325,0.0864
693,1,1_1,0.1,0.02002,0.072
694,1,1_1,0.1,0.01587,0.09265
695,1,1_1,0.1,0.03125,0.1125
696,1,1_1,0.1,0.01755,0.07227
697,1,1_1,0.1,0.01949,0.08655
698,1,1_1,0.1,0.02014,0.0818
699,1,1_1,0.1,0.01622,0.0803
700,1,1_1,0.1,0.02216,0.1162
701,1,1_1,0.1,0.02286,0.075
702,1,1_1,0.1,0.01941,0.081
703,1,1_1,0.1,0.01599,0.1043
704,1,1_1,0.1,0.02423,0.09143
705,1,1_1,0.1,0.01465,0.0717
706,1,1_1,0.1,0.02301,0.09753
707,1,1_1,0.1,0.02136,0.12103
708,1,1_1,0.1,0.0183,0.0701
709,1,1_1,0.1,0.02045,0.09644
710,1,1_1,0.1,0.0198,0.07324
711,1,1_1,0.1,0.0214,0.07153
712,1,1_1,0.1,0.01929,0.09015
713,1,1_1,0.1,0.02039,0.07513
714,1,1_1,0.1,0.0205,0.10046
715,1,1_1,0.1,0.02042,0.1969
716,1,1_1,0.1,0.0196,0.0703
717,1,1_1,0.1,0.0168,0.07764
718,1,1_1,0.1,0.02367,0.07855
719,1,1_1,0.1,0.02827,0.1056
720,1,1_1,0.1,0.01527,0.119
721,1,1_1,0.1,0.01492,0.0732
722,1,1_1,0.1,0.01753,0.07635
723,1,1_1,0.1,0.0185,0.07825
724,1,1_1,0.1,0.01854,0.0755
725,1,1_1,0.1,0.02777,0.1046
726,1,1_1,0.1,0.02136,0.09644
727,1,1_1,0.1,0.0218,0.07434
728,1,1_1,0.1,0.01967,0.07526
729,1,1_1,0.1,0.0225,0.0927
730,1,1_1,0.1,0.01765,0.0923
731,1,1_1,0.1,0.01813,0.06946
732,1,1_1,0.1,0.0207,0.08386
733,1,1_1,0.1,0.01875,0.07104
734,1,1_1,0.1,0.01865,0.072
735,1,1_1,0.1,0.01923,0.0747
736,1,1_1,0.1,0.02339,0.1031
737,1,1_1,0.1,0.01889,0.089
738,1,1_1,0.1,0.02199,0.1298
739,1,1_1,0.1,0.01945,0.0799
740,1,1_1,0.1,0.014885,0.0944
741,1,1_1,0.1,0.01741,0.0719
742,1,1_1,0.1,0.01518,0.0759
743,1,1_1,0.1,0.01999,0.07336
744,1,1_1,0.1,0.02205,0.0799
745,1,1_1,0.1,0.0203,0.1195
746,1,1_1,0.1,0.02153,0.0809
747,1,1_1,0.1,0.02275,0.07935
748,1,1_1,0.1,0.01736,0.0704
749,1,1_1,0.1,0.01888,0.07007
750,1,1_1,0.1,0.01825,0.088
751,1,1_1,0.1,0.0208,0.0747
752,1,1_1,0.1,0.01698,0.0725
753,1,1_1,0.1,0.01717,0.0694
754,1,1_1,0.1,0.0192,0.09106
755,1,1_1,0.1,0.02158,0.0902
756,1,1_1,0.1,0.0181,0.07526
757,1,1_1,0.1,0.01802,0.10547
758,1,1_1,0.1,0.02954,0.10376
759,1,1_1,0.1,0.01802,0.0794
760,1,1_1,0.1,0.02133,0.1299
761,1,1_1,0.1,0.01822,0.08984
762,1,1_1,0.1,0.02026,0.0829
763,1,1_1,0.1,0.01848,0.0787
764,1,1_1,0.1,0.01599,0.0775
765,1,1_1,0.1,0.02019,0.07605
766,1,1_1,0.1,0.01811,0.07697
767,1,1_1,0.1,0.0212,0.1423
768,1,1_1,0.1,0.01935,0.0864
769,1,1_1,0.1,0.01807,0.1212
770,1,1_1,0.1,0.021,0.08527
771,1,1_1,0.1,0.01915,0.1509
772,1,1_1,0.1,0.01724,0.0724
773,1,1_1,0.1,0.02289,0.08203
774,1,1_1,0.1,0.02834,0.0877
775,1,1_1,0.1,0.01945,0.0727
776,1,1_1,0.1,0.02003,0.07837
777,1,1_1,0.1,0.01814,0.0775
778,1,1_1,0.1,0.0192,0.07544
779,1,1_1,0.1,0.02983,0.11566
780,1,1_1,0.1,0.0198,0.0866
781,1,1_1,0.1,0.0192,0.1282
782,1,1_1,0.1,0.02087,0.08795
783,1,1_1,0.1,0.0181,0.0765
784,1,1_1,0.1,0.02185,0.0731
785,1,1_1,0.1,0.01923,0.07117
786,1,1_1,0.1,0.03336,0.10535
787,1,1_1,0.1,0.01851,0.0772
788,1,1_1,0.1,0.01796,0.08417
789,1,1_1,0.1,0.03134,0.1001
790,1,1_1,0.1,0.01839,0.11707
791,1,1_1,0.1,0.02257,0.0993
792,1,1_1,0.1,0.01645,0.0944
793,1,1_1,0.1,0.01683,0.1539
794,1,1_1,0.1,0.01448,0.0776
795,1,1_1,0.1,0.01707,0.0725
796,1,1_1,0.1,0.02219,0.0895
797,1,1_1,0.1,0.02069,0.0788
798,1,1_1,0.1,0.01918,0.0736
799,1,1_1,0.1,0.0172,0.07104
800,1,1_1,0.1,0.01955,0.0691
801,1,1_1,0.1,0.01529,0.1169
802,1,1_1,0.1,0.02246,0.0825
803,1,1_1,0.1,0.01923,0.07214
804,1,1_1,0.1,0.02176,0.0775
805,1,1_1,0.1,0.01839,0.0701
806,1,1_1,0.1,0.02213,0.07935
807,1,1_1,0.1,0.02545,0.0975
808,1,1_1,0.1,0.01461,0.1481
809,1,1_1,0.1,0.02042,0.127
810,1,1_1,0.1,0.02211,0.0768
811,1,1_1,0.1,0.02211,0.08887
812,1,1_1,0.1,0.0161,0.0737
813,1,1_1,0.1,0.01974,0.06995
814,1,1_1,0.1,0.02925,0.1285
815,1,1_1,0.1,0.01682,0.086
816,1,1_1,0.1,0.02017,0.0712
817,1,1_1,0.1,0.02058,0.10455
818,1,1_1,0.1,0.01855,0.07404
819,1,1_1,0.1,0.01639,0.0772
820,1,1_1,0.1,0.0217,0.0737
821,1,1_1,0.1,0.01993,0.0741
822,1,1_1,0.1,0.0183,0.0738
823,1,1_1,0.1,0.01738,0.07117
824,1,1_1,0.1,0.01463,0.07886
825,1,1_1,0.1,0.01811,0.1173
826,1,1_1,0.1,0.02046,0.0798
827,1,1_1,0.1,0.01678,0.0785
828,1,1_1,0.1,0.0205,0.07196
829,1,1_1,0.1,0.02386,0.08075
830,1,1_1,0.1,0.02065,0.07623
831,1,1_1,0.1,0.01964,0.0778
832,1,1_1,0.1,0.0201,0.08984
833,1,1_1,0.1,0.01967,0.07715
834,1,1_1,0.1,0.01678,0.0739
835,1,1_1,0.1,0.0263,0.1257
836,1,1_1,0.1,0.0225,0.089
837,1,1_1,0.1,0.01778,0.0778
838,1,1_1,0.1,0.01927,0.0759
839,1,1_1,0.1,0.01752,0.07275
840,1,1_1,0.1,0.0203,0.0857
841,1,1_1,0.1,0.01706,0.0735
842,1,1_1,0.1,0.0252,0.07715
843,1,1_1,0.1,0.01561,0.078
844,1,1_1,0.1,0.01828,0.08704
845,1,1_1,0.1,0.0207,0.1422
846,1,1_1,0.1,0.02173,0.079
847,1,1_1,0.1,0.01761,0.11035
848,1,1_1,0.1,0.01929,0.0897
849,1,1_1,0.1,0.02084,0.0706
850,1,1_1,0.1,0.02312,0.0793
851,1,1_1,0.1,0.02225,0.1102
852,1,1_1,0.1,0.02063,0.0847
853,1,1_1,0.1,0.01656,0.0952
854,1,1_1,0.1,0.02438,0.07477
855,1,1_1,0.1,0.01984,0.08344
856,1,1_1,0.1,0.02588,0.0987
857,1,1_1,0.1,0.02036,0.0713
858,1,1_1,0.1,0.01833,0.07196
859,1,1_1,0.1,0.02405,0.10065
860,1,1_1,0.1,0.02415,0.08466
861,1,1_1,0.1,0.01862,0.0723
862,1,1_1,0.1,0.01895,0.08344
863,1,1_1,0.1,0.02802,0.1418
864,1,1_1,0.1,0.01799,0.0915
865,1,1_1,0.1,0.01888,0.0757
866,1,1_1,0.1,0.01895,0.0714
867,1,1_1,0.1,0.01837,0.0742
868,1,1_1,0.1,0.02203,0.08105
869,1,1_1,0.1,0.01642,0.0831
870,1,1_1,0.1,0.02219,0.07904
871,1,1_1,0.1,0.02162,0.08105
872,1,1_1,0.1,0.01993,0.0813
873,1,1_1,0.1,0.03348,0.10144
874,1,1_1,0.1,0.01926,0.0866
875,1,1_1,0.1,0.01639,0.0707
876,1,1_1,0.1,0.0261,0.12305
877,1,1_1,0.1,0.02248,0.0819
878,1,1_1,0.1,0.01659,0.0722
879,1,1_1,0.1,0.01819,0.06903
880,1,1_1,0.1,0.0239,0.1091
881,1,1_1,0.1,0.02133,0.1326
882,1,1_1,0.1,0.02106,0.08514
883,1,1_1,0.1,0.02383,0.0912
884,1,1_1,0.1,0.02437,0.1071
885,1,1_1,0.1,0.0196,0.0887
886,1,1_1,0.1,0.01859,0.06976
887,1,1_1,0.1,0.01894,0.07837
888,1,1_1,0.1,0.0196,0.0742
889,1,1_1,0.1,0.02547,0.11945
890,1,1_1,0.1,0.01439,0.092
891,1,1_1,0.1,0.01907,0.0938
892,1,1_1,0.1,0.01274,0.1403
893,1,1_1,0.1,0.0219,0.0933
894,1,1_1,0.1,0.01944,0.1101
895,1,1_1,0.1,0.01813,0.0779
896,1,1_1,0.1,0.02249,0.0914
897,1,1_1,0.1,0.02142,0.0783
898,1,1_1,0.1,0.01567,0.08636
899,1,1_1,0.1,0.02129,0.09204
900,1,1_1,0.1,0.01778,0.08435
901,1,1_1,0.1,0.01787,0.06995
902,1,1_1,0.1,0.02045,0.1425
903,1,1_1,0.1,0.02193,0.0822
904,1,1_1,0.1,0.01955,0.0786
905,1,1_1,0.1,0.02478,0.09894
906,1,1_1,0.1,0.01823,0.0866
907,1,1_1,0.1,0.0271,0.1232
908,1,1_1,0.1,0.01971,0.1251
909,1,1_1,0.1,0.02097,0.082
910,1,1_1,0.1,0.01985,0.0871
911,1,1_1,0.1,0.01881,0.1133
912,1,1_1,0.1,0.01843,0.07855
913,1,1_1,0.1,0.0257,0.1072
914,1,1_1,0.1,0.01782,0.07605
915,1,1_1,0.1,0.0192,0.0808
916,1,1_1,0.1,0.02287,0.09796
917,1,1_1,0.1,0.0177,0.11237
918,1,1_1,0.1,0.01968,0.07104
919,1,1_1,0.1,0.01796,0.08356
920,1,1_1,0.1,0.01854,0.08075
921,1,1_1,0.1,0.01852,0.0795
922,1,1_1,0.1,0.02618,0.0942
923,1,1_1,0.1,0.02249,0.0888
924,1,1_1,0.1,0.01991,0.0761
925,1,1_1,0.1,0.01682,0.0708
926,1,1_1,0.1,0.01926,0.1192
927,1,1_1,0.1,0.01782,0.1332
928,1,1_1,0.1,0.015434,0.0722
929,1,1_1,0.1,0.02452,0.119
930,1,1_1,0.1,0.02347,0.07684
931,1,1_1,0.1,0.0306,0.09106
932,1,1_1,0.1,0.0184,0.07336
933,1,1_1,0.1,0.01464,0.07184
934,1,1_1,0.1,0.02077,0.08154
935,1,1_1,0.1,0.02191,0.0964
936,1,1_1,0.1,0.02086,0.0759
937,1,1_1,0.1,0.0235,0.08136
938,1,1_1,0.1,0.02434,0.0915
939,1,1_1,0.1,0.02882,0.11426
940,1,1_1,0.1,0.02101,0.0718
941,1,1_1,0.1,0.01736,0.0826
942,1,1_1,0.1,0.02261,0.0776
943,1,1_1,0.1,0.02394,0.0767
944,1,1_1,0.1,0.01869,0.0835
945,1,1_1,0.1,0.02322,0.1088
946,1,1_1,0.1,0.01494,0.07513
947,1,1_1,0.1,0.02257,0.08185
948,1,1_1,0.1,0.0235,0.1616
949,1,1_1,0.1,0.01764,0.1971
950,1,1_1,0.1,0.02588,0.10486
951,1,1_1,0.1,0.02086,0.0766
952,1,1_1,0.1,0.02234,0.0833
953,1,1_1,0.1,0.02094,0.1123
954,1,1_1,0.1,0.02017,0.0705
955,1,1_1,0.1,0.0292,0.08466
956,1,1_1,0.1,0.01727,0.0712
957,1,1_1,0.1,0.02097,0.0856
958,1,1_1,0.1,0.02472,0.1179
959,1,1_1,0.1,0.01868,0.0751
960,1,1_1,0.1,0.0154,0.0972
961,1,1_1,0.1,0.02098,0.09296
962,1,1_1,0.1,0.02649,0.1445
963,1,1_1,0.1,0.02333,0.1279
964,1,1_1,0.1,0.02115,0.1139
965,1,1_1,0.1,0.02882,0.0918
966,1,1_1,0.1,0.02074,0.08826
967,1,1_1,0.1,0.02238,0.0747
968,1,1_1,0.1,0.01715,0.08014
969,1,1_1,0.1,0.02426,0.1412
970,1,1_1,0.1,0.01758,0.1572
971,1,1_1,0.1,0.02542,0.11163
972,1,1_1,0.1,0.01743,0.0925
973,1,1_1,0.1,0.0214,0.0758
974,1,1_1,0.1,0.02232,0.11316
975,1,1_1,0.1,0.01932,0.1498
976,1,1_1,0.1,0.02121,0.0751
977,1,1_1,0.1,0.01987,0.073
978,1,1_1,0.1,0.02238,0.0777
979,1,1_1,0.1,0.01721,0.07117
980,1,1_1,0.1,0.01613,0.07904
981,1,1_1,0.1,0.02086,0.0765
982,1,1_1,0.1,0.0252,0.08167
983,1,1_1,0.1,0.02254,0.0923
984,1,1_1,0.1,0.02014,0.0713
985,1,1_1,0.1,0.01564,0.0969
986,1,1_1,0.1,0.02016,0.075
987,1,1_1,0.1,0.02032,0.0764
988,1,1_1,0.1,0.02132,0.07104
989,1,1_1,0.1,0.01566,0.10236
990,1,1_1,0.1,0.01537,0.0736
991,1,1_1,0.1,0.02118,0.1256
992,1,1_1,0.1,0.01913,0.07324
993,1,1_1,0.1,0.02106,0.0702
994,1,1_1,0.1,0.02077,0.0851
995,1,1_1,0.1,0.02052,0.1021
996,1,1_1,0.1,0.01549,0.07733
997,1,1_1,0.1,0.01714,0.09503
998,1,1_1,0.1,0.01924,0.07227
999,1,1_1,0.1,0.01839,0.07605
1000,1,1_1,0.2,0.01949,0.0843
1001,1,1_1,0.2,0.02325,0.07684
1002,1,1_1,0.2,0.02077,0.09894
1003,1,1_1,0.2,0.0239,0.1006
1004,1,1_1,0.2,0.02126,0.0759
1005,1,1_1,0.2,0.02454,0.1438
1006,1,1_1,0.2,0.01738,0.0724
1007,1,1_1,0.2,0.01695,0.0712
1008,1,1_1,0.2,0.0252,0.0885
1009,1,1_1,0.2,0.02599,0.0845
1010,1,1_1,0.2,0.01944,0.1026
1011,1,1_1,0.2,0.02127,0.08777
1012,1,1_1,0.2,0.0167,0.0698
1013,1,1_1,0.2,0.02226,0.0826
1014,1,1_1,0.2,0.02875,0.0793
1015,1,1_1,0.2,0.02325,0.07214
1016,1,1_1,0.2,0.02332,0.0914
1017,1,1_1,0.2,0.02507,0.0775
1018,1,1_1,0.2,0.02637,0.1244
1019,1,1_1,0.2,0.02097,0.0916
1020,1,1_1,0.2,0.02213,0.1015
1021,1,1_1,0.2,0.03815,0.11395
1022,1,1_1,0.2,0.01735,0.0732
1023,1,1_1,0.2,0.02328,0.0929
1024,1,1_1,0.2,0.03284,0.0927
1025,1,1_1,0.2,0.02254,0.09924
1026,1,1_1,0.2,0.02649,0.0959
1027,1,1_1,0.2,0.0283,0.08417
1028,1,1_1,0.2,0.02371,0.08026
1029,1,1_1,0.2,0.02339,0.1074
1030,1,1_1,0.2,0.01894,0.06854
1031,1,1_1,0.2,0.02484,0.07574
1032,1,1_1,0.2,0.02748,0.0839
1033,1,1_1,0.2,0.02687,0.0828
1034,1,1_1,0.2,0.02477,0.08887
1035,1,1_1,0.2,0.03662,0.0847
1036,1,1_1,0.2,0.02975,0.0883
1037,1,1_1,0.2,0.03757,0.10516
1038,1,1_1,0.2,0.0198,0.09686
1039,1,1_1,0.2,0.02756,0.11365
1040,1,1_1,0.2,0.02252,0.09235
1041,1,1_1,0.2,0.02838,0.0914
1042,1,1_1,0.2,0.03038,0.0981
1043,1,1_1,0.2,0.03647,0.1055
1044,1,1_1,0.2,0.01988,0.0781
1045,1,1_1,0.2,0.02643,0.1134
1046,1,1_1,0.2,0.02798,0.105
1047,1,1_1,0.2,0.02895,0.08136
1048,1,1_1,0.2,0.02002,0.1046
1049,1,1_1,0.2,0.02011,0.07544
1050,1,1_1,0.2,0.02756,0.0913
1051,1,1_1,0.2,0.02304,0.07715
1052,1,1_1,0.2,0.02733,0.0839
1053,1,1_1,0.2,0.02393,0.115
1054,1,1_1,0.2,0.03467,0.08057
1055,1,1_1,0.2,0.0402,0.0992
1056,1,1_1,0.2,0.01968,0.0935
1057,1,1_1,0.2,0.02982,0.0918
1058,1,1_1,0.2,0.0263,0.1063
1059,1,1_1,0.2,0.02145,0.0802
1060,1,1_1,0.2,0.04016,0.0942
1061,1,1_1,0.2,0.0269,0.1137
1062,1,1_1,0.2,0.02701,0.0969
1063,1,1_1,0.2,0.0318,0.0977
1064,1,1_1,0.2,0.0268,0.1185
1065,1,1_1,0.2,0.01862,0.0863
1066,1,1_1,0.2,0.02219,0.0812
1067,1,1_1,0.2,0.02115,0.09436
1068,1,1_1,0.2,0.02325,0.085
1069,1,1_1,0.2,0.02979,0.1333
1070,1,1_1,0.2,0.02988,0.0961
1071,1,1_1,0.2,0.02351,0.0977
1072,1,1_1,0.2,0.02518,0.127
1073,1,1_1,0.2,0.02611,0.0775
1074,1,1_1,0.2,0.03214,0.0875
1075,1,1_1,0.2,0.03183,0.09576
1076,1,1_1,0.2,0.02618,0.0785
1077,1,1_1,0.2,0.02132,0.11444
1078,1,1_1,0.2,0.02617,0.0822
1079,1,1_1,0.2,0.01839,0.0848
1080,1,1_1,0.2,0.03017,0.0836
1081,1,1_1,0.2,0.02902,0.09625
1082,1,1_1,0.2,0.02087,0.08203
1083,1,1_1,0.2,0.02408,0.0908
1084,1,1_1,0.2,0.02899,0.0804
1085,1,1_1,0.2,0.02351,0.1287
1086,1,1_1,0.2,0.0223,0.0837
1087,1,1_1,0.2,0.02461,0.1647
1088,1,1_1,0.2,0.0272,0.0828
1089,1,1_1,0.2,0.02301,0.116
1090,1,1_1,0.2,0.02147,0.0855
1091,1,1_1,0.2,0.03041,0.08887
1092,1,1_1,0.2,0.02943,0.0779
1093,1,1_1,0.2,0.0353,0.1001
1094,1,1_1,0.2,0.02371,0.1493
1095,1,1_1,0.2,0.01997,0.10706
1096,1,1_1,0.2,0.02089,0.10315
1097,1,1_1,0.2,0.02515,0.1217
1098,1,1_1,0.2,0.02951,0.12366
1099,1,1_1,0.2,0.02411,0.0762
1100,1,1_1,0.2,0.01907,0.06903
1101,1,1_1,0.2,0.01956,0.0795
1102,1,1_1,0.2,0.0266,0.09393
1103,1,1_1,0.2,0.02048,0.074
1104,1,1_1,0.2,0.01764,0.0885
1105,1,1_1,0.2,0.03087,0.0779
1106,1,1_1,0.2,0.0275,0.1104
1107,1,1_1,0.2,0.02496,0.08344
1108,1,1_1,0.2,0.0221,0.0714
1109,1,1_1,0.2,0.02274,0.0922
1110,1,1_1,0.2,0.03955,0.1481
1111,1,1_1,0.2,0.03043,0.11816
1112,1,1_1,0.2,0.02643,0.07806
1113,1,1_1,0.2,0.02895,0.09247
1114,1,1_1,0.2,0.02588,0.10394
1115,1,1_1,0.2,0.01782,0.1108
1116,1,1_1,0.2,0.02774,0.0881
1117,1,1_1,0.2,0.02592,0.07526
1118,1,1_1,0.2,0.02475,0.0889
1119,1,1_1,0.2,0.02313,0.0714
1120,1,1_1,0.2,0.02596,0.08026
1121,1,1_1,0.2,0.02899,0.0802
1122,1,1_1,0.2,0.02692,0.0863
1123,1,1_1,0.2,0.02255,0.07623
1124,1,1_1,0.2,0.02429,0.2008
1125,1,1_1,0.2,0.02922,0.09
1126,1,1_1,0.2,0.01889,0.0936
1127,1,1_1,0.2,0.024,0.07697
1128,1,1_1,0.2,0.01643,0.078
1129,1,1_1,0.2,0.0368,0.0836
1130,1,1_1,0.2,0.02965,0.0846
1131,1,1_1,0.2,0.02452,0.1191
1132,1,1_1,0.2,0.03062,0.07745
1133,1,1_1,0.2,0.02185,0.1044
1134,1,1_1,0.2,0.02788,0.0776
1135,1,1_1,0.2,0.03983,0.1321
1136,1,1_1,0.2,0.02686,0.1826
1137,1,1_1,0.2,0.02599,0.0886
1138,1,1_1,0.2,0.03183,0.1076
1139,1,1_1,0.2,0.01996,0.11346
1140,1,1_1,0.2,0.02695,0.1038
1141,1,1_1,0.2,0.02324,0.0873
1142,1,1_1,0.2,0.02664,0.0726
1143,1,1_1,0.2,0.02902,0.0824
1144,1,1_1,0.2,0.02695,0.09247
1145,1,1_1,0.2,0.0149,0.0837
1146,1,1_1,0.2,0.0244,0.0905
1147,1,1_1,0.2,0.0274,0.08264
1148,1,1_1,0.2,0.02705,0.0816
1149,1,1_1,0.2,0.01906,0.09314
1150,1,1_1,0.2,0.02298,0.10803
1151,1,1_1,0.2,0.0262,0.1025
1152,1,1_1,0.2,0.0226,0.1355
1153,1,1_1,0.2,0.03598,0.1045
1154,1,1_1,0.2,0.02553,0.08484
1155,1,1_1,0.2,0.02995,0.1781
1156,1,1_1,0.2,0.02205,0.0976
1157,1,1_1,0.2,0.02187,0.0779
1158,1,1_1,0.2,0.02919,0.11176
1159,1,1_1,0.2,0.03099,0.1033
1160,1,1_1,0.2,0.02771,0.07745
1161,1,1_1,0.2,0.02039,0.0854
1162,1,1_1,0.2,0.03214,0.11664
1163,1,1_1,0.2,0.03537,0.1279
1164,1,1_1,0.2,0.0204,0.11597
1165,1,1_1,0.2,0.03143,0.08594
1166,1,1_1,0.2,0.02724,0.10596
1167,1,1_1,0.2,0.02718,0.08167
1168,1,1_1,0.2,0.02766,0.1099
1169,1,1_1,0.2,0.02922,0.1204
1170,1,1_1,0.2,0.03503,0.10486
1171,1,1_1,0.2,0.02304,0.0952
1172,1,1_1,0.2,0.0355,0.0895
1173,1,1_1,0.2,0.03165,0.0771
1174,1,1_1,0.2,0.0259,0.08295
1175,1,1_1,0.2,0.0275,0.0869
1176,1,1_1,0.2,0.03293,0.1145
1177,1,1_1,0.2,0.02351,0.1089
1178,1,1_1,0.2,0.03004,0.0875
1179,1,1_1,0.2,0.02136,0.0842
1180,1,1_1,0.2,0.03177,0.1262
1181,1,1_1,0.2,0.03458,0.0984
1182,1,1_1,0.2,0.03256,0.088
1183,1,1_1,0.2,0.02173,0.0848
1184,1,1_1,0.2,0.02943,0.08484
1185,1,1_1,0.2,0.0281,0.09357
1186,1,1_1,0.2,0.0381,0.10376
1187,1,1_1,0.2,0.02481,0.0786
1188,1,1_1,0.2,0.02904,0.09467
1189,1,1_1,0.2,0.03342,0.0952
1190,1,1_1,0.2,0.02042,0.0797
1191,1,1_1,0.2,0.02414,0.0858
1192,1,1_1,0.2,0.02536,0.07837
1193,1,1_1,0.2,0.01826,0.1302
1194,1,1_1,0.2,0.03506,0.1048
1195,1,1_1,0.2,0.02861,0.088
1196,1,1_1,0.2,0.02962,0.09174
1197,1,1_1,0.2,0.03041,0.0797
1198,1,1_1,0.2,0.02641,0.0859
1199,1,1_1,0.2,0.03108,0.0857
1200,1,1_1,0.2,0.031,0.08636
1201,1,1_1,0.2,0.02155,0.08356
1202,1,1_1,0.2,0.0345,0.0937
1203,1,1_1,0.2,0.01855,0.0768
1204,1,1_1,0.2,0.02084,0.0758
1205,1,1_1,0.2,0.02959,0.10126
1206,1,1_1,0.2,0.02042,0.0714
1207,1,1_1,0.2,0.02643,0.1818
1208,1,1_1,0.2,0.02818,0.07556
1209,1,1_1,0.2,0.02907,0.10144
1210,1,1_1,0.2,0.02287,0.07574
1211,1,1_1,0.2,0.0297,0.0993
1212,1,1_1,0.2,0.02666,0.0869
1213,1,1_1,0.2,0.02109,0.07587
1214,1,1_1,0.2,0.02579,0.12
1215,1,1_1,0.2,0.0335,0.079
1216,1,1_1,0.2,0.02559,0.1266
1217,1,1_1,0.2,0.01974,0.0971
1218,1,1_1,0.2,0.02614,0.0874
1219,1,1_1,0.2,0.0367,0.1122
1220,1,1_1,0.2,0.0274,0.1351
1221,1,1_1,0.2,0.0352,0.11523
1222,1,1_1,0.2,0.02309,0.07306
1223,1,1_1,0.2,0.02644,0.0965
1224,1,1_1,0.2,0.03293,0.1147
1225,1,1_1,0.2,0.03104,0.0867
1226,1,1_1,0.2,0.02626,0.0939
1227,1,1_1,0.2,0.0202,0.08344
1228,1,1_1,0.2,0.02461,0.0826
1229,1,1_1,0.2,0.02948,0.08673
1230,1,1_1,0.2,0.02568,0.0862
1231,1,1_1,0.2,0.02686,0.0792
1232,1,1_1,0.2,0.0245,0.0987
1233,1,1_1,0.2,0.02998,0.08093
1234,1,1_1,0.2,0.02435,0.09247
1235,1,1_1,0.2,0.02434,0.0875
1236,1,1_1,0.2,0.02786,0.12384
1237,1,1_1,0.2,0.02693,0.09204
1238,1,1_1,0.2,0.025,0.0727
1239,1,1_1,0.2,0.03262,0.08215
1240,1,1_1,0.2,0.03397,0.0822
1241,1,1_1,0.2,0.03293,0.08185
1242,1,1_1,0.2,0.0341,0.1016
1243,1,1_1,0.2,0.02275,0.0796
1244,1,1_1,0.2,0.0295,0.08636
1245,1,1_1,0.2,0.02667,0.12054
1246,1,1_1,0.2,0.0292,0.08405
1247,1,1_1,0.2,0.0289,0.09015
1248,1,1_1,0.2,0.0334,0.0953
1249,1,1_1,0.2,0.02081,0.0803
1250,1,1_1,0.2,0.03528,0.1027
1251,1,1_1,0.2,0.02223,0.0869
1252,1,1_1,0.2,0.02274,0.0899
1253,1,1_1,0.2,0.03122,0.0806
1254,1,1_1,0.2,0.02791,0.0982
1255,1,1_1,0.2,0.02728,0.10376
1256,1,1_1,0.2,0.02391,0.09045
1257,1,1_1,0.2,0.03035,0.0791
1258,1,1_1,0.2,0.0278,0.1155
1259,1,1_1,0.2,0.03152,0.10846
1260,1,1_1,0.2,0.02962,0.08765
1261,1,1_1,0.2,0.02165,0.1156
1262,1,1_1,0.2,0.02753,0.1176
1263,1,1_1,0.2,0.02705,0.1196
1264,1,1_1,0.2,0.0204,0.0901
1265,1,1_1,0.2,0.02461,0.0832
1266,1,1_1,0.2,0.01665,0.0696
1267,1,1_1,0.2,0.02632,0.0758
1268,1,1_1,0.2,0.03174,0.1266
1269,1,1_1,0.2,0.0298,0.0903
1270,1,1_1,0.2,0.02148,0.0757
1271,1,1_1,0.2,0.03055,0.11786
1272,1,1_1,0.2,0.02692,0.0961
1273,1,1_1,0.2,0.02591,0.0936
1274,1,1_1,0.2,0.014656,0.0733
1275,1,1_1,0.2,0.02402,0.0907
1276,1,1_1,0.2,0.02702,0.0912
1277,1,1_1,0.2,0.02325,0.08
1278,1,1_1,0.2,0.02751,0.101
1279,1,1_1,0.2,0.02727,0.0974
1280,1,1_1,0.2,0.02423,0.0799
1281,1,1_1,0.2,0.02171,0.0765
1282,1,1_1,0.2,0.04083,0.1387
1283,1,1_1,0.2,0.02647,0.09125
1284,1,1_1,0.2,0.01894,0.1141
1285,1,1_1,0.2,0.02213,0.07837
1286,1,1_1,0.2,0.03308,0.0951
1287,1,1_1,0.2,0.02444,0.07684
1288,1,1_1,0.2,0.02367,0.0744
1289,1,1_1,0.2,0.0217,0.1041
1290,1,1_1,0.2,0.02527,0.10016
1291,1,1_1,0.2,0.0254,0.0876
1292,1,1_1,0.2,0.0342,0.12476
1293,1,1_1,0.2,0.02135,0.07385
1294,1,1_1,0.2,0.03394,0.10284
1295,1,1_1,0.2,0.02426,0.08813
1296,1,1_1,0.2,0.02257,0.0809
1297,1,1_1,0.2,0.0268,0.0953
1298,1,1_1,0.2,0.03348,0.1019
1299,1,1_1,0.2,0.029,0.1288
1300,1,1_1,0.2,0.04343,0.1154
1301,1,1_1,0.2,0.02238,0.07294
1302,1,1_1,0.2,0.0333,0.0908
1303,1,1_1,0.2,0.02338,0.145
1304,1,1_1,0.2,0.03665,0.0876
1305,1,1_1,0.2,0.02603,0.08673
1306,1,1_1,0.2,0.0318,0.08484
1307,1,1_1,0.2,0.01785,0.0884
1308,1,1_1,0.2,0.0342,0.0979
1309,1,1_1,0.2,0.03029,0.0873
1310,1,1_1,0.2,0.0271,0.1403
1311,1,1_1,0.2,0.03165,0.081
1312,1,1_1,0.2,0.02954,0.0784
1313,1,1_1,0.2,0.015,0.1025
1314,1,1_1,0.2,0.03394,0.0986
1315,1,1_1,0.2,0.03976,0.1099
1316,1,1_1,0.2,0.02449,0.07745
1317,1,1_1,0.2,0.02173,0.1035
1318,1,1_1,0.2,0.02051,0.07263
1319,1,1_1,0.2,0.02055,0.11676
1320,1,1_1,0.2,0.02464,0.1099
1321,1,1_1,0.2,0.02278,0.0832
1322,1,1_1,0.2,0.02295,0.0727
1323,1,1_1,0.2,0.02023,0.0781
1324,1,1_1,0.2,0.03047,0.11127
1325,1,1_1,0.2,0.02943,0.10065
1326,1,1_1,0.2,0.0246,0.0906
1327,1,1_1,0.2,0.02495,0.0893
1328,1,1_1,0.2,0.02913,0.1057
1329,1,1_1,0.2,0.02635,0.09546
1330,1,1_1,0.2,0.02972,0.1259
1331,1,1_1,0.2,0.03943,0.1174
1332,1,1_1,0.2,0.02751,0.0789
1333,1,1_1,0.2,0.0352,0.086
1334,1,1_1,0.2,0.02734,0.09595
1335,1,1_1,0.2,0.03394,0.122
1336,1,1_1,0.2,0.03047,0.09735
1337,1,1_1,0.2,0.0363,0.0929
1338,1,1_1,0.2,0.0247,0.0918
1339,1,1_1,0.2,0.03296,0.1018
1340,1,1_1,0.2,0.02682,0.0934
1341,1,1_1,0.2,0.01869,0.08844
1342,1,1_1,0.2,0.02338,0.10474
1343,1,1_1,0.2,0.02818,0.0766
1344,1,1_1,0.2,0.02464,0.1069
1345,1,1_1,0.2,0.0297,0.10925
1346,1,1_1,0.2,0.0238,0.10474
1347,1,1_1,0.2,0.0268,0.1766
1348,1,1_1,0.2,0.02365,0.1247
1349,1,1_1,0.2,0.02792,0.09045
1350,1,1_1,0.2,0.02191,0.1362
1351,1,1_1,0.2,0.0355,0.0931
1352,1,1_1,0.2,0.03677,0.1364
1353,1,1_1,0.2,0.02092,0.0841
1354,1,1_1,0.2,0.02289,0.0725
1355,1,1_1,0.2,0.02385,0.0885
1356,1,1_1,0.2,0.03638,0.0981
1357,1,1_1,0.2,0.0322,0.0861
1358,1,1_1,0.2,0.02841,0.0825
1359,1,1_1,0.2,0.03111,0.09827
1360,1,1_1,0.2,0.02798,0.1229
1361,1,1_1,0.2,0.03616,0.08966
1362,1,1_1,0.2,0.02824,0.0981
1363,1,1_1,0.2,0.02596,0.0895
1364,1,1_1,0.2,0.02878,0.084
1365,1,1_1,0.2,0.03918,0.1538
1366,1,1_1,0.2,0.02434,0.072
1367,1,1_1,0.2,0.03293,0.1026
1368,1,1_1,0.2,0.02036,0.07574
1369,1,1_1,0.2,0.03464,0.0788
1370,1,1_1,0.2,0.02791,0.0817
1371,1,1_1,0.2,0.0248,0.11975
1372,1,1_1,0.2,0.04663,0.09814
1373,1,1_1,0.2,0.03204,0.0963
1374,1,1_1,0.2,0.0234,0.0867
1375,1,1_1,0.2,0.02583,0.0863
1376,1,1_1,0.2,0.02805,0.08215
1377,1,1_1,0.2,0.02673,0.0847
1378,1,1_1,0.2,0.02454,0.07324
1379,1,1_1,0.2,0.02374,0.0912
1380,1,1_1,0.2,0.02985,0.0874
1381,1,1_1,0.2,0.0232,0.08435
1382,1,1_1,0.2,0.02567,0.08813
1383,1,1_1,0.2,0.02168,0.0887
1384,1,1_1,0.2,0.0364,0.08496
1385,1,1_1,0.2,0.02484,0.1069
1386,1,1_1,0.2,0.02873,0.144
1387,1,1_1,0.2,0.02454,0.0895
1388,1,1_1,0.2,0.02454,0.0823
1389,1,1_1,0.2,0.02408,0.0845
1390,1,1_1,0.2,0.02818,0.11395
1391,1,1_1,0.2,0.03302,0.08887
1392,1,1_1,0.2,0.03008,0.0843
1393,1,1_1,0.2,0.02472,0.11847
1394,1,1_1,0.2,0.02672,0.0908
1395,1,1_1,0.2,0.0396,0.10315
1396,1,1_1,0.2,0.03442,0.1306
1397,1,1_1,0.2,0.0381,0.1134
1398,1,1_1,0.2,0.02826,0.0748
1399,1,1_1,0.2,0.03745,0.0878
1400,1,1_1,0.2,0.02603,0.0869
1401,1,1_1,0.2,0.02998,0.0999
1402,1,1_1,0.2,0.02252,0.1691
1403,1,1_1,0.2,0.02983,0.07776
1404,1,1_1,0.2,0.03888,0.1097
1405,1,1_1,0.2,0.02844,0.0787
1406,1,1_1,0.2,0.0343,0.0839
1407,1,1_1,0.2,0.02415,0.07495
1408,1,1_1,0.2,0.02924,0.0964
1409,1,1_1,0.2,0.02206,0.1206
1410,1,1_1,0.2,0.03174,0.10333
1411,1,1_1,0.2,0.02452,0.0774
1412,1,1_1,0.2,0.02455,0.1517
1413,1,1_1,0.2,0.02315,0.08734
1414,1,1_1,0.2,0.02258,0.07227
1415,1,1_1,0.2,0.03323,0.1428
1416,1,1_1,0.2,0.02824,0.0771
1417,1,1_1,0.2,0.02989,0.0903
1418,1,1_1,0.2,0.03888,0.1114
1419,1,1_1,0.2,0.02779,0.0851
1420,1,1_1,0.2,0.02408,0.0727
1421,1,1_1,0.2,0.02684,0.0945
1422,1,1_1,0.2,0.01855,0.0757
1423,1,1_1,0.2,0.03046,0.07806
1424,1,1_1,0.2,0.02809,0.08624
1425,1,1_1,0.2,0.0274,0.088
1426,1,1_1,0.2,0.02985,0.0877
1427,1,1_1,0.2,0.03168,0.08276
1428,1,1_1,0.2,0.02945,0.1017
1429,1,1_1,0.2,0.02588,0.082
1430,1,1_1,0.2,0.0324,0.1481
1431,1,1_1,0.2,0.03038,0.1167
1432,1,1_1,0.2,0.03796,0.0986
1433,1,1_1,0.2,0.03067,0.0912
1434,1,1_1,0.2,0.03023,0.07904
1435,1,1_1,0.2,0.02567,0.1107
1436,1,1_1,0.2,0.03656,0.152
1437,1,1_1,0.2,0.0387,0.0994
1438,1,1_1,0.2,0.02483,0.10425
1439,1,1_1,0.2,0.02867,0.096
1440,1,1_1,0.2,0.03494,0.10724
1441,1,1_1,0.2,0.02129,0.07715
1442,1,1_1,0.2,0.02028,0.07153
1443,1,1_1,0.2,0.01813,0.07336
1444,1,1_1,0.2,0.02762,0.0954
1445,1,1_1,0.2,0.02142,0.0924
1446,1,1_1,0.2,0.02692,0.08307
1447,1,1_1,0.2,0.02846,0.0779
1448,1,1_1,0.2,0.02257,0.0804
1449,1,1_1,0.2,0.0239,0.07776
1450,1,1_1,0.2,0.02563,0.0812
1451,1,1_1,0.2,0.0232,0.0972
1452,1,1_1,0.2,0.02353,0.0827
1453,1,1_1,0.2,0.02565,0.07495
1454,1,1_1,0.2,0.03967,0.1076
1455,1,1_1,0.2,0.02959,0.1647
1456,1,1_1,0.2,0.03903,0.10675
1457,1,1_1,0.2,0.02032,0.0749
1458,1,1_1,0.2,0.03108,0.154
1459,1,1_1,0.2,0.03265,0.1131
1460,1,1_1,0.2,0.0226,0.0739
1461,1,1_1,0.2,0.03592,0.14
1462,1,1_1,0.2,0.03342,0.08453
1463,1,1_1,0.2,0.02281,0.08453
1464,1,1_1,0.2,0.02661,0.07544
1465,1,1_1,0.2,0.02797,0.11206
1466,1,1_1,0.2,0.02011,0.0876
1467,1,1_1,0.2,0.03806,0.11206
1468,1,1_1,0.2,0.03918,0.11975
1469,1,1_1,0.2,0.0234,0.1052
1470,1,1_1,0.2,0.01865,0.0819
1471,1,1_1,0.2,0.02191,0.0852
1472,1,1_1,0.2,0.02135,0.095
1473,1,1_1,0.2,0.03802,0.0992
1474,1,1_1,0.2,0.02322,0.0809
1475,1,1_1,0.2,0.02483,0.07965
1476,1,1_1,0.2,0.02539,0.1084
1477,1,1_1,0.2,0.02875,0.0924
1478,1,1_1,0.2,0.0231,0.0797
1479,1,1_1,0.2,0.03072,0.092
1480,1,1_1,0.2,0.0259,0.08374
1481,1,1_1,0.2,0.02252,0.1059
1482,1,1_1,0.2,0.0368,0.1268
1483,1,1_1,0.2,0.02246,0.09106
1484,1,1_1,0.2,0.03256,0.09247
1485,1,1_1,0.2,0.02478,0.0836
1486,1,1_1,0.2,0.03595,0.0904
1487,1,1_1,0.2,0.02995,0.1702
1488,1,1_1,0.2,0.0358,0.1122
1489,1,1_1,0.2,0.0395,0.12445
1490,1,1_1,0.2,0.02972,0.08655
1491,1,1_1,0.2,0.0271,0.09503
1492,1,1_1,0.2,0.03043,0.0901
1493,1,1_1,0.2,0.04556,0.1373
1494,1,1_1,0.2,0.02031,0.085
1495,1,1_1,0.2,0.02214,0.0989
1496,1,1_1,0.2,0.02621,0.0822
1497,1,1_1,0.2,0.03516,0.11896
1498,1,1_1,0.2,0.0349,0.1259
1499,1,1_1,0.2,0.03647,0.1729
1500,1,1_1,0.2,0.02374,0.1135
1501,1,1_1,0.2,0.02223,0.08417
1502,1,1_1,0.2,0.03305,0.0812
1503,1,1_1,0.2,0.02792,0.079
1504,1,1_1,0.2,0.02312,0.09406
1505,1,1_1,0.2,0.03102,0.08936
1506,1,1_1,0.2,0.01959,0.0862
1507,1,1_1,0.2,0.02225,0.07574
1508,1,1_1,0.2,0.032,0.0879
1509,1,1_1,0.2,0.02928,0.1285
1510,1,1_1,0.2,0.04407,0.1125
1511,1,1_1,0.2,0.02592,0.0899
1512,1,1_1,0.2,0.02663,0.0882
1513,1,1_1,0.2,0.01656,0.08057
1514,1,1_1,0.2,0.027,0.0901
1515,1,1_1,0.2,0.01912,0.0752
1516,1,1_1,0.2,0.0235,0.0984
1517,1,1_1,0.2,0.02849,0.08826
1518,1,1_1,0.2,0.02966,0.1085
1519,1,1_1,0.2,0.04242,0.1477
1520,1,1_1,0.2,0.02339,0.07904
1521,1,1_1,0.2,0.03238,0.0972
1522,1,1_1,0.2,0.0293,0.0822
1523,1,1_1,0.2,0.0338,0.1063
1524,1,1_1,0.2,0.02214,0.12286
1525,1,1_1,0.2,0.02953,0.0881
1526,1,1_1,0.2,0.03023,0.1841
1527,1,1_1,0.2,0.026,0.0812
1528,1,1_1,0.2,0.02132,0.07294
1529,1,1_1,0.2,0.02211,0.0785
1530,1,1_1,0.2,0.03265,0.1058
1531,1,1_1,0.2,0.0342,0.1085
1532,1,1_1,0.2,0.02567,0.09344
1533,1,1_1,0.2,0.02042,0.1062
1534,1,1_1,0.2,0.02351,0.10706
1535,1,1_1,0.2,0.02562,0.08887
1536,1,1_1,0.2,0.02914,0.0854
1537,1,1_1,0.2,0.01868,0.0886
1538,1,1_1,0.2,0.02998,0.1271
1539,1,1_1,0.2,0.03888,0.0839
1540,1,1_1,0.2,0.03033,0.104
1541,1,1_1,0.2,0.03293,0.0977
1542,1,1_1,0.2,0.03044,0.08606
1543,1,1_1,0.2,0.0362,0.0899
1544,1,1_1,0.2,0.02219,0.0752
1545,1,1_1,0.2,0.024,0.072
1546,1,1_1,0.2,0.03568,0.1799
1547,1,1_1,0.2,0.01753,0.07166
1548,1,1_1,0.2,0.02713,0.1
1549,1,1_1,0.2,0.0217,0.078
1550,1,1_1,0.2,0.03653,0.0923
1551,1,1_1,0.2,0.03754,0.1117
1552,1,1_1,0.2,0.01761,0.0801
1553,1,1_1,0.2,0.04004,0.09845
1554,1,1_1,0.2,0.0258,0.0937
1555,1,1_1,0.2,0.0336,0.1271
1556,1,1_1,0.2,0.01741,0.0713
1557,1,1_1,0.2,0.0248,0.07916
1558,1,1_1,0.2,0.02748,0.079
1559,1,1_1,0.2,0.02977,0.1573
1560,1,1_1,0.2,0.02463,0.091
1561,1,1_1,0.2,0.0417,0.10266
1562,1,1_1,0.2,0.03436,0.1351
1563,1,1_1,0.2,0.02368,0.08527
1564,1,1_1,0.2,0.03296,0.124
1565,1,1_1,0.2,0.0297,0.1136
1566,1,1_1,0.2,0.03075,0.086
1567,1,1_1,0.2,0.02779,0.0854
1568,1,1_1,0.2,0.03183,0.1246
1569,1,1_1,0.2,0.02629,0.0951
1570,1,1_1,0.2,0.03302,0.2101
1571,1,1_1,0.2,0.03607,0.09644
1572,1,1_1,0.2,0.02936,0.0904
1573,1,1_1,0.2,0.02419,0.08997
1574,1,1_1,0.2,0.02586,0.0753
1575,1,1_1,0.2,0.02353,0.1003
1576,1,1_1,0.2,0.03305,0.10864
1577,1,1_1,0.2,0.02145,0.08246
1578,1,1_1,0.2,0.02592,0.0966
1579,1,1_1,0.2,0.0336,0.112
1580,1,1_1,0.2,0.03418,0.12463
1581,1,1_1,0.2,0.0247,0.09467
1582,1,1_1,0.2,0.01883,0.077
1583,1,1_1,0.2,0.02348,0.07635
1584,1,1_1,0.2,0.02296,0.07263
1585,1,1_1,0.2,0.02972,0.1007
1586,1,1_1,0.2,0.02228,0.0779
1587,1,1_1,0.2,0.03104,0.0941
1588,1,1_1,0.2,0.02545,0.1646
1589,1,1_1,0.2,0.02797,0.0837
1590,1,1_1,0.2,0.02345,0.0863
1591,1,1_1,0.2,0.02959,0.0807
1592,1,1_1,0.2,0.03087,0.0934
1593,1,1_1,0.2,0.03186,0.08405
1594,1,1_1,0.2,0.02136,0.07745
1595,1,1_1,0.2,0.02936,0.08777
1596,1,1_1,0.2,0.03952,0.1426
1597,1,1_1,0.2,0.02373,0.08307
1598,1,1_1,0.2,0.03108,0.07874
1599,1,1_1,0.2,0.02551,0.0841
1600,1,1_1,0.2,0.02977,0.0882
1601,1,1_1,0.2,0.0246,0.07904
1602,1,1_1,0.2,0.03726,0.106
1603,1,1_1,0.2,0.02245,0.0768
1604,1,1_1,0.2,0.02249,0.0713
1605,1,1_1,0.2,0.02522,0.1116
1606,1,1_1,0.2,0.03888,0.1122
1607,1,1_1,0.2,0.02823,0.0825
1608,1,1_1,0.2,0.03017,0.1006
1609,1,1_1,0.2,0.024,0.0739
1610,1,1_1,0.2,0.03433,0.1227
1611,1,1_1,0.2,0.02461,0.07837
1612,1,1_1,0.2,0.03033,0.0944
1613,1,1_1,0.2,0.0343,0.09094
1614,1,1_1,0.2,0.0296,0.08673
1615,1,1_1,0.2,0.03078,0.1087
1616,1,1_1,0.2,0.04092,0.09485
1617,1,1_1,0.2,0.02414,0.0784
1618,1,1_1,0.2,0.0235,0.0927
1619,1,1_1,0.2,0.02551,0.0982
1620,1,1_1,0.2,0.0236,0.11896
1621,1,1_1,0.2,0.02379,0.0927
1622,1,1_1,0.2,0.02367,0.0801
1623,1,1_1,0.2,0.02663,0.1565
1624,1,1_1,0.2,0.03232,0.0928
1625,1,1_1,0.2,0.01846,0.0875
1626,1,1_1,0.2,0.035,0.10626
1627,1,1_1,0.2,0.02594,0.0837
1628,1,1_1,0.2,0.05002,0.1351
1629,1,1_1,0.2,0.02197,0.07605
1630,1,1_1,0.2,0.02884,0.0783
1631,1,1_1,0.2,0.02774,0.08655
1632,1,1_1,0.2,0.02266,0.0849
1633,1,1_1,0.2,0.03387,0.11115
1634,1,1_1,0.2,0.042,0.1179
1635,1,1_1,0.2,0.03705,0.11005
1636,1,1_1,0.2,0.0219,0.07764
1637,1,1_1,0.2,0.02582,0.09045
1638,1,1_1,0.2,0.02687,0.09106
1639,1,1_1,0.2,0.02377,0.0765
1640,1,1_1,0.2,0.0287,0.0932
1641,1,1_1,0.2,0.02612,0.0969
1642,1,1_1,0.2,0.01935,0.1395
1643,1,1_1,0.2,0.03613,0.1072
1644,1,1_1,0.2,0.02957,0.0875
1645,1,1_1,0.2,0.02904,0.1498
1646,1,1_1,0.2,0.02478,0.0728
1647,1,1_1,0.2,0.01912,0.07825
1648,1,1_1,0.2,0.03183,0.1022
1649,1,1_1,0.2,0.02342,0.0734
1650,1,1_1,0.2,0.02711,0.1008
1651,1,1_1,0.2,0.02248,0.07574
1652,1,1_1,0.2,0.02226,0.2131
1653,1,1_1,0.2,0.03754,0.1003
1654,1,1_1,0.2,0.02034,0.0753
1655,1,1_1,0.2,0.02235,0.0801
1656,1,1_1,0.2,0.01907,0.192
1657,1,1_1,0.2,0.01624,0.1276
1658,1,1_1,0.2,0.0198,0.06946
1659,1,1_1,0.2,0.0244,0.0789
1660,1,1_1,0.2,0.04227,0.0933
1661,1,1_1,0.2,0.02684,0.10706
1662,1,1_1,0.2,0.029,0.0741
1663,1,1_1,0.2,0.03348,0.0919
1664,1,1_1,0.2,0.02242,0.08124
1665,1,1_1,0.2,0.0366,0.0949
1666,1,1_1,0.2,0.02231,0.0732
1667,1,1_1,0.2,0.03238,0.1108
1668,1,1_1,0.2,0.02536,0.0763
1669,1,1_1,0.2,0.03836,0.173
1670,1,1_1,0.2,0.02263,0.072
1671,1,1_1,0.2,0.02434,0.09357
1672,1,1_1,0.2,0.01959,0.09375
1673,1,1_1,0.2,0.01918,0.0988
1674,1,1_1,0.2,0.0396,0.1219
1675,1,1_1,0.2,0.03052,0.1335
1676,1,1_1,0.2,0.02786,0.1664
1677,1,1_1,0.2,0.02756,0.1318
1678,1,1_1,0.2,0.0233,0.0748
1679,1,1_1,0.2,0.02307,0.07745
1680,1,1_1,0.2,0.0233,0.09326
1681,1,1_1,0.2,0.032,0.0848
1682,1,1_1,0.2,0.03683,0.1433
1683,1,1_1,0.2,0.0355,0.0978
1684,1,1_1,0.2,0.01823,0.07733
1685,1,1_1,0.2,0.02539,0.0824
1686,1,1_1,0.2,0.02544,0.08844
1687,1,1_1,0.2,0.02385,0.07336
1688,1,1_1,0.2,0.03604,0.0906
1689,1,1_1,0.2,0.02559,0.0964
1690,1,1_1,0.2,0.02477,0.08887
1691,1,1_1,0.2,0.02599,0.0954
1692,1,1_1,0.2,0.03467,0.0968
1693,1,1_1,0.2,0.02988,0.0848
1694,1,1_1,0.2,0.01974,0.0819
1695,1,1_1,0.2,0.02153,0.07434
1696,1,1_1,0.2,0.02795,0.0834
1697,1,1_1,0.2,0.03021,0.09283
1698,1,1_1,0.2,0.02019,0.1031
1699,1,1_1,0.2,0.02562,0.10974
1700,1,1_1,0.2,0.02682,0.1145
1701,1,1_1,0.2,0.03098,0.0833
1702,1,1_1,0.2,0.0344,0.09546
1703,1,1_1,0.2,0.0338,0.1488
1704,1,1_1,0.2,0.02777,0.0953
1705,1,1_1,0.2,0.02203,0.0865
1706,1,1_1,0.2,0.0317,0.094
1707,1,1_1,0.2,0.02304,0.0757
1708,1,1_1,0.2,0.02242,0.07245
1709,1,1_1,0.2,0.02303,0.09784
1710,1,1_1,0.2,0.0218,0.0751
1711,1,1_1,0.2,0.03064,0.0865
1712,1,1_1,0.2,0.01889,0.0718
1713,1,1_1,0.2,0.02763,0.1073
1714,1,1_1,0.2,0.02684,0.07635
1715,1,1_1,0.2,0.02151,0.08185
1716,1,1_1,0.2,0.03598,0.089
1717,1,1_1,0.2,0.0196,0.0935
1718,1,1_1,0.2,0.04498,0.1179
1719,1,1_1,0.2,0.02782,0.1349
1720,1,1_1,0.2,0.01996,0.072
1721,1,1_1,0.2,0.02031,0.1009
1722,1,1_1,0.2,0.0214,0.1759
1723,1,1_1,0.2,0.02347,0.1354
1724,1,1_1,0.2,0.02002,0.07465
1725,1,1_1,0.2,0.02661,0.0898
1726,1,1_1,0.2,0.02383,0.08527
1727,1,1_1,0.2,0.03372,0.10706
1728,1,1_1,0.2,0.03986,0.0903
1729,1,1_1,0.2,0.02847,0.1562
1730,1,1_1,0.2,0.0181,0.10626
1731,1,1_1,0.2,0.0274,0.07916
1732,1,1_1,0.2,0.0335,0.09045
1733,1,1_1,0.2,0.02432,0.1023
1734,1,1_1,0.2,0.02534,0.0804
1735,1,1_1,0.2,0.01933,0.0765
1736,1,1_1,0.2,0.01894,0.08246
1737,1,1_1,0.2,0.0267,0.1024
1738,1,1_1,0.2,0.0353,0.0983
1739,1,1_1,0.2,0.02928,0.08575
1740,1,1_1,0.2,0.0258,0.0866
1741,1,1_1,0.2,0.02428,0.0896
1742,1,1_1,0.2,0.02777,0.08887
1743,1,1_1,0.2,0.0225,0.0802
1744,1,1_1,0.2,0.0324,0.0912
1745,1,1_1,0.2,0.02861,0.0845
1746,1,1_1,0.2,0.02936,0.08154
1747,1,1_1,0.2,0.03032,0.0926
1748,1,1_1,0.2,0.02489,0.09436
1749,1,1_1,0.2,0.0229,0.0852
1750,1,1_1,0.2,0.01804,0.07336
1751,1,1_1,0.2,0.02173,0.0828
1752,1,1_1,0.2,0.02989,0.0818
1753,1,1_1,0.2,0.02597,0.0807
1754,1,1_1,0.2,0.02875,0.09625
1755,1,1_1,0.2,0.03775,0.1013
1756,1,1_1,0.2,0.03108,0.0893
1757,1,1_1,0.2,0.05182,0.1406
1758,1,1_1,0.2,0.02293,0.0734
1759,1,1_1,0.2,0.0368,0.09326
1760,1,1_1,0.2,0.02103,0.07086
1761,1,1_1,0.2,0.02515,0.0928
1762,1,1_1,0.2,0.02983,0.0793
1763,1,1_1,0.2,0.02615,0.07733
1764,1,1_1,0.2,0.02747,0.1195
1765,1,1_1,0.2,0.03372,0.1449
1766,1,1_1,0.2,0.02263,0.0776
1767,1,1_1,0.2,0.02513,0.0843
1768,1,1_1,0.2,0.02905,0.1376
1769,1,1_1,0.2,0.0242,0.0757
1770,1,1_1,0.2,0.02734,0.09155
1771,1,1_1,0.2,0.03098,0.1536
1772,1,1_1,0.2,0.022,0.07733
1773,1,1_1,0.2,0.03038,0.09607
1774,1,1_1,0.2,0.02652,0.0936
1775,1,1_1,0.2,0.03041,0.0774
1776,1,1_1,0.2,0.032,0.1198
1777,1,1_1,0.2,0.03235,0.0874
1778,1,1_1,0.2,0.02504,0.0948
1779,1,1_1,0.2,0.02882,0.09247
1780,1,1_1,0.2,0.03305,0.09937
1781,1,1_1,0.2,0.0371,0.11066
1782,1,1_1,0.2,0.04767,0.097
1783,1,1_1,0.2,0.0311,0.1014
1784,1,1_1,0.2,0.02467,0.07513
1785,1,1_1,0.2,0.0317,0.09534
1786,1,1_1,0.2,0.0309,0.0858
1787,1,1_1,0.2,0.03323,0.099
1788,1,1_1,0.2,0.02982,0.10895
1789,1,1_1,0.2,0.02373,0.078
1790,1,1_1,0.2,0.02968,0.09564
1791,1,1_1,0.2,0.035,0.111
1792,1,1_1,0.2,0.02213,0.0945
1793,1,1_1,0.2,0.02402,0.09955
1794,1,1_1,0.2,0.01685,0.12476
1795,1,1_1,0.2,0.0312,0.0811
1796,1,1_1,0.2,0.0252,0.08234
1797,1,1_1,0.2,0.0368,0.1221
1798,1,1_1,0.2,0.03992,0.10956
1799,1,1_1,0.2,0.03625,0.10956
1800,1,1_1,0.2,0.02551,0.08923
1801,1,1_1,0.2,0.01993,0.124
1802,1,1_1,0.2,0.04608,0.1279
1803,1,1_1,0.2,0.03015,0.12054
1804,1,1_1,0.2,0.03146,0.0938
1805,1,1_1,0.2,0.0356,0.1404
1806,1,1_1,0.2,0.02135,0.0786
1807,1,1_1,0.2,0.03625,0.094
1808,1,1_1,0.2,0.0251,0.0956
1809,1,1_1,0.2,0.02339,0.11053
1810,1,1_1,0.2,0.0313,0.0909
1811,1,1_1,0.2,0.02931,0.11847
1812,1,1_1,0.2,0.02994,0.1054
1813,1,1_1,0.2,0.0345,0.0898
1814,1,1_1,0.2,0.02325,0.07965
1815,1,1_1,0.2,0.01726,0.07745
1816,1,1_1,0.2,0.0425,0.11084
1817,1,1_1,0.2,0.03506,0.0824
1818,1,1_1,0.2,0.01907,0.07214
1819,1,1_1,0.2,0.02301,0.09125
1820,1,1_1,0.2,0.02885,0.1001
1821,1,1_1,0.2,0.03552,0.13
1822,1,1_1,0.2,0.02385,0.07935
1823,1,1_1,0.2,0.02379,0.08307
1824,1,1_1,0.2,0.02689,0.11194
1825,1,1_1,0.2,0.0368,0.10065
1826,1,1_1,0.2,0.02962,0.1265
1827,1,1_1,0.2,0.01985,0.0722
1828,1,1_1,0.2,0.02274,0.07715
1829,1,1_1,0.2,0.02815,0.0879
1830,1,1_1,0.2,0.03244,0.1213
1831,1,1_1,0.2,0.02428,0.07825
1832,1,1_1,0.2,0.0346,0.09436
1833,1,1_1,0.2,0.03424,0.08527
1834,1,1_1,0.2,0.02554,0.08875
1835,1,1_1,0.2,0.03143,0.11566
1836,1,1_1,0.2,0.04565,0.1348
1837,1,1_1,0.2,0.02931,0.0817
1838,1,1_1,0.2,0.0214,0.09045
1839,1,1_1,0.2,0.02261,0.08057
1840,1,1_1,0.2,0.04816,0.1061
1841,1,1_1,0.2,0.02837,0.0785
1842,1,1_1,0.2,0.02417,0.07776
1843,1,1_1,0.2,0.03035,0.131
1844,1,1_1,0.2,0.02895,0.08527
1845,1,1_1,0.2,0.02164,0.07764
1846,1,1_1,0.2,0.0259,0.08856
1847,1,1_1,0.2,0.03232,0.1464
1848,1,1_1,0.2,0.04102,0.09186
1849,1,1_1,0.2,0.03302,0.0889
1850,1,1_1,0.2,0.02881,0.08453
1851,1,1_1,0.2,0.02736,0.12384
1852,1,1_1,0.2,0.03415,0.1006
1853,1,1_1,0.2,0.02295,0.0832
1854,1,1_1,0.2,0.03064,0.0911
1855,1,1_1,0.2,0.03268,0.0909
1856,1,1_1,0.2,0.0377,0.1051
1857,1,1_1,0.2,0.02351,0.07697
1858,1,1_1,0.2,0.02243,0.0908
1859,1,1_1,0.2,0.0365,0.1026
1860,1,1_1,0.2,0.0367,0.1113
1861,1,1_1,0.2,0.021,0.0801
1862,1,1_1,0.2,0.0305,0.11285
1863,1,1_1,0.2,0.0329,0.1304
1864,1,1_1,0.2,0.02217,0.0732
1865,1,1_1,0.2,0.0235,0.1197
1866,1,1_1,0.2,0.03256,0.08875
1867,1,1_1,0.2,0.03738,0.1471
1868,1,1_1,0.2,0.04153,0.0999
1869,1,1_1,0.2,0.02335,0.1339
1870,1,1_1,0.2,0.03099,0.08997
1871,1,1_1,0.2,0.03357,0.0984
1872,1,1_1,0.2,0.03378,0.1249
1873,1,1_1,0.2,0.02916,0.0955
1874,1,1_1,0.2,0.02658,0.1102
1875,1,1_1,0.2,0.02304,0.0978
1876,1,1_1,0.2,0.02664,0.08734
1877,1,1_1,0.2,0.02641,0.08606
1878,1,1_1,0.2,0.02965,0.0952
1879,1,1_1,0.2,0.027,0.0905
1880,1,1_1,0.2,0.03287,0.08453
1881,1,1_1,0.2,0.0238,0.08777
1882,1,1_1,0.2,0.0214,0.0827
1883,1,1_1,0.2,0.02762,0.0899
1884,1,1_1,0.2,0.02786,0.1117
1885,1,1_1,0.2,0.0265,0.0769
1886,1,1_1,0.2,0.02434,0.0809
1887,1,1_1,0.2,0.02043,0.0868
1888,1,1_1,0.2,0.02377,0.0759
1889,1,1_1,0.2,0.0352,0.09283
1890,1,1_1,0.2,0.02087,0.0815
1891,1,1_1,0.2,0.02892,0.1117
1892,1,1_1,0.2,0.02554,0.1017
1893,1,1_1,0.2,0.03555,0.10284
1894,1,1_1,0.2,0.03032,0.0841
1895,1,1_1,0.2,0.0342,0.1505
1896,1,1_1,0.2,0.02557,0.08954
1897,1,1_1,0.2,0.02419,0.0823
1898,1,1_1,0.2,0.0213,0.154
1899,1,1_1,0.2,0.02237,0.10333
1900,1,1_1,0.2,0.02855,0.0798
1901,1,1_1,0.2,0.02428,0.07996
1902,1,1_1,0.2,0.02957,0.1121
1903,1,1_1,0.2,0.0365,0.1091
1904,1,1_1,0.2,0.0382,0.1472
1905,1,1_1,0.2,0.02391,0.08594
1906,1,1_1,0.2,0.02144,0.07477
1907,1,1_1,0.2,0.02429,0.0924
1908,1,1_1,0.2,0.03815,0.1292
1909,1,1_1,0.2,0.02458,0.0767
1910,1,1_1,0.2,0.02283,0.07745
1911,1,1_1,0.2,0.03415,0.08746
1912,1,1_1,0.2,0.02728,0.0791
1913,1,1_1,0.2,0.04306,0.1366
1914,1,1_1,0.2,0.03069,0.07965
1915,1,1_1,0.2,0.0266,0.1476
1916,1,1_1,0.2,0.02672,0.10596
1917,1,1_1,0.2,0.01817,0.08044
1918,1,1_1,0.2,0.02367,0.08923
1919,1,1_1,0.2,0.02731,0.0808
1920,1,1_1,0.2,0.0361,0.11316
1921,1,1_1,0.2,0.02203,0.1092
1922,1,1_1,0.2,0.02145,0.0806
1923,1,1_1,0.2,0.02306,0.0737
1924,1,1_1,0.2,0.04016,0.1178
1925,1,1_1,0.2,0.0221,0.127
1926,1,1_1,0.2,0.03183,0.08704
1927,1,1_1,0.2,0.02605,0.08044
1928,1,1_1,0.2,0.01767,0.0726
1929,1,1_1,0.2,0.02293,0.0789
1930,1,1_1,0.2,0.02861,0.1277
1931,1,1_1,0.2,0.03226,0.0862
1932,1,1_1,0.2,0.02464,0.097
1933,1,1_1,0.2,0.01767,0.1024
1934,1,1_1,0.2,0.02715,0.087
1935,1,1_1,0.2,0.02295,0.0778
1936,1,1_1,0.2,0.02289,0.0868
1937,1,1_1,0.2,0.03885,0.0933
1938,1,1_1,0.2,0.03232,0.0841
1939,1,1_1,0.2,0.03146,0.09467
1940,1,1_1,0.2,0.03308,0.1037
1941,1,1_1,0.2,0.03214,0.1113
1942,1,1_1,0.2,0.03806,0.1086
1943,1,1_1,0.2,0.02504,0.08344
1944,1,1_1,0.2,0.03223,0.09143
1945,1,1_1,0.2,0.0348,0.0853
1946,1,1_1,0.2,0.02594,0.10034
1947,1,1_1,0.2,0.03662,0.09454
1948,1,1_1,0.2,0.03342,0.10187
1949,1,1_1,0.2,0.02484,0.0931
1950,1,1_1,0.2,0.02406,0.0804
1951,1,1_1,0.2,0.03708,0.1125
1952,1,1_1,0.2,0.03033,0.0867
1953,1,1_1,0.2,0.02507,0.0743
1954,1,1_1,0.2,0.04468,0.0958
1955,1,1_1,0.2,0.03528,0.1382
1956,1,1_1,0.2,0.01833,0.07104
1957,1,1_1,0.2,0.01956,0.07153
1958,1,1_1,0.2,0.03123,0.0834
1959,1,1_1,0.2,0.02635,0.0952
1960,1,1_1,0.2,0.02818,0.1009
1961,1,1_1,0.2,0.02872,0.0833
1962,1,1_1,0.2,0.04816,0.1348
1963,1,1_1,0.2,0.02568,0.0787
1964,1,1_1,0.2,0.03497,0.0857
1965,1,1_1,0.2,0.0297,0.09283
1966,1,1_1,0.2,0.0326,0.0848
1967,1,1_1,0.2,0.02171,0.08014
1968,1,1_1,0.2,0.029,0.08826
1969,1,1_1,0.2,0.02046,0.0896
1970,1,1_1,0.2,0.01859,0.07574
1971,1,1_1,0.2,0.022,0.07764
1972,1,1_1,0.2,0.01933,0.09503
1973,1,1_1,0.2,0.02293,0.08093
1974,1,1_1,0.2,0.02809,0.09015
1975,1,1_1,0.2,0.01761,0.1262
1976,1,1_1,0.2,0.01952,0.0819
1977,1,1_1,0.2,0.03143,0.0932
1978,1,1_1,0.2,0.03348,0.1304
1979,1,1_1,0.2,0.03384,0.1545
1980,1,1_1,0.2,0.01935,0.07916
1981,1,1_1,0.2,0.02249,0.0751
1982,1,1_1,0.2,0.02605,0.10364
1983,1,1_1,0.2,0.03467,0.0913
1984,1,1_1,0.2,0.02661,0.1387
1985,1,1_1,0.2,0.02654,0.0837
1986,1,1_1,0.2,0.02328,0.0956
1987,1,1_1,0.2,0.03064,0.0844
1988,1,1_1,0.2,0.028,0.0902
1989,1,1_1,0.2,0.03464,0.11304
1990,1,1_1,0.2,0.02013,0.08685
1991,1,1_1,0.2,0.02635,0.0838
1992,1,1_1,0.2,0.02171,0.0807
1993,1,1_1,0.2,0.0451,0.0977
1994,1,1_1,0.2,0.02994,0.09454
1995,1,1_1,0.2,0.02704,0.10034
1996,1,1_1,0.2,0.02045,0.09143
1997,1,1_1,0.2,0.02116,0.0928
1998,1,1_1,0.2,0.0338,0.1125
1999,1,1_1,0.2,0.03265,0.0891
2000,1,1_1,0.3,0.021,0.0834
2001,1,1_1,0.3,0.02803,0.08044
2002,1,1_1,0.3,0.02185,0.0894
2003,1,1_1,0.3,0.02885,0.1009
2004,1,1_1,0.3,0.03174,0.0881
2005,1,1_1,0.3,0.02376,0.0833
2006,1,1_1,0.3,0.03223,0.1098
2007,1,1_1,0.3,0.02711,0.1477
2008,1,1_1,0.3,0.02267,0.10095
2009,1,1_1,0.3,0.02219,0.08997
2010,1,1_1,0.3,0.02306,0.0903
2011,1,1_1,0.3,0.02425,0.0778
2012,1,1_1,0.3,0.02165,0.11536
2013,1,1_1,0.3,0.02629,0.1189
2014,1,1_1,0.3,0.05118,0.12415
2015,1,1_1,0.3,0.0519,0.1108
2016,1,1_1,0.3,0.03885,0.128
2017,1,1_1,0.3,0.04153,0.104
2018,1,1_1,0.3,0.0259,0.0891
2019,1,1_1,0.3,0.0338,0.0817
2020,1,1_1,0.3,0.03552,0.12085
2021,1,1_1,0.3,0.02777,0.07874
2022,1,1_1,0.3,0.0332,0.12305
2023,1,1_1,0.3,0.02983,0.1214
2024,1,1_1,0.3,0.0267,0.1163
2025,1,1_1,0.3,0.03894,0.11414
2026,1,1_1,0.3,0.03552,0.10767
2027,1,1_1,0.3,0.02716,0.0821
2028,1,1_1,0.3,0.02408,0.096
2029,1,1_1,0.3,0.02687,0.09595
2030,1,1_1,0.3,0.03918,0.1383
2031,1,1_1,0.3,0.03305,0.1167
2032,1,1_1,0.3,0.04156,0.1055
2033,1,1_1,0.3,0.03044,0.1014
2034,1,1_1,0.3,0.0404,0.0982
2035,1,1_1,0.3,0.04083,0.1342
2036,1,1_1,0.3,0.0425,0.1086
2037,1,1_1,0.3,0.02684,0.07806
2038,1,1_1,0.3,0.0291,0.0922
2039,1,1_1,0.3,0.03574,0.09235
2040,1,1_1,0.3,0.0326,0.1115
2041,1,1_1,0.3,0.03256,0.08405
2042,1,1_1,0.3,0.0519,0.1077
2043,1,1_1,0.3,0.04642,0.14
2044,1,1_1,0.3,0.02402,0.1797
2045,1,1_1,0.3,0.02551,0.09
2046,1,1_1,0.3,0.05338,0.1029
2047,1,1_1,0.3,0.0352,0.1191
2048,1,1_1,0.3,0.02216,0.09564
2049,1,1_1,0.3,0.02132,0.08124
2050,1,1_1,0.3,0.03043,0.0889
2051,1,1_1,0.3,0.0374,0.11017
2052,1,1_1,0.3,0.0404,0.1449
2053,1,1_1,0.3,0.01965,0.08704
2054,1,1_1,0.3,0.02943,0.0784
2055,1,1_1,0.3,0.04385,0.11414
2056,1,1_1,0.3,0.02188,0.1005
2057,1,1_1,0.3,0.03937,0.08936
2058,1,1_1,0.3,0.0412,0.0909
2059,1,1_1,0.3,0.03232,0.10095
2060,1,1_1,0.3,0.0315,0.0996
2061,1,1_1,0.3,0.04355,0.1305
2062,1,1_1,0.3,0.0268,0.1072
2063,1,1_1,0.3,0.02869,0.0887
2064,1,1_1,0.3,0.02043,0.0802
2065,1,1_1,0.3,0.02003,0.0904
2066,1,1_1,0.3,0.0339,0.098
2067,1,1_1,0.3,0.02808,0.0931
2068,1,1_1,0.3,0.03143,0.10864
2069,1,1_1,0.3,0.04126,0.1366
2070,1,1_1,0.3,0.0317,0.0924
2071,1,1_1,0.3,0.0374,0.0989
2072,1,1_1,0.3,0.04068,0.10614
2073,1,1_1,0.3,0.03268,0.11426
2074,1,1_1,0.3,0.02884,0.08966
2075,1,1_1,0.3,0.03717,0.0892
2076,1,1_1,0.3,0.03015,0.11725
2077,1,1_1,0.3,0.03696,0.1103
2078,1,1_1,0.3,0.0318,0.0877
2079,1,1_1,0.3,0.0314,0.08856
2080,1,1_1,0.3,0.02612,0.1059
2081,1,1_1,0.3,0.0452,0.1536
2082,1,1_1,0.3,0.02644,0.08887
2083,1,1_1,0.3,0.02525,0.0846
2084,1,1_1,0.3,0.0512,0.1242
2085,1,1_1,0.3,0.02708,0.09576
2086,1,1_1,0.3,0.0323,0.0867
2087,1,1_1,0.3,0.03165,0.1702
2088,1,1_1,0.3,0.02866,0.08057
2089,1,1_1,0.3,0.02362,0.09155
2090,1,1_1,0.3,0.02675,0.0857
2091,1,1_1,0.3,0.02689,0.09174
2092,1,1_1,0.3,0.0518,0.1477
2093,1,1_1,0.3,0.0416,0.0954
2094,1,1_1,0.3,0.0448,0.1312
2095,1,1_1,0.3,0.03122,0.1005
2096,1,1_1,0.3,0.02457,0.105
2097,1,1_1,0.3,0.02304,0.08575
2098,1,1_1,0.3,0.03714,0.1388
2099,1,1_1,0.3,0.04276,0.1267
2100,1,1_1,0.3,0.031,0.1536
2101,1,1_1,0.3,0.02528,0.0986
2102,1,1_1,0.3,0.04172,0.09845
2103,1,1_1,0.3,0.03473,0.1349
2104,1,1_1,0.3,0.03072,0.09753
2105,1,1_1,0.3,0.03143,0.1047
2106,1,1_1,0.3,0.03308,0.09094
2107,1,1_1,0.3,0.02885,0.11145
2108,1,1_1,0.3,0.02235,0.0803
2109,1,1_1,0.3,0.0248,0.08575
2110,1,1_1,0.3,0.0278,0.09247
2111,1,1_1,0.3,0.02658,0.1121
2112,1,1_1,0.3,0.04883,0.09924
2113,1,1_1,0.3,0.03848,0.1515
2114,1,1_1,0.3,0.02742,0.1003
2115,1,1_1,0.3,0.02502,0.1001
2116,1,1_1,0.3,0.03528,0.09644
2117,1,1_1,0.3,0.03687,0.08057
2118,1,1_1,0.3,0.02489,0.1672
2119,1,1_1,0.3,0.0322,0.1116
2120,1,1_1,0.3,0.02496,0.10297
2121,1,1_1,0.3,0.03763,0.108
2122,1,1_1,0.3,0.02917,0.0868
2123,1,1_1,0.3,0.0458,0.11414
2124,1,1_1,0.3,0.03632,0.133
2125,1,1_1,0.3,0.04987,0.11285
2126,1,1_1,0.3,0.0232,0.1335
2127,1,1_1,0.3,0.0441,0.1628
2128,1,1_1,0.3,0.03111,0.1239
2129,1,1_1,0.3,0.04318,0.1034
2130,1,1_1,0.3,0.03445,0.102
2131,1,1_1,0.3,0.02579,0.0869
2132,1,1_1,0.3,0.0539,0.1225
2133,1,1_1,0.3,0.0352,0.0959
2134,1,1_1,0.3,0.0324,0.091
2135,1,1_1,0.3,0.0365,0.114
2136,1,1_1,0.3,0.03308,0.0909
2137,1,1_1,0.3,0.03406,0.09753
2138,1,1_1,0.3,0.03677,0.0952
2139,1,1_1,0.3,0.02731,0.1626
2140,1,1_1,0.3,0.02977,0.0991
2141,1,1_1,0.3,0.04684,0.1126
2142,1,1_1,0.3,0.03137,0.0981
2143,1,1_1,0.3,0.02931,0.08575
2144,1,1_1,0.3,0.03093,0.0787
2145,1,1_1,0.3,0.02606,0.1519
2146,1,1_1,0.3,0.02525,0.1169
2147,1,1_1,0.3,0.02737,0.1065
2148,1,1_1,0.3,0.04465,0.1109
2149,1,1_1,0.3,0.02946,0.1426
2150,1,1_1,0.3,0.037,0.1254
2151,1,1_1,0.3,0.02809,0.0905
2152,1,1_1,0.3,0.03754,0.09717
2153,1,1_1,0.3,0.0511,0.1606
2154,1,1_1,0.3,0.0472,0.1438
2155,1,1_1,0.3,0.0307,0.0947
2156,1,1_1,0.3,0.02872,0.1517
2157,1,1_1,0.3,0.02876,0.08264
2158,1,1_1,0.3,0.02736,0.1132
2159,1,1_1,0.3,0.03925,0.1045
2160,1,1_1,0.3,0.03183,0.09784
2161,1,1_1,0.3,0.02922,0.08997
2162,1,1_1,0.3,0.03897,0.0914
2163,1,1_1,0.3,0.0354,0.1219
2164,1,1_1,0.3,0.03732,0.1283
2165,1,1_1,0.3,0.02817,0.0789
2166,1,1_1,0.3,0.03464,0.141
2167,1,1_1,0.3,0.03064,0.08167
2168,1,1_1,0.3,0.02681,0.08496
2169,1,1_1,0.3,0.0294,0.10474
2170,1,1_1,0.3,0.0281,0.0922
2171,1,1_1,0.3,0.04236,0.0893
2172,1,1_1,0.3,0.03143,0.1173
2173,1,1_1,0.3,0.03757,0.1334
2174,1,1_1,0.3,0.03543,0.11127
2175,1,1_1,0.3,0.05075,0.10486
2176,1,1_1,0.3,0.03156,0.10504
2177,1,1_1,0.3,0.04214,0.10504
2178,1,1_1,0.3,0.0408,0.1156
2179,1,1_1,0.3,0.03473,0.1263
2180,1,1_1,0.3,0.0452,0.1427
2181,1,1_1,0.3,0.02762,0.0864
2182,1,1_1,0.3,0.0385,0.1183
2183,1,1_1,0.3,0.02936,0.1084
2184,1,1_1,0.3,0.04517,0.1844
2185,1,1_1,0.3,0.03372,0.1131
2186,1,1_1,0.3,0.0402,0.1006
2187,1,1_1,0.3,0.03105,0.1035
2188,1,1_1,0.3,0.02412,0.0849
2189,1,1_1,0.3,0.03424,0.107
2190,1,1_1,0.3,0.02057,0.1852
2191,1,1_1,0.3,0.03702,0.1353
2192,1,1_1,0.3,0.02263,0.08386
2193,1,1_1,0.3,0.022,0.0799
2194,1,1_1,0.3,0.0401,0.1322
2195,1,1_1,0.3,0.03003,0.08527
2196,1,1_1,0.3,0.0317,0.0845
2197,1,1_1,0.3,0.04675,0.0997
2198,1,1_1,0.3,0.02867,0.10754
2199,1,1_1,0.3,0.04965,0.0996
2200,1,1_1,0.3,0.03915,0.11005
2201,1,1_1,0.3,0.02531,0.08795
2202,1,1_1,0.3,0.02538,0.1175
2203,1,1_1,0.3,0.02191,0.08295
2204,1,1_1,0.3,0.02208,0.0807
2205,1,1_1,0.3,0.02776,0.0914
2206,1,1_1,0.3,0.02547,0.08417
2207,1,1_1,0.3,0.03363,0.1235
2208,1,1_1,0.3,0.03625,0.09766
2209,1,1_1,0.3,0.05032,0.1365
2210,1,1_1,0.3,0.02397,0.078
2211,1,1_1,0.3,0.04422,0.10504
2212,1,1_1,0.3,0.0483,0.09595
2213,1,1_1,0.3,0.02779,0.09106
2214,1,1_1,0.3,0.04578,0.1091
2215,1,1_1,0.3,0.04468,0.1087
2216,1,1_1,0.3,0.0376,0.152
2217,1,1_1,0.3,0.02652,0.09265
2218,1,1_1,0.3,0.029,0.07947
2219,1,1_1,0.3,0.02925,0.08
2220,1,1_1,0.3,0.02414,0.08026
2221,1,1_1,0.3,0.0354,0.10785
2222,1,1_1,0.3,0.02983,0.0884
2223,1,1_1,0.3,0.03207,0.1131
2224,1,1_1,0.3,0.0357,0.09576
2225,1,1_1,0.3,0.03867,0.1332
2226,1,1_1,0.3,0.02611,0.09406
2227,1,1_1,0.3,0.03056,0.1143
2228,1,1_1,0.3,0.03983,0.11615
2229,1,1_1,0.3,0.05283,0.0898
2230,1,1_1,0.3,0.03308,0.1875
2231,1,1_1,0.3,0.02779,0.0904
2232,1,1_1,0.3,0.02652,0.0852
2233,1,1_1,0.3,0.04236,0.1208
2234,1,1_1,0.3,0.02124,0.129
2235,1,1_1,0.3,0.03516,0.10785
2236,1,1_1,0.3,0.0342,0.10785
2237,1,1_1,0.3,0.0361,0.1353
2238,1,1_1,0.3,0.02896,0.0761
2239,1,1_1,0.3,0.03278,0.095
2240,1,1_1,0.3,0.04895,0.10657
2241,1,1_1,0.3,0.0423,0.10614
2242,1,1_1,0.3,0.0416,0.1067
2243,1,1_1,0.3,0.02725,0.0964
2244,1,1_1,0.3,0.03146,0.11096
2245,1,1_1,0.3,0.03217,0.10364
2246,1,1_1,0.3,0.04535,0.0904
2247,1,1_1,0.3,0.03035,0.0815
2248,1,1_1,0.3,0.04187,0.1059
2249,1,1_1,0.3,0.02917,0.0848
2250,1,1_1,0.3,0.03003,0.1175
2251,1,1_1,0.3,0.03156,0.1172
2252,1,1_1,0.3,0.01976,0.08075
2253,1,1_1,0.3,0.02765,0.09906
2254,1,1_1,0.3,0.02757,0.111
2255,1,1_1,0.3,0.03046,0.10236
2256,1,1_1,0.3,0.03262,0.0918
2257,1,1_1,0.3,0.03687,0.09216
2258,1,1_1,0.3,0.02408,0.08325
2259,1,1_1,0.3,0.04416,0.1121
2260,1,1_1,0.3,0.04758,0.0978
2261,1,1_1,0.3,0.03062,0.10706
2262,1,1_1,0.3,0.02696,0.0814
2263,1,1_1,0.3,0.03763,0.10187
2264,1,1_1,0.3,0.03442,0.1121
2265,1,1_1,0.3,0.04636,0.1354
2266,1,1_1,0.3,0.0217,0.09
2267,1,1_1,0.3,0.02934,0.09094
2268,1,1_1,0.3,0.04492,0.1542
2269,1,1_1,0.3,0.03894,0.08575
2270,1,1_1,0.3,0.02705,0.0831
2271,1,1_1,0.3,0.02702,0.08923
2272,1,1_1,0.3,0.03253,0.1515
2273,1,1_1,0.3,0.03763,0.152
2274,1,1_1,0.3,0.02542,0.10785
2275,1,1_1,0.3,0.0278,0.1025
2276,1,1_1,0.3,0.02898,0.0793
2277,1,1_1,0.3,0.03134,0.0843
2278,1,1_1,0.3,0.03137,0.1235
2279,1,1_1,0.3,0.04965,0.10803
2280,1,1_1,0.3,0.0282,0.0909
2281,1,1_1,0.3,0.02728,0.18
2282,1,1_1,0.3,0.0288,0.0786
2283,1,1_1,0.3,0.0354,0.1475
2284,1,1_1,0.3,0.02519,0.1351
2285,1,1_1,0.3,0.0336,0.1032
2286,1,1_1,0.3,0.04233,0.1321
2287,1,1_1,0.3,0.0451,0.11115
2288,1,1_1,0.3,0.05258,0.1392
2289,1,1_1,0.3,0.03009,0.1106
2290,1,1_1,0.3,0.03363,0.108
2291,1,1_1,0.3,0.0402,0.0846
2292,1,1_1,0.3,0.0472,0.1359
2293,1,1_1,0.3,0.02873,0.0908
2294,1,1_1,0.3,0.05057,0.09753
2295,1,1_1,0.3,0.03537,0.085
2296,1,1_1,0.3,0.03035,0.136
2297,1,1_1,0.3,0.02785,0.1024
2298,1,1_1,0.3,0.04092,0.1152
2299,1,1_1,0.3,0.0431,0.1666
2300,1,1_1,0.3,0.03433,0.08386
2301,1,1_1,0.3,0.0429,0.1153
2302,1,1_1,0.3,0.02808,0.08246
2303,1,1_1,0.3,0.03256,0.171
2304,1,1_1,0.3,0.0429,0.1313
2305,1,1_1,0.3,0.02844,0.07935
2306,1,1_1,0.3,0.04218,0.1127
2307,1,1_1,0.3,0.02592,0.11255
2308,1,1_1,0.3,0.04337,0.11346
2309,1,1_1,0.3,0.0321,0.1389
2310,1,1_1,0.3,0.02916,0.11316
2311,1,1_1,0.3,0.05496,0.09924
2312,1,1_1,0.3,0.0436,0.135
2313,1,1_1,0.3,0.02168,0.11957
2314,1,1_1,0.3,0.0394,0.10693
2315,1,1_1,0.3,0.03427,0.1431
2316,1,1_1,0.3,0.04892,0.0984
2317,1,1_1,0.3,0.0352,0.09875
2318,1,1_1,0.3,0.03064,0.0912
2319,1,1_1,0.3,0.02562,0.0951
2320,1,1_1,0.3,0.03812,0.1042
2321,1,1_1,0.3,0.04367,0.1015
2322,1,1_1,0.3,0.0412,0.0858
2323,1,1_1,0.3,0.04233,0.12225
2324,1,1_1,0.3,0.03397,0.09216
2325,1,1_1,0.3,0.02751,0.0916
2326,1,1_1,0.3,0.04645,0.0983
2327,1,1_1,0.3,0.03772,0.0988
2328,1,1_1,0.3,0.02888,0.0786
2329,1,1_1,0.3,0.02591,0.09534
2330,1,1_1,0.3,0.02446,0.07715
2331,1,1_1,0.3,0.02881,0.10455
2332,1,1_1,0.3,0.0319,0.09125
2333,1,1_1,0.3,0.04016,0.1249
2334,1,1_1,0.3,0.04803,0.087
2335,1,1_1,0.3,0.02966,0.1043
2336,1,1_1,0.3,0.02475,0.08813
2337,1,1_1,0.3,0.0436,0.10596
2338,1,1_1,0.3,0.0555,0.10376
2339,1,1_1,0.3,0.04175,0.1082
2340,1,1_1,0.3,0.0344,0.10065
2341,1,1_1,0.3,0.02309,0.1109
2342,1,1_1,0.3,0.02957,0.1342
2343,1,1_1,0.3,0.04996,0.11896
2344,1,1_1,0.3,0.0379,0.1587
2345,1,1_1,0.3,0.03445,0.0873
2346,1,1_1,0.3,0.04248,0.1079
2347,1,1_1,0.3,0.04138,0.131
2348,1,1_1,0.3,0.03433,0.1128
2349,1,1_1,0.3,0.04807,0.11804
2350,1,1_1,0.3,0.02124,0.0727
2351,1,1_1,0.3,0.0417,0.0993
2352,1,1_1,0.3,0.03284,0.0872
2353,1,1_1,0.3,0.032,0.10944
2354,1,1_1,0.3,0.04852,0.153
2355,1,1_1,0.3,0.03348,0.1009
2356,1,1_1,0.3,0.0587,0.101
2357,1,1_1,0.3,0.03204,0.11273
2358,1,1_1,0.3,0.03967,0.0854
2359,1,1_1,0.3,0.043,0.144
2360,1,1_1,0.3,0.0343,0.0866
2361,1,1_1,0.3,0.0551,0.1459
2362,1,1_1,0.3,0.02849,0.0889
2363,1,1_1,0.3,0.0503,0.1361
2364,1,1_1,0.3,0.03513,0.11084
2365,1,1_1,0.3,0.0551,0.1199
2366,1,1_1,0.3,0.0469,0.1174
2367,1,1_1,0.3,0.03662,0.09235
2368,1,1_1,0.3,0.02954,0.1156
2369,1,1_1,0.3,0.04425,0.1157
2370,1,1_1,0.3,0.0291,0.1324
2371,1,1_1,0.3,0.0292,0.0928
2372,1,1_1,0.3,0.0361,0.0892
2373,1,1_1,0.3,0.02888,0.0775
2374,1,1_1,0.3,0.0383,0.12177
2375,1,1_1,0.3,0.0445,0.1075
2376,1,1_1,0.3,0.05075,0.1138
2377,1,1_1,0.3,0.0433,0.1278
2378,1,1_1,0.3,0.04376,0.10614
2379,1,1_1,0.3,0.05365,0.11066
2380,1,1_1,0.3,0.04034,0.1417
2381,1,1_1,0.3,0.04663,0.11395
2382,1,1_1,0.3,0.02576,0.09503
2383,1,1_1,0.3,0.03345,0.1119
2384,1,1_1,0.3,0.048,0.0912
2385,1,1_1,0.3,0.02513,0.1047
2386,1,1_1,0.3,0.02773,0.0912
2387,1,1_1,0.3,0.03824,0.1478
2388,1,1_1,0.3,0.04446,0.1225
2389,1,1_1,0.3,0.0322,0.0909
2390,1,1_1,0.3,0.04807,0.1053
2391,1,1_1,0.3,0.03027,0.083
2392,1,1_1,0.3,0.03894,0.12115
2393,1,1_1,0.3,0.03452,0.1365
2394,1,1_1,0.3,0.0402,0.0932
2395,1,1_1,0.3,0.05276,0.1052
2396,1,1_1,0.3,0.04727,0.1107
2397,1,1_1,0.3,0.03043,0.08325
2398,1,1_1,0.3,0.0465,0.1039
2399,1,1_1,0.3,0.03912,0.1277
2400,1,1_1,0.3,0.04077,0.0924
2401,1,1_1,0.3,0.03976,0.1609
2402,1,1_1,0.3,0.03333,0.09174
2403,1,1_1,0.3,0.045,0.1186
2404,1,1_1,0.3,0.0377,0.0943
2405,1,1_1,0.3,0.0457,0.1758
2406,1,1_1,0.3,0.04327,0.1595
2407,1,1_1,0.3,0.0294,0.0964
2408,1,1_1,0.3,0.03494,0.0986
2409,1,1_1,0.3,0.03033,0.0901
2410,1,1_1,0.3,0.02708,0.08624
2411,1,1_1,0.3,0.0344,0.08624
2412,1,1_1,0.3,0.04037,0.0913
2413,1,1_1,0.3,0.03204,0.10284
2414,1,1_1,0.3,0.03268,0.1528
2415,1,1_1,0.3,0.04077,0.1094
2416,1,1_1,0.3,0.03177,0.0782
2417,1,1_1,0.3,0.03015,0.1213
2418,1,1_1,0.3,0.0459,0.11597
2419,1,1_1,0.3,0.04315,0.09595
2420,1,1_1,0.3,0.04053,0.0999
2421,1,1_1,0.3,0.0322,0.0938
2422,1,1_1,0.3,0.0263,0.096
2423,1,1_1,0.3,0.0386,0.1023
2424,1,1_1,0.3,0.0399,0.122
2425,1,1_1,0.3,0.03772,0.1114
2426,1,1_1,0.3,0.04776,0.11487
2427,1,1_1,0.3,0.04617,0.11206
2428,1,1_1,0.3,0.04868,0.0953
2429,1,1_1,0.3,0.03238,0.0928
2430,1,1_1,0.3,0.02371,0.1058
2431,1,1_1,0.3,0.02634,0.1024
2432,1,1_1,0.3,0.05463,0.1265
2433,1,1_1,0.3,0.03732,0.0875
2434,1,1_1,0.3,0.03824,0.1649
2435,1,1_1,0.3,0.01996,0.0874
2436,1,1_1,0.3,0.03275,0.0934
2437,1,1_1,0.3,0.04303,0.1449
2438,1,1_1,0.3,0.03134,0.0879
2439,1,1_1,0.3,0.03087,0.0869
2440,1,1_1,0.3,0.03099,0.0903
2441,1,1_1,0.3,0.0406,0.1022
2442,1,1_1,0.3,0.03278,0.0924
2443,1,1_1,0.3,0.02628,0.1165
2444,1,1_1,0.3,0.03653,0.1187
2445,1,1_1,0.3,0.02849,0.1058
2446,1,1_1,0.3,0.03064,0.1079
2447,1,1_1,0.3,0.0456,0.1013
2448,1,1_1,0.3,0.02557,0.1142
2449,1,1_1,0.3,0.03583,0.0876
2450,1,1_1,0.3,0.03757,0.1263
2451,1,1_1,0.3,0.03622,0.11884
2452,1,1_1,0.3,0.04135,0.1439
2453,1,1_1,0.3,0.04684,0.1161
2454,1,1_1,0.3,0.0382,0.10175
2455,1,1_1,0.3,0.04535,0.1464
2456,1,1_1,0.3,0.0449,0.1404
2457,1,1_1,0.3,0.0348,0.1322
2458,1,1_1,0.3,0.04398,0.1187
2459,1,1_1,0.3,0.02954,0.0896
2460,1,1_1,0.3,0.03757,0.1007
2461,1,1_1,0.3,0.04163,0.10205
2462,1,1_1,0.3,0.03946,0.1527
2463,1,1_1,0.3,0.03934,0.0935
2464,1,1_1,0.3,0.0349,0.08636
2465,1,1_1,0.3,0.03021,0.084
2466,1,1_1,0.3,0.04102,0.11017
2467,1,1_1,0.3,0.0327,0.11194
2468,1,1_1,0.3,0.03787,0.086
2469,1,1_1,0.3,0.03452,0.0991
2470,1,1_1,0.3,0.03021,0.09875
2471,1,1_1,0.3,0.04077,0.1322
2472,1,1_1,0.3,0.02345,0.08203
2473,1,1_1,0.3,0.04214,0.11304
2474,1,1_1,0.3,0.04153,0.11993
2475,1,1_1,0.3,0.02837,0.0955
2476,1,1_1,0.3,0.03128,0.12085
2477,1,1_1,0.3,0.04718,0.1423
2478,1,1_1,0.3,0.04367,0.1412
2479,1,1_1,0.3,0.03021,0.08704
2480,1,1_1,0.3,0.02356,0.1006
2481,1,1_1,0.3,0.02426,0.1304
2482,1,1_1,0.3,0.04898,0.1464
2483,1,1_1,0.3,0.0328,0.0994
2484,1,1_1,0.3,0.02557,0.10065
2485,1,1_1,0.3,0.0293,0.0839
2486,1,1_1,0.3,0.0334,0.10944
2487,1,1_1,0.3,0.02733,0.1486
2488,1,1_1,0.3,0.0407,0.1274
2489,1,1_1,0.3,0.02562,0.0919
2490,1,1_1,0.3,0.0409,0.10004
2491,1,1_1,0.3,0.03525,0.1092
2492,1,1_1,0.3,0.03204,0.1101
2493,1,1_1,0.3,0.0489,0.1461
2494,1,1_1,0.3,0.02586,0.1051
2495,1,1_1,0.3,0.0353,0.1067
2496,1,1_1,0.3,0.03674,0.109
2497,1,1_1,0.3,0.02951,0.1254
2498,1,1_1,0.3,0.04474,0.1185
2499,1,1_1,0.3,0.04025,0.1344
2500,1,1_1,0.3,0.05185,0.1171
2501,1,1_1,0.3,0.03038,0.0941
2502,1,1_1,0.3,0.03613,0.0866
2503,1,1_1,0.3,0.0363,0.0993
2504,1,1_1,0.3,0.0324,0.0863
2505,1,1_1,0.3,0.0314,0.0984
2506,1,1_1,0.3,0.02818,0.2155
2507,1,1_1,0.3,0.02533,0.0832
2508,1,1_1,0.3,0.03595,0.10876
2509,1,1_1,0.3,0.02841,0.08765
2510,1,1_1,0.3,0.04297,0.09625
2511,1,1_1,0.3,0.03275,0.1299
2512,1,1_1,0.3,0.03903,0.1251
2513,1,1_1,0.3,0.02455,0.1505
2514,1,1_1,0.3,0.03284,0.09644
2515,1,1_1,0.3,0.03035,0.0999
2516,1,1_1,0.3,0.03378,0.0905
2517,1,1_1,0.3,0.05646,0.1194
2518,1,1_1,0.3,0.03174,0.1052
2519,1,1_1,0.3,0.03253,0.0957
2520,1,1_1,0.3,0.04083,0.1158
2521,1,1_1,0.3,0.03735,0.10223
2522,1,1_1,0.3,0.03748,0.1091
2523,1,1_1,0.3,0.03207,0.1035
2524,1,1_1,0.3,0.02396,0.0842
2525,1,1_1,0.3,0.04074,0.1002
2526,1,1_1,0.3,0.02672,0.08923
2527,1,1_1,0.3,0.02922,0.0761
2528,1,1_1,0.3,0.0385,0.09766
2529,1,1_1,0.3,0.04263,0.143
2530,1,1_1,0.3,0.04944,0.126
2531,1,1_1,0.3,0.03217,0.1185
2532,1,1_1,0.3,0.02237,0.075
2533,1,1_1,0.3,0.02835,0.0994
2534,1,1_1,0.3,0.03049,0.0908
2535,1,1_1,0.3,0.05627,0.11786
2536,1,1_1,0.3,0.04498,0.124
2537,1,1_1,0.3,0.01974,0.08496
2538,1,1_1,0.3,0.04138,0.09045
2539,1,1_1,0.3,0.03265,0.08606
2540,1,1_1,0.3,0.04572,0.09076
2541,1,1_1,0.3,0.04544,0.1237
2542,1,1_1,0.3,0.0329,0.0873
2543,1,1_1,0.3,0.04462,0.1298
2544,1,1_1,0.3,0.03476,0.1021
2545,1,1_1,0.3,0.0443,0.1049
2546,1,1_1,0.3,0.0404,0.0933
2547,1,1_1,0.3,0.03427,0.1414
2548,1,1_1,0.3,0.03735,0.1081
2549,1,1_1,0.3,0.04416,0.1316
2550,1,1_1,0.3,0.03232,0.0993
2551,1,1_1,0.3,0.04068,0.11206
2552,1,1_1,0.3,0.02444,0.141
2553,1,1_1,0.3,0.0437,0.1037
2554,1,1_1,0.3,0.0358,0.11084
2555,1,1_1,0.3,0.02994,0.08856
2556,1,1_1,0.3,0.03238,0.11786
2557,1,1_1,0.3,0.04083,0.10986
2558,1,1_1,0.3,0.0261,0.1003
2559,1,1_1,0.3,0.03677,0.10333
2560,1,1_1,0.3,0.02982,0.12134
2561,1,1_1,0.3,0.03833,0.0936
2562,1,1_1,0.3,0.0357,0.1108
2563,1,1_1,0.3,0.03925,0.1271
2564,1,1_1,0.3,0.0338,0.1288
2565,1,1_1,0.3,0.03009,0.09033
2566,1,1_1,0.3,0.04556,0.1274
2567,1,1_1,0.3,0.03235,0.0831
2568,1,1_1,0.3,0.0432,0.11487
2569,1,1_1,0.3,0.03812,0.09906
2570,1,1_1,0.3,0.04147,0.1116
2571,1,1_1,0.3,0.03096,0.09143
2572,1,1_1,0.3,0.05093,0.1138
2573,1,1_1,0.3,0.02562,0.1265
2574,1,1_1,0.3,0.02898,0.1229
2575,1,1_1,0.3,0.0394,0.1313
2576,1,1_1,0.3,0.04855,0.0945
2577,1,1_1,0.3,0.02802,0.1019
2578,1,1_1,0.3,0.0384,0.1036
2579,1,1_1,0.3,0.0316,0.084
2580,1,1_1,0.3,0.03204,0.0871
2581,1,1_1,0.3,0.0465,0.10156
2582,1,1_1,0.3,0.03001,0.1227
2583,1,1_1,0.3,0.0465,0.09955
2584,1,1_1,0.3,0.0431,0.0963
2585,1,1_1,0.3,0.04343,0.11017
2586,1,1_1,0.3,0.03702,0.09326
2587,1,1_1,0.3,0.03026,0.09784
2588,1,1_1,0.3,0.0455,0.1088
2589,1,1_1,0.3,0.04242,0.10504
2590,1,1_1,0.3,0.02281,0.07635
2591,1,1_1,0.3,0.05005,0.0933
2592,1,1_1,0.3,0.03702,0.11
2593,1,1_1,0.3,0.05173,0.103
2594,1,1_1,0.3,0.03998,0.09814
2595,1,1_1,0.3,0.03061,0.0811
2596,1,1_1,0.3,0.0445,0.1066
2597,1,1_1,0.3,0.034,0.09296
2598,1,1_1,0.3,0.03912,0.0889
2599,1,1_1,0.3,0.05124,0.11835
2600,1,1_1,0.3,0.04596,0.10175
2601,1,1_1,0.3,0.03995,0.1135
2602,1,1_1,0.3,0.03476,0.1498
2603,1,1_1,0.3,0.04907,0.1018
2604,1,1_1,0.3,0.03806,0.1129
2605,1,1_1,0.3,0.02618,0.0859
2606,1,1_1,0.3,0.02303,0.0869
2607,1,1_1,0.3,0.03693,0.1039
2608,1,1_1,0.3,0.0428,0.11145
2609,1,1_1,0.3,0.04614,0.1678
2610,1,1_1,0.3,0.02704,0.10706
2611,1,1_1,0.3,0.04675,0.1233
2612,1,1_1,0.3,0.0424,0.1089
2613,1,1_1,0.3,0.02948,0.0793
2614,1,1_1,0.3,0.0351,0.0999
2615,1,1_1,0.3,0.03134,0.0977
2616,1,1_1,0.3,0.03903,0.1395
2617,1,1_1,0.3,0.03882,0.0971
2618,1,1_1,0.3,0.04135,0.10693
2619,1,1_1,0.3,0.03055,0.0901
2620,1,1_1,0.3,0.03232,0.1098
2621,1,1_1,0.3,0.02681,0.0938
2622,1,1_1,0.3,0.03726,0.1514
2623,1,1_1,0.3,0.0294,0.1439
2624,1,1_1,0.3,0.03108,0.0839
2625,1,1_1,0.3,0.02061,0.0862
2626,1,1_1,0.3,0.04047,0.2112
2627,1,1_1,0.3,0.03326,0.1321
2628,1,1_1,0.3,0.04147,0.12213
2629,1,1_1,0.3,0.04196,0.1075
2630,1,1_1,0.3,0.05072,0.1036
2631,1,1_1,0.3,0.0387,0.1719
2632,1,1_1,0.3,0.05045,0.12195
2633,1,1_1,0.3,0.0527,0.10016
2634,1,1_1,0.3,0.06018,0.1299
2635,1,1_1,0.3,0.04208,0.09625
2636,1,1_1,0.3,0.03345,0.0899
2637,1,1_1,0.3,0.03287,0.0838
2638,1,1_1,0.3,0.0505,0.1216
2639,1,1_1,0.3,0.03525,0.094
2640,1,1_1,0.3,0.0303,0.1026
2641,1,1_1,0.3,0.0426,0.1362
2642,1,1_1,0.3,0.02269,0.09033
2643,1,1_1,0.3,0.0428,0.1143
2644,1,1_1,0.3,0.0279,0.08307
2645,1,1_1,0.3,0.03354,0.1114
2646,1,1_1,0.3,0.05048,0.09033
2647,1,1_1,0.3,0.02374,0.11847
2648,1,1_1,0.3,0.02924,0.08777
2649,1,1_1,0.3,0.04996,0.1044
2650,1,1_1,0.3,0.03796,0.11566
2651,1,1_1,0.3,0.02823,0.096
2652,1,1_1,0.3,0.03824,0.11816
2653,1,1_1,0.3,0.03062,0.0848
2654,1,1_1,0.3,0.03644,0.131
2655,1,1_1,0.3,0.04248,0.1234
2656,1,1_1,0.3,0.0225,0.137
2657,1,1_1,0.3,0.02026,0.1675
2658,1,1_1,0.3,0.02563,0.08203
2659,1,1_1,0.3,0.0394,0.089
2660,1,1_1,0.3,0.02841,0.0961
2661,1,1_1,0.3,0.03262,0.1137
2662,1,1_1,0.3,0.03708,0.1166
2663,1,1_1,0.3,0.04047,0.1653
2664,1,1_1,0.3,0.02408,0.11597
2665,1,1_1,0.3,0.03114,0.1009
2666,1,1_1,0.3,0.04688,0.10236
2667,1,1_1,0.3,0.03186,0.10406
2668,1,1_1,0.3,0.03262,0.0926
2669,1,1_1,0.3,0.0362,0.0891
2670,1,1_1,0.3,0.05536,0.11255
2671,1,1_1,0.3,0.02606,0.08527
2672,1,1_1,0.3,0.02544,0.0926
2673,1,1_1,0.3,0.02939,0.11993
2674,1,1_1,0.3,0.03433,0.09534
2675,1,1_1,0.3,0.0479,0.1447
2676,1,1_1,0.3,0.0406,0.1003
2677,1,1_1,0.3,0.03992,0.09454
2678,1,1_1,0.3,0.04517,0.1448
2679,1,1_1,0.3,0.0466,0.1476
2680,1,1_1,0.3,0.05078,0.09644
2681,1,1_1,0.3,0.04202,0.0947
2682,1,1_1,0.3,0.04883,0.107
2683,1,1_1,0.3,0.04266,0.09204
2684,1,1_1,0.3,0.02745,0.1427
2685,1,1_1,0.3,0.0514,0.11017
2686,1,1_1,0.3,0.0401,0.09906
2687,1,1_1,0.3,0.03165,0.10486
2688,1,1_1,0.3,0.03705,0.09717
2689,1,1_1,0.3,0.0251,0.09015
2690,1,1_1,0.3,0.035,0.1072
2691,1,1_1,0.3,0.04736,0.1059
2692,1,1_1,0.3,0.03802,0.1048
2693,1,1_1,0.3,0.03644,0.0976
2694,1,1_1,0.3,0.02266,0.0804
2695,1,1_1,0.3,0.02979,0.0907
2696,1,1_1,0.3,0.02762,0.0812
2697,1,1_1,0.3,0.0332,0.0952
2698,1,1_1,0.3,0.04178,0.11346
2699,1,1_1,0.3,0.03934,0.1321
2700,1,1_1,0.3,0.04587,0.10535
2701,1,1_1,0.3,0.05725,0.1327
2702,1,1_1,0.3,0.0551,0.1128
2703,1,1_1,0.3,0.03796,0.1411
2704,1,1_1,0.3,0.0333,0.0849
2705,1,1_1,0.3,0.04037,0.1555
2706,1,1_1,0.3,0.04956,0.11487
2707,1,1_1,0.3,0.0311,0.0847
2708,1,1_1,0.3,0.03467,0.1385
2709,1,1_1,0.3,0.02412,0.08563
2710,1,1_1,0.3,0.04947,0.1111
2711,1,1_1,0.3,0.0478,0.1288
2712,1,1_1,0.3,0.03662,0.1135
2713,1,1_1,0.3,0.0395,0.1084
2714,1,1_1,0.3,0.03,0.0953
2715,1,1_1,0.3,0.03815,0.1204
2716,1,1_1,0.3,0.02982,0.07776
2717,1,1_1,0.3,0.0238,0.08105
2718,1,1_1,0.3,0.05664,0.132
2719,1,1_1,0.3,0.03333,0.0958
2720,1,1_1,0.3,0.03348,0.139
2721,1,1_1,0.3,0.0306,0.10626
2722,1,1_1,0.3,0.03342,0.1716
2723,1,1_1,0.3,0.02847,0.0958
2724,1,1_1,0.3,0.03027,0.0947
2725,1,1_1,0.3,0.02628,0.07806
2726,1,1_1,0.3,0.0264,0.089
2727,1,1_1,0.3,0.03586,0.0862
2728,1,1_1,0.3,0.03754,0.1296
2729,1,1_1,0.3,0.04797,0.10583
2730,1,1_1,0.3,0.03091,0.1354
2731,1,1_1,0.3,0.03503,0.08984
2732,1,1_1,0.3,0.03668,0.09454
2733,1,1_1,0.3,0.04114,0.1459
2734,1,1_1,0.3,0.0583,0.1016
2735,1,1_1,0.3,0.02745,0.0791
2736,1,1_1,0.3,0.03134,0.1017
2737,1,1_1,0.3,0.03043,0.11273
2738,1,1_1,0.3,0.0532,0.1173
2739,1,1_1,0.3,0.02963,0.1024
2740,1,1_1,0.3,0.02469,0.107
2741,1,1_1,0.3,0.04996,0.1055
2742,1,1_1,0.3,0.02306,0.0931
2743,1,1_1,0.3,0.04953,0.0977
2744,1,1_1,0.3,0.04596,0.1022
2745,1,1_1,0.3,0.03036,0.08594
2746,1,1_1,0.3,0.02814,0.12317
2747,1,1_1,0.3,0.0489,0.09607
2748,1,1_1,0.3,0.0403,0.09186
2749,1,1_1,0.3,0.0299,0.10913
2750,1,1_1,0.3,0.02454,0.114
2751,1,1_1,0.3,0.02899,0.0946
2752,1,1_1,0.3,0.0346,0.0985
2753,1,1_1,0.3,0.02492,0.0851
2754,1,1_1,0.3,0.04163,0.1235
2755,1,1_1,0.3,0.03998,0.0847
2756,1,1_1,0.3,0.02957,0.116
2757,1,1_1,0.3,0.0351,0.1169
2758,1,1_1,0.3,0.04205,0.09406
2759,1,1_1,0.3,0.04675,0.1324
2760,1,1_1,0.3,0.03775,0.1267
2761,1,1_1,0.3,0.03,0.0943
2762,1,1_1,0.3,0.0416,0.11255
2763,1,1_1,0.3,0.03998,0.1329
2764,1,1_1,0.3,0.02283,0.0887
2765,1,1_1,0.3,0.03128,0.1172
2766,1,1_1,0.3,0.04657,0.0924
2767,1,1_1,0.3,0.0393,0.1484
2768,1,1_1,0.3,0.0349,0.1469
2769,1,1_1,0.3,0.04303,0.1495
2770,1,1_1,0.3,0.02856,0.087
2771,1,1_1,0.3,0.0512,0.10864
2772,1,1_1,0.3,0.02916,0.1295
2773,1,1_1,0.3,0.05115,0.1115
2774,1,1_1,0.3,0.04608,0.138
2775,1,1_1,0.3,0.04788,0.10077
2776,1,1_1,0.3,0.0258,0.09436
2777,1,1_1,0.3,0.0325,0.0977
2778,1,1_1,0.3,0.04062,0.1088
2779,1,1_1,0.3,0.03375,0.0809
2780,1,1_1,0.3,0.02942,0.1111
2781,1,1_1,0.3,0.04507,0.1181
2782,1,1_1,0.3,0.02911,0.10565
2783,1,1_1,0.3,0.02579,0.077
2784,1,1_1,0.3,0.02422,0.0753
2785,1,1_1,0.3,0.04102,0.09393
2786,1,1_1,0.3,0.03445,0.0939
2787,1,1_1,0.3,0.0385,0.1145
2788,1,1_1,0.3,0.02888,0.08295
2789,1,1_1,0.3,0.03256,0.09076
2790,1,1_1,0.3,0.03284,0.0803
2791,1,1_1,0.3,0.04453,0.12274
2792,1,1_1,0.3,0.01935,0.0961
2793,1,1_1,0.3,0.03183,0.09314
2794,1,1_1,0.3,0.03223,0.0912
2795,1,1_1,0.3,0.0594,0.1335
2796,1,1_1,0.3,0.05405,0.1298
2797,1,1_1,0.3,0.0365,0.1228
2798,1,1_1,0.3,0.04053,0.1224
2799,1,1_1,0.3,0.03882,0.0936
2800,1,1_1,0.3,0.0478,0.1228
2801,1,1_1,0.3,0.0204,0.08826
2802,1,1_1,0.3,0.03305,0.09753
2803,1,1_1,0.3,0.0417,0.11255
2804,1,1_1,0.3,0.04956,0.0988
2805,1,1_1,0.3,0.04355,0.1257
2806,1,1_1,0.3,0.04556,0.1365
2807,1,1_1,0.3,0.02742,0.0835
2808,1,1_1,0.3,0.0359,0.0996
2809,1,1_1,0.3,0.04297,0.11414
2810,1,1_1,0.3,0.03442,0.09894
2811,1,1_1,0.3,0.04895,0.1356
2812,1,1_1,0.3,0.03004,0.09357
2813,1,1_1,0.3,0.0345,0.0925
2814,1,1_1,0.3,0.0498,0.0927
2815,1,1_1,0.3,0.03033,0.1483
2816,1,1_1,0.3,0.0467,0.1037
2817,1,1_1,0.3,0.04108,0.1329
2818,1,1_1,0.3,0.03088,0.09784
2819,1,1_1,0.3,0.0331,0.08856
2820,1,1_1,0.3,0.04736,0.09595
2821,1,1_1,0.3,0.03674,0.1309
2822,1,1_1,0.3,0.04327,0.1481
2823,1,1_1,0.3,0.02469,0.0826
2824,1,1_1,0.3,0.02171,0.10504
2825,1,1_1,0.3,0.04227,0.1114
2826,1,1_1,0.3,0.0258,0.0831
2827,1,1_1,0.3,0.0307,0.1277
2828,1,1_1,0.3,0.0368,0.1265
2829,1,1_1,0.3,0.03354,0.08
2830,1,1_1,0.3,0.02849,0.09485
2831,1,1_1,0.3,0.03348,0.1022
2832,1,1_1,0.3,0.03143,0.0963
2833,1,1_1,0.3,0.03134,0.0824
2834,1,1_1,0.3,0.02847,0.1238
2835,1,1_1,0.3,0.04172,0.1164
2836,1,1_1,0.3,0.0671,0.1294
2837,1,1_1,0.3,0.0383,0.1004
2838,1,1_1,0.3,0.03265,0.10724
2839,1,1_1,0.3,0.04083,0.1064
2840,1,1_1,0.3,0.03445,0.0873
2841,1,1_1,0.3,0.03226,0.12274
2842,1,1_1,0.3,0.04355,0.1086
2843,1,1_1,0.3,0.03024,0.126
2844,1,1_1,0.3,0.03757,0.1004
2845,1,1_1,0.3,0.0415,0.1238
2846,1,1_1,0.3,0.03073,0.0945
2847,1,1_1,0.3,0.0447,0.1119
2848,1,1_1,0.3,0.0359,0.1478
2849,1,1_1,0.3,0.0404,0.11115
2850,1,1_1,0.3,0.03683,0.134
2851,1,1_1,0.3,0.04767,0.1209
2852,1,1_1,0.3,0.0423,0.10986
2853,1,1_1,0.3,0.0302,0.09515
2854,1,1_1,0.3,0.0408,0.10364
2855,1,1_1,0.3,0.0367,0.08624
2856,1,1_1,0.3,0.0372,0.10205
2857,1,1_1,0.3,0.049,0.1084
2858,1,1_1,0.3,0.03906,0.1572
2859,1,1_1,0.3,0.037,0.1015
2860,1,1_1,0.3,0.03873,0.1354
2861,1,1_1,0.3,0.02443,0.07605
2862,1,1_1,0.3,0.0401,0.1187
2863,1,1_1,0.3,0.05014,0.0979
2864,1,1_1,0.3,0.02705,0.08356
2865,1,1_1,0.3,0.03598,0.11304
2866,1,1_1,0.3,0.03806,0.093
2867,1,1_1,0.3,0.04388,0.11334
2868,1,1_1,0.3,0.03394,0.0953
2869,1,1_1,0.3,0.02518,0.1114
2870,1,1_1,0.3,0.03088,0.08307
2871,1,1_1,0.3,0.03287,0.08496
2872,1,1_1,0.3,0.02687,0.09985
2873,1,1_1,0.3,0.05557,0.1159
2874,1,1_1,0.3,0.04056,0.12036
2875,1,1_1,0.3,0.02962,0.0921
2876,1,1_1,0.3,0.03525,0.12415
2877,1,1_1,0.3,0.04297,0.1349
2878,1,1_1,0.3,0.04556,0.1301
2879,1,1_1,0.3,0.04544,0.1418
2880,1,1_1,0.3,0.03494,0.0897
2881,1,1_1,0.3,0.03387,0.0993
2882,1,1_1,0.3,0.03864,0.129
2883,1,1_1,0.3,0.0377,0.1017
2884,1,1_1,0.3,0.03665,0.09283
2885,1,1_1,0.3,0.03842,0.0865
2886,1,1_1,0.3,0.02885,0.0844
2887,1,1_1,0.3,0.04172,0.1428
2888,1,1_1,0.3,0.03076,0.0907
2889,1,1_1,0.3,0.03976,0.1332
2890,1,1_1,0.3,0.0254,0.08655
2891,1,1_1,0.3,0.02357,0.0923
2892,1,1_1,0.3,0.02325,0.08777
2893,1,1_1,0.3,0.02843,0.1185
2894,1,1_1,0.3,0.02678,0.1001
2895,1,1_1,0.3,0.03125,0.08997
2896,1,1_1,0.3,0.03342,0.0968
2897,1,1_1,0.3,0.02936,0.08325
2898,1,1_1,0.3,0.02794,0.09424
2899,1,1_1,0.3,0.02814,0.0917
2900,1,1_1,0.3,0.02805,0.0895
2901,1,1_1,0.3,0.03137,0.0957
2902,1,1_1,0.3,0.0372,0.1304
2903,1,1_1,0.3,0.05637,0.1396
2904,1,1_1,0.3,0.03998,0.1276
2905,1,1_1,0.3,0.03363,0.09216
2906,1,1_1,0.3,0.02525,0.077
2907,1,1_1,0.3,0.02582,0.08
2908,1,1_1,0.3,0.0382,0.1056
2909,1,1_1,0.3,0.03284,0.09784
2910,1,1_1,0.3,0.03075,0.08905
2911,1,1_1,0.3,0.02884,0.093
2912,1,1_1,0.3,0.0386,0.09705
2913,1,1_1,0.3,0.03317,0.09235
2914,1,1_1,0.3,0.03014,0.09015
2915,1,1_1,0.3,0.02867,0.08685
2916,1,1_1,0.3,0.02693,0.0865
2917,1,1_1,0.3,0.0215,0.1087
2918,1,1_1,0.3,0.02638,0.082
2919,1,1_1,0.3,0.03894,0.1002
2920,1,1_1,0.3,0.043,0.1069
2921,1,1_1,0.3,0.03354,0.1299
2922,1,1_1,0.3,0.05386,0.11395
2923,1,1_1,0.3,0.0451,0.1092
2924,1,1_1,0.3,0.0316,0.07983
2925,1,1_1,0.3,0.0199,0.0848
2926,1,1_1,0.3,0.05084,0.10016
2927,1,1_1,0.3,0.0417,0.1042
2928,1,1_1,0.3,0.03525,0.0984
2929,1,1_1,0.3,0.03418,0.10767
2930,1,1_1,0.3,0.03117,0.1131
2931,1,1_1,0.3,0.04245,0.10065
2932,1,1_1,0.3,0.02533,0.079
2933,1,1_1,0.3,0.02306,0.09454
2934,1,1_1,0.3,0.03004,0.0907
2935,1,1_1,0.3,0.0326,0.08887
2936,1,1_1,0.3,0.04715,0.1434
2937,1,1_1,0.3,0.04163,0.11475
2938,1,1_1,0.3,0.03305,0.1151
2939,1,1_1,0.3,0.02925,0.0936
2940,1,1_1,0.3,0.04483,0.1227
2941,1,1_1,0.3,0.0286,0.10675
2942,1,1_1,0.3,0.0463,0.1324
2943,1,1_1,0.3,0.04138,0.0947
2944,1,1_1,0.3,0.03745,0.10095
2945,1,1_1,0.3,0.04102,0.09595
2946,1,1_1,0.3,0.02701,0.107
2947,1,1_1,0.3,0.04816,0.1329
2948,1,1_1,0.3,0.04822,0.1273
2949,1,1_1,0.3,0.0499,0.1119
2950,1,1_1,0.3,0.0286,0.08234
2951,1,1_1,0.3,0.0418,0.11475
2952,1,1_1,0.3,0.03558,0.12396
2953,1,1_1,0.3,0.04214,0.0938
2954,1,1_1,0.3,0.03537,0.1216
2955,1,1_1,0.3,0.03134,0.10834
2956,1,1_1,0.3,0.0366,0.1147
2957,1,1_1,0.3,0.03006,0.0982
2958,1,1_1,0.3,0.03625,0.0915
2959,1,1_1,0.3,0.02759,0.09314
2960,1,1_1,0.3,0.02957,0.0903
2961,1,1_1,0.3,0.03424,0.11774
2962,1,1_1,0.3,0.04144,0.1547
2963,1,1_1,0.3,0.0328,0.0859
2964,1,1_1,0.3,0.03818,0.1364
2965,1,1_1,0.3,0.0362,0.1081
2966,1,1_1,0.3,0.03003,0.0955
2967,1,1_1,0.3,0.04492,0.1013
2968,1,1_1,0.3,0.03763,0.0969
2969,1,1_1,0.3,0.03568,0.2179
2970,1,1_1,0.3,0.02832,0.10754
2971,1,1_1,0.3,0.04126,0.1002
2972,1,1_1,0.3,0.02725,0.132
2973,1,1_1,0.3,0.04367,0.1167
2974,1,1_1,0.3,0.04395,0.0926
2975,1,1_1,0.3,0.02965,0.1167
2976,1,1_1,0.3,0.03056,0.1343
2977,1,1_1,0.3,0.0417,0.0916
2978,1,1_1,0.3,0.0398,0.1202
2979,1,1_1,0.3,0.0305,0.0978
2980,1,1_1,0.3,0.02388,0.1007
2981,1,1_1,0.3,0.03305,0.1012
2982,1,1_1,0.3,0.05615,0.1247
2983,1,1_1,0.3,0.04004,0.11475
2984,1,1_1,0.3,0.04355,0.1063
2985,1,1_1,0.3,0.03072,0.1029
2986,1,1_1,0.3,0.03708,0.0934
2987,1,1_1,0.3,0.04816,0.1094
2988,1,1_1,0.3,0.04175,0.1134
2989,1,1_1,0.3,0.03738,0.0999
2990,1,1_1,0.3,0.0281,0.08746
2991,1,1_1,0.3,0.0295,0.0876
2992,1,1_1,0.3,0.02876,0.09467
2993,1,1_1,0.3,0.04596,0.09344
2994,1,1_1,0.3,0.0409,0.0971
2995,1,1_1,0.3,0.02441,0.08496
2996,1,1_1,0.3,0.02042,0.1729
2997,1,1_1,0.3,0.02827,0.09235
2998,1,1_1,0.3,0.03543,0.1415
2999,1,1_1,0.3,0.03784,0.1362
3000,1,1_2,0.1,0.02698,0.0748
3001,1,1_2,0.1,0.037,0.1344
3002,1,1_2,0.1,0.02339,0.08716
3003,1,1_2,0.1,0.03625,0.1105
3004,1,1_2,0.1,0.025,0.06934
3005,1,1_2,0.1,0.02956,0.08496
3006,1,1_2,0.1,0.02618,0.0722
3007,1,1_2,0.1,0.02667,0.08826
3008,1,1_2,0.1,0.02246,0.067
3009,1,1_2,0.1,0.03088,0.0704
3010,1,1_2,0.1,0.03976,0.11926
3011,1,1_2,0.1,0.0251,0.0743
3012,1,1_2,0.1,0.02512,0.06665
3013,1,1_2,0.1,0.02455,0.09216
3014,1,1_2,0.1,0.02449,0.1062
3015,1,1_2,0.1,0.02412,0.0802
3016,1,1_2,0.1,0.027,0.06757
3017,1,1_2,0.1,0.02307,0.0692
3018,1,1_2,0.1,0.02185,0.06903
3019,1,1_2,0.1,0.02448,0.0676
3020,1,1_2,0.1,0.029,0.0746
3021,1,1_2,0.1,0.02484,0.0729
3022,1,1_2,0.1,0.02473,0.07404
3023,1,1_2,0.1,0.02206,0.08264
3024,1,1_2,0.1,0.02632,0.0727
3025,1,1_2,0.1,0.02733,0.0772
3026,1,1_2,0.1,0.0265,0.0773
3027,1,1_2,0.1,0.02834,0.0756
3028,1,1_2,0.1,0.03253,0.0784
3029,1,1_2,0.1,0.02405,0.0787
3030,1,1_2,0.1,0.02634,0.0786
3031,1,1_2,0.1,0.021,0.08215
3032,1,1_2,0.1,0.03674,0.1234
3033,1,1_2,0.1,0.02461,0.0713
3034,1,1_2,0.1,0.02353,0.07465
3035,1,1_2,0.1,0.02515,0.10236
3036,1,1_2,0.1,0.02454,0.0702
3037,1,1_2,0.1,0.0175,0.08417
3038,1,1_2,0.1,0.03674,0.1002
3039,1,1_2,0.1,0.02536,0.0719
3040,1,1_2,0.1,0.02728,0.0772
3041,1,1_2,0.1,0.02675,0.0739
3042,1,1_2,0.1,0.01926,0.08307
3043,1,1_2,0.1,0.02348,0.07635
3044,1,1_2,0.1,0.02917,0.0788
3045,1,1_2,0.1,0.03204,0.10724
3046,1,1_2,0.1,0.02513,0.07587
3047,1,1_2,0.1,0.0302,0.0967
3048,1,1_2,0.1,0.02234,0.07324
3049,1,1_2,0.1,0.0325,0.07275
3050,1,1_2,0.1,0.02452,0.06665
3051,1,1_2,0.1,0.02155,0.07513
3052,1,1_2,0.1,0.04486,0.1261
3053,1,1_2,0.1,0.02185,0.0784
3054,1,1_2,0.1,0.02661,0.1511
3055,1,1_2,0.1,0.01872,0.0932
3056,1,1_2,0.1,0.02872,0.0721
3057,1,1_2,0.1,0.02388,0.069
3058,1,1_2,0.1,0.02898,0.0764
3059,1,1_2,0.1,0.02643,0.0755
3060,1,1_2,0.1,0.02257,0.075
3061,1,1_2,0.1,0.02095,0.06976
3062,1,1_2,0.1,0.02667,0.0693
3063,1,1_2,0.1,0.02487,0.06915
3064,1,1_2,0.1,0.02554,0.07715
3065,1,1_2,0.1,0.0471,0.14
3066,1,1_2,0.1,0.02055,0.07074
3067,1,1_2,0.1,0.02432,0.07404
3068,1,1_2,0.1,0.02187,0.0686
3069,1,1_2,0.1,0.02415,0.0765
3070,1,1_2,0.1,0.03146,0.1052
3071,1,1_2,0.1,0.02371,0.0767
3072,1,1_2,0.1,0.0253,0.07587
3073,1,1_2,0.1,0.02374,0.07135
3074,1,1_2,0.1,0.02557,0.0747
3075,1,1_2,0.1,0.02177,0.07135
3076,1,1_2,0.1,0.02344,0.0786
3077,1,1_2,0.1,0.02405,0.0723
3078,1,1_2,0.1,0.0291,0.077
3079,1,1_2,0.1,0.03482,0.09564
3080,1,1_2,0.1,0.02325,0.07294
3081,1,1_2,0.1,0.02756,0.07574
3082,1,1_2,0.1,0.02771,0.08136
3083,1,1_2,0.1,0.02432,0.07056
3084,1,1_2,0.1,0.02377,0.0697
3085,1,1_2,0.1,0.02481,0.06946
3086,1,1_2,0.1,0.02225,0.07056
3087,1,1_2,0.1,0.02217,0.07025
3088,1,1_2,0.1,0.02335,0.07263
3089,1,1_2,0.1,0.02687,0.0722
3090,1,1_2,0.1,0.02452,0.0686
3091,1,1_2,0.1,0.0295,0.0736
3092,1,1_2,0.1,0.02167,0.07007
3093,1,1_2,0.1,0.0242,0.0725
3094,1,1_2,0.1,0.02501,0.072
3095,1,1_2,0.1,0.02402,0.14
3096,1,1_2,0.1,0.02478,0.0736
3097,1,1_2,0.1,0.02525,0.06744
3098,1,1_2,0.1,0.0299,0.0977
3099,1,1_2,0.1,0.02245,0.07275
3100,1,1_2,0.1,0.01854,0.0921
3101,1,1_2,0.1,0.02904,0.1179
3102,1,1_2,0.1,0.02464,0.0717
3103,1,1_2,0.1,0.01982,0.0732
3104,1,1_2,0.1,0.02448,0.0818
3105,1,1_2,0.1,0.01956,0.08167
3106,1,1_2,0.1,0.02696,0.08606
3107,1,1_2,0.1,0.02385,0.0788
3108,1,1_2,0.1,0.02493,0.0711
3109,1,1_2,0.1,0.02519,0.07275
3110,1,1_2,0.1,0.02213,0.0841
3111,1,1_2,0.1,0.03204,0.09265
3112,1,1_2,0.1,0.01791,0.0703
3113,1,1_2,0.1,0.0304,0.08154
3114,1,1_2,0.1,0.02618,0.08496
3115,1,1_2,0.1,0.02966,0.10583
3116,1,1_2,0.1,0.02692,0.08923
3117,1,1_2,0.1,0.029,0.1137
3118,1,1_2,0.1,0.03156,0.0928
3119,1,1_2,0.1,0.02167,0.0827
3120,1,1_2,0.1,0.02501,0.0749
3121,1,1_2,0.1,0.02875,0.0726
3122,1,1_2,0.1,0.02501,0.0761
3123,1,1_2,0.1,0.02719,0.07996
3124,1,1_2,0.1,0.02174,0.0681
3125,1,1_2,0.1,0.01924,0.0774
3126,1,1_2,0.1,0.03406,0.0856
3127,1,1_2,0.1,0.02588,0.09033
3128,1,1_2,0.1,0.01868,0.134
3129,1,1_2,0.1,0.02505,0.0762
3130,1,1_2,0.1,0.0254,0.0698
3131,1,1_2,0.1,0.0256,0.0682
3132,1,1_2,0.1,0.02156,0.0701
3133,1,1_2,0.1,0.02634,0.07495
3134,1,1_2,0.1,0.02795,0.0732
3135,1,1_2,0.1,0.02577,0.06995
3136,1,1_2,0.1,0.02533,0.0734
3137,1,1_2,0.1,0.02315,0.0708
3138,1,1_2,0.1,0.0231,0.0712
3139,1,1_2,0.1,0.02426,0.07837
3140,1,1_2,0.1,0.02756,0.07874
3141,1,1_2,0.1,0.01942,0.0822
3142,1,1_2,0.1,0.01935,0.0781
3143,1,1_2,0.1,0.02248,0.07153
3144,1,1_2,0.1,0.02487,0.07117
3145,1,1_2,0.1,0.02719,0.08246
3146,1,1_2,0.1,0.02702,0.11633
3147,1,1_2,0.1,0.02718,0.08167
3148,1,1_2,0.1,0.02663,0.0772
3149,1,1_2,0.1,0.034,0.106
3150,1,1_2,0.1,0.02614,0.07416
3151,1,1_2,0.1,0.02626,0.0702
3152,1,1_2,0.1,0.0183,0.1613
3153,1,1_2,0.1,0.02734,0.07526
3154,1,1_2,0.1,0.02788,0.1243
3155,1,1_2,0.1,0.01923,0.0714
3156,1,1_2,0.1,0.02666,0.07306
3157,1,1_2,0.1,0.0225,0.0766
3158,1,1_2,0.1,0.02367,0.08026
3159,1,1_2,0.1,0.02515,0.09064
3160,1,1_2,0.1,0.02666,0.08014
3161,1,1_2,0.1,0.02882,0.0746
3162,1,1_2,0.1,0.02206,0.07526
3163,1,1_2,0.1,0.02106,0.0978
3164,1,1_2,0.1,0.03906,0.13
3165,1,1_2,0.1,0.02475,0.0796
3166,1,1_2,0.1,0.02151,0.07043
3167,1,1_2,0.1,0.0243,0.0856
3168,1,1_2,0.1,0.02698,0.0821
3169,1,1_2,0.1,0.03946,0.1064
3170,1,1_2,0.1,0.03827,0.11365
3171,1,1_2,0.1,0.02597,0.07227
3172,1,1_2,0.1,0.01859,0.1215
3173,1,1_2,0.1,0.01884,0.07324
3174,1,1_2,0.1,0.02449,0.1004
3175,1,1_2,0.1,0.02426,0.0745
3176,1,1_2,0.1,0.0238,0.07184
3177,1,1_2,0.1,0.02298,0.06946
3178,1,1_2,0.1,0.02687,0.07574
3179,1,1_2,0.1,0.0245,0.06866
3180,1,1_2,0.1,0.02321,0.09106
3181,1,1_2,0.1,0.02515,0.07355
3182,1,1_2,0.1,0.0254,0.08044
3183,1,1_2,0.1,0.02379,0.076
3184,1,1_2,0.1,0.02708,0.0816
3185,1,1_2,0.1,0.02415,0.0726
3186,1,1_2,0.1,0.02399,0.07007
3187,1,1_2,0.1,0.02167,0.10645
3188,1,1_2,0.1,0.02815,0.08234
3189,1,1_2,0.1,0.02039,0.0694
3190,1,1_2,0.1,0.02686,0.0924
3191,1,1_2,0.1,0.02225,0.07166
3192,1,1_2,0.1,0.02878,0.0878
3193,1,1_2,0.1,0.02568,0.07855
3194,1,1_2,0.1,0.02376,0.08405
3195,1,1_2,0.1,0.02199,0.08026
3196,1,1_2,0.1,0.02663,0.12177
3197,1,1_2,0.1,0.0247,0.08673
3198,1,1_2,0.1,0.0302,0.0835
3199,1,1_2,0.1,0.0291,0.1353
3200,1,1_2,0.1,0.0225,0.0709
3201,1,1_2,0.1,0.03336,0.1315
3202,1,1_2,0.1,0.02982,0.10504
3203,1,1_2,0.1,0.02405,0.07214
3204,1,1_2,0.1,0.02054,0.0834
3205,1,1_2,0.1,0.02617,0.076
3206,1,1_2,0.1,0.02803,0.07996
3207,1,1_2,0.1,0.02411,0.07623
3208,1,1_2,0.1,0.02335,0.0735
3209,1,1_2,0.1,0.02344,0.08405
3210,1,1_2,0.1,0.02429,0.07574
3211,1,1_2,0.1,0.02205,0.07043
3212,1,1_2,0.1,0.02638,0.07916
3213,1,1_2,0.1,0.02798,0.07886
3214,1,1_2,0.1,0.02167,0.0709
3215,1,1_2,0.1,0.02324,0.0729
3216,1,1_2,0.1,0.02353,0.07007
3217,1,1_2,0.1,0.0269,0.0698
3218,1,1_2,0.1,0.0253,0.07996
3219,1,1_2,0.1,0.02182,0.073
3220,1,1_2,0.1,0.0262,0.08575
3221,1,1_2,0.1,0.02739,0.07605
3222,1,1_2,0.1,0.02466,0.07
3223,1,1_2,0.1,0.021,0.07623
3224,1,1_2,0.1,0.025,0.08105
3225,1,1_2,0.1,0.02219,0.0692
3226,1,1_2,0.1,0.01903,0.09656
3227,1,1_2,0.1,0.0292,0.0704
3228,1,1_2,0.1,0.02527,0.0759
3229,1,1_2,0.1,0.0321,0.1106
3230,1,1_2,0.1,0.03006,0.10944
3231,1,1_2,0.1,0.02394,0.07135
3232,1,1_2,0.1,0.02402,0.07947
3233,1,1_2,0.1,0.02548,0.1077
3234,1,1_2,0.1,0.02432,0.0698
3235,1,1_2,0.1,0.0258,0.07184
3236,1,1_2,0.1,0.02458,0.07916
3237,1,1_2,0.1,0.02534,0.0874
3238,1,1_2,0.1,0.01978,0.128
3239,1,1_2,0.1,0.02164,0.0692
3240,1,1_2,0.1,0.026,0.0909
3241,1,1_2,0.1,0.02432,0.0693
3242,1,1_2,0.1,0.02003,0.08215
3243,1,1_2,0.1,0.02658,0.0785
3244,1,1_2,0.1,0.0222,0.0725
3245,1,1_2,0.1,0.0237,0.0715
3246,1,1_2,0.1,0.02086,0.069
3247,1,1_2,0.1,0.0241,0.07043
3248,1,1_2,0.1,0.02075,0.07025
3249,1,1_2,0.1,0.02496,0.0822
3250,1,1_2,0.1,0.02202,0.0866
3251,1,1_2,0.1,0.02289,0.0787
3252,1,1_2,0.1,0.02335,0.0707
3253,1,1_2,0.1,0.02621,0.07196
3254,1,1_2,0.1,0.02667,0.0726
3255,1,1_2,0.1,0.02075,0.08185
3256,1,1_2,0.1,0.02568,0.06995
3257,1,1_2,0.1,0.02245,0.0845
3258,1,1_2,0.1,0.02599,0.07666
3259,1,1_2,0.1,0.02571,0.0793
3260,1,1_2,0.1,0.02519,0.069
3261,1,1_2,0.1,0.0264,0.07465
3262,1,1_2,0.1,0.02351,0.09106
3263,1,1_2,0.1,0.02489,0.0858
3264,1,1_2,0.1,0.02237,0.07294
3265,1,1_2,0.1,0.0283,0.07837
3266,1,1_2,0.1,0.02716,0.08716
3267,1,1_2,0.1,0.025,0.0778
3268,1,1_2,0.1,0.02092,0.0742
3269,1,1_2,0.1,0.02882,0.0816
3270,1,1_2,0.1,0.02719,0.0876
3271,1,1_2,0.1,0.02147,0.0742
3272,1,1_2,0.1,0.02385,0.08124
3273,1,1_2,0.1,0.02632,0.0803
3274,1,1_2,0.1,0.02144,0.07336
3275,1,1_2,0.1,0.02937,0.0806
3276,1,1_2,0.1,0.0205,0.069
3277,1,1_2,0.1,0.02078,0.0773
3278,1,1_2,0.1,0.02835,0.0891
3279,1,1_2,0.1,0.02663,0.0752
3280,1,1_2,0.1,0.02458,0.07935
3281,1,1_2,0.1,0.0324,0.1129
3282,1,1_2,0.1,0.01942,0.0747
3283,1,1_2,0.1,0.03735,0.0968
3284,1,1_2,0.1,0.02252,0.0709
3285,1,1_2,0.1,0.02113,0.07043
3286,1,1_2,0.1,0.02504,0.0752
3287,1,1_2,0.1,0.02379,0.07245
3288,1,1_2,0.1,0.02246,0.0747
3289,1,1_2,0.1,0.0329,0.08594
3290,1,1_2,0.1,0.02168,0.077
3291,1,1_2,0.1,0.0245,0.07733
3292,1,1_2,0.1,0.02585,0.07776
3293,1,1_2,0.1,0.02061,0.07666
3294,1,1_2,0.1,0.0203,0.0741
3295,1,1_2,0.1,0.0264,0.0702
3296,1,1_2,0.1,0.02522,0.069
3297,1,1_2,0.1,0.0251,0.0739
3298,1,1_2,0.1,0.0249,0.079
3299,1,1_2,0.1,0.02538,0.0703
3300,1,1_2,0.1,0.01956,0.11053
3301,1,1_2,0.1,0.02197,0.06915
3302,1,1_2,0.1,0.02373,0.07416
3303,1,1_2,0.1,0.0221,0.0759
3304,1,1_2,0.1,0.02011,0.0717
3305,1,1_2,0.1,0.02351,0.07263
3306,1,1_2,0.1,0.0206,0.0698
3307,1,1_2,0.1,0.02939,0.0804
3308,1,1_2,0.1,0.02228,0.08466
3309,1,1_2,0.1,0.0322,0.0921
3310,1,1_2,0.1,0.02786,0.09204
3311,1,1_2,0.1,0.02136,0.0827
3312,1,1_2,0.1,0.02362,0.08014
3313,1,1_2,0.1,0.02724,0.07446
3314,1,1_2,0.1,0.03534,0.10016
3315,1,1_2,0.1,0.02592,0.074
3316,1,1_2,0.1,0.02786,0.08966
3317,1,1_2,0.1,0.01967,0.0714
3318,1,1_2,0.1,0.02406,0.0781
3319,1,1_2,0.1,0.02602,0.07086
3320,1,1_2,0.1,0.0236,0.0715
3321,1,1_2,0.1,0.02518,0.0945
3322,1,1_2,0.1,0.02373,0.0982
3323,1,1_2,0.1,0.02077,0.0772
3324,1,1_2,0.1,0.02216,0.12
3325,1,1_2,0.1,0.021,0.0714
3326,1,1_2,0.1,0.02411,0.07635
3327,1,1_2,0.1,0.02846,0.10895
3328,1,1_2,0.1,0.02795,0.1016
3329,1,1_2,0.1,0.02464,0.0745
3330,1,1_2,0.1,0.02711,0.07056
3331,1,1_2,0.1,0.02303,0.0725
3332,1,1_2,0.1,0.03488,0.1267
3333,1,1_2,0.1,0.0264,0.083
3334,1,1_2,0.1,0.02745,0.08716
3335,1,1_2,0.1,0.02505,0.08716
3336,1,1_2,0.1,0.022,0.09576
3337,1,1_2,0.1,0.02205,0.07007
3338,1,1_2,0.1,0.02669,0.11285
3339,1,1_2,0.1,0.02339,0.0761
3340,1,1_2,0.1,0.0195,0.07214
3341,1,1_2,0.1,0.02261,0.1538
3342,1,1_2,0.1,0.02687,0.0715
3343,1,1_2,0.1,0.02348,0.07697
3344,1,1_2,0.1,0.02597,0.0772
3345,1,1_2,0.1,0.02097,0.0837
3346,1,1_2,0.1,0.0182,0.07513
3347,1,1_2,0.1,0.02654,0.0766
3348,1,1_2,0.1,0.02245,0.0764
3349,1,1_2,0.1,0.02567,0.08466
3350,1,1_2,0.1,0.02666,0.0707
3351,1,1_2,0.1,0.02246,0.0832
3352,1,1_2,0.1,0.02368,0.08624
3353,1,1_2,0.1,0.01888,0.0728
3354,1,1_2,0.1,0.02425,0.0767
3355,1,1_2,0.1,0.02647,0.0751
3356,1,1_2,0.1,0.02184,0.0698
3357,1,1_2,0.1,0.0392,0.1028
3358,1,1_2,0.1,0.02278,0.0718
3359,1,1_2,0.1,0.02443,0.1448
3360,1,1_2,0.1,0.0268,0.084
3361,1,1_2,0.1,0.0291,0.0744
3362,1,1_2,0.1,0.02504,0.08093
3363,1,1_2,0.1,0.02599,0.0723
3364,1,1_2,0.1,0.02383,0.0754
3365,1,1_2,0.1,0.02206,0.09064
3366,1,1_2,0.1,0.02295,0.0746
3367,1,1_2,0.1,0.02408,0.0837
3368,1,1_2,0.1,0.02237,0.0739
3369,1,1_2,0.1,0.02283,0.07935
3370,1,1_2,0.1,0.0244,0.0723
3371,1,1_2,0.1,0.02362,0.07965
3372,1,1_2,0.1,0.024,0.0712
3373,1,1_2,0.1,0.0231,0.07184
3374,1,1_2,0.1,0.02168,0.09076
3375,1,1_2,0.1,0.02937,0.0792
3376,1,1_2,0.1,0.02312,0.0822
3377,1,1_2,0.1,0.019,0.0715
3378,1,1_2,0.1,0.02318,0.0746
3379,1,1_2,0.1,0.01836,0.07434
3380,1,1_2,0.1,0.02486,0.09595
3381,1,1_2,0.1,0.02313,0.075
3382,1,1_2,0.1,0.03082,0.0853
3383,1,1_2,0.1,0.02036,0.07007
3384,1,1_2,0.1,0.02397,0.089
3385,1,1_2,0.1,0.0317,0.09216
3386,1,1_2,0.1,0.02458,0.0731
3387,1,1_2,0.1,0.02568,0.074
3388,1,1_2,0.1,0.02274,0.0732
3389,1,1_2,0.1,0.02592,0.07996
3390,1,1_2,0.1,0.0269,0.07697
3391,1,1_2,0.1,0.01938,0.0763
3392,1,1_2,0.1,0.0243,0.0844
3393,1,1_2,0.1,0.0202,0.0785
3394,1,1_2,0.1,0.0221,0.09796
3395,1,1_2,0.1,0.02548,0.0786
3396,1,1_2,0.1,0.02414,0.07355
3397,1,1_2,0.1,0.0258,0.0798
3398,1,1_2,0.1,0.02542,0.08844
3399,1,1_2,0.1,0.01941,0.0731
3400,1,1_2,0.1,0.02675,0.07764
3401,1,1_2,0.1,0.02469,0.07184
3402,1,1_2,0.1,0.02693,0.079
3403,1,1_2,0.1,0.02919,0.0817
3404,1,1_2,0.1,0.02571,0.0796
3405,1,1_2,0.1,0.02405,0.1004
3406,1,1_2,0.1,0.02188,0.102
3407,1,1_2,0.1,0.02283,0.0819
3408,1,1_2,0.1,0.02917,0.0855
3409,1,1_2,0.1,0.0238,0.0795
3410,1,1_2,0.1,0.0278,0.0731
3411,1,1_2,0.1,0.02072,0.0782
3412,1,1_2,0.1,0.0206,0.0915
3413,1,1_2,0.1,0.02478,0.1343
3414,1,1_2,0.1,0.02625,0.07324
3415,1,1_2,0.1,0.02136,0.0813
3416,1,1_2,0.1,0.02959,0.08453
3417,1,1_2,0.1,0.02855,0.1343
3418,1,1_2,0.1,0.02007,0.06946
3419,1,1_2,0.1,0.02939,0.077
3420,1,1_2,0.1,0.0257,0.0985
3421,1,1_2,0.1,0.02379,0.07794
3422,1,1_2,0.1,0.02588,0.0704
3423,1,1_2,0.1,0.02573,0.0723
3424,1,1_2,0.1,0.02538,0.07446
3425,1,1_2,0.1,0.02396,0.0876
3426,1,1_2,0.1,0.02641,0.0971
3427,1,1_2,0.1,0.02446,0.0785
3428,1,1_2,0.1,0.02147,0.11255
3429,1,1_2,0.1,0.02444,0.0733
3430,1,1_2,0.1,0.02554,0.082
3431,1,1_2,0.1,0.02203,0.08105
3432,1,1_2,0.1,0.02498,0.09564
3433,1,1_2,0.1,0.02519,0.07404
3434,1,1_2,0.1,0.02148,0.07404
3435,1,1_2,0.1,0.03656,0.104
3436,1,1_2,0.1,0.0238,0.0753
3437,1,1_2,0.1,0.02182,0.07043
3438,1,1_2,0.1,0.0305,0.0813
3439,1,1_2,0.1,0.02531,0.0907
3440,1,1_2,0.1,0.01878,0.0766
3441,1,1_2,0.1,0.02574,0.0728
3442,1,1_2,0.1,0.0248,0.114
3443,1,1_2,0.1,0.02403,0.0701
3444,1,1_2,0.1,0.0228,0.0694
3445,1,1_2,0.1,0.02309,0.06866
3446,1,1_2,0.1,0.02658,0.0797
3447,1,1_2,0.1,0.02481,0.08685
3448,1,1_2,0.1,0.02596,0.07025
3449,1,1_2,0.1,0.02284,0.06854
3450,1,1_2,0.1,0.02776,0.0737
3451,1,1_2,0.1,0.02328,0.0786
3452,1,1_2,0.1,0.01976,0.07104
3453,1,1_2,0.1,0.02742,0.09125
3454,1,1_2,0.1,0.02875,0.08923
3455,1,1_2,0.1,0.02661,0.07825
3456,1,1_2,0.1,0.02025,0.07446
3457,1,1_2,0.1,0.02365,0.0767
3458,1,1_2,0.1,0.02385,0.1122
3459,1,1_2,0.1,0.02309,0.0759
3460,1,1_2,0.1,0.02151,0.0727
3461,1,1_2,0.1,0.02258,0.08795
3462,1,1_2,0.1,0.02281,0.0852
3463,1,1_2,0.1,0.02278,0.077
3464,1,1_2,0.1,0.02847,0.09015
3465,1,1_2,0.1,0.0222,0.07294
3466,1,1_2,0.1,0.02332,0.0825
3467,1,1_2,0.1,0.02,0.08167
3468,1,1_2,0.1,0.0242,0.08307
3469,1,1_2,0.1,0.02422,0.08203
3470,1,1_2,0.1,0.023,0.071
3471,1,1_2,0.1,0.02292,0.0727
3472,1,1_2,0.1,0.02414,0.0916
3473,1,1_2,0.1,0.02274,0.08264
3474,1,1_2,0.1,0.0366,0.0958
3475,1,1_2,0.1,0.02504,0.0757
3476,1,1_2,0.1,0.01746,0.07587
3477,1,1_2,0.1,0.01974,0.0709
3478,1,1_2,0.1,0.0394,0.1178
3479,1,1_2,0.1,0.03079,0.0795
3480,1,1_2,0.1,0.02998,0.0842
3481,1,1_2,0.1,0.02399,0.0834
3482,1,1_2,0.1,0.02867,0.10516
3483,1,1_2,0.1,0.02544,0.07825
3484,1,1_2,0.1,0.02733,0.0752
3485,1,1_2,0.1,0.02827,0.0905
3486,1,1_2,0.1,0.02328,0.0819
3487,1,1_2,0.1,0.02473,0.08093
3488,1,1_2,0.1,0.02347,0.07684
3489,1,1_2,0.1,0.04526,0.0854
3490,1,1_2,0.1,0.03375,0.10065
3491,1,1_2,0.1,0.02533,0.0708
3492,1,1_2,0.1,0.02776,0.0995
3493,1,1_2,0.1,0.01733,0.11
3494,1,1_2,0.1,0.02559,0.1019
3495,1,1_2,0.1,0.02371,0.07104
3496,1,1_2,0.1,0.02425,0.0826
3497,1,1_2,0.1,0.02518,0.0728
3498,1,1_2,0.1,0.02515,0.0814
3499,1,1_2,0.1,0.02133,0.0814
3500,1,1_2,0.1,0.0208,0.0721
3501,1,1_2,0.1,0.02397,0.0915
3502,1,1_2,0.1,0.02379,0.07983
3503,1,1_2,0.1,0.02695,0.0977
3504,1,1_2,0.1,0.02254,0.0767
3505,1,1_2,0.1,0.0294,0.0772
3506,1,1_2,0.1,0.02333,0.07886
3507,1,1_2,0.1,0.02379,0.069
3508,1,1_2,0.1,0.02112,0.06903
3509,1,1_2,0.1,0.02441,0.0914
3510,1,1_2,0.1,0.0293,0.10223
3511,1,1_2,0.1,0.02177,0.07007
3512,1,1_2,0.1,0.01886,0.0785
3513,1,1_2,0.1,0.02348,0.0953
3514,1,1_2,0.1,0.02467,0.07733
3515,1,1_2,0.1,0.02014,0.074
3516,1,1_2,0.1,0.02617,0.08057
3517,1,1_2,0.1,0.0264,0.0991
3518,1,1_2,0.1,0.02025,0.0834
3519,1,1_2,0.1,0.02557,0.0958
3520,1,1_2,0.1,0.02284,0.07324
3521,1,1_2,0.1,0.02763,0.10547
3522,1,1_2,0.1,0.02298,0.0745
3523,1,1_2,0.1,0.02191,0.10175
3524,1,1_2,0.1,0.02411,0.079
3525,1,1_2,0.1,0.02058,0.0713
3526,1,1_2,0.1,0.02246,0.07416
3527,1,1_2,0.1,0.02449,0.07324
3528,1,1_2,0.1,0.03065,0.098
3529,1,1_2,0.1,0.02197,0.07
3530,1,1_2,0.1,0.02835,0.1265
3531,1,1_2,0.1,0.02296,0.0798
3532,1,1_2,0.1,0.02347,0.0822
3533,1,1_2,0.1,0.02617,0.0916
3534,1,1_2,0.1,0.01773,0.1122
3535,1,1_2,0.1,0.02252,0.071
3536,1,1_2,0.1,0.02779,0.0838
3537,1,1_2,0.1,0.02673,0.07306
3538,1,1_2,0.1,0.01985,0.137
3539,1,1_2,0.1,0.02165,0.07007
3540,1,1_2,0.1,0.025,0.07935
3541,1,1_2,0.1,0.0235,0.0799
3542,1,1_2,0.1,0.02643,0.0767
3543,1,1_2,0.1,0.01945,0.0888
3544,1,1_2,0.1,0.02391,0.0705
3545,1,1_2,0.1,0.02495,0.07367
3546,1,1_2,0.1,0.02554,0.0868
3547,1,1_2,0.1,0.03114,0.0898
3548,1,1_2,0.1,0.02289,0.0732
3549,1,1_2,0.1,0.02313,0.0727
3550,1,1_2,0.1,0.02454,0.07855
3551,1,1_2,0.1,0.03708,0.1004
3552,1,1_2,0.1,0.02428,0.0729
3553,1,1_2,0.1,0.02496,0.0721
3554,1,1_2,0.1,0.02353,0.0745
3555,1,1_2,0.1,0.02386,0.1198
3556,1,1_2,0.1,0.03287,0.107
3557,1,1_2,0.1,0.03357,0.09875
3558,1,1_2,0.1,0.02902,0.1137
3559,1,1_2,0.1,0.0256,0.07587
3560,1,1_2,0.1,0.02417,0.07263
3561,1,1_2,0.1,0.02206,0.07556
3562,1,1_2,0.1,0.02307,0.08466
3563,1,1_2,0.1,0.02048,0.0868
3564,1,1_2,0.1,0.02357,0.0909
3565,1,1_2,0.1,0.02502,0.10944
3566,1,1_2,0.1,0.0239,0.07056
3567,1,1_2,0.1,0.02061,0.0723
3568,1,1_2,0.1,0.02678,0.09753
3569,1,1_2,0.1,0.02069,0.0733
3570,1,1_2,0.1,0.0217,0.08636
3571,1,1_2,0.1,0.01833,0.0713
3572,1,1_2,0.1,0.02655,0.10004
3573,1,1_2,0.1,0.02328,0.0776
3574,1,1_2,0.1,0.02275,0.0922
3575,1,1_2,0.1,0.03265,0.10095
3576,1,1_2,0.1,0.02434,0.0755
3577,1,1_2,0.1,0.02196,0.08264
3578,1,1_2,0.1,0.02296,0.075
3579,1,1_2,0.1,0.02464,0.0817
3580,1,1_2,0.1,0.02223,0.0702
3581,1,1_2,0.1,0.023,0.07947
3582,1,1_2,0.1,0.02333,0.07556
3583,1,1_2,0.1,0.02747,0.0731
3584,1,1_2,0.1,0.0271,0.07446
3585,1,1_2,0.1,0.0178,0.1532
3586,1,1_2,0.1,0.01859,0.092
3587,1,1_2,0.1,0.01985,0.1265
3588,1,1_2,0.1,0.02214,0.07086
3589,1,1_2,0.1,0.0212,0.07526
3590,1,1_2,0.1,0.02492,0.0764
3591,1,1_2,0.1,0.02286,0.0742
3592,1,1_2,0.1,0.02289,0.0737
3593,1,1_2,0.1,0.02238,0.07153
3594,1,1_2,0.1,0.0235,0.0757
3595,1,1_2,0.1,0.01904,0.1214
3596,1,1_2,0.1,0.02484,0.0721
3597,1,1_2,0.1,0.02267,0.07
3598,1,1_2,0.1,0.0264,0.07574
3599,1,1_2,0.1,0.02417,0.07446
3600,1,1_2,0.1,0.02837,0.0782
3601,1,1_2,0.1,0.0236,0.0805
3602,1,1_2,0.1,0.02621,0.072
3603,1,1_2,0.1,0.02458,0.1292
3604,1,1_2,0.1,0.02585,0.0776
3605,1,1_2,0.1,0.02554,0.09436
3606,1,1_2,0.1,0.0334,0.11273
3607,1,1_2,0.1,0.02347,0.07983
3608,1,1_2,0.1,0.02379,0.0713
3609,1,1_2,0.1,0.01752,0.0818
3610,1,1_2,0.1,0.02728,0.07306
3611,1,1_2,0.1,0.02284,0.08264
3612,1,1_2,0.1,0.02441,0.0829
3613,1,1_2,0.1,0.03108,0.1029
3614,1,1_2,0.1,0.02173,0.0743
3615,1,1_2,0.1,0.02412,0.07367
3616,1,1_2,0.1,0.02464,0.128
3617,1,1_2,0.1,0.02458,0.09814
3618,1,1_2,0.1,0.02493,0.0819
3619,1,1_2,0.1,0.01921,0.073
3620,1,1_2,0.1,0.02432,0.07355
3621,1,1_2,0.1,0.02046,0.0794
3622,1,1_2,0.1,0.03094,0.092
3623,1,1_2,0.1,0.02432,0.07837
3624,1,1_2,0.1,0.02097,0.07855
3625,1,1_2,0.1,0.03165,0.1094
3626,1,1_2,0.1,0.04248,0.08905
3627,1,1_2,0.1,0.02515,0.07996
3628,1,1_2,0.1,0.02014,0.0851
3629,1,1_2,0.1,0.02457,0.06934
3630,1,1_2,0.1,0.02608,0.0751
3631,1,1_2,0.1,0.02026,0.08264
3632,1,1_2,0.1,0.0181,0.07697
3633,1,1_2,0.1,0.02406,0.0843
3634,1,1_2,0.1,0.02043,0.0848
3635,1,1_2,0.1,0.01968,0.0747
3636,1,1_2,0.1,0.021,0.06964
3637,1,1_2,0.1,0.02197,0.0767
3638,1,1_2,0.1,0.01843,0.0766
3639,1,1_2,0.1,0.0204,0.08136
3640,1,1_2,0.1,0.02379,0.0961
3641,1,1_2,0.1,0.02339,0.0716
3642,1,1_2,0.1,0.02979,0.097
3643,1,1_2,0.1,0.02692,0.0804
3644,1,1_2,0.1,0.02031,0.0754
3645,1,1_2,0.1,0.02267,0.07263
3646,1,1_2,0.1,0.0234,0.0773
3647,1,1_2,0.1,0.02878,0.0843
3648,1,1_2,0.1,0.02158,0.0925
3649,1,1_2,0.1,0.02711,0.087
3650,1,1_2,0.1,0.02048,0.09344
3651,1,1_2,0.1,0.02745,0.094
3652,1,1_2,0.1,0.02762,0.0784
3653,1,1_2,0.1,0.02313,0.07086
3654,1,1_2,0.1,0.02122,0.0688
3655,1,1_2,0.1,0.0367,0.0845
3656,1,1_2,0.1,0.02608,0.08435
3657,1,1_2,0.1,0.0281,0.0749
3658,1,1_2,0.1,0.02351,0.0749
3659,1,1_2,0.1,0.0201,0.1385
3660,1,1_2,0.1,0.01813,0.11487
3661,1,1_2,0.1,0.02118,0.07385
3662,1,1_2,0.1,0.02933,0.1282
3663,1,1_2,0.1,0.02518,0.08466
3664,1,1_2,0.1,0.02649,0.075
3665,1,1_2,0.1,0.03198,0.0913
3666,1,1_2,0.1,0.02298,0.0749
3667,1,1_2,0.1,0.02628,0.0701
3668,1,1_2,0.1,0.02377,0.07904
3669,1,1_2,0.1,0.02818,0.1115
3670,1,1_2,0.1,0.02193,0.09064
3671,1,1_2,0.1,0.02078,0.08563
3672,1,1_2,0.1,0.02156,0.0769
3673,1,1_2,0.1,0.02321,0.07135
3674,1,1_2,0.1,0.02313,0.0725
3675,1,1_2,0.1,0.025,0.0884
3676,1,1_2,0.1,0.0303,0.08246
3677,1,1_2,0.1,0.02727,0.07513
3678,1,1_2,0.1,0.01967,0.0899
3679,1,1_2,0.1,0.021,0.0728
3680,1,1_2,0.1,0.02538,0.0751
3681,1,1_2,0.1,0.02164,0.0726
3682,1,1_2,0.1,0.02382,0.1024
3683,1,1_2,0.1,0.02567,0.0882
3684,1,1_2,0.1,0.02617,0.07916
3685,1,1_2,0.1,0.02492,0.08673
3686,1,1_2,0.1,0.0212,0.07465
3687,1,1_2,0.1,0.02081,0.0714
3688,1,1_2,0.1,0.02339,0.07324
3689,1,1_2,0.1,0.02263,0.0712
3690,1,1_2,0.1,0.01903,0.077
3691,1,1_2,0.1,0.02843,0.12256
3692,1,1_2,0.1,0.02385,0.0906
3693,1,1_2,0.1,0.02638,0.1138
3694,1,1_2,0.1,0.02322,0.0714
3695,1,1_2,0.1,0.02808,0.09283
3696,1,1_2,0.1,0.02408,0.06946
3697,1,1_2,0.1,0.02844,0.08215
3698,1,1_2,0.1,0.02153,0.07623
3699,1,1_2,0.1,0.0315,0.0723
3700,1,1_2,0.1,0.02277,0.06976
3701,1,1_2,0.1,0.02652,0.0777
3702,1,1_2,0.1,0.03323,0.1061
3703,1,1_2,0.1,0.02837,0.07574
3704,1,1_2,0.1,0.0338,0.1044
3705,1,1_2,0.1,0.02678,0.075
3706,1,1_2,0.1,0.02223,0.0781
3707,1,1_2,0.1,0.02467,0.07263
3708,1,1_2,0.1,0.02571,0.0871
3709,1,1_2,0.1,0.02052,0.07465
3710,1,1_2,0.1,0.02356,0.0824
3711,1,1_2,0.1,0.02573,0.0736
3712,1,1_2,0.1,0.02075,0.0705
3713,1,1_2,0.1,0.02597,0.1527
3714,1,1_2,0.1,0.03156,0.1044
3715,1,1_2,0.1,0.02284,0.073
3716,1,1_2,0.1,0.03137,0.10693
3717,1,1_2,0.1,0.0237,0.0715
3718,1,1_2,0.1,0.02112,0.0717
3719,1,1_2,0.1,0.02148,0.0727
3720,1,1_2,0.1,0.02196,0.07733
3721,1,1_2,0.1,0.02223,0.0706
3722,1,1_2,0.1,0.03096,0.119
3723,1,1_2,0.1,0.02571,0.0747
3724,1,1_2,0.1,0.02248,0.0732
3725,1,1_2,0.1,0.03094,0.0882
3726,1,1_2,0.1,0.02167,0.0701
3727,1,1_2,0.1,0.02194,0.07025
3728,1,1_2,0.1,0.02254,0.09094
3729,1,1_2,0.1,0.02444,0.07935
3730,1,1_2,0.1,0.02936,0.07794
3731,1,1_2,0.1,0.02254,0.0811
3732,1,1_2,0.1,0.02386,0.07526
3733,1,1_2,0.1,0.02841,0.0872
3734,1,1_2,0.1,0.02258,0.07104
3735,1,1_2,0.1,0.02946,0.09
3736,1,1_2,0.1,0.02354,0.0797
3737,1,1_2,0.1,0.03,0.07227
3738,1,1_2,0.1,0.03354,0.09247
3739,1,1_2,0.1,0.02716,0.0829
3740,1,1_2,0.1,0.01901,0.0738
3741,1,1_2,0.1,0.03078,0.10223
3742,1,1_2,0.1,0.02365,0.0747
3743,1,1_2,0.1,0.01941,0.0981
3744,1,1_2,0.1,0.02003,0.07764
3745,1,1_2,0.1,0.02664,0.1038
3746,1,1_2,0.1,0.0283,0.06964
3747,1,1_2,0.1,0.02477,0.1233
3748,1,1_2,0.1,0.0348,0.102
3749,1,1_2,0.1,0.0216,0.07654
3750,1,1_2,0.1,0.02548,0.1332
3751,1,1_2,0.1,0.02022,0.0706
3752,1,1_2,0.1,0.02147,0.0696
3753,1,1_2,0.1,0.02673,0.08405
3754,1,1_2,0.1,0.02505,0.1005
3755,1,1_2,0.1,0.02121,0.07837
3756,1,1_2,0.1,0.0336,0.1225
3757,1,1_2,0.1,0.021,0.0771
3758,1,1_2,0.1,0.02254,0.0831
3759,1,1_2,0.1,0.0232,0.07794
3760,1,1_2,0.1,0.02554,0.0704
3761,1,1_2,0.1,0.01796,0.07764
3762,1,1_2,0.1,0.02292,0.0813
3763,1,1_2,0.1,0.03043,0.0956
3764,1,1_2,0.1,0.02615,0.0815
3765,1,1_2,0.1,0.0354,0.11053
3766,1,1_2,0.1,0.02473,0.0794
3767,1,1_2,0.1,0.02309,0.09534
3768,1,1_2,0.1,0.0283,0.0771
3769,1,1_2,0.1,0.0322,0.0992
3770,1,1_2,0.1,0.02109,0.07776
3771,1,1_2,0.1,0.02168,0.0872
3772,1,1_2,0.1,0.02005,0.077
3773,1,1_2,0.1,0.02675,0.0888
3774,1,1_2,0.1,0.0198,0.0776
3775,1,1_2,0.1,0.02077,0.07367
3776,1,1_2,0.1,0.0214,0.0845
3777,1,1_2,0.1,0.0261,0.0961
3778,1,1_2,0.1,0.01962,0.07513
3779,1,1_2,0.1,0.02425,0.09973
3780,1,1_2,0.1,0.02855,0.0879
3781,1,1_2,0.1,0.03677,0.1044
3782,1,1_2,0.1,0.01805,0.1164
3783,1,1_2,0.1,0.02713,0.0842
3784,1,1_2,0.1,0.0405,0.12006
3785,1,1_2,0.1,0.02547,0.0841
3786,1,1_2,0.1,0.02486,0.086
3787,1,1_2,0.1,0.02739,0.0813
3788,1,1_2,0.1,0.02078,0.1046
3789,1,1_2,0.1,0.0295,0.0934
3790,1,1_2,0.1,0.02058,0.0739
3791,1,1_2,0.1,0.02264,0.0859
3792,1,1_2,0.1,0.02666,0.095
3793,1,1_2,0.1,0.02798,0.0786
3794,1,1_2,0.1,0.02272,0.08075
3795,1,1_2,0.1,0.02315,0.0749
3796,1,1_2,0.1,0.02069,0.0754
3797,1,1_2,0.1,0.01682,0.0856
3798,1,1_2,0.1,0.02423,0.0788
3799,1,1_2,0.1,0.02776,0.12085
3800,1,1_2,0.1,0.02367,0.0823
3801,1,1_2,0.1,0.02538,0.07074
3802,1,1_2,0.1,0.02364,0.0772
3803,1,1_2,0.1,0.02512,0.07477
3804,1,1_2,0.1,0.02278,0.0693
3805,1,1_2,0.1,0.0239,0.0806
3806,1,1_2,0.1,0.02892,0.0877
3807,1,1_2,0.1,0.02022,0.08026
3808,1,1_2,0.1,0.02646,0.07715
3809,1,1_2,0.1,0.02646,0.0771
3810,1,1_2,0.1,0.02332,0.07166
3811,1,1_2,0.1,0.0259,0.0938
3812,1,1_2,0.1,0.03784,0.1172
3813,1,1_2,0.1,0.03085,0.0905
3814,1,1_2,0.1,0.02055,0.06934
3815,1,1_2,0.1,0.028,0.0768
3816,1,1_2,0.1,0.02502,0.11005
3817,1,1_2,0.1,0.02274,0.0721
3818,1,1_2,0.1,0.02464,0.0754
3819,1,1_2,0.1,0.02277,0.073
3820,1,1_2,0.1,0.01859,0.07434
3821,1,1_2,0.1,0.02519,0.0856
3822,1,1_2,0.1,0.02258,0.08093
3823,1,1_2,0.1,0.01878,0.07263
3824,1,1_2,0.1,0.02916,0.07806
3825,1,1_2,0.1,0.0191,0.0809
3826,1,1_2,0.1,0.02203,0.0726
3827,1,1_2,0.1,0.02396,0.083
3828,1,1_2,0.1,0.02734,0.0812
3829,1,1_2,0.1,0.02199,0.0728
3830,1,1_2,0.1,0.02052,0.0809
3831,1,1_2,0.1,0.02763,0.0849
3832,1,1_2,0.1,0.0201,0.0718
3833,1,1_2,0.1,0.02147,0.07904
3834,1,1_2,0.1,0.02756,0.0861
3835,1,1_2,0.1,0.02328,0.0758
3836,1,1_2,0.1,0.02739,0.076
3837,1,1_2,0.1,0.02255,0.0712
3838,1,1_2,0.1,0.02753,0.071
3839,1,1_2,0.1,0.03357,0.11743
3840,1,1_2,0.1,0.01979,0.07043
3841,1,1_2,0.1,0.01862,0.0731
3842,1,1_2,0.1,0.02122,0.0798
3843,1,1_2,0.1,0.0305,0.0982
3844,1,1_2,0.1,0.02946,0.08344
3845,1,1_2,0.1,0.02353,0.08136
3846,1,1_2,0.1,0.02055,0.08307
3847,1,1_2,0.1,0.01999,0.0813
3848,1,1_2,0.1,0.02493,0.0983
3849,1,1_2,0.1,0.02596,0.0737
3850,1,1_2,0.1,0.02666,0.0892
3851,1,1_2,0.1,0.0238,0.0715
3852,1,1_2,0.1,0.01929,0.07666
3853,1,1_2,0.1,0.02419,0.09094
3854,1,1_2,0.1,0.02393,0.0806
3855,1,1_2,0.1,0.02687,0.0899
3856,1,1_2,0.1,0.02914,0.0824
3857,1,1_2,0.1,0.03061,0.12494
3858,1,1_2,0.1,0.0267,0.11707
3859,1,1_2,0.1,0.02357,0.0753
3860,1,1_2,0.1,0.02148,0.08386
3861,1,1_2,0.1,0.03052,0.08655
3862,1,1_2,0.1,0.01811,0.08075
3863,1,1_2,0.1,0.03015,0.0886
3864,1,1_2,0.1,0.02592,0.08203
3865,1,1_2,0.1,0.02582,0.0886
3866,1,1_2,0.1,0.02034,0.0978
3867,1,1_2,0.1,0.02098,0.0806
3868,1,1_2,0.1,0.02596,0.08014
3869,1,1_2,0.1,0.02838,0.0785
3870,1,1_2,0.1,0.02443,0.0838
3871,1,1_2,0.1,0.02382,0.07336
3872,1,1_2,0.1,0.02455,0.0737
3873,1,1_2,0.1,0.02199,0.0833
3874,1,1_2,0.1,0.0233,0.0816
3875,1,1_2,0.1,0.02354,0.09265
3876,1,1_2,0.1,0.02463,0.0753
3877,1,1_2,0.1,0.02281,0.0763
3878,1,1_2,0.1,0.02498,0.0771
3879,1,1_2,0.1,0.01959,0.0932
3880,1,1_2,0.1,0.0256,0.07574
3881,1,1_2,0.1,0.02133,0.07294
3882,1,1_2,0.1,0.0279,0.0801
3883,1,1_2,0.1,0.02145,0.0768
3884,1,1_2,0.1,0.02118,0.0714
3885,1,1_2,0.1,0.01778,0.1403
3886,1,1_2,0.1,0.02336,0.07153
3887,1,1_2,0.1,0.0253,0.0731
3888,1,1_2,0.1,0.0193,0.0749
3889,1,1_2,0.1,0.02228,0.08655
3890,1,1_2,0.1,0.0253,0.072
3891,1,1_2,0.1,0.03635,0.09656
3892,1,1_2,0.1,0.0234,0.07385
3893,1,1_2,0.1,0.02464,0.0913
3894,1,1_2,0.1,0.02888,0.09357
3895,1,1_2,0.1,0.02205,0.0768
3896,1,1_2,0.1,0.02234,0.07623
3897,1,1_2,0.1,0.02444,0.0798
3898,1,1_2,0.1,0.02747,0.0824
3899,1,1_2,0.1,0.02402,0.07764
3900,1,1_2,0.1,0.01974,0.0931
3901,1,1_2,0.1,0.0306,0.1075
3902,1,1_2,0.1,0.02727,0.0992
3903,1,1_2,0.1,0.02484,0.0781
3904,1,1_2,0.1,0.02785,0.0935
3905,1,1_2,0.1,0.02159,0.075
3906,1,1_2,0.1,0.02655,0.0806
3907,1,1_2,0.1,0.02539,0.0836
3908,1,1_2,0.1,0.02512,0.077
3909,1,1_2,0.1,0.02403,0.0736
3910,1,1_2,0.1,0.02979,0.0749
3911,1,1_2,0.1,0.02946,0.1251
3912,1,1_2,0.1,0.03275,0.1014
3913,1,1_2,0.1,0.02034,0.09265
3914,1,1_2,0.1,0.02461,0.07404
3915,1,1_2,0.1,0.03583,0.1009
3916,1,1_2,0.1,0.02351,0.06964
3917,1,1_2,0.1,0.02556,0.0753
3918,1,1_2,0.1,0.01917,0.0767
3919,1,1_2,0.1,0.0234,0.09106
3920,1,1_2,0.1,0.02066,0.0775
3921,1,1_2,0.1,0.02425,0.07806
3922,1,1_2,0.1,0.02356,0.0716
3923,1,1_2,0.1,0.02261,0.07446
3924,1,1_2,0.1,0.02455,0.08484
3925,1,1_2,0.1,0.0266,0.0723
3926,1,1_2,0.1,0.02473,0.10846
3927,1,1_2,0.1,0.02124,0.08856
3928,1,1_2,0.1,0.02284,0.07965
3929,1,1_2,0.1,0.02695,0.07776
3930,1,1_2,0.1,0.02328,0.0772
3931,1,1_2,0.1,0.02542,0.0727
3932,1,1_2,0.1,0.02316,0.0793
3933,1,1_2,0.1,0.02567,0.07263
3934,1,1_2,0.1,0.03087,0.10925
3935,1,1_2,0.1,0.02362,0.07324
3936,1,1_2,0.1,0.02208,0.07245
3937,1,1_2,0.1,0.02477,0.0735
3938,1,1_2,0.1,0.02429,0.08966
3939,1,1_2,0.1,0.0212,0.0782
3940,1,1_2,0.1,0.02373,0.07654
3941,1,1_2,0.1,0.02339,0.0881
3942,1,1_2,0.1,0.02568,0.10315
3943,1,1_2,0.1,0.02155,0.0706
3944,1,1_2,0.1,0.027,0.0967
3945,1,1_2,0.1,0.02646,0.087
3946,1,1_2,0.1,0.02162,0.0946
3947,1,1_2,0.1,0.02043,0.0739
3948,1,1_2,0.1,0.02318,0.1263
3949,1,1_2,0.1,0.0245,0.07654
3950,1,1_2,0.1,0.0254,0.07697
3951,1,1_2,0.1,0.02101,0.1012
3952,1,1_2,0.1,0.0332,0.10486
3953,1,1_2,0.1,0.02235,0.084
3954,1,1_2,0.1,0.02586,0.08813
3955,1,1_2,0.1,0.0235,0.07104
3956,1,1_2,0.1,0.0243,0.07336
3957,1,1_2,0.1,0.03265,0.10236
3958,1,1_2,0.1,0.02644,0.09576
3959,1,1_2,0.1,0.03087,0.08435
3960,1,1_2,0.1,0.0252,0.0796
3961,1,1_2,0.1,0.02261,0.0761
3962,1,1_2,0.1,0.019,0.07385
3963,1,1_2,0.1,0.02106,0.1329
3964,1,1_2,0.1,0.02171,0.0738
3965,1,1_2,0.1,0.0275,0.0881
3966,1,1_2,0.1,0.0325,0.08356
3967,1,1_2,0.1,0.02919,0.11304
3968,1,1_2,0.1,0.0344,0.11664
3969,1,1_2,0.1,0.02623,0.0883
3970,1,1_2,0.1,0.03014,0.117
3971,1,1_2,0.1,0.02628,0.07477
3972,1,1_2,0.1,0.0462,0.1256
3973,1,1_2,0.1,0.02179,0.0838
3974,1,1_2,0.1,0.02615,0.0797
3975,1,1_2,0.1,0.032,0.092
3976,1,1_2,0.1,0.0316,0.1289
3977,1,1_2,0.1,0.02768,0.07275
3978,1,1_2,0.1,0.02202,0.0794
3979,1,1_2,0.1,0.02312,0.0735
3980,1,1_2,0.1,0.02397,0.0749
3981,1,1_2,0.1,0.02498,0.0764
3982,1,1_2,0.1,0.02245,0.07416
3983,1,1_2,0.1,0.02417,0.0887
3984,1,1_2,0.1,0.02501,0.0782
3985,1,1_2,0.1,0.03177,0.09015
3986,1,1_2,0.1,0.0239,0.0853
3987,1,1_2,0.1,0.02101,0.0774
3988,1,1_2,0.1,0.01831,0.0771
3989,1,1_2,0.1,0.02213,0.081
3990,1,1_2,0.1,0.04556,0.144
3991,1,1_2,0.1,0.02045,0.07587
3992,1,1_2,0.1,0.02753,0.079
3993,1,1_2,0.1,0.02892,0.1143
3994,1,1_2,0.1,0.02219,0.07056
3995,1,1_2,0.1,0.0218,0.0881
3996,1,1_2,0.1,0.02312,0.0744
3997,1,1_2,0.1,0.02765,0.08386
3998,1,1_2,0.1,0.02554,0.08655
3999,1,1_2,0.1,0.03613,0.09924
4000,1,1_2,0.2,0.04892,0.0807
4001,1,1_2,0.2,0.0314,0.092
4002,1,1_2,0.2,0.04333,0.1244
4003,1,1_2,0.2,0.04468,0.11285
4004,1,1_2,0.2,0.03062,0.07544
4005,1,1_2,0.2,0.02873,0.0758
4006,1,1_2,0.2,0.04953,0.1187
4007,1,1_2,0.2,0.02866,0.0697
4008,1,1_2,0.2,0.0378,0.092
4009,1,1_2,0.2,0.05164,0.10895
4010,1,1_2,0.2,0.02951,0.0741
4011,1,1_2,0.2,0.03653,0.097
4012,1,1_2,0.2,0.0394,0.0765
4013,1,1_2,0.2,0.04138,0.09534
4014,1,1_2,0.2,0.02664,0.0741
4015,1,1_2,0.2,0.03912,0.08997
4016,1,1_2,0.2,0.02814,0.07086
4017,1,1_2,0.2,0.04175,0.1003
4018,1,1_2,0.2,0.03912,0.08594
4019,1,1_2,0.2,0.03464,0.0833
4020,1,1_2,0.2,0.04254,0.0846
4021,1,1_2,0.2,0.0321,0.0772
4022,1,1_2,0.2,0.0334,0.0726
4023,1,1_2,0.2,0.0317,0.0816
4024,1,1_2,0.2,0.045,0.0953
4025,1,1_2,0.2,0.04016,0.0957
4026,1,1_2,0.2,0.04,0.0805
4027,1,1_2,0.2,0.02684,0.0733
4028,1,1_2,0.2,0.03195,0.0868
4029,1,1_2,0.2,0.04315,0.127
4030,1,1_2,0.2,0.04633,0.09314
4031,1,1_2,0.2,0.03207,0.0787
4032,1,1_2,0.2,0.02802,0.0782
4033,1,1_2,0.2,0.04443,0.1566
4034,1,1_2,0.2,0.02919,0.0734
4035,1,1_2,0.2,0.042,0.10693
4036,1,1_2,0.2,0.0294,0.07153
4037,1,1_2,0.2,0.0298,0.0771
4038,1,1_2,0.2,0.03087,0.133
4039,1,1_2,0.2,0.0324,0.1046
4040,1,1_2,0.2,0.056,0.1261
4041,1,1_2,0.2,0.04074,0.102
4042,1,1_2,0.2,0.0437,0.1115
4043,1,1_2,0.2,0.02985,0.0717
4044,1,1_2,0.2,0.04718,0.0928
4045,1,1_2,0.2,0.04532,0.0956
4046,1,1_2,0.2,0.03677,0.094
4047,1,1_2,0.2,0.02664,0.0749
4048,1,1_2,0.2,0.0404,0.09125
4049,1,1_2,0.2,0.0444,0.0889
4050,1,1_2,0.2,0.02554,0.0745
4051,1,1_2,0.2,0.03069,0.079
4052,1,1_2,0.2,0.03122,0.0754
4053,1,1_2,0.2,0.03125,0.0757
4054,1,1_2,0.2,0.02965,0.0764
4055,1,1_2,0.2,0.0379,0.08966
4056,1,1_2,0.2,0.02977,0.09894
4057,1,1_2,0.2,0.02695,0.0791
4058,1,1_2,0.2,0.042,0.1079
4059,1,1_2,0.2,0.0335,0.0877
4060,1,1_2,0.2,0.029,0.0957
4061,1,1_2,0.2,0.036,0.1208
4062,1,1_2,0.2,0.03214,0.0797
4063,1,1_2,0.2,0.0296,0.08
4064,1,1_2,0.2,0.03217,0.0825
4065,1,1_2,0.2,0.0351,0.1055
4066,1,1_2,0.2,0.0489,0.12366
4067,1,1_2,0.2,0.03897,0.1038
4068,1,1_2,0.2,0.03017,0.0794
4069,1,1_2,0.2,0.0354,0.1057
4070,1,1_2,0.2,0.04922,0.0866
4071,1,1_2,0.2,0.0513,0.1351
4072,1,1_2,0.2,0.02887,0.08923
4073,1,1_2,0.2,0.04288,0.12054
4074,1,1_2,0.2,0.04745,0.1001
4075,1,1_2,0.2,0.03099,0.08405
4076,1,1_2,0.2,0.0317,0.0744
4077,1,1_2,0.2,0.0304,0.074
4078,1,1_2,0.2,0.04535,0.0999
4079,1,1_2,0.2,0.02884,0.06946
4080,1,1_2,0.2,0.03986,0.07935
4081,1,1_2,0.2,0.04193,0.10095
4082,1,1_2,0.2,0.04642,0.0808
4083,1,1_2,0.2,0.03824,0.0872
4084,1,1_2,0.2,0.02843,0.0914
4085,1,1_2,0.2,0.04163,0.0796
4086,1,1_2,0.2,0.041,0.0931
4087,1,1_2,0.2,0.0344,0.078
4088,1,1_2,0.2,0.03128,0.0849
4089,1,1_2,0.2,0.03128,0.1031
4090,1,1_2,0.2,0.0489,0.0924
4091,1,1_2,0.2,0.0383,0.08575
4092,1,1_2,0.2,0.04263,0.0913
4093,1,1_2,0.2,0.0292,0.0724
4094,1,1_2,0.2,0.0349,0.08203
4095,1,1_2,0.2,0.02827,0.0959
4096,1,1_2,0.2,0.0376,0.10895
4097,1,1_2,0.2,0.03824,0.10626
4098,1,1_2,0.2,0.04373,0.1212
4099,1,1_2,0.2,0.03078,0.0772
4100,1,1_2,0.2,0.02782,0.0809
4101,1,1_2,0.2,0.02945,0.0815
4102,1,1_2,0.2,0.0317,0.0991
4103,1,1_2,0.2,0.03235,0.09143
4104,1,1_2,0.2,0.04172,0.09375
4105,1,1_2,0.2,0.03708,0.0915
4106,1,1_2,0.2,0.0424,0.09973
4107,1,1_2,0.2,0.03137,0.0901
4108,1,1_2,0.2,0.04236,0.09125
4109,1,1_2,0.2,0.05765,0.159
4110,1,1_2,0.2,0.04172,0.08966
4111,1,1_2,0.2,0.02777,0.07446
4112,1,1_2,0.2,0.02821,0.07855
4113,1,1_2,0.2,0.0457,0.12067
4114,1,1_2,0.2,0.03766,0.0881
4115,1,1_2,0.2,0.0361,0.08093
4116,1,1_2,0.2,0.0463,0.0935
4117,1,1_2,0.2,0.03864,0.12036
4118,1,1_2,0.2,0.02951,0.086
4119,1,1_2,0.2,0.0426,0.09265
4120,1,1_2,0.2,0.03348,0.073
4121,1,1_2,0.2,0.0347,0.09424
4122,1,1_2,0.2,0.0285,0.07336
4123,1,1_2,0.2,0.0376,0.0844
4124,1,1_2,0.2,0.03107,0.0733
4125,1,1_2,0.2,0.0381,0.10284
4126,1,1_2,0.2,0.02655,0.0711
4127,1,1_2,0.2,0.04224,0.09296
4128,1,1_2,0.2,0.03766,0.09265
4129,1,1_2,0.2,0.02814,0.0838
4130,1,1_2,0.2,0.03827,0.0945
4131,1,1_2,0.2,0.0569,0.1073
4132,1,1_2,0.2,0.03455,0.0946
4133,1,1_2,0.2,0.03705,0.094
4134,1,1_2,0.2,0.04333,0.1128
4135,1,1_2,0.2,0.05103,0.0934
4136,1,1_2,0.2,0.0366,0.1012
4137,1,1_2,0.2,0.02844,0.092
4138,1,1_2,0.2,0.03598,0.1141
4139,1,1_2,0.2,0.03638,0.11127
4140,1,1_2,0.2,0.0355,0.07635
4141,1,1_2,0.2,0.0415,0.11993
4142,1,1_2,0.2,0.03262,0.1046
4143,1,1_2,0.2,0.03275,0.0887
4144,1,1_2,0.2,0.02791,0.0826
4145,1,1_2,0.2,0.0329,0.0776
4146,1,1_2,0.2,0.0291,0.09924
4147,1,1_2,0.2,0.02855,0.095
4148,1,1_2,0.2,0.03217,0.0926
4149,1,1_2,0.2,0.03928,0.0799
4150,1,1_2,0.2,0.03394,0.10925
4151,1,1_2,0.2,0.0273,0.0751
4152,1,1_2,0.2,0.02644,0.10034
4153,1,1_2,0.2,0.03284,0.08356
4154,1,1_2,0.2,0.0359,0.08093
4155,1,1_2,0.2,0.03967,0.0834
4156,1,1_2,0.2,0.02792,0.07855
4157,1,1_2,0.2,0.0429,0.1091
4158,1,1_2,0.2,0.04068,0.09875
4159,1,1_2,0.2,0.0356,0.0929
4160,1,1_2,0.2,0.03183,0.0872
4161,1,1_2,0.2,0.04037,0.0774
4162,1,1_2,0.2,0.02475,0.08594
4163,1,1_2,0.2,0.04272,0.1039
4164,1,1_2,0.2,0.03616,0.0945
4165,1,1_2,0.2,0.0348,0.0951
4166,1,1_2,0.2,0.03854,0.0806
4167,1,1_2,0.2,0.02754,0.09106
4168,1,1_2,0.2,0.04007,0.08496
4169,1,1_2,0.2,0.02724,0.0821
4170,1,1_2,0.2,0.03323,0.07733
4171,1,1_2,0.2,0.04153,0.0946
4172,1,1_2,0.2,0.02713,0.08527
4173,1,1_2,0.2,0.03415,0.0822
4174,1,1_2,0.2,0.0393,0.09393
4175,1,1_2,0.2,0.02899,0.09265
4176,1,1_2,0.2,0.02698,0.0712
4177,1,1_2,0.2,0.04788,0.127
4178,1,1_2,0.2,0.04007,0.09894
4179,1,1_2,0.2,0.0328,0.082
4180,1,1_2,0.2,0.04498,0.09045
4181,1,1_2,0.2,0.04016,0.09546
4182,1,1_2,0.2,0.02675,0.0805
4183,1,1_2,0.2,0.0463,0.0919
4184,1,1_2,0.2,0.03058,0.0852
4185,1,1_2,0.2,0.03726,0.0848
4186,1,1_2,0.2,0.03223,0.0856
4187,1,1_2,0.2,0.0272,0.07947
4188,1,1_2,0.2,0.05536,0.1289
4189,1,1_2,0.2,0.03735,0.114
4190,1,1_2,0.2,0.0325,0.08044
4191,1,1_2,0.2,0.02626,0.0692
4192,1,1_2,0.2,0.0383,0.08295
4193,1,1_2,0.2,0.02654,0.07074
4194,1,1_2,0.2,0.02519,0.07477
4195,1,1_2,0.2,0.03476,0.0918
4196,1,1_2,0.2,0.03964,0.0849
4197,1,1_2,0.2,0.034,0.1112
4198,1,1_2,0.2,0.0334,0.0873
4199,1,1_2,0.2,0.02527,0.0761
4200,1,1_2,0.2,0.03293,0.0936
4201,1,1_2,0.2,0.02888,0.07385
4202,1,1_2,0.2,0.0392,0.0924
4203,1,1_2,0.2,0.0334,0.0816
4204,1,1_2,0.2,0.03693,0.07904
4205,1,1_2,0.2,0.02492,0.07385
4206,1,1_2,0.2,0.0452,0.08435
4207,1,1_2,0.2,0.03082,0.08185
4208,1,1_2,0.2,0.02388,0.0807
4209,1,1_2,0.2,0.02676,0.07904
4210,1,1_2,0.2,0.03848,0.114
4211,1,1_2,0.2,0.03061,0.0771
4212,1,1_2,0.2,0.04453,0.1066
4213,1,1_2,0.2,0.02705,0.0782
4214,1,1_2,0.2,0.0397,0.1145
4215,1,1_2,0.2,0.04178,0.11456
4216,1,1_2,0.2,0.02669,0.0709
4217,1,1_2,0.2,0.02713,0.0711
4218,1,1_2,0.2,0.03934,0.08923
4219,1,1_2,0.2,0.02512,0.0821
4220,1,1_2,0.2,0.04315,0.09326
4221,1,1_2,0.2,0.0442,0.10645
4222,1,1_2,0.2,0.0384,0.0792
4223,1,1_2,0.2,0.03525,0.0949
4224,1,1_2,0.2,0.03912,0.09265
4225,1,1_2,0.2,0.02838,0.0786
4226,1,1_2,0.2,0.0419,0.1124
4227,1,1_2,0.2,0.02647,0.07526
4228,1,1_2,0.2,0.02663,0.08234
4229,1,1_2,0.2,0.03455,0.0873
4230,1,1_2,0.2,0.03088,0.0817
4231,1,1_2,0.2,0.027,0.0835
4232,1,1_2,0.2,0.03348,0.09
4233,1,1_2,0.2,0.04037,0.10846
4234,1,1_2,0.2,0.03955,0.1167
4235,1,1_2,0.2,0.03168,0.0762
4236,1,1_2,0.2,0.0372,0.0842
4237,1,1_2,0.2,0.0322,0.112
4238,1,1_2,0.2,0.0269,0.0904
4239,1,1_2,0.2,0.04065,0.0871
4240,1,1_2,0.2,0.03021,0.1012
4241,1,1_2,0.2,0.02798,0.0996
4242,1,1_2,0.2,0.02722,0.077
4243,1,1_2,0.2,0.04092,0.0813
4244,1,1_2,0.2,0.02545,0.0762
4245,1,1_2,0.2,0.0442,0.0904
4246,1,1_2,0.2,0.02718,0.0727
4247,1,1_2,0.2,0.02548,0.08514
4248,1,1_2,0.2,0.03708,0.08496
4249,1,1_2,0.2,0.0246,0.07935
4250,1,1_2,0.2,0.03506,0.0931
4251,1,1_2,0.2,0.0335,0.07587
4252,1,1_2,0.2,0.03168,0.0916
4253,1,1_2,0.2,0.0385,0.0939
4254,1,1_2,0.2,0.03314,0.0829
4255,1,1_2,0.2,0.03714,0.08887
4256,1,1_2,0.2,0.04562,0.0939
4257,1,1_2,0.2,0.03818,0.0936
4258,1,1_2,0.2,0.03177,0.0871
4259,1,1_2,0.2,0.04315,0.1133
4260,1,1_2,0.2,0.0321,0.0911
4261,1,1_2,0.2,0.05215,0.1158
4262,1,1_2,0.2,0.03442,0.0767
4263,1,1_2,0.2,0.0375,0.08203
4264,1,1_2,0.2,0.02808,0.0909
4265,1,1_2,0.2,0.02623,0.0765
4266,1,1_2,0.2,0.03854,0.11
4267,1,1_2,0.2,0.02979,0.0832
4268,1,1_2,0.2,0.04526,0.11957
4269,1,1_2,0.2,0.03802,0.08936
4270,1,1_2,0.2,0.04572,0.1403
4271,1,1_2,0.2,0.02885,0.0781
4272,1,1_2,0.2,0.04758,0.10583
4273,1,1_2,0.2,0.0317,0.0907
4274,1,1_2,0.2,0.03424,0.08405
4275,1,1_2,0.2,0.04095,0.0926
4276,1,1_2,0.2,0.02586,0.08514
4277,1,1_2,0.2,0.03278,0.081
4278,1,1_2,0.2,0.0455,0.1062
4279,1,1_2,0.2,0.02782,0.0849
4280,1,1_2,0.2,0.04303,0.1262
4281,1,1_2,0.2,0.0437,0.10095
4282,1,1_2,0.2,0.02466,0.0742
4283,1,1_2,0.2,0.04324,0.08325
4284,1,1_2,0.2,0.04123,0.08685
4285,1,1_2,0.2,0.02838,0.0867
4286,1,1_2,0.2,0.03943,0.09485
4287,1,1_2,0.2,0.03506,0.0789
4288,1,1_2,0.2,0.04367,0.0955
4289,1,1_2,0.2,0.04086,0.08295
4290,1,1_2,0.2,0.03836,0.10144
4291,1,1_2,0.2,0.02284,0.08765
4292,1,1_2,0.2,0.0463,0.11945
4293,1,1_2,0.2,0.02954,0.08124
4294,1,1_2,0.2,0.04364,0.1211
4295,1,1_2,0.2,0.03574,0.08997
4296,1,1_2,0.2,0.04593,0.0821
4297,1,1_2,0.2,0.02795,0.1678
4298,1,1_2,0.2,0.03217,0.1087
4299,1,1_2,0.2,0.02963,0.1026
4300,1,1_2,0.2,0.02835,0.0777
4301,1,1_2,0.2,0.02487,0.08685
4302,1,1_2,0.2,0.02708,0.07227
4303,1,1_2,0.2,0.0512,0.09064
4304,1,1_2,0.2,0.02931,0.0822
4305,1,1_2,0.2,0.03357,0.0888
4306,1,1_2,0.2,0.02379,0.09204
4307,1,1_2,0.2,0.0428,0.1772
4308,1,1_2,0.2,0.03192,0.0838
4309,1,1_2,0.2,0.02965,0.07556
4310,1,1_2,0.2,0.0376,0.0871
4311,1,1_2,0.2,0.02618,0.12463
4312,1,1_2,0.2,0.03983,0.1023
4313,1,1_2,0.2,0.03616,0.0831
4314,1,1_2,0.2,0.02728,0.0822
4315,1,1_2,0.2,0.02718,0.0891
4316,1,1_2,0.2,0.04047,0.088
4317,1,1_2,0.2,0.02472,0.0708
4318,1,1_2,0.2,0.04138,0.1021
4319,1,1_2,0.2,0.03072,0.0741
4320,1,1_2,0.2,0.03207,0.0753
4321,1,1_2,0.2,0.02528,0.0758
4322,1,1_2,0.2,0.02588,0.08636
4323,1,1_2,0.2,0.0436,0.08966
4324,1,1_2,0.2,0.03165,0.10724
4325,1,1_2,0.2,0.0337,0.0951
4326,1,1_2,0.2,0.03162,0.0969
4327,1,1_2,0.2,0.03894,0.0937
4328,1,1_2,0.2,0.03854,0.0876
4329,1,1_2,0.2,0.03528,0.09076
4330,1,1_2,0.2,0.02925,0.0756
4331,1,1_2,0.2,0.02625,0.07166
4332,1,1_2,0.2,0.03644,0.0806
4333,1,1_2,0.2,0.024,0.07117
4334,1,1_2,0.2,0.02242,0.071
4335,1,1_2,0.2,0.03714,0.10095
4336,1,1_2,0.2,0.03238,0.09344
4337,1,1_2,0.2,0.04807,0.09894
4338,1,1_2,0.2,0.0352,0.0811
4339,1,1_2,0.2,0.03796,0.09015
4340,1,1_2,0.2,0.02553,0.0846
4341,1,1_2,0.2,0.036,0.07983
4342,1,1_2,0.2,0.04053,0.10565
4343,1,1_2,0.2,0.03574,0.1543
4344,1,1_2,0.2,0.03442,0.0834
4345,1,1_2,0.2,0.0327,0.0885
4346,1,1_2,0.2,0.02563,0.08344
4347,1,1_2,0.2,0.04358,0.1034
4348,1,1_2,0.2,0.02875,0.08044
4349,1,1_2,0.2,0.03256,0.08466
4350,1,1_2,0.2,0.0479,0.0875
4351,1,1_2,0.2,0.02652,0.08307
4352,1,1_2,0.2,0.0375,0.0947
4353,1,1_2,0.2,0.04068,0.15
4354,1,1_2,0.2,0.03995,0.1093
4355,1,1_2,0.2,0.03867,0.09656
4356,1,1_2,0.2,0.03192,0.0782
4357,1,1_2,0.2,0.0264,0.0709
4358,1,1_2,0.2,0.04886,0.09937
4359,1,1_2,0.2,0.0284,0.07697
4360,1,1_2,0.2,0.03387,0.0749
4361,1,1_2,0.2,0.04135,0.08344
4362,1,1_2,0.2,0.0329,0.07904
4363,1,1_2,0.2,0.03983,0.09686
4364,1,1_2,0.2,0.03726,0.08417
4365,1,1_2,0.2,0.0273,0.1011
4366,1,1_2,0.2,0.02864,0.0824
4367,1,1_2,0.2,0.03558,0.09174
4368,1,1_2,0.2,0.02353,0.0707
4369,1,1_2,0.2,0.0305,0.1113
4370,1,1_2,0.2,0.0369,0.08405
4371,1,1_2,0.2,0.03693,0.0922
4372,1,1_2,0.2,0.02734,0.09033
4373,1,1_2,0.2,0.034,0.0899
4374,1,1_2,0.2,0.03023,0.1268
4375,1,1_2,0.2,0.02747,0.0736
4376,1,1_2,0.2,0.03087,0.1316
4377,1,1_2,0.2,0.03345,0.0908
4378,1,1_2,0.2,0.03053,0.0951
4379,1,1_2,0.2,0.04218,0.1346
4380,1,1_2,0.2,0.03796,0.0915
4381,1,1_2,0.2,0.0395,0.0951
4382,1,1_2,0.2,0.03607,0.097
4383,1,1_2,0.2,0.02849,0.0921
4384,1,1_2,0.2,0.02553,0.07574
4385,1,1_2,0.2,0.02814,0.0773
4386,1,1_2,0.2,0.03168,0.0831
4387,1,1_2,0.2,0.04935,0.1279
4388,1,1_2,0.2,0.0276,0.10693
4389,1,1_2,0.2,0.05234,0.1077
4390,1,1_2,0.2,0.0326,0.0854
4391,1,1_2,0.2,0.02754,0.0786
4392,1,1_2,0.2,0.02946,0.0877
4393,1,1_2,0.2,0.027,0.08026
4394,1,1_2,0.2,0.04013,0.0832
4395,1,1_2,0.2,0.03235,0.1137
4396,1,1_2,0.2,0.02844,0.0872
4397,1,1_2,0.2,0.0432,0.1389
4398,1,1_2,0.2,0.0288,0.0849
4399,1,1_2,0.2,0.03635,0.08307
4400,1,1_2,0.2,0.0233,0.0775
4401,1,1_2,0.2,0.02658,0.09064
4402,1,1_2,0.2,0.0317,0.0888
4403,1,1_2,0.2,0.0316,0.1036
4404,1,1_2,0.2,0.04004,0.10944
4405,1,1_2,0.2,0.04507,0.10504
4406,1,1_2,0.2,0.04266,0.1273
4407,1,1_2,0.2,0.03326,0.0797
4408,1,1_2,0.2,0.02727,0.0901
4409,1,1_2,0.2,0.03485,0.1132
4410,1,1_2,0.2,0.03925,0.07947
4411,1,1_2,0.2,0.03195,0.074
4412,1,1_2,0.2,0.03012,0.0715
4413,1,1_2,0.2,0.03735,0.10144
4414,1,1_2,0.2,0.03983,0.0856
4415,1,1_2,0.2,0.02486,0.09875
4416,1,1_2,0.2,0.03363,0.0789
4417,1,1_2,0.2,0.03256,0.0839
4418,1,1_2,0.2,0.03284,0.11365
4419,1,1_2,0.2,0.03882,0.07947
4420,1,1_2,0.2,0.0371,0.1033
4421,1,1_2,0.2,0.03302,0.0821
4422,1,1_2,0.2,0.03113,0.0943
4423,1,1_2,0.2,0.03354,0.09125
4424,1,1_2,0.2,0.04346,0.1013
4425,1,1_2,0.2,0.03625,0.08636
4426,1,1_2,0.2,0.0386,0.0975
4427,1,1_2,0.2,0.037,0.0839
4428,1,1_2,0.2,0.0358,0.1338
4429,1,1_2,0.2,0.02739,0.07605
4430,1,1_2,0.2,0.0323,0.07855
4431,1,1_2,0.2,0.02948,0.0736
4432,1,1_2,0.2,0.02528,0.0776
4433,1,1_2,0.2,0.0425,0.0897
4434,1,1_2,0.2,0.02579,0.07263
4435,1,1_2,0.2,0.035,0.07654
4436,1,1_2,0.2,0.02802,0.09607
4437,1,1_2,0.2,0.0299,0.097
4438,1,1_2,0.2,0.0324,0.11285
4439,1,1_2,0.2,0.02316,0.07477
4440,1,1_2,0.2,0.02798,0.0748
4441,1,1_2,0.2,0.03918,0.10767
4442,1,1_2,0.2,0.03473,0.0919
4443,1,1_2,0.2,0.0289,0.074
4444,1,1_2,0.2,0.0346,0.0939
4445,1,1_2,0.2,0.02979,0.0824
4446,1,1_2,0.2,0.03098,0.0811
4447,1,1_2,0.2,0.02696,0.0951
4448,1,1_2,0.2,0.02751,0.07086
4449,1,1_2,0.2,0.0376,0.1063
4450,1,1_2,0.2,0.04318,0.0996
4451,1,1_2,0.2,0.0377,0.08154
4452,1,1_2,0.2,0.0472,0.127
4453,1,1_2,0.2,0.02888,0.0789
4454,1,1_2,0.2,0.03824,0.10046
4455,1,1_2,0.2,0.04434,0.09247
4456,1,1_2,0.2,0.03912,0.0922
4457,1,1_2,0.2,0.03278,0.07886
4458,1,1_2,0.2,0.02684,0.08057
4459,1,1_2,0.2,0.0301,0.11194
4460,1,1_2,0.2,0.029,0.08325
4461,1,1_2,0.2,0.03455,0.0786
4462,1,1_2,0.2,0.0347,0.08844
4463,1,1_2,0.2,0.03047,0.1018
4464,1,1_2,0.2,0.03323,0.0828
4465,1,1_2,0.2,0.02504,0.0728
4466,1,1_2,0.2,0.0317,0.0799
4467,1,1_2,0.2,0.0318,0.1078
4468,1,1_2,0.2,0.02933,0.0771
4469,1,1_2,0.2,0.04214,0.11865
4470,1,1_2,0.2,0.03105,0.0944
4471,1,1_2,0.2,0.0396,0.1085
4472,1,1_2,0.2,0.0404,0.1101
4473,1,1_2,0.2,0.02814,0.09454
4474,1,1_2,0.2,0.05038,0.11694
4475,1,1_2,0.2,0.03635,0.0777
4476,1,1_2,0.2,0.02428,0.10675
4477,1,1_2,0.2,0.0392,0.1299
4478,1,1_2,0.2,0.03625,0.0929
4479,1,1_2,0.2,0.0327,0.0731
4480,1,1_2,0.2,0.03442,0.0893
4481,1,1_2,0.2,0.0405,0.1115
4482,1,1_2,0.2,0.04785,0.09973
4483,1,1_2,0.2,0.02821,0.075
4484,1,1_2,0.2,0.03014,0.0769
4485,1,1_2,0.2,0.0335,0.08014
4486,1,1_2,0.2,0.0319,0.07794
4487,1,1_2,0.2,0.0342,0.12244
4488,1,1_2,0.2,0.0319,0.1075
4489,1,1_2,0.2,0.0345,0.07367
4490,1,1_2,0.2,0.02484,0.074
4491,1,1_2,0.2,0.0385,0.0782
4492,1,1_2,0.2,0.0366,0.09106
4493,1,1_2,0.2,0.03287,0.1096
4494,1,1_2,0.2,0.03119,0.09534
4495,1,1_2,0.2,0.03354,0.07513
4496,1,1_2,0.2,0.04184,0.1015
4497,1,1_2,0.2,0.03214,0.11725
4498,1,1_2,0.2,0.03558,0.1342
4499,1,1_2,0.2,0.03406,0.11426
4500,1,1_2,0.2,0.0358,0.1055
4501,1,1_2,0.2,0.039,0.11414
4502,1,1_2,0.2,0.0254,0.07086
4503,1,1_2,0.2,0.03287,0.08984
4504,1,1_2,0.2,0.03882,0.08264
4505,1,1_2,0.2,0.0501,0.1335
4506,1,1_2,0.2,0.03162,0.0926
4507,1,1_2,0.2,0.0382,0.1036
4508,1,1_2,0.2,0.02934,0.10895
4509,1,1_2,0.2,0.02925,0.0955
4510,1,1_2,0.2,0.03656,0.0864
4511,1,1_2,0.2,0.0336,0.09686
4512,1,1_2,0.2,0.02681,0.11316
4513,1,1_2,0.2,0.03223,0.10675
4514,1,1_2,0.2,0.02406,0.07513
4515,1,1_2,0.2,0.02893,0.10254
4516,1,1_2,0.2,0.0486,0.1326
4517,1,1_2,0.2,0.03583,0.0912
4518,1,1_2,0.2,0.03195,0.08685
4519,1,1_2,0.2,0.0336,0.0878
4520,1,1_2,0.2,0.02943,0.09863
4521,1,1_2,0.2,0.02681,0.082
4522,1,1_2,0.2,0.02954,0.0824
4523,1,1_2,0.2,0.05045,0.10516
4524,1,1_2,0.2,0.02785,0.0853
4525,1,1_2,0.2,0.0367,0.09125
4526,1,1_2,0.2,0.03436,0.09467
4527,1,1_2,0.2,0.03455,0.10315
4528,1,1_2,0.2,0.04147,0.098
4529,1,1_2,0.2,0.03099,0.1
4530,1,1_2,0.2,0.03452,0.0899
4531,1,1_2,0.2,0.03397,0.08514
4532,1,1_2,0.2,0.03564,0.09467
4533,1,1_2,0.2,0.0485,0.213
4534,1,1_2,0.2,0.02406,0.08453
4535,1,1_2,0.2,0.0313,0.0824
4536,1,1_2,0.2,0.04422,0.09485
4537,1,1_2,0.2,0.033,0.0893
4538,1,1_2,0.2,0.02805,0.07513
4539,1,1_2,0.2,0.03052,0.10583
4540,1,1_2,0.2,0.02702,0.0876
4541,1,1_2,0.2,0.02779,0.10443
4542,1,1_2,0.2,0.03214,0.0801
4543,1,1_2,0.2,0.03473,0.0955
4544,1,1_2,0.2,0.02689,0.07294
4545,1,1_2,0.2,0.03075,0.0882
4546,1,1_2,0.2,0.02534,0.1089
4547,1,1_2,0.2,0.04263,0.10803
4548,1,1_2,0.2,0.03616,0.09827
4549,1,1_2,0.2,0.04254,0.12067
4550,1,1_2,0.2,0.0364,0.08826
4551,1,1_2,0.2,0.02913,0.07367
4552,1,1_2,0.2,0.03064,0.0736
4553,1,1_2,0.2,0.02777,0.0913
4554,1,1_2,0.2,0.04044,0.09705
4555,1,1_2,0.2,0.04364,0.09766
4556,1,1_2,0.2,0.03293,0.0816
4557,1,1_2,0.2,0.05026,0.1252
4558,1,1_2,0.2,0.035,0.0989
4559,1,1_2,0.2,0.03745,0.0876
4560,1,1_2,0.2,0.0456,0.0919
4561,1,1_2,0.2,0.03023,0.099
4562,1,1_2,0.2,0.0365,0.08594
4563,1,1_2,0.2,0.03912,0.1349
4564,1,1_2,0.2,0.02623,0.0811
4565,1,1_2,0.2,0.03775,0.07794
4566,1,1_2,0.2,0.02652,0.07794
4567,1,1_2,0.2,0.0271,0.10034
4568,1,1_2,0.2,0.03665,0.1213
4569,1,1_2,0.2,0.037,0.0815
4570,1,1_2,0.2,0.03244,0.1027
4571,1,1_2,0.2,0.036,0.1071
4572,1,1_2,0.2,0.03032,0.07635
4573,1,1_2,0.2,0.0349,0.1024
4574,1,1_2,0.2,0.02962,0.08344
4575,1,1_2,0.2,0.02594,0.0956
4576,1,1_2,0.2,0.0252,0.08026
4577,1,1_2,0.2,0.03873,0.11224
4578,1,1_2,0.2,0.04633,0.123
4579,1,1_2,0.2,0.04062,0.099
4580,1,1_2,0.2,0.0428,0.0835
4581,1,1_2,0.2,0.04922,0.1274
4582,1,1_2,0.2,0.03864,0.08594
4583,1,1_2,0.2,0.03528,0.104
4584,1,1_2,0.2,0.03458,0.08
4585,1,1_2,0.2,0.02852,0.1016
4586,1,1_2,0.2,0.03244,0.0793
4587,1,1_2,0.2,0.04773,0.0987
4588,1,1_2,0.2,0.04428,0.113
4589,1,1_2,0.2,0.0334,0.08844
4590,1,1_2,0.2,0.039,0.0997
4591,1,1_2,0.2,0.02516,0.0758
4592,1,1_2,0.2,0.0421,0.0897
4593,1,1_2,0.2,0.02872,0.11816
4594,1,1_2,0.2,0.0286,0.0849
4595,1,1_2,0.2,0.03464,0.1235
4596,1,1_2,0.2,0.02974,0.1051
4597,1,1_2,0.2,0.0367,0.0927
4598,1,1_2,0.2,0.0248,0.07513
4599,1,1_2,0.2,0.0277,0.08
4600,1,1_2,0.2,0.04138,0.0886
4601,1,1_2,0.2,0.03845,0.0895
4602,1,1_2,0.2,0.0357,0.0992
4603,1,1_2,0.2,0.02892,0.1449
4604,1,1_2,0.2,0.0481,0.0937
4605,1,1_2,0.2,0.03117,0.0899
4606,1,1_2,0.2,0.038,0.1159
4607,1,1_2,0.2,0.04633,0.092
4608,1,1_2,0.2,0.03072,0.0782
4609,1,1_2,0.2,0.04343,0.1334
4610,1,1_2,0.2,0.0284,0.09033
4611,1,1_2,0.2,0.03995,0.1295
4612,1,1_2,0.2,0.0388,0.1351
4613,1,1_2,0.2,0.03162,0.0931
4614,1,1_2,0.2,0.0398,0.0893
4615,1,1_2,0.2,0.02931,0.09985
4616,1,1_2,0.2,0.02753,0.07623
4617,1,1_2,0.2,0.02777,0.07336
4618,1,1_2,0.2,0.03497,0.0955
4619,1,1_2,0.2,0.03946,0.10077
4620,1,1_2,0.2,0.04034,0.1137
4621,1,1_2,0.2,0.0335,0.0932
4622,1,1_2,0.2,0.03687,0.0901
4623,1,1_2,0.2,0.03348,0.0852
4624,1,1_2,0.2,0.03848,0.1398
4625,1,1_2,0.2,0.0426,0.0931
4626,1,1_2,0.2,0.05865,0.11914
4627,1,1_2,0.2,0.03177,0.09265
4628,1,1_2,0.2,0.04523,0.08386
4629,1,1_2,0.2,0.02927,0.07654
4630,1,1_2,0.2,0.04053,0.08954
4631,1,1_2,0.2,0.02391,0.07306
4632,1,1_2,0.2,0.04102,0.09766
4633,1,1_2,0.2,0.03882,0.09424
4634,1,1_2,0.2,0.02502,0.07526
4635,1,1_2,0.2,0.025,0.084
4636,1,1_2,0.2,0.02997,0.0898
4637,1,1_2,0.2,0.0314,0.08813
4638,1,1_2,0.2,0.02856,0.0957
4639,1,1_2,0.2,0.02713,0.10364
4640,1,1_2,0.2,0.03125,0.0825
4641,1,1_2,0.2,0.02931,0.0859
4642,1,1_2,0.2,0.04514,0.09796
4643,1,1_2,0.2,0.02866,0.0853
4644,1,1_2,0.2,0.02504,0.07855
4645,1,1_2,0.2,0.02586,0.08545
4646,1,1_2,0.2,0.03885,0.11584
4647,1,1_2,0.2,0.02892,0.10333
4648,1,1_2,0.2,0.03125,0.0802
4649,1,1_2,0.2,0.02417,0.09076
4650,1,1_2,0.2,0.02945,0.08545
4651,1,1_2,0.2,0.05164,0.1301
4652,1,1_2,0.2,0.03117,0.1015
4653,1,1_2,0.2,0.03214,0.0928
4654,1,1_2,0.2,0.0403,0.1321
4655,1,1_2,0.2,0.04556,0.10254
4656,1,1_2,0.2,0.03476,0.0899
4657,1,1_2,0.2,0.05237,0.09937
4658,1,1_2,0.2,0.03137,0.0874
4659,1,1_2,0.2,0.03366,0.1364
4660,1,1_2,0.2,0.02351,0.07465
4661,1,1_2,0.2,0.0409,0.1076
4662,1,1_2,0.2,0.0288,0.0803
4663,1,1_2,0.2,0.03687,0.0833
4664,1,1_2,0.2,0.03696,0.0898
4665,1,1_2,0.2,0.02574,0.07666
4666,1,1_2,0.2,0.04285,0.09705
4667,1,1_2,0.2,0.0367,0.08527
4668,1,1_2,0.2,0.02855,0.10016
4669,1,1_2,0.2,0.03604,0.09644
4670,1,1_2,0.2,0.02716,0.0813
4671,1,1_2,0.2,0.03,0.1027
4672,1,1_2,0.2,0.03897,0.0874
4673,1,1_2,0.2,0.02928,0.0841
4674,1,1_2,0.2,0.02539,0.07684
4675,1,1_2,0.2,0.04178,0.137
4676,1,1_2,0.2,0.0321,0.08356
4677,1,1_2,0.2,0.03065,0.0799
4678,1,1_2,0.2,0.02553,0.07434
4679,1,1_2,0.2,0.04935,0.1047
4680,1,1_2,0.2,0.03091,0.08466
4681,1,1_2,0.2,0.0328,0.09436
4682,1,1_2,0.2,0.04102,0.1239
4683,1,1_2,0.2,0.0354,0.09515
4684,1,1_2,0.2,0.02577,0.08923
4685,1,1_2,0.2,0.04196,0.11456
4686,1,1_2,0.2,0.02307,0.0766
4687,1,1_2,0.2,0.03073,0.0822
4688,1,1_2,0.2,0.02759,0.09393
4689,1,1_2,0.2,0.02954,0.07214
4690,1,1_2,0.2,0.02449,0.0724
4691,1,1_2,0.2,0.03836,0.0829
4692,1,1_2,0.2,0.0381,0.0826
4693,1,1_2,0.2,0.045,0.09143
4694,1,1_2,0.2,0.02664,0.07477
4695,1,1_2,0.2,0.0328,0.098
4696,1,1_2,0.2,0.03198,0.07404
4697,1,1_2,0.2,0.03635,0.081
4698,1,1_2,0.2,0.03732,0.1344
4699,1,1_2,0.2,0.03268,0.1244
4700,1,1_2,0.2,0.03763,0.09827
4701,1,1_2,0.2,0.07874,0.1327
4702,1,1_2,0.2,0.0344,0.0911
4703,1,1_2,0.2,0.0328,0.0947
4704,1,1_2,0.2,0.03528,0.0983
4705,1,1_2,0.2,0.03735,0.10657
4706,1,1_2,0.2,0.0355,0.0963
4707,1,1_2,0.2,0.05035,0.122
4708,1,1_2,0.2,0.03812,0.1147
4709,1,1_2,0.2,0.03842,0.1032
4710,1,1_2,0.2,0.04495,0.11835
4711,1,1_2,0.2,0.03458,0.10443
4712,1,1_2,0.2,0.05533,0.1687
4713,1,1_2,0.2,0.04187,0.10315
4714,1,1_2,0.2,0.03223,0.08325
4715,1,1_2,0.2,0.03595,0.1159
4716,1,1_2,0.2,0.02632,0.0757
4717,1,1_2,0.2,0.03958,0.0852
4718,1,1_2,0.2,0.03568,0.0835
4719,1,1_2,0.2,0.03445,0.1176
4720,1,1_2,0.2,0.03812,0.11304
4721,1,1_2,0.2,0.02834,0.0871
4722,1,1_2,0.2,0.03503,0.07916
4723,1,1_2,0.2,0.042,0.09064
4724,1,1_2,0.2,0.03253,0.0842
4725,1,1_2,0.2,0.02663,0.0825
4726,1,1_2,0.2,0.02629,0.07654
4727,1,1_2,0.2,0.04108,0.09326
4728,1,1_2,0.2,0.02365,0.0755
4729,1,1_2,0.2,0.0431,0.10834
4730,1,1_2,0.2,0.03427,0.08057
4731,1,1_2,0.2,0.03738,0.08655
4732,1,1_2,0.2,0.02382,0.081
4733,1,1_2,0.2,0.0453,0.08453
4734,1,1_2,0.2,0.05637,0.1113
4735,1,1_2,0.2,0.03363,0.07574
4736,1,1_2,0.2,0.02942,0.0725
4737,1,1_2,0.2,0.03503,0.0832
4738,1,1_2,0.2,0.03833,0.094
4739,1,1_2,0.2,0.03757,0.0863
4740,1,1_2,0.2,0.0346,0.10144
4741,1,1_2,0.2,0.02678,0.0754
4742,1,1_2,0.2,0.03677,0.0775
4743,1,1_2,0.2,0.02478,0.08716
4744,1,1_2,0.2,0.02827,0.10333
4745,1,1_2,0.2,0.0313,0.0813
4746,1,1_2,0.2,0.03906,0.0901
4747,1,1_2,0.2,0.02904,0.0787
4748,1,1_2,0.2,0.0342,0.0876
4749,1,1_2,0.2,0.03693,0.1272
4750,1,1_2,0.2,0.03256,0.07825
4751,1,1_2,0.2,0.03934,0.09424
4752,1,1_2,0.2,0.03427,0.1103
4753,1,1_2,0.2,0.03183,0.0851
4754,1,1_2,0.2,0.041,0.10455
4755,1,1_2,0.2,0.02551,0.0944
4756,1,1_2,0.2,0.0336,0.09265
4757,1,1_2,0.2,0.02629,0.0941
4758,1,1_2,0.2,0.02904,0.0874
4759,1,1_2,0.2,0.04056,0.1114
4760,1,1_2,0.2,0.04672,0.11444
4761,1,1_2,0.2,0.03177,0.10565
4762,1,1_2,0.2,0.02571,0.0848
4763,1,1_2,0.2,0.03162,0.08435
4764,1,1_2,0.2,0.02534,0.09546
4765,1,1_2,0.2,0.03976,0.12164
4766,1,1_2,0.2,0.0365,0.0896
4767,1,1_2,0.2,0.03647,0.1054
4768,1,1_2,0.2,0.05,0.0942
4769,1,1_2,0.2,0.03802,0.09796
4770,1,1_2,0.2,0.03497,0.0881
4771,1,1_2,0.2,0.02785,0.0797
4772,1,1_2,0.2,0.02791,0.0835
4773,1,1_2,0.2,0.03818,0.08795
4774,1,1_2,0.2,0.03638,0.0909
4775,1,1_2,0.2,0.0407,0.1097
4776,1,1_2,0.2,0.03473,0.0853
4777,1,1_2,0.2,0.02711,0.081
4778,1,1_2,0.2,0.04184,0.1021
4779,1,1_2,0.2,0.03014,0.10144
4780,1,1_2,0.2,0.04544,0.11035
4781,1,1_2,0.2,0.04153,0.0996
4782,1,1_2,0.2,0.03247,0.0942
4783,1,1_2,0.2,0.03806,0.09467
4784,1,1_2,0.2,0.03006,0.0869
4785,1,1_2,0.2,0.0316,0.082
4786,1,1_2,0.2,0.05054,0.1431
4787,1,1_2,0.2,0.02655,0.0822
4788,1,1_2,0.2,0.02316,0.0721
4789,1,1_2,0.2,0.0346,0.09546
4790,1,1_2,0.2,0.03613,0.09125
4791,1,1_2,0.2,0.02872,0.0772
4792,1,1_2,0.2,0.03001,0.0763
4793,1,1_2,0.2,0.03818,0.08276
4794,1,1_2,0.2,0.03152,0.0774
4795,1,1_2,0.2,0.02711,0.0898
4796,1,1_2,0.2,0.03574,0.09784
4797,1,1_2,0.2,0.02588,0.1089
4798,1,1_2,0.2,0.03464,0.1105
4799,1,1_2,0.2,0.03607,0.08417
4800,1,1_2,0.2,0.0313,0.0877
4801,1,1_2,0.2,0.03818,0.09094
4802,1,1_2,0.2,0.04263,0.08496
4803,1,1_2,0.2,0.0256,0.0738
4804,1,1_2,0.2,0.0432,0.1159
4805,1,1_2,0.2,0.02992,0.0901
4806,1,1_2,0.2,0.02971,0.07446
4807,1,1_2,0.2,0.0354,0.08795
4808,1,1_2,0.2,0.0498,0.1007
4809,1,1_2,0.2,0.02596,0.09247
4810,1,1_2,0.2,0.04572,0.10095
4811,1,1_2,0.2,0.03238,0.07965
4812,1,1_2,0.2,0.0505,0.1021
4813,1,1_2,0.2,0.02821,0.07306
4814,1,1_2,0.2,0.03128,0.0899
4815,1,1_2,0.2,0.02563,0.0785
4816,1,1_2,0.2,0.02994,0.0963
4817,1,1_2,0.2,0.02602,0.0877
4818,1,1_2,0.2,0.03183,0.0773
4819,1,1_2,0.2,0.03653,0.1175
4820,1,1_2,0.2,0.03256,0.0841
4821,1,1_2,0.2,0.03128,0.0813
4822,1,1_2,0.2,0.04166,0.11725
4823,1,1_2,0.2,0.02849,0.08246
4824,1,1_2,0.2,0.03934,0.0974
4825,1,1_2,0.2,0.02762,0.09534
4826,1,1_2,0.2,0.02866,0.08307
4827,1,1_2,0.2,0.02448,0.0757
4828,1,1_2,0.2,0.02946,0.0813
4829,1,1_2,0.2,0.03528,0.1008
4830,1,1_2,0.2,0.02586,0.0928
4831,1,1_2,0.2,0.0428,0.11395
4832,1,1_2,0.2,0.0382,0.1219
4833,1,1_2,0.2,0.03102,0.0779
4834,1,1_2,0.2,0.02835,0.07886
4835,1,1_2,0.2,0.03867,0.0873
4836,1,1_2,0.2,0.032,0.07855
4837,1,1_2,0.2,0.0411,0.09875
4838,1,1_2,0.2,0.02965,0.0744
4839,1,1_2,0.2,0.03284,0.07574
4840,1,1_2,0.2,0.055,0.12286
4841,1,1_2,0.2,0.0266,0.0909
4842,1,1_2,0.2,0.0319,0.0831
4843,1,1_2,0.2,0.0303,0.08606
4844,1,1_2,0.2,0.03918,0.0865
4845,1,1_2,0.2,0.0274,0.074
4846,1,1_2,0.2,0.02657,0.0778
4847,1,1_2,0.2,0.0353,0.1075
4848,1,1_2,0.2,0.033,0.0858
4849,1,1_2,0.2,0.02687,0.1046
4850,1,1_2,0.2,0.03723,0.10706
4851,1,1_2,0.2,0.04297,0.0906
4852,1,1_2,0.2,0.02797,0.07806
4853,1,1_2,0.2,0.04404,0.0896
4854,1,1_2,0.2,0.03062,0.0962
4855,1,1_2,0.2,0.02815,0.0741
4856,1,1_2,0.2,0.03152,0.0967
4857,1,1_2,0.2,0.0469,0.11206
4858,1,1_2,0.2,0.03058,0.08484
4859,1,1_2,0.2,0.04785,0.1121
4860,1,1_2,0.2,0.03452,0.10736
4861,1,1_2,0.2,0.03366,0.0801
4862,1,1_2,0.2,0.02411,0.0809
4863,1,1_2,0.2,0.02472,0.075
4864,1,1_2,0.2,0.04062,0.1328
4865,1,1_2,0.2,0.02634,0.09064
4866,1,1_2,0.2,0.02599,0.0901
4867,1,1_2,0.2,0.0245,0.08167
4868,1,1_2,0.2,0.04028,0.0964
4869,1,1_2,0.2,0.04135,0.0856
4870,1,1_2,0.2,0.0329,0.09406
4871,1,1_2,0.2,0.02504,0.0809
4872,1,1_2,0.2,0.03268,0.08905
4873,1,1_2,0.2,0.04007,0.1056
4874,1,1_2,0.2,0.03867,0.0978
4875,1,1_2,0.2,0.02902,0.0851
4876,1,1_2,0.2,0.03552,0.0885
4877,1,1_2,0.2,0.0337,0.07947
4878,1,1_2,0.2,0.02826,0.0807
4879,1,1_2,0.2,0.03555,0.0866
4880,1,1_2,0.2,0.0461,0.1093
4881,1,1_2,0.2,0.02827,0.1149
4882,1,1_2,0.2,0.03117,0.07886
4883,1,1_2,0.2,0.03586,0.0922
4884,1,1_2,0.2,0.035,0.09033
4885,1,1_2,0.2,0.0355,0.09485
4886,1,1_2,0.2,0.02429,0.0777
4887,1,1_2,0.2,0.0409,0.07886
4888,1,1_2,0.2,0.02943,0.1122
4889,1,1_2,0.2,0.02853,0.0753
4890,1,1_2,0.2,0.0283,0.0708
4891,1,1_2,0.2,0.03302,0.079
4892,1,1_2,0.2,0.02504,0.0792
4893,1,1_2,0.2,0.04272,0.10583
4894,1,1_2,0.2,0.04504,0.0922
4895,1,1_2,0.2,0.04025,0.09436
4896,1,1_2,0.2,0.04,0.1138
4897,1,1_2,0.2,0.02763,0.078
4898,1,1_2,0.2,0.0459,0.1527
4899,1,1_2,0.2,0.03442,0.0867
4900,1,1_2,0.2,0.02878,0.092
4901,1,1_2,0.2,0.02794,0.0728
4902,1,1_2,0.2,0.04196,0.091
4903,1,1_2,0.2,0.03632,0.0843
4904,1,1_2,0.2,0.02582,0.0754
4905,1,1_2,0.2,0.03748,0.08484
4906,1,1_2,0.2,0.03702,0.08344
4907,1,1_2,0.2,0.03943,0.0932
4908,1,1_2,0.2,0.03592,0.10986
4909,1,1_2,0.2,0.04858,0.133
4910,1,1_2,0.2,0.0304,0.0832
4911,1,1_2,0.2,0.03467,0.08124
4912,1,1_2,0.2,0.0417,0.1089
4913,1,1_2,0.2,0.02559,0.0827
4914,1,1_2,0.2,0.02849,0.0741
4915,1,1_2,0.2,0.04788,0.1263
4916,1,1_2,0.2,0.03458,0.0856
4917,1,1_2,0.2,0.03604,0.0921
4918,1,1_2,0.2,0.04565,0.1002
4919,1,1_2,0.2,0.02847,0.09235
4920,1,1_2,0.2,0.04465,0.0839
4921,1,1_2,0.2,0.03885,0.1559
4922,1,1_2,0.2,0.02785,0.0863
4923,1,1_2,0.2,0.0355,0.1327
4924,1,1_2,0.2,0.03986,0.09674
4925,1,1_2,0.2,0.03375,0.0783
4926,1,1_2,0.2,0.02538,0.0815
4927,1,1_2,0.2,0.0388,0.0918
4928,1,1_2,0.2,0.03387,0.08594
4929,1,1_2,0.2,0.02844,0.07715
4930,1,1_2,0.2,0.02992,0.07666
4931,1,1_2,0.2,0.03467,0.09344
4932,1,1_2,0.2,0.02837,0.077
4933,1,1_2,0.2,0.02644,0.0868
4934,1,1_2,0.2,0.04266,0.10785
4935,1,1_2,0.2,0.02937,0.0831
4936,1,1_2,0.2,0.0288,0.0747
4937,1,1_2,0.2,0.0418,0.10657
4938,1,1_2,0.2,0.02704,0.08405
4939,1,1_2,0.2,0.03044,0.08997
4940,1,1_2,0.2,0.0293,0.0745
4941,1,1_2,0.2,0.03577,0.0905
4942,1,1_2,0.2,0.02542,0.08356
4943,1,1_2,0.2,0.02673,0.0844
4944,1,1_2,0.2,0.02596,0.0761
4945,1,1_2,0.2,0.03888,0.09515
4946,1,1_2,0.2,0.03302,0.1007
4947,1,1_2,0.2,0.0399,0.10785
4948,1,1_2,0.2,0.0325,0.1089
4949,1,1_2,0.2,0.03275,0.08563
4950,1,1_2,0.2,0.03705,0.08276
4951,1,1_2,0.2,0.02704,0.07874
4952,1,1_2,0.2,0.0381,0.0859
4953,1,1_2,0.2,0.0348,0.11194
4954,1,1_2,0.2,0.0415,0.0955
4955,1,1_2,0.2,0.0402,0.08795
4956,1,1_2,0.2,0.03029,0.0969
4957,1,1_2,0.2,0.04504,0.09467
4958,1,1_2,0.2,0.02353,0.09
4959,1,1_2,0.2,0.03635,0.0949
4960,1,1_2,0.2,0.02585,0.07605
4961,1,1_2,0.2,0.03278,0.1042
4962,1,1_2,0.2,0.02725,0.0798
4963,1,1_2,0.2,0.03305,0.08673
4964,1,1_2,0.2,0.02599,0.12006
4965,1,1_2,0.2,0.04556,0.10565
4966,1,1_2,0.2,0.0456,0.09546
4967,1,1_2,0.2,0.04745,0.10016
4968,1,1_2,0.2,0.05432,0.1232
4969,1,1_2,0.2,0.04193,0.11115
4970,1,1_2,0.2,0.03143,0.11835
4971,1,1_2,0.2,0.0315,0.0783
4972,1,1_2,0.2,0.02904,0.0813
4973,1,1_2,0.2,0.0313,0.10516
4974,1,1_2,0.2,0.02663,0.074
4975,1,1_2,0.2,0.04318,0.11554
4976,1,1_2,0.2,0.04266,0.0948
4977,1,1_2,0.2,0.04865,0.10767
4978,1,1_2,0.2,0.02794,0.1072
4979,1,1_2,0.2,0.039,0.11865
4980,1,1_2,0.2,0.03452,0.0767
4981,1,1_2,0.2,0.0301,0.08514
4982,1,1_2,0.2,0.03915,0.1178
4983,1,1_2,0.2,0.0338,0.1102
4984,1,1_2,0.2,0.0448,0.1454
4985,1,1_2,0.2,0.04083,0.08887
4986,1,1_2,0.2,0.03232,0.084
4987,1,1_2,0.2,0.03427,0.0798
4988,1,1_2,0.2,0.03024,0.08875
4989,1,1_2,0.2,0.03577,0.08405
4990,1,1_2,0.2,0.0455,0.1207
4991,1,1_2,0.2,0.02821,0.0845
4992,1,1_2,0.2,0.0439,0.0961
4993,1,1_2,0.2,0.02768,0.1366
4994,1,1_2,0.2,0.03647,0.0923
4995,1,1_2,0.2,0.0413,0.08655
4996,1,1_2,0.2,0.03955,0.10034
4997,1,1_2,0.2,0.02956,0.0881
4998,1,1_2,0.2,0.03552,0.0943
4999,1,1_2,0.2,0.04672,0.1061
5000,1,1_2,0.3,0.04718,0.1461
5001,1,1_2,0.3,0.0617,0.1216
5002,1,1_2,0.3,0.03882,0.077
5003,1,1_2,0.3,0.0357,0.0749
5004,1,1_2,0.3,0.05145,0.0967
5005,1,1_2,0.3,0.03433,0.0796
5006,1,1_2,0.3,0.04742,0.10156
5007,1,1_2,0.3,0.05493,0.11365
5008,1,1_2,0.3,0.04202,0.0957
5009,1,1_2,0.3,0.0446,0.08685
5010,1,1_2,0.3,0.0578,0.09784
5011,1,1_2,0.3,0.05283,0.1066
5012,1,1_2,0.3,0.06995,0.10583
5013,1,1_2,0.3,0.04962,0.0932
5014,1,1_2,0.3,0.0421,0.1431
5015,1,1_2,0.3,0.0376,0.1042
5016,1,1_2,0.3,0.05627,0.09656
5017,1,1_2,0.3,0.0491,0.1111
5018,1,1_2,0.3,0.0533,0.1344
5019,1,1_2,0.3,0.04105,0.0884
5020,1,1_2,0.3,0.04205,0.10095
5021,1,1_2,0.3,0.03433,0.0871
5022,1,1_2,0.3,0.04874,0.1063
5023,1,1_2,0.3,0.0568,0.1225
5024,1,1_2,0.3,0.044,0.1014
5025,1,1_2,0.3,0.06116,0.1023
5026,1,1_2,0.3,0.03644,0.0796
5027,1,1_2,0.3,0.0571,0.1139
5028,1,1_2,0.3,0.04028,0.0758
5029,1,1_2,0.3,0.03592,0.0922
5030,1,1_2,0.3,0.04535,0.09564
5031,1,1_2,0.3,0.0373,0.0968
5032,1,1_2,0.3,0.0459,0.092
5033,1,1_2,0.3,0.0468,0.1006
5034,1,1_2,0.3,0.0555,0.1184
5035,1,1_2,0.3,0.03806,0.1106
5036,1,1_2,0.3,0.03854,0.0848
5037,1,1_2,0.3,0.06055,0.1082
5038,1,1_2,0.3,0.0519,0.094
5039,1,1_2,0.3,0.0523,0.08923
5040,1,1_2,0.3,0.0386,0.07623
5041,1,1_2,0.3,0.03436,0.08093
5042,1,1_2,0.3,0.03888,0.09344
5043,1,1_2,0.3,0.03497,0.095
5044,1,1_2,0.3,0.0313,0.08856
5045,1,1_2,0.3,0.0659,0.1143
5046,1,1_2,0.3,0.05258,0.11676
5047,1,1_2,0.3,0.05658,0.175
5048,1,1_2,0.3,0.05862,0.0984
5049,1,1_2,0.3,0.03644,0.09863
5050,1,1_2,0.3,0.04175,0.1054
5051,1,1_2,0.3,0.05087,0.10406
5052,1,1_2,0.3,0.04642,0.1055
5053,1,1_2,0.3,0.0779,0.1409
5054,1,1_2,0.3,0.0379,0.0987
5055,1,1_2,0.3,0.0543,0.1083
5056,1,1_2,0.3,0.038,0.081
5057,1,1_2,0.3,0.03793,0.1401
5058,1,1_2,0.3,0.0414,0.1097
5059,1,1_2,0.3,0.0392,0.08606
5060,1,1_2,0.3,0.0346,0.1082
5061,1,1_2,0.3,0.03876,0.117
5062,1,1_2,0.3,0.0463,0.1263
5063,1,1_2,0.3,0.0357,0.0802
5064,1,1_2,0.3,0.04678,0.0926
5065,1,1_2,0.3,0.0516,0.1514
5066,1,1_2,0.3,0.03757,0.12054
5067,1,1_2,0.3,0.05075,0.0944
5068,1,1_2,0.3,0.0343,0.0812
5069,1,1_2,0.3,0.04355,0.1384
5070,1,1_2,0.3,0.05466,0.10736
5071,1,1_2,0.3,0.0449,0.08905
5072,1,1_2,0.3,0.03992,0.0861
5073,1,1_2,0.3,0.03973,0.0765
5074,1,1_2,0.3,0.04553,0.093
5075,1,1_2,0.3,0.05118,0.11896
5076,1,1_2,0.3,0.0624,0.11566
5077,1,1_2,0.3,0.04373,0.08105
5078,1,1_2,0.3,0.04938,0.10486
5079,1,1_2,0.3,0.03073,0.0859
5080,1,1_2,0.3,0.03885,0.09296
5081,1,1_2,0.3,0.04843,0.0987
5082,1,1_2,0.3,0.06247,0.1165
5083,1,1_2,0.3,0.0352,0.08453
5084,1,1_2,0.3,0.04614,0.10187
5085,1,1_2,0.3,0.0535,0.1256
5086,1,1_2,0.3,0.04062,0.1078
5087,1,1_2,0.3,0.04922,0.1183
5088,1,1_2,0.3,0.0446,0.1209
5089,1,1_2,0.3,0.05457,0.10516
5090,1,1_2,0.3,0.0626,0.09674
5091,1,1_2,0.3,0.0573,0.1156
5092,1,1_2,0.3,0.0524,0.1226
5093,1,1_2,0.3,0.04874,0.1063
5094,1,1_2,0.3,0.05194,0.11224
5095,1,1_2,0.3,0.04614,0.1124
5096,1,1_2,0.3,0.05698,0.1404
5097,1,1_2,0.3,0.0411,0.0923
5098,1,1_2,0.3,0.0637,0.11774
5099,1,1_2,0.3,0.0377,0.1055
5100,1,1_2,0.3,0.04712,0.09863
5101,1,1_2,0.3,0.04382,0.0946
5102,1,1_2,0.3,0.0401,0.1238
5103,1,1_2,0.3,0.04233,0.0859
5104,1,1_2,0.3,0.0709,0.12
5105,1,1_2,0.3,0.04456,0.1261
5106,1,1_2,0.3,0.03793,0.09906
5107,1,1_2,0.3,0.05914,0.09973
5108,1,1_2,0.3,0.0402,0.0854
5109,1,1_2,0.3,0.03177,0.0989
5110,1,1_2,0.3,0.03687,0.08734
5111,1,1_2,0.3,0.04715,0.1265
5112,1,1_2,0.3,0.04175,0.10693
5113,1,1_2,0.3,0.0582,0.1184
5114,1,1_2,0.3,0.05222,0.1007
5115,1,1_2,0.3,0.0395,0.08905
5116,1,1_2,0.3,0.05396,0.09045
5117,1,1_2,0.3,0.034,0.0923
5118,1,1_2,0.3,0.0746,0.1376
5119,1,1_2,0.3,0.03833,0.0968
5120,1,1_2,0.3,0.03708,0.08875
5121,1,1_2,0.3,0.0449,0.09796
5122,1,1_2,0.3,0.0376,0.1005
5123,1,1_2,0.3,0.05966,0.1018
5124,1,1_2,0.3,0.03087,0.0825
5125,1,1_2,0.3,0.0498,0.1098
5126,1,1_2,0.3,0.05383,0.1109
5127,1,1_2,0.3,0.04068,0.1207
5128,1,1_2,0.3,0.0355,0.0913
5129,1,1_2,0.3,0.046,0.10236
5130,1,1_2,0.3,0.06223,0.122
5131,1,1_2,0.3,0.0482,0.1189
5132,1,1_2,0.3,0.06537,0.1078
5133,1,1_2,0.3,0.05014,0.10956
5134,1,1_2,0.3,0.0512,0.10596
5135,1,1_2,0.3,0.0617,0.1453
5136,1,1_2,0.3,0.05878,0.1159
5137,1,1_2,0.3,0.0447,0.1324
5138,1,1_2,0.3,0.04892,0.11694
5139,1,1_2,0.3,0.0367,0.09393
5140,1,1_2,0.3,0.0643,0.1161
5141,1,1_2,0.3,0.03717,0.1063
5142,1,1_2,0.3,0.03275,0.0829
5143,1,1_2,0.3,0.05084,0.09454
5144,1,1_2,0.3,0.04703,0.0932
5145,1,1_2,0.3,0.0637,0.11334
5146,1,1_2,0.3,0.03955,0.0854
5147,1,1_2,0.3,0.03482,0.086
5148,1,1_2,0.3,0.033,0.0852
5149,1,1_2,0.3,0.06305,0.1241
5150,1,1_2,0.3,0.0322,0.0874
5151,1,1_2,0.3,0.04416,0.1041
5152,1,1_2,0.3,0.0368,0.0891
5153,1,1_2,0.3,0.0573,0.1267
5154,1,1_2,0.3,0.03986,0.09644
5155,1,1_2,0.3,0.04706,0.11316
5156,1,1_2,0.3,0.0644,0.1447
5157,1,1_2,0.3,0.04904,0.1339
5158,1,1_2,0.3,0.05078,0.129
5159,1,1_2,0.3,0.0407,0.1222
5160,1,1_2,0.3,0.03845,0.092
5161,1,1_2,0.3,0.0327,0.0783
5162,1,1_2,0.3,0.03024,0.08795
5163,1,1_2,0.3,0.05844,0.1396
5164,1,1_2,0.3,0.03552,0.1029
5165,1,1_2,0.3,0.03836,0.0971
5166,1,1_2,0.3,0.03818,0.0841
5167,1,1_2,0.3,0.03525,0.088
5168,1,1_2,0.3,0.05542,0.1159
5169,1,1_2,0.3,0.03342,0.07654
5170,1,1_2,0.3,0.033,0.08453
5171,1,1_2,0.3,0.04605,0.1
5172,1,1_2,0.3,0.05457,0.1464
5173,1,1_2,0.3,0.05545,0.11554
5174,1,1_2,0.3,0.04044,0.12177
5175,1,1_2,0.3,0.03653,0.0813
5176,1,1_2,0.3,0.036,0.0839
5177,1,1_2,0.3,0.03406,0.0928
5178,1,1_2,0.3,0.06088,0.1203
5179,1,1_2,0.3,0.04416,0.1048
5180,1,1_2,0.3,0.0634,0.1335
5181,1,1_2,0.3,0.03122,0.0807
5182,1,1_2,0.3,0.0522,0.1034
5183,1,1_2,0.3,0.0789,0.1594
5184,1,1_2,0.3,0.04352,0.10376
5185,1,1_2,0.3,0.03403,0.1339
5186,1,1_2,0.3,0.04822,0.1079
5187,1,1_2,0.3,0.03937,0.1167
5188,1,1_2,0.3,0.0401,0.0967
5189,1,1_2,0.3,0.03442,0.0808
5190,1,1_2,0.3,0.0398,0.09375
5191,1,1_2,0.3,0.0495,0.11145
5192,1,1_2,0.3,0.0397,0.0929
5193,1,1_2,0.3,0.0502,0.0974
5194,1,1_2,0.3,0.03001,0.0838
5195,1,1_2,0.3,0.05908,0.12146
5196,1,1_2,0.3,0.0346,0.0884
5197,1,1_2,0.3,0.0528,0.11505
5198,1,1_2,0.3,0.04327,0.11035
5199,1,1_2,0.3,0.05026,0.1065
5200,1,1_2,0.3,0.0369,0.0847
5201,1,1_2,0.3,0.03934,0.0919
5202,1,1_2,0.3,0.04755,0.12463
5203,1,1_2,0.3,0.05963,0.0988
5204,1,1_2,0.3,0.05756,0.1328
5205,1,1_2,0.3,0.03114,0.08246
5206,1,1_2,0.3,0.0441,0.09955
5207,1,1_2,0.3,0.0561,0.0943
5208,1,1_2,0.3,0.0419,0.1032
5209,1,1_2,0.3,0.0339,0.11304
5210,1,1_2,0.3,0.0429,0.1609
5211,1,1_2,0.3,0.05862,0.11237
5212,1,1_2,0.3,0.04272,0.1015
5213,1,1_2,0.3,0.05075,0.1039
5214,1,1_2,0.3,0.05524,0.112
5215,1,1_2,0.3,0.03928,0.0934
5216,1,1_2,0.3,0.0394,0.1105
5217,1,1_2,0.3,0.03406,0.10284
5218,1,1_2,0.3,0.04858,0.10614
5219,1,1_2,0.3,0.05185,0.1271
5220,1,1_2,0.3,0.05212,0.1178
5221,1,1_2,0.3,0.0518,0.1202
5222,1,1_2,0.3,0.05817,0.094
5223,1,1_2,0.3,0.04025,0.1024
5224,1,1_2,0.3,0.04248,0.1119
5225,1,1_2,0.3,0.05316,0.1094
5226,1,1_2,0.3,0.03937,0.0837
5227,1,1_2,0.3,0.05463,0.1151
5228,1,1_2,0.3,0.04312,0.10077
5229,1,1_2,0.3,0.04178,0.08435
5230,1,1_2,0.3,0.04956,0.0971
5231,1,1_2,0.3,0.0632,0.1471
5232,1,1_2,0.3,0.04028,0.0958
5233,1,1_2,0.3,0.05396,0.1473
5234,1,1_2,0.3,0.0699,0.155
5235,1,1_2,0.3,0.04593,0.0959
5236,1,1_2,0.3,0.05035,0.0894
5237,1,1_2,0.3,0.05316,0.1558
5238,1,1_2,0.3,0.03308,0.08527
5239,1,1_2,0.3,0.0579,0.1204
5240,1,1_2,0.3,0.03366,0.09314
5241,1,1_2,0.3,0.0393,0.094
5242,1,1_2,0.3,0.04025,0.10474
5243,1,1_2,0.3,0.05743,0.1157
5244,1,1_2,0.3,0.02832,0.088
5245,1,1_2,0.3,0.04156,0.09296
5246,1,1_2,0.3,0.03775,0.0841
5247,1,1_2,0.3,0.0492,0.1351
5248,1,1_2,0.3,0.04843,0.1268
5249,1,1_2,0.3,0.05905,0.1232
5250,1,1_2,0.3,0.04645,0.1139
5251,1,1_2,0.3,0.049,0.11365
5252,1,1_2,0.3,0.0479,0.1228
5253,1,1_2,0.3,0.03766,0.08105
5254,1,1_2,0.3,0.03833,0.08563
5255,1,1_2,0.3,0.04285,0.1002
5256,1,1_2,0.3,0.06335,0.1438
5257,1,1_2,0.3,0.03622,0.0802
5258,1,1_2,0.3,0.0543,0.1244
5259,1,1_2,0.3,0.0541,0.1672
5260,1,1_2,0.3,0.0321,0.09265
5261,1,1_2,0.3,0.0408,0.09296
5262,1,1_2,0.3,0.0383,0.0984
5263,1,1_2,0.3,0.08124,0.1214
5264,1,1_2,0.3,0.0649,0.1114
5265,1,1_2,0.3,0.0496,0.11487
5266,1,1_2,0.3,0.05576,0.0965
5267,1,1_2,0.3,0.04285,0.088
5268,1,1_2,0.3,0.03726,0.10156
5269,1,1_2,0.3,0.04834,0.1061
5270,1,1_2,0.3,0.04764,0.10077
5271,1,1_2,0.3,0.05,0.1288
5272,1,1_2,0.3,0.03717,0.0818
5273,1,1_2,0.3,0.0514,0.1149
5274,1,1_2,0.3,0.03476,0.11487
5275,1,1_2,0.3,0.04755,0.1267
5276,1,1_2,0.3,0.04056,0.0945
5277,1,1_2,0.3,0.04416,0.1175
5278,1,1_2,0.3,0.04202,0.0911
5279,1,1_2,0.3,0.03818,0.08307
5280,1,1_2,0.3,0.04224,0.1103
5281,1,1_2,0.3,0.05267,0.13
5282,1,1_2,0.3,0.06555,0.11615
5283,1,1_2,0.3,0.04376,0.1194
5284,1,1_2,0.3,0.05414,0.1353
5285,1,1_2,0.3,0.04214,0.1646
5286,1,1_2,0.3,0.04947,0.1151
5287,1,1_2,0.3,0.0637,0.11426
5288,1,1_2,0.3,0.04785,0.1057
5289,1,1_2,0.3,0.0409,0.08527
5290,1,1_2,0.3,0.0433,0.10535
5291,1,1_2,0.3,0.0359,0.0893
5292,1,1_2,0.3,0.0636,0.1371
5293,1,1_2,0.3,0.0537,0.097
5294,1,1_2,0.3,0.0332,0.09985
5295,1,1_2,0.3,0.0429,0.10693
5296,1,1_2,0.3,0.03763,0.0854
5297,1,1_2,0.3,0.0646,0.1283
5298,1,1_2,0.3,0.03958,0.1076
5299,1,1_2,0.3,0.0471,0.0914
5300,1,1_2,0.3,0.04004,0.1037
5301,1,1_2,0.3,0.02856,0.07465
5302,1,1_2,0.3,0.03308,0.09174
5303,1,1_2,0.3,0.0483,0.0996
5304,1,1_2,0.3,0.04742,0.1589
5305,1,1_2,0.3,0.05804,0.111
5306,1,1_2,0.3,0.0473,0.1196
5307,1,1_2,0.3,0.04703,0.1193
5308,1,1_2,0.3,0.0677,0.11346
5309,1,1_2,0.3,0.04102,0.08295
5310,1,1_2,0.3,0.03458,0.0904
5311,1,1_2,0.3,0.05545,0.1029
5312,1,1_2,0.3,0.0381,0.1035
5313,1,1_2,0.3,0.0335,0.0744
5314,1,1_2,0.3,0.0371,0.08984
5315,1,1_2,0.3,0.03265,0.09607
5316,1,1_2,0.3,0.05075,0.09674
5317,1,1_2,0.3,0.0468,0.09625
5318,1,1_2,0.3,0.05255,0.098
5319,1,1_2,0.3,0.03574,0.0846
5320,1,1_2,0.3,0.04117,0.08997
5321,1,1_2,0.3,0.04984,0.1042
5322,1,1_2,0.3,0.0521,0.1283
5323,1,1_2,0.3,0.05978,0.1008
5324,1,1_2,0.3,0.05414,0.1062
5325,1,1_2,0.3,0.04498,0.0925
5326,1,1_2,0.3,0.05676,0.11993
5327,1,1_2,0.3,0.0516,0.1418
5328,1,1_2,0.3,0.03775,0.11456
5329,1,1_2,0.3,0.04813,0.1022
5330,1,1_2,0.3,0.04477,0.1078
5331,1,1_2,0.3,0.03696,0.10144
5332,1,1_2,0.3,0.0637,0.1318
5333,1,1_2,0.3,0.0314,0.10034
5334,1,1_2,0.3,0.0577,0.1186
5335,1,1_2,0.3,0.05676,0.1064
5336,1,1_2,0.3,0.04596,0.0977
5337,1,1_2,0.3,0.05386,0.1006
5338,1,1_2,0.3,0.0369,0.1323
5339,1,1_2,0.3,0.0397,0.1183
5340,1,1_2,0.3,0.0322,0.1006
5341,1,1_2,0.3,0.04623,0.0964
5342,1,1_2,0.3,0.0573,0.1181
5343,1,1_2,0.3,0.05258,0.1552
5344,1,1_2,0.3,0.0545,0.11273
5345,1,1_2,0.3,0.03058,0.09216
5346,1,1_2,0.3,0.0399,0.11536
5347,1,1_2,0.3,0.02646,0.07697
5348,1,1_2,0.3,0.04898,0.09326
5349,1,1_2,0.3,0.05478,0.1376
5350,1,1_2,0.3,0.0689,0.1078
5351,1,1_2,0.3,0.05536,0.1378
5352,1,1_2,0.3,0.03427,0.0967
5353,1,1_2,0.3,0.0711,0.1713
5354,1,1_2,0.3,0.0377,0.1009
5355,1,1_2,0.3,0.04254,0.1101
5356,1,1_2,0.3,0.03952,0.10944
5357,1,1_2,0.3,0.04742,0.0867
5358,1,1_2,0.3,0.03894,0.1182
5359,1,1_2,0.3,0.042,0.115
5360,1,1_2,0.3,0.04056,0.08575
5361,1,1_2,0.3,0.04688,0.09186
5362,1,1_2,0.3,0.0534,0.1259
5363,1,1_2,0.3,0.0525,0.1681
5364,1,1_2,0.3,0.0315,0.09436
5365,1,1_2,0.3,0.03378,0.08
5366,1,1_2,0.3,0.05017,0.1014
5367,1,1_2,0.3,0.0434,0.09155
5368,1,1_2,0.3,0.03378,0.0902
5369,1,1_2,0.3,0.05823,0.0966
5370,1,1_2,0.3,0.03485,0.0783
5371,1,1_2,0.3,0.03333,0.0912
5372,1,1_2,0.3,0.0327,0.0872
5373,1,1_2,0.3,0.03522,0.0959
5374,1,1_2,0.3,0.03702,0.12024
5375,1,1_2,0.3,0.03442,0.10394
5376,1,1_2,0.3,0.05334,0.1301
5377,1,1_2,0.3,0.03093,0.0908
5378,1,1_2,0.3,0.04565,0.11334
5379,1,1_2,0.3,0.0413,0.1398
5380,1,1_2,0.3,0.0594,0.145
5381,1,1_2,0.3,0.05234,0.1058
5382,1,1_2,0.3,0.0473,0.10223
5383,1,1_2,0.3,0.05997,0.1288
5384,1,1_2,0.3,0.0343,0.1062
5385,1,1_2,0.3,0.0633,0.1575
5386,1,1_2,0.3,0.05823,0.1101
5387,1,1_2,0.3,0.04636,0.09094
5388,1,1_2,0.3,0.03098,0.08386
5389,1,1_2,0.3,0.0368,0.08673
5390,1,1_2,0.3,0.05035,0.1041
5391,1,1_2,0.3,0.02779,0.0802
5392,1,1_2,0.3,0.0655,0.12427
5393,1,1_2,0.3,0.03827,0.0856
5394,1,1_2,0.3,0.0366,0.09174
5395,1,1_2,0.3,0.04752,0.1065
5396,1,1_2,0.3,0.06,0.12305
5397,1,1_2,0.3,0.0446,0.0993
5398,1,1_2,0.3,0.0496,0.1469
5399,1,1_2,0.3,0.0436,0.1718
5400,1,1_2,0.3,0.03726,0.08655
5401,1,1_2,0.3,0.03604,0.08185
5402,1,1_2,0.3,0.03525,0.09796
5403,1,1_2,0.3,0.04156,0.1086
5404,1,1_2,0.3,0.0428,0.1231
5405,1,1_2,0.3,0.0365,0.0935
5406,1,1_2,0.3,0.0322,0.08093
5407,1,1_2,0.3,0.05154,0.109
5408,1,1_2,0.3,0.0458,0.09576
5409,1,1_2,0.3,0.03815,0.1034
5410,1,1_2,0.3,0.05487,0.11115
5411,1,1_2,0.3,0.0383,0.0856
5412,1,1_2,0.3,0.04337,0.1667
5413,1,1_2,0.3,0.04935,0.10815
5414,1,1_2,0.3,0.0378,0.0868
5415,1,1_2,0.3,0.0422,0.1056
5416,1,1_2,0.3,0.0587,0.12415
5417,1,1_2,0.3,0.05685,0.12354
5418,1,1_2,0.3,0.03943,0.11096
5419,1,1_2,0.3,0.0433,0.0874
5420,1,1_2,0.3,0.0585,0.1252
5421,1,1_2,0.3,0.06573,0.1217
5422,1,1_2,0.3,0.0554,0.1335
5423,1,1_2,0.3,0.04538,0.10596
5424,1,1_2,0.3,0.0525,0.13
5425,1,1_2,0.3,0.0554,0.1207
5426,1,1_2,0.3,0.04007,0.1076
5427,1,1_2,0.3,0.03223,0.08746
5428,1,1_2,0.3,0.03336,0.0879
5429,1,1_2,0.3,0.0519,0.09937
5430,1,1_2,0.3,0.03806,0.08295
5431,1,1_2,0.3,0.03745,0.0869
5432,1,1_2,0.3,0.04886,0.1157
5433,1,1_2,0.3,0.03096,0.0871
5434,1,1_2,0.3,0.04932,0.1339
5435,1,1_2,0.3,0.039,0.09296
5436,1,1_2,0.3,0.0528,0.1166
5437,1,1_2,0.3,0.04526,0.1178
5438,1,1_2,0.3,0.03622,0.09564
5439,1,1_2,0.3,0.03156,0.0887
5440,1,1_2,0.3,0.03775,0.0967
5441,1,1_2,0.3,0.03946,0.08734
5442,1,1_2,0.3,0.04074,0.10223
5443,1,1_2,0.3,0.07,0.11084
5444,1,1_2,0.3,0.04593,0.1105
5445,1,1_2,0.3,0.05557,0.0935
5446,1,1_2,0.3,0.0425,0.10333
5447,1,1_2,0.3,0.04147,0.0901
5448,1,1_2,0.3,0.04224,0.0979
5449,1,1_2,0.3,0.0518,0.0941
5450,1,1_2,0.3,0.0623,0.1107
5451,1,1_2,0.3,0.03882,0.10815
5452,1,1_2,0.3,0.03482,0.0797
5453,1,1_2,0.3,0.03497,0.08215
5454,1,1_2,0.3,0.03723,0.09656
5455,1,1_2,0.3,0.0513,0.09283
5456,1,1_2,0.3,0.03738,0.09705
5457,1,1_2,0.3,0.04413,0.09106
5458,1,1_2,0.3,0.0474,0.11285
5459,1,1_2,0.3,0.05392,0.1011
5460,1,1_2,0.3,0.04984,0.1066
5461,1,1_2,0.3,0.03595,0.11456
5462,1,1_2,0.3,0.04535,0.10614
5463,1,1_2,0.3,0.03452,0.087
5464,1,1_2,0.3,0.05737,0.11035
5465,1,1_2,0.3,0.0455,0.1032
5466,1,1_2,0.3,0.03848,0.10443
5467,1,1_2,0.3,0.03265,0.0763
5468,1,1_2,0.3,0.05856,0.1103
5469,1,1_2,0.3,0.04523,0.09186
5470,1,1_2,0.3,0.03885,0.10046
5471,1,1_2,0.3,0.0325,0.1223
5472,1,1_2,0.3,0.04614,0.10077
5473,1,1_2,0.3,0.03696,0.0873
5474,1,1_2,0.3,0.04007,0.0873
5475,1,1_2,0.3,0.03815,0.0886
5476,1,1_2,0.3,0.03873,0.1068
5477,1,1_2,0.3,0.04263,0.0902
5478,1,1_2,0.3,0.03134,0.08887
5479,1,1_2,0.3,0.04474,0.09937
5480,1,1_2,0.3,0.03607,0.1083
5481,1,1_2,0.3,0.04254,0.08734
5482,1,1_2,0.3,0.05222,0.1333
5483,1,1_2,0.3,0.0546,0.1279
5484,1,1_2,0.3,0.0406,0.108
5485,1,1_2,0.3,0.0457,0.09265
5486,1,1_2,0.3,0.05362,0.10693
5487,1,1_2,0.3,0.05078,0.132
5488,1,1_2,0.3,0.05392,0.0991
5489,1,1_2,0.3,0.04395,0.08484
5490,1,1_2,0.3,0.05707,0.12085
5491,1,1_2,0.3,0.04892,0.08997
5492,1,1_2,0.3,0.0554,0.09735
5493,1,1_2,0.3,0.037,0.08636
5494,1,1_2,0.3,0.0398,0.0956
5495,1,1_2,0.3,0.05338,0.11084
5496,1,1_2,0.3,0.04352,0.112
5497,1,1_2,0.3,0.03827,0.1205
5498,1,1_2,0.3,0.03424,0.08826
5499,1,1_2,0.3,0.0477,0.11414
5500,1,1_2,0.3,0.03198,0.1087
5501,1,1_2,0.3,0.03268,0.0815
5502,1,1_2,0.3,0.04395,0.0915
5503,1,1_2,0.3,0.0366,0.0895
5504,1,1_2,0.3,0.04538,0.1255
5505,1,1_2,0.3,0.05142,0.1302
5506,1,1_2,0.3,0.05414,0.1099
5507,1,1_2,0.3,0.0631,0.12036
5508,1,1_2,0.3,0.03125,0.08295
5509,1,1_2,0.3,0.0402,0.1366
5510,1,1_2,0.3,0.03897,0.0866
5511,1,1_2,0.3,0.0681,0.122
5512,1,1_2,0.3,0.0526,0.10846
5513,1,1_2,0.3,0.06274,0.10767
5514,1,1_2,0.3,0.03342,0.08606
5515,1,1_2,0.3,0.02827,0.08167
5516,1,1_2,0.3,0.03445,0.0914
5517,1,1_2,0.3,0.0647,0.1511
5518,1,1_2,0.3,0.05252,0.11
5519,1,1_2,0.3,0.04306,0.1432
5520,1,1_2,0.3,0.04733,0.12134
5521,1,1_2,0.3,0.05798,0.1505
5522,1,1_2,0.3,0.05127,0.1527
5523,1,1_2,0.3,0.03061,0.0914
5524,1,1_2,0.3,0.03503,0.1055
5525,1,1_2,0.3,0.05426,0.1373
5526,1,1_2,0.3,0.0479,0.1305
5527,1,1_2,0.3,0.05063,0.09546
5528,1,1_2,0.3,0.03738,0.08844
5529,1,1_2,0.3,0.0529,0.1242
5530,1,1_2,0.3,0.03174,0.0799
5531,1,1_2,0.3,0.05063,0.1146
5532,1,1_2,0.3,0.04953,0.0889
5533,1,1_2,0.3,0.03604,0.077
5534,1,1_2,0.3,0.04095,0.0945
5535,1,1_2,0.3,0.05112,0.10986
5536,1,1_2,0.3,0.059,0.1197
5537,1,1_2,0.3,0.0478,0.0926
5538,1,1_2,0.3,0.0386,0.1205
5539,1,1_2,0.3,0.03845,0.108
5540,1,1_2,0.3,0.03952,0.1249
5541,1,1_2,0.3,0.04175,0.0905
5542,1,1_2,0.3,0.03293,0.09314
5543,1,1_2,0.3,0.04605,0.1142
5544,1,1_2,0.3,0.0372,0.0788
5545,1,1_2,0.3,0.0582,0.12164
5546,1,1_2,0.3,0.0426,0.10065
5547,1,1_2,0.3,0.04553,0.12335
5548,1,1_2,0.3,0.0587,0.1329
5549,1,1_2,0.3,0.05096,0.1049
5550,1,1_2,0.3,0.02905,0.0734
5551,1,1_2,0.3,0.04196,0.0995
5552,1,1_2,0.3,0.04285,0.09735
5553,1,1_2,0.3,0.0423,0.09125
5554,1,1_2,0.3,0.03674,0.0879
5555,1,1_2,0.3,0.03433,0.105
5556,1,1_2,0.3,0.05484,0.1416
5557,1,1_2,0.3,0.05203,0.1014
5558,1,1_2,0.3,0.0386,0.09424
5559,1,1_2,0.3,0.04086,0.0923
5560,1,1_2,0.3,0.05313,0.1016
5561,1,1_2,0.3,0.04895,0.1144
5562,1,1_2,0.3,0.04626,0.1145
5563,1,1_2,0.3,0.03564,0.1461
5564,1,1_2,0.3,0.0389,0.0811
5565,1,1_2,0.3,0.04413,0.11053
5566,1,1_2,0.3,0.05487,0.107
5567,1,1_2,0.3,0.03342,0.0969
5568,1,1_2,0.3,0.04858,0.1476
5569,1,1_2,0.3,0.03226,0.08496
5570,1,1_2,0.3,0.03906,0.10803
5571,1,1_2,0.3,0.03625,0.10535
5572,1,1_2,0.3,0.04047,0.11694
5573,1,1_2,0.3,0.0376,0.08563
5574,1,1_2,0.3,0.03906,0.0987
5575,1,1_2,0.3,0.0458,0.10645
5576,1,1_2,0.3,0.03836,0.08215
5577,1,1_2,0.3,0.03488,0.1067
5578,1,1_2,0.3,0.0422,0.11676
5579,1,1_2,0.3,0.04718,0.11346
5580,1,1_2,0.3,0.04492,0.0908
5581,1,1_2,0.3,0.04343,0.09326
5582,1,1_2,0.3,0.0402,0.08167
5583,1,1_2,0.3,0.0436,0.08923
5584,1,1_2,0.3,0.04547,0.1002
5585,1,1_2,0.3,0.05457,0.1372
5586,1,1_2,0.3,0.05087,0.1528
5587,1,1_2,0.3,0.04306,0.104
5588,1,1_2,0.3,0.03802,0.0992
5589,1,1_2,0.3,0.03111,0.0838
5590,1,1_2,0.3,0.05396,0.09955
5591,1,1_2,0.3,0.05698,0.09534
5592,1,1_2,0.3,0.04938,0.11975
5593,1,1_2,0.3,0.03473,0.1013
5594,1,1_2,0.3,0.03586,0.0921
5595,1,1_2,0.3,0.0429,0.10834
5596,1,1_2,0.3,0.03162,0.09344
5597,1,1_2,0.3,0.0377,0.10425
5598,1,1_2,0.3,0.02744,0.08453
5599,1,1_2,0.3,0.04037,0.1032
5600,1,1_2,0.3,0.03815,0.1378
5601,1,1_2,0.3,0.05426,0.09564
5602,1,1_2,0.3,0.03464,0.09326
5603,1,1_2,0.3,0.05038,0.121
5604,1,1_2,0.3,0.07104,0.1304
5605,1,1_2,0.3,0.0469,0.0964
5606,1,1_2,0.3,0.0501,0.11884
5607,1,1_2,0.3,0.03986,0.0921
5608,1,1_2,0.3,0.03146,0.0879
5609,1,1_2,0.3,0.05414,0.1217
5610,1,1_2,0.3,0.04578,0.11383
5611,1,1_2,0.3,0.03516,0.101
5612,1,1_2,0.3,0.04517,0.0999
5613,1,1_2,0.3,0.03387,0.08093
5614,1,1_2,0.3,0.04413,0.09796
5615,1,1_2,0.3,0.03586,0.0845
5616,1,1_2,0.3,0.04733,0.0973
5617,1,1_2,0.3,0.0414,0.1042
5618,1,1_2,0.3,0.04504,0.10425
5619,1,1_2,0.3,0.03113,0.092
5620,1,1_2,0.3,0.0387,0.08795
5621,1,1_2,0.3,0.03467,0.08014
5622,1,1_2,0.3,0.0631,0.11743
5623,1,1_2,0.3,0.06088,0.1349
5624,1,1_2,0.3,0.04227,0.10864
5625,1,1_2,0.3,0.03812,0.08374
5626,1,1_2,0.3,0.0502,0.1309
5627,1,1_2,0.3,0.0423,0.09454
5628,1,1_2,0.3,0.03378,0.1044
5629,1,1_2,0.3,0.06186,0.09973
5630,1,1_2,0.3,0.0419,0.0928
5631,1,1_2,0.3,0.0352,0.1211
5632,1,1_2,0.3,0.0452,0.102
5633,1,1_2,0.3,0.04654,0.09973
5634,1,1_2,0.3,0.03558,0.09656
5635,1,1_2,0.3,0.05115,0.10583
5636,1,1_2,0.3,0.04108,0.1058
5637,1,1_2,0.3,0.04224,0.1471
5638,1,1_2,0.3,0.0422,0.0959
5639,1,1_2,0.3,0.04465,0.1112
5640,1,1_2,0.3,0.0278,0.09705
5641,1,1_2,0.3,0.0583,0.1053
5642,1,1_2,0.3,0.0554,0.1093
5643,1,1_2,0.3,0.0496,0.118
5644,1,1_2,0.3,0.0665,0.1398
5645,1,1_2,0.3,0.03192,0.094
5646,1,1_2,0.3,0.03152,0.0789
5647,1,1_2,0.3,0.0433,0.1038
5648,1,1_2,0.3,0.04962,0.1247
5649,1,1_2,0.3,0.03102,0.0965
5650,1,1_2,0.3,0.04126,0.1456
5651,1,1_2,0.3,0.05194,0.0993
5652,1,1_2,0.3,0.05783,0.1415
5653,1,1_2,0.3,0.03268,0.09845
5654,1,1_2,0.3,0.02911,0.07745
5655,1,1_2,0.3,0.04367,0.09094
5656,1,1_2,0.3,0.0712,0.1605
5657,1,1_2,0.3,0.07074,0.10864
5658,1,1_2,0.3,0.04712,0.1016
5659,1,1_2,0.3,0.0327,0.09375
5660,1,1_2,0.3,0.0502,0.10504
5661,1,1_2,0.3,0.04437,0.1051
5662,1,1_2,0.3,0.05212,0.1349
5663,1,1_2,0.3,0.05508,0.1368
5664,1,1_2,0.3,0.05057,0.1213
5665,1,1_2,0.3,0.03656,0.0878
5666,1,1_2,0.3,0.0359,0.1094
5667,1,1_2,0.3,0.0691,0.1366
5668,1,1_2,0.3,0.04395,0.0892
5669,1,1_2,0.3,0.02838,0.0888
5670,1,1_2,0.3,0.0551,0.12024
5671,1,1_2,0.3,0.02687,0.07684
5672,1,1_2,0.3,0.0478,0.09045
5673,1,1_2,0.3,0.06384,0.1255
5674,1,1_2,0.3,0.053,0.1049
5675,1,1_2,0.3,0.04425,0.0942
5676,1,1_2,0.3,0.05832,0.1177
5677,1,1_2,0.3,0.03546,0.0898
5678,1,1_2,0.3,0.03342,0.09644
5679,1,1_2,0.3,0.04788,0.1072
5680,1,1_2,0.3,0.0481,0.108
5681,1,1_2,0.3,0.04233,0.09045
5682,1,1_2,0.3,0.05756,0.1337
5683,1,1_2,0.3,0.0499,0.1509
5684,1,1_2,0.3,0.04443,0.12164
5685,1,1_2,0.3,0.03372,0.09314
5686,1,1_2,0.3,0.04312,0.1376
5687,1,1_2,0.3,0.03552,0.08606
5688,1,1_2,0.3,0.0367,0.1277
5689,1,1_2,0.3,0.045,0.11523
5690,1,1_2,0.3,0.053,0.1175
5691,1,1_2,0.3,0.0421,0.11584
5692,1,1_2,0.3,0.03387,0.1197
5693,1,1_2,0.3,0.03714,0.08044
5694,1,1_2,0.3,0.04498,0.09314
5695,1,1_2,0.3,0.04114,0.1058
5696,1,1_2,0.3,0.0582,0.1371
5697,1,1_2,0.3,0.04498,0.1237
5698,1,1_2,0.3,0.05646,0.1309
5699,1,1_2,0.3,0.0511,0.095
5700,1,1_2,0.3,0.0377,0.08527
5701,1,1_2,0.3,0.04764,0.09955
5702,1,1_2,0.3,0.04297,0.1068
5703,1,1_2,0.3,0.0564,0.1455
5704,1,1_2,0.3,0.03378,0.1135
5705,1,1_2,0.3,0.045,0.1047
5706,1,1_2,0.3,0.0527,0.10156
5707,1,1_2,0.3,0.04037,0.09534
5708,1,1_2,0.3,0.03433,0.0939
5709,1,1_2,0.3,0.05865,0.1454
5710,1,1_2,0.3,0.05502,0.09534
5711,1,1_2,0.3,0.06128,0.1254
5712,1,1_2,0.3,0.05246,0.1248
5713,1,1_2,0.3,0.04376,0.0953
5714,1,1_2,0.3,0.0412,0.10016
5715,1,1_2,0.3,0.0336,0.0979
5716,1,1_2,0.3,0.02956,0.0916
5717,1,1_2,0.3,0.0676,0.1416
5718,1,1_2,0.3,0.0412,0.0937
5719,1,1_2,0.3,0.03137,0.099
5720,1,1_2,0.3,0.04712,0.1288
5721,1,1_2,0.3,0.05014,0.0974
5722,1,1_2,0.3,0.04715,0.183
5723,1,1_2,0.3,0.0436,0.1349
5724,1,1_2,0.3,0.04782,0.1638
5725,1,1_2,0.3,0.04086,0.0947
5726,1,1_2,0.3,0.0343,0.09973
5727,1,1_2,0.3,0.05234,0.1068
5728,1,1_2,0.3,0.03415,0.1177
5729,1,1_2,0.3,0.0403,0.1083
5730,1,1_2,0.3,0.04532,0.09485
5731,1,1_2,0.3,0.0524,0.1064
5732,1,1_2,0.3,0.0458,0.10645
5733,1,1_2,0.3,0.0508,0.1224
5734,1,1_2,0.3,0.03897,0.0956
5735,1,1_2,0.3,0.04074,0.08124
5736,1,1_2,0.3,0.0364,0.07477
5737,1,1_2,0.3,0.03683,0.0837
5738,1,1_2,0.3,0.06415,0.1118
5739,1,1_2,0.3,0.05096,0.1013
5740,1,1_2,0.3,0.05692,0.1439
5741,1,1_2,0.3,0.0573,0.1149
5742,1,1_2,0.3,0.0432,0.1002
5743,1,1_2,0.3,0.04254,0.1067
5744,1,1_2,0.3,0.0409,0.1323
5745,1,1_2,0.3,0.03632,0.09485
5746,1,1_2,0.3,0.08905,0.1317
5747,1,1_2,0.3,0.05463,0.1161
5748,1,1_2,0.3,0.03613,0.0959
5749,1,1_2,0.3,0.0356,0.089
5750,1,1_2,0.3,0.04938,0.1081
5751,1,1_2,0.3,0.04965,0.1147
5752,1,1_2,0.3,0.04684,0.1052
5753,1,1_2,0.3,0.06186,0.11646
5754,1,1_2,0.3,0.05518,0.1274
5755,1,1_2,0.3,0.05093,0.1061
5756,1,1_2,0.3,0.0551,0.1373
5757,1,1_2,0.3,0.0538,0.11743
5758,1,1_2,0.3,0.04315,0.09894
5759,1,1_2,0.3,0.03644,0.097
5760,1,1_2,0.3,0.0672,0.1199
5761,1,1_2,0.3,0.0519,0.1312
5762,1,1_2,0.3,0.05426,0.1091
5763,1,1_2,0.3,0.0408,0.10504
5764,1,1_2,0.3,0.0392,0.1019
5765,1,1_2,0.3,0.0666,0.1421
5766,1,1_2,0.3,0.0435,0.12244
5767,1,1_2,0.3,0.04514,0.1203
5768,1,1_2,0.3,0.04727,0.09174
5769,1,1_2,0.3,0.03152,0.07825
5770,1,1_2,0.3,0.04352,0.1106
5771,1,1_2,0.3,0.04492,0.089
5772,1,1_2,0.3,0.06946,0.1238
5773,1,1_2,0.3,0.03473,0.0998
5774,1,1_2,0.3,0.05328,0.10474
5775,1,1_2,0.3,0.03278,0.1064
5776,1,1_2,0.3,0.05096,0.1277
5777,1,1_2,0.3,0.05798,0.1018
5778,1,1_2,0.3,0.05957,0.11383
5779,1,1_2,0.3,0.04578,0.1032
5780,1,1_2,0.3,0.04373,0.11786
5781,1,1_2,0.3,0.0506,0.0922
5782,1,1_2,0.3,0.0444,0.0856
5783,1,1_2,0.3,0.0573,0.10046
5784,1,1_2,0.3,0.0527,0.12213
5785,1,1_2,0.3,0.0569,0.1095
5786,1,1_2,0.3,0.0494,0.11914
5787,1,1_2,0.3,0.04428,0.11884
5788,1,1_2,0.3,0.04678,0.09973
5789,1,1_2,0.3,0.03738,0.11017
5790,1,1_2,0.3,0.0398,0.10187
5791,1,1_2,0.3,0.0456,0.1161
5792,1,1_2,0.3,0.0419,0.0991
5793,1,1_2,0.3,0.04938,0.0984
5794,1,1_2,0.3,0.02596,0.07996
5795,1,1_2,0.3,0.04672,0.1186
5796,1,1_2,0.3,0.05737,0.1566
5797,1,1_2,0.3,0.02785,0.1042
5798,1,1_2,0.3,0.05273,0.127
5799,1,1_2,0.3,0.0484,0.0978
5800,1,1_2,0.3,0.04517,0.1033
5801,1,1_2,0.3,0.0432,0.0999
5802,1,1_2,0.3,0.04712,0.08777
5803,1,1_2,0.3,0.03726,0.08826
5804,1,1_2,0.3,0.05072,0.09827
5805,1,1_2,0.3,0.03293,0.0885
5806,1,1_2,0.3,0.05176,0.1007
5807,1,1_2,0.3,0.03287,0.084
5808,1,1_2,0.3,0.04114,0.09106
5809,1,1_2,0.3,0.03195,0.0862
5810,1,1_2,0.3,0.0544,0.10754
5811,1,1_2,0.3,0.05225,0.11957
5812,1,1_2,0.3,0.0315,0.0784
5813,1,1_2,0.3,0.05893,0.11597
5814,1,1_2,0.3,0.041,0.0844
5815,1,1_2,0.3,0.04282,0.1103
5816,1,1_2,0.3,0.0514,0.0967
5817,1,1_2,0.3,0.04095,0.0977
5818,1,1_2,0.3,0.03702,0.1011
5819,1,1_2,0.3,0.04022,0.09155
5820,1,1_2,0.3,0.04858,0.11273
5821,1,1_2,0.3,0.04294,0.09485
5822,1,1_2,0.3,0.03687,0.0969
5823,1,1_2,0.3,0.03903,0.08636
5824,1,1_2,0.3,0.03912,0.09424
5825,1,1_2,0.3,0.0314,0.07935
5826,1,1_2,0.3,0.0334,0.08105
5827,1,1_2,0.3,0.0313,0.07623
5828,1,1_2,0.3,0.04672,0.09485
5829,1,1_2,0.3,0.0549,0.112
5830,1,1_2,0.3,0.05756,0.1345
5831,1,1_2,0.3,0.04648,0.1054
5832,1,1_2,0.3,0.04657,0.09344
5833,1,1_2,0.3,0.02798,0.08234
5834,1,1_2,0.3,0.05856,0.12213
5835,1,1_2,0.3,0.04428,0.0884
5836,1,1_2,0.3,0.04578,0.0914
5837,1,1_2,0.3,0.05515,0.11755
5838,1,1_2,0.3,0.05838,0.0933
5839,1,1_2,0.3,0.0506,0.1426
5840,1,1_2,0.3,0.04773,0.09436
5841,1,1_2,0.3,0.03726,0.1436
5842,1,1_2,0.3,0.051,0.113
5843,1,1_2,0.3,0.0505,0.0933
5844,1,1_2,0.3,0.07825,0.1483
5845,1,1_2,0.3,0.05652,0.1276
5846,1,1_2,0.3,0.03433,0.1124
5847,1,1_2,0.3,0.03668,0.117
5848,1,1_2,0.3,0.05127,0.10175
5849,1,1_2,0.3,0.0358,0.0941
5850,1,1_2,0.3,0.04324,0.092
5851,1,1_2,0.3,0.03796,0.1064
5852,1,1_2,0.3,0.03445,0.077
5853,1,1_2,0.3,0.0472,0.09827
5854,1,1_2,0.3,0.0364,0.0997
5855,1,1_2,0.3,0.0376,0.081
5856,1,1_2,0.3,0.05322,0.0972
5857,1,1_2,0.3,0.04108,0.1259
5858,1,1_2,0.3,0.06174,0.1059
5859,1,1_2,0.3,0.05127,0.1117
5860,1,1_2,0.3,0.03244,0.0921
5861,1,1_2,0.3,0.0487,0.0895
5862,1,1_2,0.3,0.0359,0.0868
5863,1,1_2,0.3,0.03906,0.0987
5864,1,1_2,0.3,0.0344,0.1028
5865,1,1_2,0.3,0.03342,0.0917
5866,1,1_2,0.3,0.03616,0.08673
5867,1,1_2,0.3,0.05618,0.1277
5868,1,1_2,0.3,0.0333,0.0877
5869,1,1_2,0.3,0.0372,0.07776
5870,1,1_2,0.3,0.05112,0.1223
5871,1,1_2,0.3,0.03732,0.1069
5872,1,1_2,0.3,0.03528,0.11945
5873,1,1_2,0.3,0.05368,0.1384
5874,1,1_2,0.3,0.0316,0.08813
5875,1,1_2,0.3,0.0383,0.1018
5876,1,1_2,0.3,0.0355,0.11914
5877,1,1_2,0.3,0.034,0.10645
5878,1,1_2,0.3,0.03717,0.09644
5879,1,1_2,0.3,0.03964,0.11804
5880,1,1_2,0.3,0.03275,0.09106
5881,1,1_2,0.3,0.0606,0.11285
5882,1,1_2,0.3,0.05145,0.1283
5883,1,1_2,0.3,0.0556,0.1128
5884,1,1_2,0.3,0.03238,0.08246
5885,1,1_2,0.3,0.04388,0.0866
5886,1,1_2,0.3,0.05963,0.1302
5887,1,1_2,0.3,0.0489,0.12195
5888,1,1_2,0.3,0.04626,0.1257
5889,1,1_2,0.3,0.0357,0.10944
5890,1,1_2,0.3,0.05658,0.11304
5891,1,1_2,0.3,0.0501,0.0882
5892,1,1_2,0.3,0.05887,0.1223
5893,1,1_2,0.3,0.03522,0.1031
5894,1,1_2,0.3,0.04965,0.0979
5895,1,1_2,0.3,0.02953,0.0917
5896,1,1_2,0.3,0.03305,0.0843
5897,1,1_2,0.3,0.05988,0.146
5898,1,1_2,0.3,0.0512,0.0925
5899,1,1_2,0.3,0.04718,0.1032
5900,1,1_2,0.3,0.03168,0.0986
5901,1,1_2,0.3,0.0406,0.1255
5902,1,1_2,0.3,0.04636,0.0995
5903,1,1_2,0.3,0.03415,0.0919
5904,1,1_2,0.3,0.04196,0.1293
5905,1,1_2,0.3,0.05112,0.1262
5906,1,1_2,0.3,0.05023,0.11304
5907,1,1_2,0.3,0.05655,0.1428
5908,1,1_2,0.3,0.03326,0.1086
5909,1,1_2,0.3,0.05966,0.1815
5910,1,1_2,0.3,0.0472,0.0978
5911,1,1_2,0.3,0.04266,0.0932
5912,1,1_2,0.3,0.03156,0.0894
5913,1,1_2,0.3,0.03543,0.0904
5914,1,1_2,0.3,0.04068,0.10645
5915,1,1_2,0.3,0.04327,0.10675
5916,1,1_2,0.3,0.05112,0.0882
5917,1,1_2,0.3,0.0636,0.1062
5918,1,1_2,0.3,0.04144,0.106
5919,1,1_2,0.3,0.04178,0.10345
5920,1,1_2,0.3,0.0351,0.0846
5921,1,1_2,0.3,0.05835,0.1388
5922,1,1_2,0.3,0.0353,0.10126
5923,1,1_2,0.3,0.04092,0.1056
5924,1,1_2,0.3,0.0586,0.10455
5925,1,1_2,0.3,0.05698,0.1149
5926,1,1_2,0.3,0.04346,0.09564
5927,1,1_2,0.3,0.04202,0.12286
5928,1,1_2,0.3,0.0537,0.10736
5929,1,1_2,0.3,0.06305,0.11584
5930,1,1_2,0.3,0.03812,0.091
5931,1,1_2,0.3,0.05597,0.1029
5932,1,1_2,0.3,0.04034,0.148
5933,1,1_2,0.3,0.0622,0.0979
5934,1,1_2,0.3,0.0408,0.09033
5935,1,1_2,0.3,0.0667,0.1288
5936,1,1_2,0.3,0.06744,0.1732
5937,1,1_2,0.3,0.04355,0.09064
5938,1,1_2,0.3,0.0397,0.09485
5939,1,1_2,0.3,0.0542,0.1416
5940,1,1_2,0.3,0.03687,0.09424
5941,1,1_2,0.3,0.04358,0.1215
5942,1,1_2,0.3,0.05637,0.149
5943,1,1_2,0.3,0.0463,0.10144
5944,1,1_2,0.3,0.0526,0.1142
5945,1,1_2,0.3,0.04288,0.1373
5946,1,1_2,0.3,0.0262,0.11
5947,1,1_2,0.3,0.03473,0.08746
5948,1,1_2,0.3,0.0456,0.0945
5949,1,1_2,0.3,0.0513,0.0932
5950,1,1_2,0.3,0.03714,0.10675
5951,1,1_2,0.3,0.04523,0.10767
5952,1,1_2,0.3,0.04263,0.0872
5953,1,1_2,0.3,0.04922,0.10126
5954,1,1_2,0.3,0.0384,0.09393
5955,1,1_2,0.3,0.066,0.11017
5956,1,1_2,0.3,0.0314,0.08093
5957,1,1_2,0.3,0.0581,0.1287
5958,1,1_2,0.3,0.0579,0.1631
5959,1,1_2,0.3,0.0472,0.09845
5960,1,1_2,0.3,0.0294,0.0855
5961,1,1_2,0.3,0.0359,0.11365
5962,1,1_2,0.3,0.0436,0.1182
5963,1,1_2,0.3,0.04352,0.127
5964,1,1_2,0.3,0.0435,0.0954
5965,1,1_2,0.3,0.03543,0.0849
5966,1,1_2,0.3,0.07367,0.10986
5967,1,1_2,0.3,0.06555,0.11786
5968,1,1_2,0.3,0.05032,0.1031
5969,1,1_2,0.3,0.04996,0.1221
5970,1,1_2,0.3,0.05142,0.1588
5971,1,1_2,0.3,0.0367,0.0856
5972,1,1_2,0.3,0.04922,0.1248
5973,1,1_2,0.3,0.0486,0.10913
5974,1,1_2,0.3,0.03476,0.08984
5975,1,1_2,0.3,0.04575,0.0963
5976,1,1_2,0.3,0.04398,0.1418
5977,1,1_2,0.3,0.0388,0.0977
5978,1,1_2,0.3,0.05865,0.1044
5979,1,1_2,0.3,0.04886,0.1071
5980,1,1_2,0.3,0.04218,0.1107
5981,1,1_2,0.3,0.05356,0.09235
5982,1,1_2,0.3,0.03186,0.0853
5983,1,1_2,0.3,0.05112,0.1367
5984,1,1_2,0.3,0.04697,0.1042
5985,1,1_2,0.3,0.0447,0.10693
5986,1,1_2,0.3,0.03107,0.0911
5987,1,1_2,0.3,0.0367,0.0954
5988,1,1_2,0.3,0.03029,0.09674
5989,1,1_2,0.3,0.03793,0.1305
5990,1,1_2,0.3,0.0406,0.09344
5991,1,1_2,0.3,0.03047,0.09357
5992,1,1_2,0.3,0.03336,0.0885
5993,1,1_2,0.3,0.0331,0.10223
5994,1,1_2,0.3,0.04642,0.1014
5995,1,1_2,0.3,0.04175,0.09045
5996,1,1_2,0.3,0.05292,0.1311
5997,1,1_2,0.3,0.03348,0.12463
5998,1,1_2,0.3,0.05347,0.123
5999,1,1_2,0.3,0.03662,0.09094
6000,1,1_3,0.1,0.02802,0.07227
6001,1,1_3,0.1,0.03072,0.07416
6002,1,1_3,0.1,0.02461,0.0848
6003,1,1_3,0.1,0.02875,0.07635
6004,1,1_3,0.1,0.02809,0.07806
6005,1,1_3,0.1,0.03078,0.07184
6006,1,1_3,0.1,0.02364,0.07404
6007,1,1_3,0.1,0.02545,0.0691
6008,1,1_3,0.1,0.02835,0.0806
6009,1,1_3,0.1,0.02646,0.0719
6010,1,1_3,0.1,0.02296,0.0989
6011,1,1_3,0.1,0.02649,0.0744
6012,1,1_3,0.1,0.02383,0.0747
6013,1,1_3,0.1,0.02806,0.06854
6014,1,1_3,0.1,0.02194,0.0868
6015,1,1_3,0.1,0.02446,0.0697
6016,1,1_3,0.1,0.02823,0.0722
6017,1,1_3,0.1,0.02324,0.0714
6018,1,1_3,0.1,0.03111,0.0768
6019,1,1_3,0.1,0.0226,0.0752
6020,1,1_3,0.1,0.02686,0.08856
6021,1,1_3,0.1,0.02272,0.06946
6022,1,1_3,0.1,0.03253,0.0753
6023,1,1_3,0.1,0.02972,0.0736
6024,1,1_3,0.1,0.0276,0.06903
6025,1,1_3,0.1,0.02203,0.0829
6026,1,1_3,0.1,0.02592,0.0716
6027,1,1_3,0.1,0.02539,0.07477
6028,1,1_3,0.1,0.0234,0.0671
6029,1,1_3,0.1,0.01918,0.0743
6030,1,1_3,0.1,0.02104,0.08704
6031,1,1_3,0.1,0.03192,0.07227
6032,1,1_3,0.1,0.02037,0.1024
6033,1,1_3,0.1,0.0318,0.0848
6034,1,1_3,0.1,0.02882,0.07715
6035,1,1_3,0.1,0.02557,0.0714
6036,1,1_3,0.1,0.02852,0.0767
6037,1,1_3,0.1,0.02559,0.07336
6038,1,1_3,0.1,0.02217,0.0733
6039,1,1_3,0.1,0.02422,0.0716
6040,1,1_3,0.1,0.02504,0.0693
6041,1,1_3,0.1,0.02403,0.08276
6042,1,1_3,0.1,0.02698,0.0708
6043,1,1_3,0.1,0.02707,0.07794
6044,1,1_3,0.1,0.02744,0.0693
6045,1,1_3,0.1,0.02931,0.08875
6046,1,1_3,0.1,0.02834,0.07837
6047,1,1_3,0.1,0.02716,0.0735
6048,1,1_3,0.1,0.02423,0.068
6049,1,1_3,0.1,0.02824,0.09485
6050,1,1_3,0.1,0.03065,0.0939
6051,1,1_3,0.1,0.02788,0.0769
6052,1,1_3,0.1,0.0263,0.069
6053,1,1_3,0.1,0.02461,0.0697
6054,1,1_3,0.1,0.0268,0.0804
6055,1,1_3,0.1,0.02107,0.0749
6056,1,1_3,0.1,0.02737,0.0734
6057,1,1_3,0.1,0.02538,0.06946
6058,1,1_3,0.1,0.02411,0.08093
6059,1,1_3,0.1,0.02281,0.0915
6060,1,1_3,0.1,0.02171,0.0677
6061,1,1_3,0.1,0.02373,0.07324
6062,1,1_3,0.1,0.02498,0.07794
6063,1,1_3,0.1,0.02591,0.0779
6064,1,1_3,0.1,0.03096,0.0739
6065,1,1_3,0.1,0.0285,0.07
6066,1,1_3,0.1,0.02171,0.06885
6067,1,1_3,0.1,0.02756,0.0822
6068,1,1_3,0.1,0.02364,0.0774
6069,1,1_3,0.1,0.03082,0.0893
6070,1,1_3,0.1,0.02292,0.0763
6071,1,1_3,0.1,0.02347,0.07184
6072,1,1_3,0.1,0.0294,0.0745
6073,1,1_3,0.1,0.0243,0.07214
6074,1,1_3,0.1,0.0253,0.06934
6075,1,1_3,0.1,0.02083,0.06793
6076,1,1_3,0.1,0.02605,0.0755
6077,1,1_3,0.1,0.02222,0.07153
6078,1,1_3,0.1,0.02293,0.0685
6079,1,1_3,0.1,0.02692,0.0725
6080,1,1_3,0.1,0.02481,0.07886
6081,1,1_3,0.1,0.0259,0.0735
6082,1,1_3,0.1,0.03061,0.0711
6083,1,1_3,0.1,0.02371,0.0678
6084,1,1_3,0.1,0.02031,0.0715
6085,1,1_3,0.1,0.02486,0.08813
6086,1,1_3,0.1,0.02359,0.0682
6087,1,1_3,0.1,0.02579,0.06866
6088,1,1_3,0.1,0.0325,0.0781
6089,1,1_3,0.1,0.03094,0.07996
6090,1,1_3,0.1,0.02356,0.07904
6091,1,1_3,0.1,0.02785,0.0869
6092,1,1_3,0.1,0.02014,0.0725
6093,1,1_3,0.1,0.02757,0.0742
6094,1,1_3,0.1,0.02376,0.07086
6095,1,1_3,0.1,0.02588,0.07806
6096,1,1_3,0.1,0.01971,0.0876
6097,1,1_3,0.1,0.01991,0.10034
6098,1,1_3,0.1,0.02167,0.0843
6099,1,1_3,0.1,0.02014,0.0774
6100,1,1_3,0.1,0.02489,0.0683
6101,1,1_3,0.1,0.02322,0.0836
6102,1,1_3,0.1,0.02823,0.07465
6103,1,1_3,0.1,0.02415,0.08264
6104,1,1_3,0.1,0.02493,0.0756
6105,1,1_3,0.1,0.02792,0.08234
6106,1,1_3,0.1,0.02632,0.08856
6107,1,1_3,0.1,0.02551,0.0766
6108,1,1_3,0.1,0.02673,0.0741
6109,1,1_3,0.1,0.02902,0.0795
6110,1,1_3,0.1,0.02966,0.07446
6111,1,1_3,0.1,0.0205,0.075
6112,1,1_3,0.1,0.02591,0.07245
6113,1,1_3,0.1,0.0264,0.07886
6114,1,1_3,0.1,0.02295,0.0704
6115,1,1_3,0.1,0.02501,0.0687
6116,1,1_3,0.1,0.02594,0.0731
6117,1,1_3,0.1,0.02304,0.06946
6118,1,1_3,0.1,0.02673,0.081
6119,1,1_3,0.1,0.02475,0.0862
6120,1,1_3,0.1,0.02866,0.0679
6121,1,1_3,0.1,0.03041,0.07916
6122,1,1_3,0.1,0.02583,0.0716
6123,1,1_3,0.1,0.0279,0.0758
6124,1,1_3,0.1,0.02657,0.09094
6125,1,1_3,0.1,0.0257,0.07135
6126,1,1_3,0.1,0.02635,0.07135
6127,1,1_3,0.1,0.02283,0.0882
6128,1,1_3,0.1,0.02766,0.0688
6129,1,1_3,0.1,0.02138,0.0701
6130,1,1_3,0.1,0.02887,0.0703
6131,1,1_3,0.1,0.02197,0.0842
6132,1,1_3,0.1,0.02422,0.07166
6133,1,1_3,0.1,0.0258,0.0718
6134,1,1_3,0.1,0.02545,0.0874
6135,1,1_3,0.1,0.0237,0.0667
6136,1,1_3,0.1,0.02412,0.073
6137,1,1_3,0.1,0.02394,0.0759
6138,1,1_3,0.1,0.0216,0.0796
6139,1,1_3,0.1,0.0262,0.089
6140,1,1_3,0.1,0.02516,0.0682
6141,1,1_3,0.1,0.02377,0.0701
6142,1,1_3,0.1,0.02148,0.08105
6143,1,1_3,0.1,0.02142,0.08997
6144,1,1_3,0.1,0.0203,0.0698
6145,1,1_3,0.1,0.02315,0.0846
6146,1,1_3,0.1,0.02742,0.06836
6147,1,1_3,0.1,0.02385,0.0749
6148,1,1_3,0.1,0.02652,0.07983
6149,1,1_3,0.1,0.02855,0.08307
6150,1,1_3,0.1,0.02519,0.0814
6151,1,1_3,0.1,0.02551,0.0755
6152,1,1_3,0.1,0.0249,0.0711
6153,1,1_3,0.1,0.0313,0.0799
6154,1,1_3,0.1,0.0243,0.0848
6155,1,1_3,0.1,0.02368,0.085
6156,1,1_3,0.1,0.02591,0.0738
6157,1,1_3,0.1,0.02675,0.0826
6158,1,1_3,0.1,0.02315,0.0854
6159,1,1_3,0.1,0.02492,0.06976
6160,1,1_3,0.1,0.02666,0.079
6161,1,1_3,0.1,0.02179,0.0722
6162,1,1_3,0.1,0.02635,0.0726
6163,1,1_3,0.1,0.02425,0.06946
6164,1,1_3,0.1,0.0221,0.0846
6165,1,1_3,0.1,0.02388,0.0795
6166,1,1_3,0.1,0.032,0.0787
6167,1,1_3,0.1,0.0207,0.07806
6168,1,1_3,0.1,0.02599,0.08624
6169,1,1_3,0.1,0.02737,0.09576
6170,1,1_3,0.1,0.0257,0.0789
6171,1,1_3,0.1,0.02124,0.0783
6172,1,1_3,0.1,0.01996,0.07965
6173,1,1_3,0.1,0.02702,0.0847
6174,1,1_3,0.1,0.02304,0.076
6175,1,1_3,0.1,0.02275,0.075
6176,1,1_3,0.1,0.02654,0.0729
6177,1,1_3,0.1,0.02484,0.0854
6178,1,1_3,0.1,0.02182,0.07117
6179,1,1_3,0.1,0.02515,0.06866
6180,1,1_3,0.1,0.02959,0.0836
6181,1,1_3,0.1,0.02612,0.079
6182,1,1_3,0.1,0.02908,0.07666
6183,1,1_3,0.1,0.02765,0.0813
6184,1,1_3,0.1,0.0213,0.0695
6185,1,1_3,0.1,0.01923,0.07385
6186,1,1_3,0.1,0.02835,0.0753
6187,1,1_3,0.1,0.01892,0.07135
6188,1,1_3,0.1,0.03052,0.07635
6189,1,1_3,0.1,0.01889,0.0706
6190,1,1_3,0.1,0.01845,0.1052
6191,1,1_3,0.1,0.02823,0.07635
6192,1,1_3,0.1,0.0262,0.0758
6193,1,1_3,0.1,0.02356,0.0791
6194,1,1_3,0.1,0.02339,0.06995
6195,1,1_3,0.1,0.02611,0.0806
6196,1,1_3,0.1,0.02672,0.07965
6197,1,1_3,0.1,0.02676,0.0713
6198,1,1_3,0.1,0.02353,0.078
6199,1,1_3,0.1,0.02756,0.07526
6200,1,1_3,0.1,0.02579,0.0758
6201,1,1_3,0.1,0.02875,0.0804
6202,1,1_3,0.1,0.02197,0.0815
6203,1,1_3,0.1,0.0243,0.0714
6204,1,1_3,0.1,0.02568,0.07336
6205,1,1_3,0.1,0.0223,0.0947
6206,1,1_3,0.1,0.03128,0.0765
6207,1,1_3,0.1,0.02446,0.0747
6208,1,1_3,0.1,0.02011,0.0793
6209,1,1_3,0.1,0.02162,0.0971
6210,1,1_3,0.1,0.02145,0.0803
6211,1,1_3,0.1,0.0251,0.07654
6212,1,1_3,0.1,0.02536,0.0726
6213,1,1_3,0.1,0.02309,0.0733
6214,1,1_3,0.1,0.02327,0.08435
6215,1,1_3,0.1,0.02371,0.07495
6216,1,1_3,0.1,0.0249,0.0714
6217,1,1_3,0.1,0.02615,0.08636
6218,1,1_3,0.1,0.02739,0.08203
6219,1,1_3,0.1,0.02586,0.0745
6220,1,1_3,0.1,0.02605,0.07007
6221,1,1_3,0.1,0.02234,0.0737
6222,1,1_3,0.1,0.02255,0.08887
6223,1,1_3,0.1,0.02603,0.07874
6224,1,1_3,0.1,0.0266,0.077
6225,1,1_3,0.1,0.01747,0.08154
6226,1,1_3,0.1,0.02362,0.06854
6227,1,1_3,0.1,0.02357,0.0679
6228,1,1_3,0.1,0.02841,0.0862
6229,1,1_3,0.1,0.02538,0.09863
6230,1,1_3,0.1,0.02605,0.0831
6231,1,1_3,0.1,0.02287,0.06934
6232,1,1_3,0.1,0.02013,0.0913
6233,1,1_3,0.1,0.02599,0.07983
6234,1,1_3,0.1,0.02335,0.0838
6235,1,1_3,0.1,0.0313,0.0788
6236,1,1_3,0.1,0.02423,0.0713
6237,1,1_3,0.1,0.02136,0.07153
6238,1,1_3,0.1,0.02533,0.0748
6239,1,1_3,0.1,0.02345,0.0745
6240,1,1_3,0.1,0.02225,0.07294
6241,1,1_3,0.1,0.02428,0.06885
6242,1,1_3,0.1,0.02112,0.07104
6243,1,1_3,0.1,0.02406,0.06824
6244,1,1_3,0.1,0.02032,0.07056
6245,1,1_3,0.1,0.02177,0.0995
6246,1,1_3,0.1,0.02032,0.0722
6247,1,1_3,0.1,0.02432,0.08057
6248,1,1_3,0.1,0.01993,0.0781
6249,1,1_3,0.1,0.03003,0.0759
6250,1,1_3,0.1,0.02617,0.0873
6251,1,1_3,0.1,0.02539,0.0747
6252,1,1_3,0.1,0.02252,0.0732
6253,1,1_3,0.1,0.02664,0.0762
6254,1,1_3,0.1,0.02579,0.08417
6255,1,1_3,0.1,0.02171,0.0681
6256,1,1_3,0.1,0.02759,0.078
6257,1,1_3,0.1,0.02452,0.08276
6258,1,1_3,0.1,0.02663,0.07135
6259,1,1_3,0.1,0.02664,0.0732
6260,1,1_3,0.1,0.02118,0.08716
6261,1,1_3,0.1,0.02887,0.084
6262,1,1_3,0.1,0.02237,0.08234
6263,1,1_3,0.1,0.0282,0.0856
6264,1,1_3,0.1,0.02522,0.0721
6265,1,1_3,0.1,0.02313,0.069
6266,1,1_3,0.1,0.02777,0.06995
6267,1,1_3,0.1,0.02725,0.0728
6268,1,1_3,0.1,0.02524,0.06976
6269,1,1_3,0.1,0.02304,0.0833
6270,1,1_3,0.1,0.02486,0.0697
6271,1,1_3,0.1,0.02681,0.08124
6272,1,1_3,0.1,0.02148,0.07275
6273,1,1_3,0.1,0.02133,0.07825
6274,1,1_3,0.1,0.02179,0.0713
6275,1,1_3,0.1,0.02713,0.07196
6276,1,1_3,0.1,0.02328,0.07477
6277,1,1_3,0.1,0.02525,0.0751
6278,1,1_3,0.1,0.02869,0.0693
6279,1,1_3,0.1,0.02374,0.07166
6280,1,1_3,0.1,0.02542,0.07983
6281,1,1_3,0.1,0.0213,0.0735
6282,1,1_3,0.1,0.02109,0.0777
6283,1,1_3,0.1,0.02693,0.0737
6284,1,1_3,0.1,0.02202,0.0819
6285,1,1_3,0.1,0.02489,0.0743
6286,1,1_3,0.1,0.02689,0.0703
6287,1,1_3,0.1,0.02751,0.0818
6288,1,1_3,0.1,0.02242,0.0866
6289,1,1_3,0.1,0.02628,0.07996
6290,1,1_3,0.1,0.02573,0.0912
6291,1,1_3,0.1,0.02057,0.0719
6292,1,1_3,0.1,0.02515,0.0697
6293,1,1_3,0.1,0.02605,0.0731
6294,1,1_3,0.1,0.02138,0.0704
6295,1,1_3,0.1,0.0239,0.0737
6296,1,1_3,0.1,0.02226,0.0947
6297,1,1_3,0.1,0.02391,0.08307
6298,1,1_3,0.1,0.0232,0.07837
6299,1,1_3,0.1,0.02666,0.07245
6300,1,1_3,0.1,0.02003,0.0817
6301,1,1_3,0.1,0.02188,0.06915
6302,1,1_3,0.1,0.02284,0.0723
6303,1,1_3,0.1,0.05084,0.08075
6304,1,1_3,0.1,0.01854,0.073
6305,1,1_3,0.1,0.0184,0.07574
6306,1,1_3,0.1,0.01906,0.0732
6307,1,1_3,0.1,0.03232,0.0827
6308,1,1_3,0.1,0.02203,0.08105
6309,1,1_3,0.1,0.02388,0.08453
6310,1,1_3,0.1,0.03018,0.0815
6311,1,1_3,0.1,0.02885,0.0848
6312,1,1_3,0.1,0.01942,0.08527
6313,1,1_3,0.1,0.02533,0.06903
6314,1,1_3,0.1,0.02306,0.07446
6315,1,1_3,0.1,0.02145,0.0793
6316,1,1_3,0.1,0.02092,0.0746
6317,1,1_3,0.1,0.02422,0.0721
6318,1,1_3,0.1,0.02599,0.1068
6319,1,1_3,0.1,0.02502,0.0786
6320,1,1_3,0.1,0.02814,0.07227
6321,1,1_3,0.1,0.0219,0.0835
6322,1,1_3,0.1,0.01788,0.09686
6323,1,1_3,0.1,0.02382,0.075
6324,1,1_3,0.1,0.02283,0.0723
6325,1,1_3,0.1,0.02515,0.07715
6326,1,1_3,0.1,0.0204,0.08325
6327,1,1_3,0.1,0.02571,0.0715
6328,1,1_3,0.1,0.02074,0.0797
6329,1,1_3,0.1,0.02364,0.09546
6330,1,1_3,0.1,0.02884,0.0749
6331,1,1_3,0.1,0.02672,0.0681
6332,1,1_3,0.1,0.02715,0.07764
6333,1,1_3,0.1,0.02359,0.07245
6334,1,1_3,0.1,0.02379,0.0845
6335,1,1_3,0.1,0.01994,0.07684
6336,1,1_3,0.1,0.02896,0.0766
6337,1,1_3,0.1,0.02238,0.08673
6338,1,1_3,0.1,0.02704,0.08264
6339,1,1_3,0.1,0.02003,0.0774
6340,1,1_3,0.1,0.02126,0.0705
6341,1,1_3,0.1,0.02519,0.0883
6342,1,1_3,0.1,0.02278,0.076
6343,1,1_3,0.1,0.02173,0.0789
6344,1,1_3,0.1,0.0273,0.1047
6345,1,1_3,0.1,0.02127,0.0759
6346,1,1_3,0.1,0.02383,0.0775
6347,1,1_3,0.1,0.02751,0.0762
6348,1,1_3,0.1,0.02406,0.07733
6349,1,1_3,0.1,0.02452,0.07385
6350,1,1_3,0.1,0.0261,0.06976
6351,1,1_3,0.1,0.02231,0.08057
6352,1,1_3,0.1,0.02126,0.0692
6353,1,1_3,0.1,0.02264,0.08386
6354,1,1_3,0.1,0.02121,0.0751
6355,1,1_3,0.1,0.02515,0.0847
6356,1,1_3,0.1,0.01965,0.0859
6357,1,1_3,0.1,0.02303,0.0684
6358,1,1_3,0.1,0.02586,0.0829
6359,1,1_3,0.1,0.02399,0.0791
6360,1,1_3,0.1,0.02315,0.0719
6361,1,1_3,0.1,0.02438,0.0757
6362,1,1_3,0.1,0.032,0.07886
6363,1,1_3,0.1,0.02943,0.0798
6364,1,1_3,0.1,0.01982,0.071
6365,1,1_3,0.1,0.02654,0.10156
6366,1,1_3,0.1,0.02237,0.072
6367,1,1_3,0.1,0.02191,0.0766
6368,1,1_3,0.1,0.02132,0.08234
6369,1,1_3,0.1,0.02382,0.08044
6370,1,1_3,0.1,0.02232,0.07904
6371,1,1_3,0.1,0.02637,0.0838
6372,1,1_3,0.1,0.02394,0.07825
6373,1,1_3,0.1,0.02406,0.0727
6374,1,1_3,0.1,0.02113,0.0764
6375,1,1_3,0.1,0.0218,0.0741
6376,1,1_3,0.1,0.02084,0.07404
6377,1,1_3,0.1,0.02266,0.0737
6378,1,1_3,0.1,0.02238,0.0711
6379,1,1_3,0.1,0.02586,0.0938
6380,1,1_3,0.1,0.02457,0.0771
6381,1,1_3,0.1,0.02425,0.0716
6382,1,1_3,0.1,0.02791,0.07684
6383,1,1_3,0.1,0.0238,0.08105
6384,1,1_3,0.1,0.02254,0.07526
6385,1,1_3,0.1,0.02582,0.0695
6386,1,1_3,0.1,0.02437,0.07245
6387,1,1_3,0.1,0.025,0.0689
6388,1,1_3,0.1,0.02757,0.09283
6389,1,1_3,0.1,0.02594,0.0702
6390,1,1_3,0.1,0.02264,0.07104
6391,1,1_3,0.1,0.02888,0.07837
6392,1,1_3,0.1,0.02092,0.0758
6393,1,1_3,0.1,0.02516,0.0717
6394,1,1_3,0.1,0.02051,0.0801
6395,1,1_3,0.1,0.02234,0.07684
6396,1,1_3,0.1,0.0228,0.1091
6397,1,1_3,0.1,0.01756,0.0748
6398,1,1_3,0.1,0.0291,0.0856
6399,1,1_3,0.1,0.02708,0.0827
6400,1,1_3,0.1,0.02422,0.07104
6401,1,1_3,0.1,0.02405,0.0859
6402,1,1_3,0.1,0.02293,0.07495
6403,1,1_3,0.1,0.02441,0.08
6404,1,1_3,0.1,0.02533,0.07056
6405,1,1_3,0.1,0.0212,0.0742
6406,1,1_3,0.1,0.02245,0.0741
6407,1,1_3,0.1,0.01964,0.08246
6408,1,1_3,0.1,0.02515,0.0857
6409,1,1_3,0.1,0.02531,0.0883
6410,1,1_3,0.1,0.03436,0.08655
6411,1,1_3,0.1,0.02725,0.0729
6412,1,1_3,0.1,0.02487,0.0884
6413,1,1_3,0.1,0.02628,0.07434
6414,1,1_3,0.1,0.02545,0.0722
6415,1,1_3,0.1,0.02333,0.0751
6416,1,1_3,0.1,0.03072,0.0855
6417,1,1_3,0.1,0.03183,0.08234
6418,1,1_3,0.1,0.02374,0.0808
6419,1,1_3,0.1,0.02362,0.078
6420,1,1_3,0.1,0.02351,0.0711
6421,1,1_3,0.1,0.02473,0.0981
6422,1,1_3,0.1,0.02419,0.07416
6423,1,1_3,0.1,0.02718,0.077
6424,1,1_3,0.1,0.02841,0.0721
6425,1,1_3,0.1,0.02615,0.07587
6426,1,1_3,0.1,0.02727,0.0725
6427,1,1_3,0.1,0.0209,0.0706
6428,1,1_3,0.1,0.02504,0.0758
6429,1,1_3,0.1,0.02293,0.08685
6430,1,1_3,0.1,0.02948,0.08057
6431,1,1_3,0.1,0.02994,0.0761
6432,1,1_3,0.1,0.02371,0.07227
6433,1,1_3,0.1,0.02318,0.0927
6434,1,1_3,0.1,0.02232,0.0751
6435,1,1_3,0.1,0.03528,0.09174
6436,1,1_3,0.1,0.0259,0.0722
6437,1,1_3,0.1,0.02306,0.0684
6438,1,1_3,0.1,0.02597,0.0717
6439,1,1_3,0.1,0.0225,0.0818
6440,1,1_3,0.1,0.02208,0.0751
6441,1,1_3,0.1,0.0222,0.07184
6442,1,1_3,0.1,0.02263,0.0787
6443,1,1_3,0.1,0.02605,0.0721
6444,1,1_3,0.1,0.02214,0.0773
6445,1,1_3,0.1,0.0263,0.07965
6446,1,1_3,0.1,0.02502,0.0806
6447,1,1_3,0.1,0.02243,0.0775
6448,1,1_3,0.1,0.03107,0.07684
6449,1,1_3,0.1,0.02374,0.07275
6450,1,1_3,0.1,0.0248,0.0795
6451,1,1_3,0.1,0.022,0.06946
6452,1,1_3,0.1,0.02441,0.072
6453,1,1_3,0.1,0.02115,0.0838
6454,1,1_3,0.1,0.0234,0.0724
6455,1,1_3,0.1,0.0367,0.0814
6456,1,1_3,0.1,0.02625,0.0768
6457,1,1_3,0.1,0.02277,0.0692
6458,1,1_3,0.1,0.02255,0.0827
6459,1,1_3,0.1,0.02225,0.07214
6460,1,1_3,0.1,0.01756,0.07465
6461,1,1_3,0.1,0.02725,0.0831
6462,1,1_3,0.1,0.0221,0.0693
6463,1,1_3,0.1,0.02438,0.0716
6464,1,1_3,0.1,0.02605,0.08093
6465,1,1_3,0.1,0.02295,0.08234
6466,1,1_3,0.1,0.0281,0.07043
6467,1,1_3,0.1,0.02339,0.0752
6468,1,1_3,0.1,0.02412,0.08636
6469,1,1_3,0.1,0.02733,0.08875
6470,1,1_3,0.1,0.02689,0.0878
6471,1,1_3,0.1,0.02394,0.07996
6472,1,1_3,0.1,0.02306,0.0854
6473,1,1_3,0.1,0.02356,0.09607
6474,1,1_3,0.1,0.02155,0.07764
6475,1,1_3,0.1,0.024,0.07056
6476,1,1_3,0.1,0.02525,0.07556
6477,1,1_3,0.1,0.02396,0.0797
6478,1,1_3,0.1,0.0207,0.0687
6479,1,1_3,0.1,0.0243,0.0756
6480,1,1_3,0.1,0.02527,0.0788
6481,1,1_3,0.1,0.02089,0.0902
6482,1,1_3,0.1,0.02531,0.07513
6483,1,1_3,0.1,0.02237,0.07104
6484,1,1_3,0.1,0.02396,0.0719
6485,1,1_3,0.1,0.0231,0.07117
6486,1,1_3,0.1,0.02394,0.07166
6487,1,1_3,0.1,0.02982,0.08057
6488,1,1_3,0.1,0.02121,0.0693
6489,1,1_3,0.1,0.06256,0.0749
6490,1,1_3,0.1,0.0263,0.0736
6491,1,1_3,0.1,0.02682,0.07574
6492,1,1_3,0.1,0.02562,0.07684
6493,1,1_3,0.1,0.02235,0.07794
6494,1,1_3,0.1,0.02193,0.0731
6495,1,1_3,0.1,0.03607,0.0855
6496,1,1_3,0.1,0.02531,0.0792
6497,1,1_3,0.1,0.02377,0.0696
6498,1,1_3,0.1,0.02298,0.07385
6499,1,1_3,0.1,0.02014,0.0836
6500,1,1_3,0.1,0.01816,0.0726
6501,1,1_3,0.1,0.02583,0.08057
6502,1,1_3,0.1,0.02548,0.0749
6503,1,1_3,0.1,0.02814,0.0767
6504,1,1_3,0.1,0.02457,0.0935
6505,1,1_3,0.1,0.01825,0.07043
6506,1,1_3,0.1,0.02371,0.07587
6507,1,1_3,0.1,0.024,0.0827
6508,1,1_3,0.1,0.02003,0.0731
6509,1,1_3,0.1,0.02505,0.08997
6510,1,1_3,0.1,0.02596,0.07446
6511,1,1_3,0.1,0.03075,0.07697
6512,1,1_3,0.1,0.02374,0.0777
6513,1,1_3,0.1,0.02397,0.07556
6514,1,1_3,0.1,0.02356,0.07117
6515,1,1_3,0.1,0.02196,0.0809
6516,1,1_3,0.1,0.02312,0.0754
6517,1,1_3,0.1,0.02402,0.08405
6518,1,1_3,0.1,0.02231,0.0687
6519,1,1_3,0.1,0.02264,0.072
6520,1,1_3,0.1,0.01962,0.08325
6521,1,1_3,0.1,0.02043,0.0738
6522,1,1_3,0.1,0.02423,0.07733
6523,1,1_3,0.1,0.02103,0.1037
6524,1,1_3,0.1,0.02682,0.0873
6525,1,1_3,0.1,0.02597,0.0774
6526,1,1_3,0.1,0.02258,0.0784
6527,1,1_3,0.1,0.02136,0.08484
6528,1,1_3,0.1,0.02444,0.07336
6529,1,1_3,0.1,0.02405,0.0885
6530,1,1_3,0.1,0.02243,0.0922
6531,1,1_3,0.1,0.02388,0.07196
6532,1,1_3,0.1,0.02603,0.0733
6533,1,1_3,0.1,0.02637,0.07306
6534,1,1_3,0.1,0.02188,0.0709
6535,1,1_3,0.1,0.02544,0.08057
6536,1,1_3,0.1,0.02055,0.0736
6537,1,1_3,0.1,0.02376,0.0695
6538,1,1_3,0.1,0.02383,0.07385
6539,1,1_3,0.1,0.02303,0.08307
6540,1,1_3,0.1,0.0241,0.07056
6541,1,1_3,0.1,0.02281,0.071
6542,1,1_3,0.1,0.02504,0.06915
6543,1,1_3,0.1,0.02386,0.0742
6544,1,1_3,0.1,0.0225,0.0719
6545,1,1_3,0.1,0.02333,0.082
6546,1,1_3,0.1,0.0222,0.0695
6547,1,1_3,0.1,0.02068,0.0829
6548,1,1_3,0.1,0.02498,0.0719
6549,1,1_3,0.1,0.02625,0.0736
6550,1,1_3,0.1,0.02449,0.0884
6551,1,1_3,0.1,0.02478,0.0759
6552,1,1_3,0.1,0.02898,0.07074
6553,1,1_3,0.1,0.02129,0.08136
6554,1,1_3,0.1,0.02345,0.0857
6555,1,1_3,0.1,0.0248,0.07196
6556,1,1_3,0.1,0.02773,0.08356
6557,1,1_3,0.1,0.02312,0.0733
6558,1,1_3,0.1,0.02142,0.077
6559,1,1_3,0.1,0.02658,0.0719
6560,1,1_3,0.1,0.0242,0.07074
6561,1,1_3,0.1,0.01932,0.08374
6562,1,1_3,0.1,0.0247,0.072
6563,1,1_3,0.1,0.025,0.10333
6564,1,1_3,0.1,0.02386,0.07745
6565,1,1_3,0.1,0.02367,0.0715
6566,1,1_3,0.1,0.0239,0.0733
6567,1,1_3,0.1,0.02417,0.07654
6568,1,1_3,0.1,0.02217,0.06793
6569,1,1_3,0.1,0.02928,0.0794
6570,1,1_3,0.1,0.02345,0.0717
6571,1,1_3,0.1,0.02138,0.0766
6572,1,1_3,0.1,0.02226,0.07355
6573,1,1_3,0.1,0.02107,0.07214
6574,1,1_3,0.1,0.02446,0.0754
6575,1,1_3,0.1,0.02544,0.0815
6576,1,1_3,0.1,0.02084,0.06976
6577,1,1_3,0.1,0.02061,0.07275
6578,1,1_3,0.1,0.0234,0.0731
6579,1,1_3,0.1,0.02383,0.0882
6580,1,1_3,0.1,0.02304,0.07623
6581,1,1_3,0.1,0.02353,0.1031
6582,1,1_3,0.1,0.01907,0.0805
6583,1,1_3,0.1,0.02835,0.07764
6584,1,1_3,0.1,0.02626,0.0744
6585,1,1_3,0.1,0.02151,0.0735
6586,1,1_3,0.1,0.0257,0.075
6587,1,1_3,0.1,0.02081,0.0842
6588,1,1_3,0.1,0.02153,0.07587
6589,1,1_3,0.1,0.01848,0.07587
6590,1,1_3,0.1,0.02113,0.0829
6591,1,1_3,0.1,0.02612,0.076
6592,1,1_3,0.1,0.02469,0.07684
6593,1,1_3,0.1,0.01901,0.0854
6594,1,1_3,0.1,0.0218,0.0744
6595,1,1_3,0.1,0.02388,0.0734
6596,1,1_3,0.1,0.01997,0.0981
6597,1,1_3,0.1,0.02422,0.0854
6598,1,1_3,0.1,0.02197,0.0867
6599,1,1_3,0.1,0.02339,0.0784
6600,1,1_3,0.1,0.02245,0.0717
6601,1,1_3,0.1,0.0212,0.0794
6602,1,1_3,0.1,0.02242,0.0692
6603,1,1_3,0.1,0.02641,0.0792
6604,1,1_3,0.1,0.02328,0.0992
6605,1,1_3,0.1,0.02237,0.0784
6606,1,1_3,0.1,0.0275,0.08606
6607,1,1_3,0.1,0.0264,0.0722
6608,1,1_3,0.1,0.02254,0.071
6609,1,1_3,0.1,0.02548,0.0816
6610,1,1_3,0.1,0.0263,0.0743
6611,1,1_3,0.1,0.02098,0.07324
6612,1,1_3,0.1,0.02354,0.07086
6613,1,1_3,0.1,0.0272,0.081
6614,1,1_3,0.1,0.02483,0.0731
6615,1,1_3,0.1,0.02196,0.0732
6616,1,1_3,0.1,0.02278,0.07654
6617,1,1_3,0.1,0.0227,0.07574
6618,1,1_3,0.1,0.02486,0.0739
6619,1,1_3,0.1,0.02316,0.08167
6620,1,1_3,0.1,0.0282,0.071
6621,1,1_3,0.1,0.02362,0.0715
6622,1,1_3,0.1,0.02138,0.0737
6623,1,1_3,0.1,0.02399,0.0886
6624,1,1_3,0.1,0.02484,0.09094
6625,1,1_3,0.1,0.03102,0.0809
6626,1,1_3,0.1,0.03732,0.08356
6627,1,1_3,0.1,0.02608,0.0748
6628,1,1_3,0.1,0.02428,0.0983
6629,1,1_3,0.1,0.02583,0.0744
6630,1,1_3,0.1,0.02644,0.07477
6631,1,1_3,0.1,0.021,0.08655
6632,1,1_3,0.1,0.02211,0.07214
6633,1,1_3,0.1,0.02147,0.0789
6634,1,1_3,0.1,0.02637,0.07404
6635,1,1_3,0.1,0.02444,0.08563
6636,1,1_3,0.1,0.02374,0.0988
6637,1,1_3,0.1,0.02448,0.07874
6638,1,1_3,0.1,0.021,0.07495
6639,1,1_3,0.1,0.02225,0.08044
6640,1,1_3,0.1,0.01906,0.0941
6641,1,1_3,0.1,0.02898,0.0742
6642,1,1_3,0.1,0.02544,0.0834
6643,1,1_3,0.1,0.02454,0.0734
6644,1,1_3,0.1,0.02205,0.0802
6645,1,1_3,0.1,0.02278,0.07947
6646,1,1_3,0.1,0.02136,0.0712
6647,1,1_3,0.1,0.02686,0.0813
6648,1,1_3,0.1,0.02556,0.07367
6649,1,1_3,0.1,0.02226,0.0769
6650,1,1_3,0.1,0.02278,0.0716
6651,1,1_3,0.1,0.01979,0.0742
6652,1,1_3,0.1,0.02519,0.0863
6653,1,1_3,0.1,0.0185,0.0832
6654,1,1_3,0.1,0.0245,0.07806
6655,1,1_3,0.1,0.0415,0.0731
6656,1,1_3,0.1,0.0261,0.0756
6657,1,1_3,0.1,0.02562,0.0848
6658,1,1_3,0.1,0.01927,0.07196
6659,1,1_3,0.1,0.02144,0.0916
6660,1,1_3,0.1,0.02214,0.07635
6661,1,1_3,0.1,0.02182,0.0801
6662,1,1_3,0.1,0.02141,0.07825
6663,1,1_3,0.1,0.01756,0.0746
6664,1,1_3,0.1,0.03152,0.0828
6665,1,1_3,0.1,0.02481,0.0722
6666,1,1_3,0.1,0.02374,0.0719
6667,1,1_3,0.1,0.02464,0.0818
6668,1,1_3,0.1,0.02303,0.075
6669,1,1_3,0.1,0.02327,0.0712
6670,1,1_3,0.1,0.01974,0.08624
6671,1,1_3,0.1,0.01999,0.0759
6672,1,1_3,0.1,0.02434,0.07495
6673,1,1_3,0.1,0.02832,0.07605
6674,1,1_3,0.1,0.02466,0.0766
6675,1,1_3,0.1,0.02428,0.085
6676,1,1_3,0.1,0.02353,0.0875
6677,1,1_3,0.1,0.02419,0.07745
6678,1,1_3,0.1,0.02075,0.08356
6679,1,1_3,0.1,0.02751,0.07635
6680,1,1_3,0.1,0.0287,0.0707
6681,1,1_3,0.1,0.03043,0.0769
6682,1,1_3,0.1,0.02534,0.07086
6683,1,1_3,0.1,0.02205,0.07745
6684,1,1_3,0.1,0.03397,0.0806
6685,1,1_3,0.1,0.02322,0.0734
6686,1,1_3,0.1,0.01997,0.0733
6687,1,1_3,0.1,0.01894,0.0706
6688,1,1_3,0.1,0.02533,0.08044
6689,1,1_3,0.1,0.02457,0.0716
6690,1,1_3,0.1,0.02504,0.077
6691,1,1_3,0.1,0.02104,0.07434
6692,1,1_3,0.1,0.02737,0.0795
6693,1,1_3,0.1,0.02148,0.0705
6694,1,1_3,0.1,0.027,0.07275
6695,1,1_3,0.1,0.02373,0.08325
6696,1,1_3,0.1,0.02325,0.0736
6697,1,1_3,0.1,0.022,0.085
6698,1,1_3,0.1,0.02681,0.0834
6699,1,1_3,0.1,0.03032,0.07623
6700,1,1_3,0.1,0.0311,0.09375
6701,1,1_3,0.1,0.025,0.0725
6702,1,1_3,0.1,0.02567,0.0729
6703,1,1_3,0.1,0.0224,0.0717
6704,1,1_3,0.1,0.01962,0.08685
6705,1,1_3,0.1,0.02763,0.0732
6706,1,1_3,0.1,0.02853,0.09015
6707,1,1_3,0.1,0.02312,0.0727
6708,1,1_3,0.1,0.02028,0.0739
6709,1,1_3,0.1,0.02885,0.0809
6710,1,1_3,0.1,0.0253,0.08453
6711,1,1_3,0.1,0.0257,0.07446
6712,1,1_3,0.1,0.03088,0.07574
6713,1,1_3,0.1,0.02414,0.08026
6714,1,1_3,0.1,0.02342,0.0687
6715,1,1_3,0.1,0.01988,0.07214
6716,1,1_3,0.1,0.01894,0.0735
6717,1,1_3,0.1,0.02345,0.08417
6718,1,1_3,0.1,0.02003,0.0739
6719,1,1_3,0.1,0.0203,0.07275
6720,1,1_3,0.1,0.02507,0.0786
6721,1,1_3,0.1,0.02345,0.0838
6722,1,1_3,0.1,0.0235,0.08093
6723,1,1_3,0.1,0.0264,0.0823
6724,1,1_3,0.1,0.01878,0.0876
6725,1,1_3,0.1,0.02242,0.0714
6726,1,1_3,0.1,0.0218,0.0784
6727,1,1_3,0.1,0.02261,0.0729
6728,1,1_3,0.1,0.02757,0.07513
6729,1,1_3,0.1,0.01941,0.07837
6730,1,1_3,0.1,0.0287,0.0781
6731,1,1_3,0.1,0.02534,0.0735
6732,1,1_3,0.1,0.0218,0.07104
6733,1,1_3,0.1,0.02673,0.07416
6734,1,1_3,0.1,0.02472,0.0747
6735,1,1_3,0.1,0.03017,0.08093
6736,1,1_3,0.1,0.02278,0.0761
6737,1,1_3,0.1,0.03043,0.078
6738,1,1_3,0.1,0.02774,0.0707
6739,1,1_3,0.1,0.02736,0.0712
6740,1,1_3,0.1,0.0212,0.0689
6741,1,1_3,0.1,0.02994,0.0742
6742,1,1_3,0.1,0.02621,0.0704
6743,1,1_3,0.1,0.02472,0.0756
6744,1,1_3,0.1,0.01866,0.0905
6745,1,1_3,0.1,0.02275,0.0764
6746,1,1_3,0.1,0.02336,0.07166
6747,1,1_3,0.1,0.01906,0.0716
6748,1,1_3,0.1,0.02316,0.0717
6749,1,1_3,0.1,0.02612,0.0716
6750,1,1_3,0.1,0.02621,0.0738
6751,1,1_3,0.1,0.02402,0.07684
6752,1,1_3,0.1,0.02216,0.07465
6753,1,1_3,0.1,0.0259,0.06903
6754,1,1_3,0.1,0.0254,0.08264
6755,1,1_3,0.1,0.0215,0.0808
6756,1,1_3,0.1,0.02513,0.077
6757,1,1_3,0.1,0.02284,0.0709
6758,1,1_3,0.1,0.01955,0.1081
6759,1,1_3,0.1,0.02534,0.0716
6760,1,1_3,0.1,0.02744,0.0767
6761,1,1_3,0.1,0.01888,0.07666
6762,1,1_3,0.1,0.02248,0.07227
6763,1,1_3,0.1,0.01889,0.0775
6764,1,1_3,0.1,0.02547,0.08014
6765,1,1_3,0.1,0.02855,0.0737
6766,1,1_3,0.1,0.02705,0.08954
6767,1,1_3,0.1,0.02005,0.08185
6768,1,1_3,0.1,0.02536,0.0718
6769,1,1_3,0.1,0.02145,0.072
6770,1,1_3,0.1,0.02257,0.07294
6771,1,1_3,0.1,0.0263,0.07416
6772,1,1_3,0.1,0.02069,0.0747
6773,1,1_3,0.1,0.02383,0.0712
6774,1,1_3,0.1,0.02063,0.0734
6775,1,1_3,0.1,0.01927,0.0886
6776,1,1_3,0.1,0.01996,0.10175
6777,1,1_3,0.1,0.0239,0.076
6778,1,1_3,0.1,0.02153,0.0737
6779,1,1_3,0.1,0.0292,0.0794
6780,1,1_3,0.1,0.02228,0.07477
6781,1,1_3,0.1,0.02434,0.07635
6782,1,1_3,0.1,0.02238,0.07263
6783,1,1_3,0.1,0.02284,0.07367
6784,1,1_3,0.1,0.02542,0.0732
6785,1,1_3,0.1,0.0235,0.07135
6786,1,1_3,0.1,0.025,0.0791
6787,1,1_3,0.1,0.02594,0.08215
6788,1,1_3,0.1,0.02423,0.0812
6789,1,1_3,0.1,0.01732,0.10455
6790,1,1_3,0.1,0.02058,0.0996
6791,1,1_3,0.1,0.02397,0.07
6792,1,1_3,0.1,0.02908,0.08295
6793,1,1_3,0.1,0.02373,0.0762
6794,1,1_3,0.1,0.02315,0.076
6795,1,1_3,0.1,0.02443,0.06976
6796,1,1_3,0.1,0.02638,0.1171
6797,1,1_3,0.1,0.01791,0.07855
6798,1,1_3,0.1,0.02269,0.07074
6799,1,1_3,0.1,0.02733,0.07806
6800,1,1_3,0.1,0.0196,0.0828
6801,1,1_3,0.1,0.03108,0.0873
6802,1,1_3,0.1,0.02908,0.07745
6803,1,1_3,0.1,0.0232,0.07404
6804,1,1_3,0.1,0.02548,0.0748
6805,1,1_3,0.1,0.02263,0.0805
6806,1,1_3,0.1,0.02707,0.0702
6807,1,1_3,0.1,0.02475,0.0726
6808,1,1_3,0.1,0.0339,0.07825
6809,1,1_3,0.1,0.02196,0.083
6810,1,1_3,0.1,0.02502,0.0722
6811,1,1_3,0.1,0.02191,0.07074
6812,1,1_3,0.1,0.02887,0.0756
6813,1,1_3,0.1,0.02377,0.07166
6814,1,1_3,0.1,0.0258,0.07745
6815,1,1_3,0.1,0.0265,0.07806
6816,1,1_3,0.1,0.01949,0.08594
6817,1,1_3,0.1,0.02167,0.07104
6818,1,1_3,0.1,0.02608,0.11066
6819,1,1_3,0.1,0.0292,0.0732
6820,1,1_3,0.1,0.0208,0.07184
6821,1,1_3,0.1,0.02411,0.0739
6822,1,1_3,0.1,0.02104,0.0778
6823,1,1_3,0.1,0.01941,0.07153
6824,1,1_3,0.1,0.02063,0.07385
6825,1,1_3,0.1,0.02397,0.0765
6826,1,1_3,0.1,0.01968,0.06915
6827,1,1_3,0.1,0.0293,0.0847
6828,1,1_3,0.1,0.0253,0.0738
6829,1,1_3,0.1,0.02222,0.0821
6830,1,1_3,0.1,0.02109,0.074
6831,1,1_3,0.1,0.02357,0.0786
6832,1,1_3,0.1,0.02469,0.078
6833,1,1_3,0.1,0.02676,0.08777
6834,1,1_3,0.1,0.02757,0.07623
6835,1,1_3,0.1,0.0244,0.0768
6836,1,1_3,0.1,0.05002,0.0745
6837,1,1_3,0.1,0.0268,0.07007
6838,1,1_3,0.1,0.02097,0.079
6839,1,1_3,0.1,0.02747,0.0728
6840,1,1_3,0.1,0.02705,0.0787
6841,1,1_3,0.1,0.01886,0.0735
6842,1,1_3,0.1,0.02441,0.094
6843,1,1_3,0.1,0.02356,0.0687
6844,1,1_3,0.1,0.02345,0.0796
6845,1,1_3,0.1,0.02336,0.0759
6846,1,1_3,0.1,0.02118,0.0799
6847,1,1_3,0.1,0.02455,0.08813
6848,1,1_3,0.1,0.02219,0.0699
6849,1,1_3,0.1,0.02078,0.077
6850,1,1_3,0.1,0.02673,0.07367
6851,1,1_3,0.1,0.0266,0.0853
6852,1,1_3,0.1,0.02185,0.07434
6853,1,1_3,0.1,0.03348,0.0788
6854,1,1_3,0.1,0.02415,0.07477
6855,1,1_3,0.1,0.02759,0.07733
6856,1,1_3,0.1,0.02599,0.07935
6857,1,1_3,0.1,0.02496,0.074
6858,1,1_3,0.1,0.0236,0.07104
6859,1,1_3,0.1,0.02397,0.0729
6860,1,1_3,0.1,0.02454,0.07874
6861,1,1_3,0.1,0.02867,0.0792
6862,1,1_3,0.1,0.02464,0.093
6863,1,1_3,0.1,0.02206,0.07495
6864,1,1_3,0.1,0.02028,0.1013
6865,1,1_3,0.1,0.0229,0.07526
6866,1,1_3,0.1,0.02052,0.0711
6867,1,1_3,0.1,0.02051,0.0705
6868,1,1_3,0.1,0.01978,0.07776
6869,1,1_3,0.1,0.02304,0.0994
6870,1,1_3,0.1,0.02393,0.08026
6871,1,1_3,0.1,0.02109,0.07227
6872,1,1_3,0.1,0.0226,0.08246
6873,1,1_3,0.1,0.02316,0.0853
6874,1,1_3,0.1,0.02118,0.0732
6875,1,1_3,0.1,0.02795,0.0828
6876,1,1_3,0.1,0.02475,0.0729
6877,1,1_3,0.1,0.02637,0.079
6878,1,1_3,0.1,0.02206,0.08154
6879,1,1_3,0.1,0.01933,0.07294
6880,1,1_3,0.1,0.02272,0.07605
6881,1,1_3,0.1,0.02107,0.07983
6882,1,1_3,0.1,0.02533,0.07465
6883,1,1_3,0.1,0.0198,0.08344
6884,1,1_3,0.1,0.02176,0.0911
6885,1,1_3,0.1,0.0208,0.0781
6886,1,1_3,0.1,0.02226,0.08105
6887,1,1_3,0.1,0.02524,0.07104
6888,1,1_3,0.1,0.02641,0.0852
6889,1,1_3,0.1,0.0213,0.0898
6890,1,1_3,0.1,0.02182,0.0846
6891,1,1_3,0.1,0.02106,0.0816
6892,1,1_3,0.1,0.01947,0.0758
6893,1,1_3,0.1,0.02414,0.096
6894,1,1_3,0.1,0.02707,0.0884
6895,1,1_3,0.1,0.02075,0.07477
6896,1,1_3,0.1,0.02475,0.0699
6897,1,1_3,0.1,0.0247,0.07654
6898,1,1_3,0.1,0.02841,0.07794
6899,1,1_3,0.1,0.02391,0.079
6900,1,1_3,0.1,0.02063,0.07574
6901,1,1_3,0.1,0.02226,0.0813
6902,1,1_3,0.1,0.02388,0.0732
6903,1,1_3,0.1,0.0196,0.087
6904,1,1_3,0.1,0.02293,0.0812
6905,1,1_3,0.1,0.0251,0.0772
6906,1,1_3,0.1,0.02913,0.08563
6907,1,1_3,0.1,0.02504,0.0727
6908,1,1_3,0.1,0.02173,0.0711
6909,1,1_3,0.1,0.02481,0.0894
6910,1,1_3,0.1,0.02525,0.0729
6911,1,1_3,0.1,0.02432,0.0762
6912,1,1_3,0.1,0.02464,0.07477
6913,1,1_3,0.1,0.01811,0.09424
6914,1,1_3,0.1,0.02307,0.0766
6915,1,1_3,0.1,0.02936,0.07776
6916,1,1_3,0.1,0.02853,0.0953
6917,1,1_3,0.1,0.02405,0.07465
6918,1,1_3,0.1,0.02173,0.0733
6919,1,1_3,0.1,0.02196,0.08545
6920,1,1_3,0.1,0.02501,0.0777
6921,1,1_3,0.1,0.0221,0.1043
6922,1,1_3,0.1,0.02191,0.0757
6923,1,1_3,0.1,0.01804,0.10156
6924,1,1_3,0.1,0.01917,0.09656
6925,1,1_3,0.1,0.02438,0.0739
6926,1,1_3,0.1,0.02557,0.091
6927,1,1_3,0.1,0.02095,0.07745
6928,1,1_3,0.1,0.02444,0.097
6929,1,1_3,0.1,0.02168,0.0726
6930,1,1_3,0.1,0.02153,0.071
6931,1,1_3,0.1,0.02338,0.0711
6932,1,1_3,0.1,0.02261,0.072
6933,1,1_3,0.1,0.02599,0.0865
6934,1,1_3,0.1,0.01962,0.1074
6935,1,1_3,0.1,0.0266,0.0768
6936,1,1_3,0.1,0.0238,0.074
6937,1,1_3,0.1,0.0257,0.0896
6938,1,1_3,0.1,0.02756,0.08374
6939,1,1_3,0.1,0.02269,0.0756
6940,1,1_3,0.1,0.0256,0.0734
6941,1,1_3,0.1,0.0234,0.0718
6942,1,1_3,0.1,0.02342,0.0733
6943,1,1_3,0.1,0.02298,0.09033
6944,1,1_3,0.1,0.02693,0.0736
6945,1,1_3,0.1,0.0232,0.07635
6946,1,1_3,0.1,0.01804,0.0753
6947,1,1_3,0.1,0.02312,0.0709
6948,1,1_3,0.1,0.01772,0.09247
6949,1,1_3,0.1,0.02324,0.07526
6950,1,1_3,0.1,0.02217,0.07605
6951,1,1_3,0.1,0.02219,0.07056
6952,1,1_3,0.1,0.02629,0.0721
6953,1,1_3,0.1,0.02682,0.0777
6954,1,1_3,0.1,0.02063,0.07745
6955,1,1_3,0.1,0.02647,0.0704
6956,1,1_3,0.1,0.02899,0.0827
6957,1,1_3,0.1,0.02896,0.0798
6958,1,1_3,0.1,0.01933,0.0727
6959,1,1_3,0.1,0.02501,0.0892
6960,1,1_3,0.1,0.0186,0.07477
6961,1,1_3,0.1,0.02136,0.07367
6962,1,1_3,0.1,0.02489,0.076
6963,1,1_3,0.1,0.0235,0.08704
6964,1,1_3,0.1,0.02408,0.0876
6965,1,1_3,0.1,0.02446,0.07275
6966,1,1_3,0.1,0.02469,0.0703
6967,1,1_3,0.1,0.0215,0.0759
6968,1,1_3,0.1,0.03032,0.07697
6969,1,1_3,0.1,0.02663,0.07355
6970,1,1_3,0.1,0.02608,0.0723
6971,1,1_3,0.1,0.02577,0.07056
6972,1,1_3,0.1,0.03137,0.0941
6973,1,1_3,0.1,0.01778,0.0727
6974,1,1_3,0.1,0.02252,0.07697
6975,1,1_3,0.1,0.02655,0.07245
6976,1,1_3,0.1,0.0295,0.10236
6977,1,1_3,0.1,0.03041,0.07996
6978,1,1_3,0.1,0.02165,0.088
6979,1,1_3,0.1,0.0212,0.07404
6980,1,1_3,0.1,0.02776,0.07715
6981,1,1_3,0.1,0.02864,0.08325
6982,1,1_3,0.1,0.02266,0.07355
6983,1,1_3,0.1,0.02339,0.0878
6984,1,1_3,0.1,0.01936,0.0904
6985,1,1_3,0.1,0.02794,0.07825
6986,1,1_3,0.1,0.02098,0.07764
6987,1,1_3,0.1,0.01968,0.074
6988,1,1_3,0.1,0.02531,0.091
6989,1,1_3,0.1,0.02066,0.0741
6990,1,1_3,0.1,0.0284,0.07263
6991,1,1_3,0.1,0.02025,0.07935
6992,1,1_3,0.1,0.03146,0.07587
6993,1,1_3,0.1,0.02176,0.0898
6994,1,1_3,0.1,0.02477,0.0743
6995,1,1_3,0.1,0.02205,0.0942
6996,1,1_3,0.1,0.02911,0.07855
6997,1,1_3,0.1,0.02405,0.075
6998,1,1_3,0.1,0.02237,0.0938
6999,1,1_3,0.1,0.0231,0.0699
7000,1,1_3,0.2,0.04254,0.0813
7001,1,1_3,0.2,0.0433,0.09045
7002,1,1_3,0.2,0.0424,0.0902
7003,1,1_3,0.2,0.0404,0.08167
7004,1,1_3,0.2,0.03525,0.07983
7005,1,1_3,0.2,0.03662,0.0782
7006,1,1_3,0.2,0.04584,0.09125
7007,1,1_3,0.2,0.03925,0.0806
7008,1,1_3,0.2,0.0416,0.08374
7009,1,1_3,0.2,0.0315,0.08734
7010,1,1_3,0.2,0.0317,0.0844
7011,1,1_3,0.2,0.05106,0.0811
7012,1,1_3,0.2,0.03091,0.07446
7013,1,1_3,0.2,0.03497,0.0739
7014,1,1_3,0.2,0.0347,0.07544
7015,1,1_3,0.2,0.03696,0.0942
7016,1,1_3,0.2,0.02924,0.09515
7017,1,1_3,0.2,0.03372,0.0813
7018,1,1_3,0.2,0.04507,0.0922
7019,1,1_3,0.2,0.02861,0.07465
7020,1,1_3,0.2,0.04,0.08777
7021,1,1_3,0.2,0.03017,0.0768
7022,1,1_3,0.2,0.0379,0.0819
7023,1,1_3,0.2,0.03726,0.0812
7024,1,1_3,0.2,0.0336,0.09283
7025,1,1_3,0.2,0.0301,0.0723
7026,1,1_3,0.2,0.0354,0.0806
7027,1,1_3,0.2,0.04346,0.09656
7028,1,1_3,0.2,0.04214,0.08325
7029,1,1_3,0.2,0.04065,0.0787
7030,1,1_3,0.2,0.04025,0.08746
7031,1,1_3,0.2,0.04056,0.09576
7032,1,1_3,0.2,0.02676,0.06946
7033,1,1_3,0.2,0.04248,0.1006
7034,1,1_3,0.2,0.03207,0.0777
7035,1,1_3,0.2,0.0339,0.08185
7036,1,1_3,0.2,0.02835,0.0721
7037,1,1_3,0.2,0.03757,0.0918
7038,1,1_3,0.2,0.0267,0.07715
7039,1,1_3,0.2,0.0291,0.0752
7040,1,1_3,0.2,0.0317,0.0765
7041,1,1_3,0.2,0.0351,0.07355
7042,1,1_3,0.2,0.04285,0.09406
7043,1,1_3,0.2,0.02458,0.0683
7044,1,1_3,0.2,0.03111,0.07837
7045,1,1_3,0.2,0.02838,0.0894
7046,1,1_3,0.2,0.0467,0.1019
7047,1,1_3,0.2,0.04068,0.0892
7048,1,1_3,0.2,0.02911,0.08295
7049,1,1_3,0.2,0.03473,0.0907
7050,1,1_3,0.2,0.04343,0.088
7051,1,1_3,0.2,0.04117,0.088
7052,1,1_3,0.2,0.0405,0.0902
7053,1,1_3,0.2,0.02956,0.08636
7054,1,1_3,0.2,0.02914,0.07965
7055,1,1_3,0.2,0.02637,0.0709
7056,1,1_3,0.2,0.03207,0.0893
7057,1,1_3,0.2,0.02905,0.0859
7058,1,1_3,0.2,0.03238,0.09106
7059,1,1_3,0.2,0.02902,0.0929
7060,1,1_3,0.2,0.04117,0.1173
7061,1,1_3,0.2,0.0286,0.074
7062,1,1_3,0.2,0.02919,0.0908
7063,1,1_3,0.2,0.04138,0.0902
7064,1,1_3,0.2,0.0292,0.0731
7065,1,1_3,0.2,0.04355,0.0825
7066,1,1_3,0.2,0.03677,0.0912
7067,1,1_3,0.2,0.04865,0.0802
7068,1,1_3,0.2,0.02522,0.0865
7069,1,1_3,0.2,0.02686,0.0827
7070,1,1_3,0.2,0.03162,0.0831
7071,1,1_3,0.2,0.0358,0.07355
7072,1,1_3,0.2,0.0429,0.0973
7073,1,1_3,0.2,0.02893,0.0734
7074,1,1_3,0.2,0.03632,0.0867
7075,1,1_3,0.2,0.04556,0.0929
7076,1,1_3,0.2,0.0412,0.0976
7077,1,1_3,0.2,0.04733,0.09235
7078,1,1_3,0.2,0.04037,0.11865
7079,1,1_3,0.2,0.03598,0.0762
7080,1,1_3,0.2,0.03162,0.07965
7081,1,1_3,0.2,0.0318,0.07056
7082,1,1_3,0.2,0.02774,0.0726
7083,1,1_3,0.2,0.03104,0.07965
7084,1,1_3,0.2,0.0279,0.0936
7085,1,1_3,0.2,0.0421,0.0858
7086,1,1_3,0.2,0.03415,0.0895
7087,1,1_3,0.2,0.03021,0.08105
7088,1,1_3,0.2,0.04294,0.0804
7089,1,1_3,0.2,0.0349,0.10693
7090,1,1_3,0.2,0.0372,0.07635
7091,1,1_3,0.2,0.03105,0.07697
7092,1,1_3,0.2,0.0353,0.0848
7093,1,1_3,0.2,0.03848,0.0857
7094,1,1_3,0.2,0.03053,0.0725
7095,1,1_3,0.2,0.03693,0.09436
7096,1,1_3,0.2,0.03262,0.07587
7097,1,1_3,0.2,0.03537,0.0779
7098,1,1_3,0.2,0.04697,0.09076
7099,1,1_3,0.2,0.02534,0.08136
7100,1,1_3,0.2,0.02649,0.1008
7101,1,1_3,0.2,0.04315,0.0833
7102,1,1_3,0.2,0.0332,0.091
7103,1,1_3,0.2,0.04742,0.09
7104,1,1_3,0.2,0.05634,0.112
7105,1,1_3,0.2,0.03528,0.0961
7106,1,1_3,0.2,0.02792,0.07513
7107,1,1_3,0.2,0.0402,0.0855
7108,1,1_3,0.2,0.02686,0.0788
7109,1,1_3,0.2,0.02943,0.0741
7110,1,1_3,0.2,0.0322,0.083
7111,1,1_3,0.2,0.02438,0.0716
7112,1,1_3,0.2,0.02983,0.0921
7113,1,1_3,0.2,0.0319,0.07477
7114,1,1_3,0.2,0.02792,0.0705
7115,1,1_3,0.2,0.04086,0.08813
7116,1,1_3,0.2,0.03592,0.0934
7117,1,1_3,0.2,0.04132,0.1207
7118,1,1_3,0.2,0.04233,0.10297
7119,1,1_3,0.2,0.03482,0.0822
7120,1,1_3,0.2,0.02928,0.07074
7121,1,1_3,0.2,0.02835,0.0727
7122,1,1_3,0.2,0.0316,0.0867
7123,1,1_3,0.2,0.04453,0.0854
7124,1,1_3,0.2,0.0287,0.07526
7125,1,1_3,0.2,0.0335,0.08606
7126,1,1_3,0.2,0.0299,0.0725
7127,1,1_3,0.2,0.03177,0.0758
7128,1,1_3,0.2,0.03983,0.09436
7129,1,1_3,0.2,0.02895,0.0794
7130,1,1_3,0.2,0.04004,0.0897
7131,1,1_3,0.2,0.0278,0.0801
7132,1,1_3,0.2,0.03482,0.0955
7133,1,1_3,0.2,0.0297,0.09985
7134,1,1_3,0.2,0.04037,0.1088
7135,1,1_3,0.2,0.0435,0.09143
7136,1,1_3,0.2,0.0311,0.0713
7137,1,1_3,0.2,0.03827,0.0818
7138,1,1_3,0.2,0.02536,0.1025
7139,1,1_3,0.2,0.02574,0.0765
7140,1,1_3,0.2,0.03146,0.0788
7141,1,1_3,0.2,0.0484,0.1298
7142,1,1_3,0.2,0.0262,0.07916
7143,1,1_3,0.2,0.0263,0.07715
7144,1,1_3,0.2,0.02719,0.07886
7145,1,1_3,0.2,0.04205,0.0815
7146,1,1_3,0.2,0.03287,0.0852
7147,1,1_3,0.2,0.0386,0.088
7148,1,1_3,0.2,0.02849,0.0725
7149,1,1_3,0.2,0.02934,0.0781
7150,1,1_3,0.2,0.02672,0.0904
7151,1,1_3,0.2,0.04218,0.09735
7152,1,1_3,0.2,0.04593,0.1282
7153,1,1_3,0.2,0.0398,0.0769
7154,1,1_3,0.2,0.03555,0.07825
7155,1,1_3,0.2,0.04324,0.0987
7156,1,1_3,0.2,0.0422,0.10944
7157,1,1_3,0.2,0.0519,0.09186
7158,1,1_3,0.2,0.04205,0.09296
7159,1,1_3,0.2,0.04825,0.0972
7160,1,1_3,0.2,0.03754,0.08606
7161,1,1_3,0.2,0.0362,0.0791
7162,1,1_3,0.2,0.03348,0.0956
7163,1,1_3,0.2,0.03864,0.07495
7164,1,1_3,0.2,0.03397,0.0837
7165,1,1_3,0.2,0.02907,0.07587
7166,1,1_3,0.2,0.04715,0.10065
7167,1,1_3,0.2,0.0229,0.0716
7168,1,1_3,0.2,0.02904,0.0786
7169,1,1_3,0.2,0.03433,0.1037
7170,1,1_3,0.2,0.0248,0.0736
7171,1,1_3,0.2,0.04254,0.09656
7172,1,1_3,0.2,0.02641,0.084
7173,1,1_3,0.2,0.0272,0.0892
7174,1,1_3,0.2,0.03314,0.0919
7175,1,1_3,0.2,0.03156,0.0895
7176,1,1_3,0.2,0.03088,0.08234
7177,1,1_3,0.2,0.02856,0.0708
7178,1,1_3,0.2,0.03036,0.0766
7179,1,1_3,0.2,0.0414,0.08466
7180,1,1_3,0.2,0.0309,0.1176
7181,1,1_3,0.2,0.02634,0.07837
7182,1,1_3,0.2,0.03006,0.09424
7183,1,1_3,0.2,0.04224,0.0828
7184,1,1_3,0.2,0.03735,0.088
7185,1,1_3,0.2,0.03802,0.07965
7186,1,1_3,0.2,0.03207,0.08594
7187,1,1_3,0.2,0.03693,0.09076
7188,1,1_3,0.2,0.03226,0.0908
7189,1,1_3,0.2,0.02986,0.07605
7190,1,1_3,0.2,0.02812,0.08136
7191,1,1_3,0.2,0.03348,0.0856
7192,1,1_3,0.2,0.03543,0.0935
7193,1,1_3,0.2,0.02715,0.0703
7194,1,1_3,0.2,0.0375,0.09875
7195,1,1_3,0.2,0.03543,0.0978
7196,1,1_3,0.2,0.03543,0.11835
7197,1,1_3,0.2,0.03146,0.0749
7198,1,1_3,0.2,0.04437,0.0824
7199,1,1_3,0.2,0.03705,0.092
7200,1,1_3,0.2,0.03677,0.08575
7201,1,1_3,0.2,0.03021,0.0717
7202,1,1_3,0.2,0.04053,0.0857
7203,1,1_3,0.2,0.03897,0.07715
7204,1,1_3,0.2,0.02966,0.0882
7205,1,1_3,0.2,0.02928,0.07434
7206,1,1_3,0.2,0.04343,0.08777
7207,1,1_3,0.2,0.04822,0.0807
7208,1,1_3,0.2,0.0355,0.08044
7209,1,1_3,0.2,0.02759,0.0814
7210,1,1_3,0.2,0.02698,0.07513
7211,1,1_3,0.2,0.02936,0.0954
7212,1,1_3,0.2,0.03516,0.084
7213,1,1_3,0.2,0.03674,0.0975
7214,1,1_3,0.2,0.03375,0.0867
7215,1,1_3,0.2,0.03516,0.0854
7216,1,1_3,0.2,0.03778,0.0857
7217,1,1_3,0.2,0.02794,0.07623
7218,1,1_3,0.2,0.02885,0.08966
7219,1,1_3,0.2,0.02655,0.0786
7220,1,1_3,0.2,0.04327,0.0827
7221,1,1_3,0.2,0.04633,0.0957
7222,1,1_3,0.2,0.04504,0.0996
7223,1,1_3,0.2,0.04034,0.0828
7224,1,1_3,0.2,0.03638,0.0836
7225,1,1_3,0.2,0.0268,0.07446
7226,1,1_3,0.2,0.02596,0.07544
7227,1,1_3,0.2,0.05002,0.11523
7228,1,1_3,0.2,0.04636,0.0805
7229,1,1_3,0.2,0.03256,0.1048
7230,1,1_3,0.2,0.03113,0.0827
7231,1,1_3,0.2,0.03824,0.11096
7232,1,1_3,0.2,0.04224,0.09015
7233,1,1_3,0.2,0.0281,0.07635
7234,1,1_3,0.2,0.0412,0.0812
7235,1,1_3,0.2,0.0347,0.08875
7236,1,1_3,0.2,0.03017,0.0695
7237,1,1_3,0.2,0.03087,0.0821
7238,1,1_3,0.2,0.0236,0.07587
7239,1,1_3,0.2,0.02596,0.0769
7240,1,1_3,0.2,0.03967,0.09094
7241,1,1_3,0.2,0.03152,0.074
7242,1,1_3,0.2,0.02663,0.0902
7243,1,1_3,0.2,0.04437,0.09314
7244,1,1_3,0.2,0.03903,0.0923
7245,1,1_3,0.2,0.03928,0.1098
7246,1,1_3,0.2,0.04544,0.1359
7247,1,1_3,0.2,0.02448,0.07
7248,1,1_3,0.2,0.02847,0.0758
7249,1,1_3,0.2,0.03754,0.07385
7250,1,1_3,0.2,0.03348,0.094
7251,1,1_3,0.2,0.04337,0.0827
7252,1,1_3,0.2,0.02983,0.07666
7253,1,1_3,0.2,0.03482,0.0889
7254,1,1_3,0.2,0.02844,0.0741
7255,1,1_3,0.2,0.03033,0.08997
7256,1,1_3,0.2,0.03287,0.0797
7257,1,1_3,0.2,0.0391,0.0957
7258,1,1_3,0.2,0.03317,0.08057
7259,1,1_3,0.2,0.03029,0.0873
7260,1,1_3,0.2,0.02579,0.0708
7261,1,1_3,0.2,0.03677,0.0832
7262,1,1_3,0.2,0.03622,0.0818
7263,1,1_3,0.2,0.04306,0.08716
7264,1,1_3,0.2,0.05215,0.1012
7265,1,1_3,0.2,0.03076,0.1123
7266,1,1_3,0.2,0.04352,0.0807
7267,1,1_3,0.2,0.04437,0.11914
7268,1,1_3,0.2,0.02914,0.0734
7269,1,1_3,0.2,0.02673,0.07794
7270,1,1_3,0.2,0.02959,0.085
7271,1,1_3,0.2,0.04855,0.1042
7272,1,1_3,0.2,0.0381,0.09436
7273,1,1_3,0.2,0.0386,0.09436
7274,1,1_3,0.2,0.03004,0.08014
7275,1,1_3,0.2,0.0498,0.1128
7276,1,1_3,0.2,0.037,0.09015
7277,1,1_3,0.2,0.03232,0.0762
7278,1,1_3,0.2,0.0443,0.10205
7279,1,1_3,0.2,0.03635,0.0856
7280,1,1_3,0.2,0.02428,0.0742
7281,1,1_3,0.2,0.0385,0.08997
7282,1,1_3,0.2,0.02605,0.07074
7283,1,1_3,0.2,0.02881,0.07697
7284,1,1_3,0.2,0.0352,0.07367
7285,1,1_3,0.2,0.02751,0.0738
7286,1,1_3,0.2,0.0394,0.0824
7287,1,1_3,0.2,0.02547,0.0885
7288,1,1_3,0.2,0.03394,0.08466
7289,1,1_3,0.2,0.037,0.095
7290,1,1_3,0.2,0.03577,0.0812
7291,1,1_3,0.2,0.03598,0.0965
7292,1,1_3,0.2,0.03436,0.0899
7293,1,1_3,0.2,0.03616,0.0952
7294,1,1_3,0.2,0.0331,0.08954
7295,1,1_3,0.2,0.0402,0.10004
7296,1,1_3,0.2,0.03458,0.07574
7297,1,1_3,0.2,0.0284,0.0903
7298,1,1_3,0.2,0.04138,0.0824
7299,1,1_3,0.2,0.02473,0.0745
7300,1,1_3,0.2,0.03036,0.07416
7301,1,1_3,0.2,0.02454,0.07086
7302,1,1_3,0.2,0.02737,0.0761
7303,1,1_3,0.2,0.11035,0.0856
7304,1,1_3,0.2,0.02902,0.0881
7305,1,1_3,0.2,0.03522,0.07983
7306,1,1_3,0.2,0.03998,0.0879
7307,1,1_3,0.2,0.02759,0.0683
7308,1,1_3,0.2,0.03052,0.08466
7309,1,1_3,0.2,0.04785,0.0975
7310,1,1_3,0.2,0.0377,0.0799
7311,1,1_3,0.2,0.0357,0.0989
7312,1,1_3,0.2,0.03778,0.0964
7313,1,1_3,0.2,0.03326,0.07324
7314,1,1_3,0.2,0.03146,0.0796
7315,1,1_3,0.2,0.03503,0.08344
7316,1,1_3,0.2,0.04214,0.1106
7317,1,1_3,0.2,0.0341,0.0904
7318,1,1_3,0.2,0.02908,0.095
7319,1,1_3,0.2,0.02864,0.0878
7320,1,1_3,0.2,0.05017,0.0864
7321,1,1_3,0.2,0.02641,0.083
7322,1,1_3,0.2,0.0369,0.0863
7323,1,1_3,0.2,0.03787,0.0825
7324,1,1_3,0.2,0.02704,0.0832
7325,1,1_3,0.2,0.03497,0.08655
7326,1,1_3,0.2,0.0242,0.07367
7327,1,1_3,0.2,0.03064,0.07886
7328,1,1_3,0.2,0.03183,0.0954
7329,1,1_3,0.2,0.04126,0.088
7330,1,1_3,0.2,0.04147,0.07745
7331,1,1_3,0.2,0.0489,0.0981
7332,1,1_3,0.2,0.02652,0.08417
7333,1,1_3,0.2,0.02557,0.08685
7334,1,1_3,0.2,0.03186,0.1002
7335,1,1_3,0.2,0.03613,0.0772
7336,1,1_3,0.2,0.03442,0.09296
7337,1,1_3,0.2,0.03983,0.08014
7338,1,1_3,0.2,0.02597,0.0785
7339,1,1_3,0.2,0.03452,0.07935
7340,1,1_3,0.2,0.03906,0.0826
7341,1,1_3,0.2,0.0419,0.0892
7342,1,1_3,0.2,0.02867,0.101
7343,1,1_3,0.2,0.02481,0.07513
7344,1,1_3,0.2,0.047,0.0929
7345,1,1_3,0.2,0.02393,0.0812
7346,1,1_3,0.2,0.02972,0.0831
7347,1,1_3,0.2,0.03528,0.08954
7348,1,1_3,0.2,0.02527,0.07245
7349,1,1_3,0.2,0.02933,0.0912
7350,1,1_3,0.2,0.02606,0.0745
7351,1,1_3,0.2,0.04202,0.0894
7352,1,1_3,0.2,0.03406,0.08215
7353,1,1_3,0.2,0.03867,0.11163
7354,1,1_3,0.2,0.03415,0.0779
7355,1,1_3,0.2,0.0339,0.0837
7356,1,1_3,0.2,0.04572,0.0839
7357,1,1_3,0.2,0.03143,0.07935
7358,1,1_3,0.2,0.0279,0.0839
7359,1,1_3,0.2,0.03738,0.0838
7360,1,1_3,0.2,0.03436,0.08374
7361,1,1_3,0.2,0.03915,0.0788
7362,1,1_3,0.2,0.02847,0.0719
7363,1,1_3,0.2,0.04294,0.11176
7364,1,1_3,0.2,0.03027,0.077
7365,1,1_3,0.2,0.032,0.09106
7366,1,1_3,0.2,0.0344,0.0823
7367,1,1_3,0.2,0.03186,0.08295
7368,1,1_3,0.2,0.0383,0.0843
7369,1,1_3,0.2,0.02884,0.0893
7370,1,1_3,0.2,0.0338,0.072
7371,1,1_3,0.2,0.0453,0.1066
7372,1,1_3,0.2,0.03284,0.0925
7373,1,1_3,0.2,0.03278,0.08057
7374,1,1_3,0.2,0.0355,0.08716
7375,1,1_3,0.2,0.03543,0.0904
7376,1,1_3,0.2,0.0291,0.084
7377,1,1_3,0.2,0.0325,0.0761
7378,1,1_3,0.2,0.0344,0.0929
7379,1,1_3,0.2,0.03186,0.11646
7380,1,1_3,0.2,0.04626,0.0999
7381,1,1_3,0.2,0.0322,0.08484
7382,1,1_3,0.2,0.03906,0.08496
7383,1,1_3,0.2,0.03986,0.1177
7384,1,1_3,0.2,0.03632,0.089
7385,1,1_3,0.2,0.03873,0.08734
7386,1,1_3,0.2,0.02348,0.0826
7387,1,1_3,0.2,0.03876,0.0828
7388,1,1_3,0.2,0.0294,0.0751
7389,1,1_3,0.2,0.03616,0.0759
7390,1,1_3,0.2,0.0372,0.07666
7391,1,1_3,0.2,0.033,0.1001
7392,1,1_3,0.2,0.03897,0.1079
7393,1,1_3,0.2,0.0266,0.07263
7394,1,1_3,0.2,0.0479,0.08673
7395,1,1_3,0.2,0.0323,0.0784
7396,1,1_3,0.2,0.03014,0.07806
7397,1,1_3,0.2,0.03525,0.0939
7398,1,1_3,0.2,0.03802,0.08954
7399,1,1_3,0.2,0.04224,0.0802
7400,1,1_3,0.2,0.04095,0.0903
7401,1,1_3,0.2,0.03668,0.0795
7402,1,1_3,0.2,0.04788,0.10205
7403,1,1_3,0.2,0.03186,0.0826
7404,1,1_3,0.2,0.03094,0.0784
7405,1,1_3,0.2,0.036,0.07806
7406,1,1_3,0.2,0.02644,0.10406
7407,1,1_3,0.2,0.03116,0.08527
7408,1,1_3,0.2,0.0339,0.0799
7409,1,1_3,0.2,0.03534,0.10187
7410,1,1_3,0.2,0.0373,0.08203
7411,1,1_3,0.2,0.02858,0.0808
7412,1,1_3,0.2,0.0314,0.0795
7413,1,1_3,0.2,0.03232,0.1022
7414,1,1_3,0.2,0.03024,0.0783
7415,1,1_3,0.2,0.03592,0.0932
7416,1,1_3,0.2,0.03102,0.09296
7417,1,1_3,0.2,0.0301,0.0889
7418,1,1_3,0.2,0.03207,0.078
7419,1,1_3,0.2,0.03348,0.07587
7420,1,1_3,0.2,0.0403,0.1343
7421,1,1_3,0.2,0.04556,0.1099
7422,1,1_3,0.2,0.03473,0.0937
7423,1,1_3,0.2,0.03093,0.08093
7424,1,1_3,0.2,0.0382,0.0803
7425,1,1_3,0.2,0.03915,0.09436
7426,1,1_3,0.2,0.0265,0.08234
7427,1,1_3,0.2,0.0412,0.09827
7428,1,1_3,0.2,0.03152,0.0781
7429,1,1_3,0.2,0.03235,0.08154
7430,1,1_3,0.2,0.02739,0.0752
7431,1,1_3,0.2,0.03275,0.09686
7432,1,1_3,0.2,0.02605,0.07166
7433,1,1_3,0.2,0.03738,0.082
7434,1,1_3,0.2,0.02594,0.0908
7435,1,1_3,0.2,0.05212,0.09406
7436,1,1_3,0.2,0.02908,0.07806
7437,1,1_3,0.2,0.02995,0.0848
7438,1,1_3,0.2,0.03302,0.0756
7439,1,1_3,0.2,0.0325,0.0907
7440,1,1_3,0.2,0.02939,0.07733
7441,1,1_3,0.2,0.03827,0.0798
7442,1,1_3,0.2,0.04074,0.10046
7443,1,1_3,0.2,0.03928,0.1012
7444,1,1_3,0.2,0.03815,0.0956
7445,1,1_3,0.2,0.03592,0.0778
7446,1,1_3,0.2,0.0304,0.07904
7447,1,1_3,0.2,0.03433,0.0905
7448,1,1_3,0.2,0.0419,0.0797
7449,1,1_3,0.2,0.04123,0.0856
7450,1,1_3,0.2,0.04593,0.08563
7451,1,1_3,0.2,0.03032,0.0856
7452,1,1_3,0.2,0.03156,0.0932
7453,1,1_3,0.2,0.03195,0.0792
7454,1,1_3,0.2,0.02893,0.079
7455,1,1_3,0.2,0.0535,0.0868
7456,1,1_3,0.2,0.02776,0.0794
7457,1,1_3,0.2,0.0282,0.07715
7458,1,1_3,0.2,0.02986,0.0928
7459,1,1_3,0.2,0.039,0.08813
7460,1,1_3,0.2,0.04297,0.0996
7461,1,1_3,0.2,0.0342,0.0833
7462,1,1_3,0.2,0.03833,0.0838
7463,1,1_3,0.2,0.03482,0.0892
7464,1,1_3,0.2,0.02715,0.0928
7465,1,1_3,0.2,0.02849,0.078
7466,1,1_3,0.2,0.0437,0.0906
7467,1,1_3,0.2,0.03226,0.0819
7468,1,1_3,0.2,0.02786,0.07635
7469,1,1_3,0.2,0.029,0.08026
7470,1,1_3,0.2,0.02832,0.07996
7471,1,1_3,0.2,0.03165,0.08295
7472,1,1_3,0.2,0.0367,0.08673
7473,1,1_3,0.2,0.04153,0.09125
7474,1,1_3,0.2,0.03748,0.09894
7475,1,1_3,0.2,0.0389,0.1223
7476,1,1_3,0.2,0.02997,0.0803
7477,1,1_3,0.2,0.03778,0.0934
7478,1,1_3,0.2,0.02795,0.07904
7479,1,1_3,0.2,0.03268,0.0803
7480,1,1_3,0.2,0.04367,0.0923
7481,1,1_3,0.2,0.03748,0.0954
7482,1,1_3,0.2,0.0445,0.0953
7483,1,1_3,0.2,0.03308,0.0818
7484,1,1_3,0.2,0.03098,0.07904
7485,1,1_3,0.2,0.02315,0.07043
7486,1,1_3,0.2,0.0276,0.0914
7487,1,1_3,0.2,0.02585,0.0712
7488,1,1_3,0.2,0.0392,0.10077
7489,1,1_3,0.2,0.1071,0.08527
7490,1,1_3,0.2,0.03906,0.0781
7491,1,1_3,0.2,0.03763,0.0938
7492,1,1_3,0.2,0.03555,0.08124
7493,1,1_3,0.2,0.03833,0.10834
7494,1,1_3,0.2,0.03802,0.0893
7495,1,1_3,0.2,0.03262,0.08704
7496,1,1_3,0.2,0.0385,0.0929
7497,1,1_3,0.2,0.03842,0.09143
7498,1,1_3,0.2,0.04053,0.0878
7499,1,1_3,0.2,0.03165,0.07275
7500,1,1_3,0.2,0.02979,0.084
7501,1,1_3,0.2,0.02783,0.0743
7502,1,1_3,0.2,0.02992,0.1025
7503,1,1_3,0.2,0.02583,0.0724
7504,1,1_3,0.2,0.03812,0.08484
7505,1,1_3,0.2,0.03818,0.0905
7506,1,1_3,0.2,0.02696,0.0729
7507,1,1_3,0.2,0.03476,0.0969
7508,1,1_3,0.2,0.0273,0.07874
7509,1,1_3,0.2,0.03026,0.07916
7510,1,1_3,0.2,0.0342,0.08563
7511,1,1_3,0.2,0.03754,0.0774
7512,1,1_3,0.2,0.0459,0.10535
7513,1,1_3,0.2,0.02492,0.0821
7514,1,1_3,0.2,0.03125,0.0842
7515,1,1_3,0.2,0.02942,0.08044
7516,1,1_3,0.2,0.02917,0.0826
7517,1,1_3,0.2,0.0309,0.12256
7518,1,1_3,0.2,0.04218,0.09216
7519,1,1_3,0.2,0.02876,0.0897
7520,1,1_3,0.2,0.04852,0.11414
7521,1,1_3,0.2,0.02611,0.07996
7522,1,1_3,0.2,0.03214,0.09186
7523,1,1_3,0.2,0.02917,0.093
7524,1,1_3,0.2,0.02744,0.0815
7525,1,1_3,0.2,0.0329,0.0845
7526,1,1_3,0.2,0.0313,0.0949
7527,1,1_3,0.2,0.02655,0.0714
7528,1,1_3,0.2,0.03897,0.0801
7529,1,1_3,0.2,0.02689,0.0847
7530,1,1_3,0.2,0.02777,0.0898
7531,1,1_3,0.2,0.03973,0.10645
7532,1,1_3,0.2,0.04303,0.082
7533,1,1_3,0.2,0.02798,0.07135
7534,1,1_3,0.2,0.02489,0.08954
7535,1,1_3,0.2,0.03952,0.0954
7536,1,1_3,0.2,0.03488,0.1033
7537,1,1_3,0.2,0.05325,0.0852
7538,1,1_3,0.2,0.04108,0.08356
7539,1,1_3,0.2,0.02971,0.08997
7540,1,1_3,0.2,0.02278,0.08405
7541,1,1_3,0.2,0.02893,0.0769
7542,1,1_3,0.2,0.03053,0.09625
7543,1,1_3,0.2,0.02747,0.08466
7544,1,1_3,0.2,0.03586,0.0931
7545,1,1_3,0.2,0.03625,0.0776
7546,1,1_3,0.2,0.04144,0.09265
7547,1,1_3,0.2,0.0287,0.0735
7548,1,1_3,0.2,0.03088,0.07806
7549,1,1_3,0.2,0.02785,0.07477
7550,1,1_3,0.2,0.0376,0.1053
7551,1,1_3,0.2,0.03317,0.073
7552,1,1_3,0.2,0.03075,0.0774
7553,1,1_3,0.2,0.04224,0.11005
7554,1,1_3,0.2,0.03001,0.08344
7555,1,1_3,0.2,0.03506,0.0824
7556,1,1_3,0.2,0.0327,0.07635
7557,1,1_3,0.2,0.04492,0.08563
7558,1,1_3,0.2,0.0257,0.08
7559,1,1_3,0.2,0.03555,0.0757
7560,1,1_3,0.2,0.04123,0.1183
7561,1,1_3,0.2,0.0372,0.079
7562,1,1_3,0.2,0.0387,0.0823
7563,1,1_3,0.2,0.036,0.0835
7564,1,1_3,0.2,0.04498,0.0898
7565,1,1_3,0.2,0.03256,0.08527
7566,1,1_3,0.2,0.04526,0.0926
7567,1,1_3,0.2,0.0308,0.0848
7568,1,1_3,0.2,0.02547,0.08093
7569,1,1_3,0.2,0.04013,0.0887
7570,1,1_3,0.2,0.04245,0.1129
7571,1,1_3,0.2,0.03763,0.08826
7572,1,1_3,0.2,0.03117,0.09546
7573,1,1_3,0.2,0.02562,0.08136
7574,1,1_3,0.2,0.03113,0.10846
7575,1,1_3,0.2,0.02776,0.1035
7576,1,1_3,0.2,0.03662,0.0868
7577,1,1_3,0.2,0.03406,0.079
7578,1,1_3,0.2,0.0332,0.0781
7579,1,1_3,0.2,0.0399,0.08325
7580,1,1_3,0.2,0.0397,0.0986
7581,1,1_3,0.2,0.03061,0.0863
7582,1,1_3,0.2,0.04236,0.0868
7583,1,1_3,0.2,0.03302,0.10004
7584,1,1_3,0.2,0.03256,0.0914
7585,1,1_3,0.2,0.03986,0.093
7586,1,1_3,0.2,0.0431,0.116
7587,1,1_3,0.2,0.03952,0.0868
7588,1,1_3,0.2,0.02563,0.07153
7589,1,1_3,0.2,0.03165,0.08514
7590,1,1_3,0.2,0.04956,0.097
7591,1,1_3,0.2,0.02995,0.0796
7592,1,1_3,0.2,0.04,0.11224
7593,1,1_3,0.2,0.02826,0.07404
7594,1,1_3,0.2,0.0257,0.0745
7595,1,1_3,0.2,0.02705,0.08527
7596,1,1_3,0.2,0.02914,0.0736
7597,1,1_3,0.2,0.03613,0.07733
7598,1,1_3,0.2,0.03757,0.0821
7599,1,1_3,0.2,0.0311,0.0807
7600,1,1_3,0.2,0.03427,0.08344
7601,1,1_3,0.2,0.02806,0.0723
7602,1,1_3,0.2,0.03165,0.08325
7603,1,1_3,0.2,0.02719,0.07825
7604,1,1_3,0.2,0.03903,0.08075
7605,1,1_3,0.2,0.02292,0.07056
7606,1,1_3,0.2,0.03528,0.0935
7607,1,1_3,0.2,0.03903,0.0794
7608,1,1_3,0.2,0.0357,0.08014
7609,1,1_3,0.2,0.03137,0.092
7610,1,1_3,0.2,0.02878,0.0799
7611,1,1_3,0.2,0.02513,0.09796
7612,1,1_3,0.2,0.04517,0.09436
7613,1,1_3,0.2,0.02946,0.08936
7614,1,1_3,0.2,0.03467,0.0799
7615,1,1_3,0.2,0.02802,0.0715
7616,1,1_3,0.2,0.0273,0.0835
7617,1,1_3,0.2,0.02585,0.08185
7618,1,1_3,0.2,0.04507,0.0951
7619,1,1_3,0.2,0.0247,0.0728
7620,1,1_3,0.2,0.0489,0.09735
7621,1,1_3,0.2,0.0458,0.0876
7622,1,1_3,0.2,0.0339,0.081
7623,1,1_3,0.2,0.0417,0.0805
7624,1,1_3,0.2,0.03534,0.08026
7625,1,1_3,0.2,0.03537,0.07587
7626,1,1_3,0.2,0.0534,0.0714
7627,1,1_3,0.2,0.03064,0.0938
7628,1,1_3,0.2,0.03032,0.0893
7629,1,1_3,0.2,0.0339,0.0793
7630,1,1_3,0.2,0.02832,0.1103
7631,1,1_3,0.2,0.04242,0.1059
7632,1,1_3,0.2,0.02956,0.0804
7633,1,1_3,0.2,0.04498,0.11957
7634,1,1_3,0.2,0.0302,0.0775
7635,1,1_3,0.2,0.02762,0.0905
7636,1,1_3,0.2,0.0321,0.08484
7637,1,1_3,0.2,0.04013,0.10614
7638,1,1_3,0.2,0.03397,0.0866
7639,1,1_3,0.2,0.03146,0.11365
7640,1,1_3,0.2,0.0354,0.08435
7641,1,1_3,0.2,0.0364,0.08264
7642,1,1_3,0.2,0.02834,0.0813
7643,1,1_3,0.2,0.0299,0.0844
7644,1,1_3,0.2,0.0252,0.0741
7645,1,1_3,0.2,0.02849,0.0817
7646,1,1_3,0.2,0.04053,0.10156
7647,1,1_3,0.2,0.03165,0.0885
7648,1,1_3,0.2,0.0376,0.0885
7649,1,1_3,0.2,0.037,0.1095
7650,1,1_3,0.2,0.03427,0.0893
7651,1,1_3,0.2,0.042,0.09033
7652,1,1_3,0.2,0.03036,0.0948
7653,1,1_3,0.2,0.03674,0.08887
7654,1,1_3,0.2,0.0421,0.0829
7655,1,1_3,0.2,0.08057,0.0903
7656,1,1_3,0.2,0.03516,0.0846
7657,1,1_3,0.2,0.05026,0.1087
7658,1,1_3,0.2,0.02898,0.0731
7659,1,1_3,0.2,0.02602,0.0783
7660,1,1_3,0.2,0.02292,0.0774
7661,1,1_3,0.2,0.03427,0.079
7662,1,1_3,0.2,0.04248,0.1117
7663,1,1_3,0.2,0.04147,0.08685
7664,1,1_3,0.2,0.03262,0.0938
7665,1,1_3,0.2,0.02966,0.083
7666,1,1_3,0.2,0.03094,0.0818
7667,1,1_3,0.2,0.03687,0.0883
7668,1,1_3,0.2,0.0309,0.0817
7669,1,1_3,0.2,0.04132,0.1106
7670,1,1_3,0.2,0.0332,0.1073
7671,1,1_3,0.2,0.03818,0.1029
7672,1,1_3,0.2,0.03702,0.1033
7673,1,1_3,0.2,0.0394,0.0857
7674,1,1_3,0.2,0.03848,0.1025
7675,1,1_3,0.2,0.02939,0.07495
7676,1,1_3,0.2,0.03934,0.08655
7677,1,1_3,0.2,0.03693,0.08905
7678,1,1_3,0.2,0.04037,0.0998
7679,1,1_3,0.2,0.0376,0.0869
7680,1,1_3,0.2,0.04742,0.0824
7681,1,1_3,0.2,0.04105,0.09705
7682,1,1_3,0.2,0.03604,0.10913
7683,1,1_3,0.2,0.0332,0.1045
7684,1,1_3,0.2,0.02724,0.07385
7685,1,1_3,0.2,0.02594,0.0773
7686,1,1_3,0.2,0.04062,0.0887
7687,1,1_3,0.2,0.03363,0.078
7688,1,1_3,0.2,0.03745,0.08435
7689,1,1_3,0.2,0.03928,0.10284
7690,1,1_3,0.2,0.0392,0.08026
7691,1,1_3,0.2,0.03096,0.083
7692,1,1_3,0.2,0.03326,0.0932
7693,1,1_3,0.2,0.03029,0.07904
7694,1,1_3,0.2,0.03345,0.0793
7695,1,1_3,0.2,0.03632,0.09076
7696,1,1_3,0.2,0.03235,0.07745
7697,1,1_3,0.2,0.03033,0.08344
7698,1,1_3,0.2,0.04208,0.0887
7699,1,1_3,0.2,0.03983,0.0835
7700,1,1_3,0.2,0.04193,0.1079
7701,1,1_3,0.2,0.02782,0.0861
7702,1,1_3,0.2,0.0461,0.11816
7703,1,1_3,0.2,0.0292,0.0926
7704,1,1_3,0.2,0.0321,0.10205
7705,1,1_3,0.2,0.0379,0.0776
7706,1,1_3,0.2,0.03635,0.10016
7707,1,1_3,0.2,0.0333,0.0902
7708,1,1_3,0.2,0.03778,0.09546
7709,1,1_3,0.2,0.03223,0.0757
7710,1,1_3,0.2,0.03415,0.07886
7711,1,1_3,0.2,0.03262,0.078
7712,1,1_3,0.2,0.03537,0.1109
7713,1,1_3,0.2,0.04172,0.09717
7714,1,1_3,0.2,0.02922,0.0799
7715,1,1_3,0.2,0.02905,0.0867
7716,1,1_3,0.2,0.0266,0.0744
7717,1,1_3,0.2,0.03473,0.08026
7718,1,1_3,0.2,0.03018,0.07513
7719,1,1_3,0.2,0.02966,0.0798
7720,1,1_3,0.2,0.02786,0.0805
7721,1,1_3,0.2,0.04208,0.09424
7722,1,1_3,0.2,0.03072,0.0829
7723,1,1_3,0.2,0.03023,0.0851
7724,1,1_3,0.2,0.03616,0.08746
7725,1,1_3,0.2,0.02635,0.0798
7726,1,1_3,0.2,0.03967,0.08655
7727,1,1_3,0.2,0.03253,0.0844
7728,1,1_3,0.2,0.0429,0.09467
7729,1,1_3,0.2,0.03055,0.09485
7730,1,1_3,0.2,0.03043,0.08405
7731,1,1_3,0.2,0.02884,0.08606
7732,1,1_3,0.2,0.02927,0.09235
7733,1,1_3,0.2,0.0546,0.10046
7734,1,1_3,0.2,0.04602,0.09686
7735,1,1_3,0.2,0.03815,0.0962
7736,1,1_3,0.2,0.03087,0.0714
7737,1,1_3,0.2,0.0397,0.08527
7738,1,1_3,0.2,0.04428,0.1136
7739,1,1_3,0.2,0.04083,0.093
7740,1,1_3,0.2,0.02672,0.0739
7741,1,1_3,0.2,0.0434,0.08875
7742,1,1_3,0.2,0.04013,0.0852
7743,1,1_3,0.2,0.02948,0.1001
7744,1,1_3,0.2,0.02643,0.0776
7745,1,1_3,0.2,0.03516,0.09143
7746,1,1_3,0.2,0.04825,0.11725
7747,1,1_3,0.2,0.02493,0.0739
7748,1,1_3,0.2,0.02371,0.0766
7749,1,1_3,0.2,0.0276,0.07465
7750,1,1_3,0.2,0.03433,0.09863
7751,1,1_3,0.2,0.02916,0.07776
7752,1,1_3,0.2,0.02905,0.08453
7753,1,1_3,0.2,0.05173,0.08246
7754,1,1_3,0.2,0.03836,0.1213
7755,1,1_3,0.2,0.044,0.11224
7756,1,1_3,0.2,0.0315,0.0809
7757,1,1_3,0.2,0.0411,0.09296
7758,1,1_3,0.2,0.03394,0.0834
7759,1,1_3,0.2,0.03323,0.0892
7760,1,1_3,0.2,0.0328,0.0852
7761,1,1_3,0.2,0.02744,0.09076
7762,1,1_3,0.2,0.02477,0.0754
7763,1,1_3,0.2,0.02815,0.0812
7764,1,1_3,0.2,0.02953,0.07794
7765,1,1_3,0.2,0.02939,0.093
7766,1,1_3,0.2,0.0445,0.09576
7767,1,1_3,0.2,0.0352,0.09467
7768,1,1_3,0.2,0.03268,0.0842
7769,1,1_3,0.2,0.03117,0.097
7770,1,1_3,0.2,0.04083,0.10046
7771,1,1_3,0.2,0.03784,0.08
7772,1,1_3,0.2,0.04114,0.0869
7773,1,1_3,0.2,0.02586,0.08075
7774,1,1_3,0.2,0.04218,0.09784
7775,1,1_3,0.2,0.0304,0.10016
7776,1,1_3,0.2,0.04453,0.1398
7777,1,1_3,0.2,0.02977,0.0771
7778,1,1_3,0.2,0.03543,0.07916
7779,1,1_3,0.2,0.04828,0.08264
7780,1,1_3,0.2,0.04797,0.1048
7781,1,1_3,0.2,0.03238,0.0838
7782,1,1_3,0.2,0.02844,0.09357
7783,1,1_3,0.2,0.02986,0.07916
7784,1,1_3,0.2,0.0441,0.09314
7785,1,1_3,0.2,0.0355,0.0866
7786,1,1_3,0.2,0.0466,0.1118
7787,1,1_3,0.2,0.03726,0.0817
7788,1,1_3,0.2,0.02695,0.0811
7789,1,1_3,0.2,0.02275,0.08466
7790,1,1_3,0.2,0.02562,0.0763
7791,1,1_3,0.2,0.02776,0.0827
7792,1,1_3,0.2,0.0377,0.0795
7793,1,1_3,0.2,0.03308,0.0878
7794,1,1_3,0.2,0.02255,0.08
7795,1,1_3,0.2,0.03305,0.08514
7796,1,1_3,0.2,0.03534,0.124
7797,1,1_3,0.2,0.03223,0.09985
7798,1,1_3,0.2,0.03394,0.084
7799,1,1_3,0.2,0.0501,0.1031
7800,1,1_3,0.2,0.0338,0.0761
7801,1,1_3,0.2,0.0465,0.1185
7802,1,1_3,0.2,0.04486,0.08984
7803,1,1_3,0.2,0.03467,0.0851
7804,1,1_3,0.2,0.04236,0.0966
7805,1,1_3,0.2,0.02377,0.0726
7806,1,1_3,0.2,0.03044,0.07056
7807,1,1_3,0.2,0.02832,0.09436
7808,1,1_3,0.2,0.03345,0.0944
7809,1,1_3,0.2,0.0395,0.088
7810,1,1_3,0.2,0.02608,0.1017
7811,1,1_3,0.2,0.02759,0.10236
7812,1,1_3,0.2,0.02847,0.07635
7813,1,1_3,0.2,0.0372,0.0795
7814,1,1_3,0.2,0.03598,0.1067
7815,1,1_3,0.2,0.0311,0.08356
7816,1,1_3,0.2,0.03522,0.08496
7817,1,1_3,0.2,0.0358,0.08734
7818,1,1_3,0.2,0.03513,0.0778
7819,1,1_3,0.2,0.03293,0.0895
7820,1,1_3,0.2,0.02814,0.077
7821,1,1_3,0.2,0.03235,0.1222
7822,1,1_3,0.2,0.0283,0.07825
7823,1,1_3,0.2,0.02623,0.08905
7824,1,1_3,0.2,0.04315,0.09766
7825,1,1_3,0.2,0.0437,0.1049
7826,1,1_3,0.2,0.03247,0.08344
7827,1,1_3,0.2,0.03458,0.082
7828,1,1_3,0.2,0.04266,0.10486
7829,1,1_3,0.2,0.03787,0.08356
7830,1,1_3,0.2,0.02556,0.08234
7831,1,1_3,0.2,0.03778,0.10046
7832,1,1_3,0.2,0.0339,0.08405
7833,1,1_3,0.2,0.02707,0.08124
7834,1,1_3,0.2,0.03842,0.0942
7835,1,1_3,0.2,0.03537,0.0812
7836,1,1_3,0.2,0.04944,0.08435
7837,1,1_3,0.2,0.03708,0.10583
7838,1,1_3,0.2,0.03854,0.0796
7839,1,1_3,0.2,0.02701,0.0882
7840,1,1_3,0.2,0.0347,0.0856
7841,1,1_3,0.2,0.03574,0.07745
7842,1,1_3,0.2,0.02745,0.0765
7843,1,1_3,0.2,0.03723,0.0815
7844,1,1_3,0.2,0.02762,0.0807
7845,1,1_3,0.2,0.04285,0.1169
7846,1,1_3,0.2,0.02713,0.08044
7847,1,1_3,0.2,0.0383,0.08136
7848,1,1_3,0.2,0.02615,0.0972
7849,1,1_3,0.2,0.02516,0.089
7850,1,1_3,0.2,0.0421,0.09106
7851,1,1_3,0.2,0.03061,0.093
7852,1,1_3,0.2,0.04138,0.0881
7853,1,1_3,0.2,0.02853,0.0804
7854,1,1_3,0.2,0.0362,0.108
7855,1,1_3,0.2,0.04895,0.1035
7856,1,1_3,0.2,0.0411,0.1313
7857,1,1_3,0.2,0.03625,0.0807
7858,1,1_3,0.2,0.0512,0.1246
7859,1,1_3,0.2,0.03784,0.0908
7860,1,1_3,0.2,0.03403,0.089
7861,1,1_3,0.2,0.05017,0.0855
7862,1,1_3,0.2,0.0374,0.099
7863,1,1_3,0.2,0.0343,0.081
7864,1,1_3,0.2,0.0499,0.0961
7865,1,1_3,0.2,0.02312,0.07666
7866,1,1_3,0.2,0.03226,0.0861
7867,1,1_3,0.2,0.04282,0.0943
7868,1,1_3,0.2,0.03784,0.0939
7869,1,1_3,0.2,0.03918,0.0822
7870,1,1_3,0.2,0.03455,0.105
7871,1,1_3,0.2,0.03452,0.0885
7872,1,1_3,0.2,0.02783,0.0794
7873,1,1_3,0.2,0.02693,0.08746
7874,1,1_3,0.2,0.03754,0.1116
7875,1,1_3,0.2,0.02823,0.08356
7876,1,1_3,0.2,0.03452,0.0856
7877,1,1_3,0.2,0.0351,0.08966
7878,1,1_3,0.2,0.03424,0.0849
7879,1,1_3,0.2,0.03026,0.0886
7880,1,1_3,0.2,0.03525,0.0805
7881,1,1_3,0.2,0.02997,0.08984
7882,1,1_3,0.2,0.035,0.0866
7883,1,1_3,0.2,0.02406,0.089
7884,1,1_3,0.2,0.03976,0.0851
7885,1,1_3,0.2,0.03137,0.0965
7886,1,1_3,0.2,0.0316,0.07764
7887,1,1_3,0.2,0.03207,0.0907
7888,1,1_3,0.2,0.02786,0.077
7889,1,1_3,0.2,0.04117,0.1304
7890,1,1_3,0.2,0.04532,0.08405
7891,1,1_3,0.2,0.03897,0.10846
7892,1,1_3,0.2,0.03204,0.0775
7893,1,1_3,0.2,0.0418,0.1094
7894,1,1_3,0.2,0.02759,0.07837
7895,1,1_3,0.2,0.03918,0.1057
7896,1,1_3,0.2,0.0385,0.0968
7897,1,1_3,0.2,0.0396,0.0926
7898,1,1_3,0.2,0.03467,0.0827
7899,1,1_3,0.2,0.02657,0.07245
7900,1,1_3,0.2,0.03485,0.091
7901,1,1_3,0.2,0.03326,0.08215
7902,1,1_3,0.2,0.0351,0.10944
7903,1,1_3,0.2,0.03955,0.08954
7904,1,1_3,0.2,0.03683,0.0962
7905,1,1_3,0.2,0.02672,0.07294
7906,1,1_3,0.2,0.03232,0.11774
7907,1,1_3,0.2,0.03247,0.09064
7908,1,1_3,0.2,0.02463,0.08093
7909,1,1_3,0.2,0.03568,0.1245
7910,1,1_3,0.2,0.03818,0.0815
7911,1,1_3,0.2,0.02568,0.0831
7912,1,1_3,0.2,0.02995,0.1042
7913,1,1_3,0.2,0.0402,0.11633
7914,1,1_3,0.2,0.03004,0.09674
7915,1,1_3,0.2,0.03812,0.0926
7916,1,1_3,0.2,0.04837,0.0851
7917,1,1_3,0.2,0.03833,0.08344
7918,1,1_3,0.2,0.04196,0.0921
7919,1,1_3,0.2,0.03864,0.09033
7920,1,1_3,0.2,0.04385,0.107
7921,1,1_3,0.2,0.03815,0.1039
7922,1,1_3,0.2,0.0314,0.07764
7923,1,1_3,0.2,0.02702,0.0774
7924,1,1_3,0.2,0.03458,0.0794
7925,1,1_3,0.2,0.03177,0.096
7926,1,1_3,0.2,0.02452,0.0782
7927,1,1_3,0.2,0.02235,0.0743
7928,1,1_3,0.2,0.02782,0.07935
7929,1,1_3,0.2,0.03235,0.09503
7930,1,1_3,0.2,0.0421,0.0857
7931,1,1_3,0.2,0.03116,0.0795
7932,1,1_3,0.2,0.03818,0.08887
7933,1,1_3,0.2,0.0469,0.0886
7934,1,1_3,0.2,0.02681,0.07526
7935,1,1_3,0.2,0.03146,0.0794
7936,1,1_3,0.2,0.02937,0.0771
7937,1,1_3,0.2,0.03525,0.09424
7938,1,1_3,0.2,0.0391,0.0801
7939,1,1_3,0.2,0.02635,0.0818
7940,1,1_3,0.2,0.03653,0.0881
7941,1,1_3,0.2,0.02852,0.08606
7942,1,1_3,0.2,0.0333,0.07477
7943,1,1_3,0.2,0.03003,0.0754
7944,1,1_3,0.2,0.0359,0.07697
7945,1,1_3,0.2,0.0415,0.10455
7946,1,1_3,0.2,0.02324,0.07733
7947,1,1_3,0.2,0.03102,0.085
7948,1,1_3,0.2,0.03098,0.0935
7949,1,1_3,0.2,0.02821,0.083
7950,1,1_3,0.2,0.03091,0.0769
7951,1,1_3,0.2,0.02797,0.0915
7952,1,1_3,0.2,0.03748,0.1321
7953,1,1_3,0.2,0.0368,0.10077
7954,1,1_3,0.2,0.04288,0.0935
7955,1,1_3,0.2,0.0429,0.0877
7956,1,1_3,0.2,0.02713,0.07556
7957,1,1_3,0.2,0.04126,0.0838
7958,1,1_3,0.2,0.03754,0.0974
7959,1,1_3,0.2,0.03186,0.08154
7960,1,1_3,0.2,0.02342,0.1094
7961,1,1_3,0.2,0.0287,0.09357
7962,1,1_3,0.2,0.03302,0.0785
7963,1,1_3,0.2,0.02966,0.0928
7964,1,1_3,0.2,0.02898,0.0802
7965,1,1_3,0.2,0.03622,0.098
7966,1,1_3,0.2,0.037,0.0758
7967,1,1_3,0.2,0.02826,0.0798
7968,1,1_3,0.2,0.03336,0.0785
7969,1,1_3,0.2,0.05215,0.09607
7970,1,1_3,0.2,0.05667,0.1055
7971,1,1_3,0.2,0.03162,0.0825
7972,1,1_3,0.2,0.03485,0.08887
7973,1,1_3,0.2,0.03534,0.0875
7974,1,1_3,0.2,0.02632,0.07904
7975,1,1_3,0.2,0.04623,0.0945
7976,1,1_3,0.2,0.03134,0.0827
7977,1,1_3,0.2,0.05573,0.12195
7978,1,1_3,0.2,0.02686,0.1005
7979,1,1_3,0.2,0.04715,0.0985
7980,1,1_3,0.2,0.0417,0.0885
7981,1,1_3,0.2,0.02763,0.0882
7982,1,1_3,0.2,0.03186,0.0819
7983,1,1_3,0.2,0.03287,0.0862
7984,1,1_3,0.2,0.03317,0.0818
7985,1,1_3,0.2,0.03537,0.0783
7986,1,1_3,0.2,0.0332,0.0877
7987,1,1_3,0.2,0.03348,0.0845
7988,1,1_3,0.2,0.02519,0.0746
7989,1,1_3,0.2,0.0369,0.08307
7990,1,1_3,0.2,0.03058,0.0758
7991,1,1_3,0.2,0.039,0.0858
7992,1,1_3,0.2,0.03708,0.0818
7993,1,1_3,0.2,0.04123,0.097
7994,1,1_3,0.2,0.02928,0.0783
7995,1,1_3,0.2,0.05225,0.1047
7996,1,1_3,0.2,0.03162,0.07965
7997,1,1_3,0.2,0.02858,0.0975
7998,1,1_3,0.2,0.02652,0.0768
7999,1,1_3,0.2,0.04285,0.08997
8000,1,1_3,0.3,0.0409,0.08264
8001,1,1_3,0.3,0.04153,0.0892
8002,1,1_3,0.3,0.04428,0.0815
8003,1,1_3,0.3,0.0637,0.1003
8004,1,1_3,0.3,0.03918,0.0784
8005,1,1_3,0.3,0.04294,0.1017
8006,1,1_3,0.3,0.0569,0.1338
8007,1,1_3,0.3,0.0668,0.0953
8008,1,1_3,0.3,0.05624,0.1123
8009,1,1_3,0.3,0.06177,0.1082
8010,1,1_3,0.3,0.04333,0.08875
8011,1,1_3,0.3,0.0632,0.1115
8012,1,1_3,0.3,0.04056,0.07886
8013,1,1_3,0.3,0.0385,0.084
8014,1,1_3,0.3,0.04733,0.09454
8015,1,1_3,0.3,0.0561,0.1181
8016,1,1_3,0.3,0.06097,0.0974
8017,1,1_3,0.3,0.03635,0.0798
8018,1,1_3,0.3,0.0579,0.11346
8019,1,1_3,0.3,0.0547,0.09753
8020,1,1_3,0.3,0.0464,0.0973
8021,1,1_3,0.3,0.0525,0.09985
8022,1,1_3,0.3,0.05682,0.1019
8023,1,1_3,0.3,0.05215,0.1427
8024,1,1_3,0.3,0.03256,0.07324
8025,1,1_3,0.3,0.03235,0.0754
8026,1,1_3,0.3,0.0486,0.1137
8027,1,1_3,0.3,0.0718,0.1099
8028,1,1_3,0.3,0.04224,0.0818
8029,1,1_3,0.3,0.04926,0.1104
8030,1,1_3,0.3,0.04245,0.0839
8031,1,1_3,0.3,0.04788,0.0966
8032,1,1_3,0.3,0.04852,0.0983
8033,1,1_3,0.3,0.0363,0.0816
8034,1,1_3,0.3,0.03662,0.109
8035,1,1_3,0.3,0.04718,0.10266
8036,1,1_3,0.3,0.04782,0.0874
8037,1,1_3,0.3,0.05594,0.089
8038,1,1_3,0.3,0.03564,0.09863
8039,1,1_3,0.3,0.0657,0.11475
8040,1,1_3,0.3,0.04138,0.0909
8041,1,1_3,0.3,0.05643,0.0874
8042,1,1_3,0.3,0.05505,0.09546
8043,1,1_3,0.3,0.0396,0.08624
8044,1,1_3,0.3,0.04355,0.08875
8045,1,1_3,0.3,0.03757,0.0828
8046,1,1_3,0.3,0.0371,0.07983
8047,1,1_3,0.3,0.0391,0.0943
8048,1,1_3,0.3,0.0702,0.1254
8049,1,1_3,0.3,0.03577,0.0769
8050,1,1_3,0.3,0.0433,0.09094
8051,1,1_3,0.3,0.04572,0.083
8052,1,1_3,0.3,0.0653,0.1025
8053,1,1_3,0.3,0.03897,0.0781
8054,1,1_3,0.3,0.0644,0.09955
8055,1,1_3,0.3,0.03674,0.09454
8056,1,1_3,0.3,0.04538,0.0834
8057,1,1_3,0.3,0.03604,0.09143
8058,1,1_3,0.3,0.0645,0.1447
8059,1,1_3,0.3,0.0603,0.1339
8060,1,1_3,0.3,0.03894,0.09283
8061,1,1_3,0.3,0.0656,0.098
8062,1,1_3,0.3,0.05878,0.116
8063,1,1_3,0.3,0.0328,0.07855
8064,1,1_3,0.3,0.0405,0.0953
8065,1,1_3,0.3,0.05438,0.1256
8066,1,1_3,0.3,0.04678,0.08954
8067,1,1_3,0.3,0.0584,0.0954
8068,1,1_3,0.3,0.05048,0.0925
8069,1,1_3,0.3,0.05927,0.1425
8070,1,1_3,0.3,0.0646,0.1056
8071,1,1_3,0.3,0.03806,0.07556
8072,1,1_3,0.3,0.0433,0.0819
8073,1,1_3,0.3,0.05026,0.10095
8074,1,1_3,0.3,0.04184,0.09015
8075,1,1_3,0.3,0.04016,0.0951
8076,1,1_3,0.3,0.03543,0.08325
8077,1,1_3,0.3,0.03848,0.07837
8078,1,1_3,0.3,0.0631,0.1009
8079,1,1_3,0.3,0.0715,0.0922
8080,1,1_3,0.3,0.0373,0.0861
8081,1,1_3,0.3,0.06027,0.10754
8082,1,1_3,0.3,0.0614,0.1279
8083,1,1_3,0.3,0.04294,0.1013
8084,1,1_3,0.3,0.04535,0.10046
8085,1,1_3,0.3,0.06604,0.1008
8086,1,1_3,0.3,0.03775,0.09076
8087,1,1_3,0.3,0.0431,0.0924
8088,1,1_3,0.3,0.03918,0.0827
8089,1,1_3,0.3,0.03702,0.0826
8090,1,1_3,0.3,0.03525,0.08
8091,1,1_3,0.3,0.05106,0.0998
8092,1,1_3,0.3,0.03705,0.08514
8093,1,1_3,0.3,0.04184,0.0847
8094,1,1_3,0.3,0.0409,0.11957
8095,1,1_3,0.3,0.06366,0.10706
8096,1,1_3,0.3,0.0673,0.106
8097,1,1_3,0.3,0.0559,0.1041
8098,1,1_3,0.3,0.0486,0.09143
8099,1,1_3,0.3,0.0585,0.09784
8100,1,1_3,0.3,0.06696,0.1052
8101,1,1_3,0.3,0.04202,0.1032
8102,1,1_3,0.3,0.0635,0.10925
8103,1,1_3,0.3,0.0389,0.1203
8104,1,1_3,0.3,0.04272,0.07935
8105,1,1_3,0.3,0.0565,0.1135
8106,1,1_3,0.3,0.05994,0.10913
8107,1,1_3,0.3,0.03683,0.0966
8108,1,1_3,0.3,0.06476,0.115
8109,1,1_3,0.3,0.0604,0.109
8110,1,1_3,0.3,0.0516,0.10205
8111,1,1_3,0.3,0.04895,0.09875
8112,1,1_3,0.3,0.03558,0.08545
8113,1,1_3,0.3,0.0324,0.08167
8114,1,1_3,0.3,0.03574,0.0945
8115,1,1_3,0.3,0.04416,0.10864
8116,1,1_3,0.3,0.05313,0.09436
8117,1,1_3,0.3,0.03604,0.0791
8118,1,1_3,0.3,0.05475,0.1133
8119,1,1_3,0.3,0.04132,0.09503
8120,1,1_3,0.3,0.05005,0.0934
8121,1,1_3,0.3,0.04462,0.0842
8122,1,1_3,0.3,0.03613,0.0809
8123,1,1_3,0.3,0.06995,0.1004
8124,1,1_3,0.3,0.0454,0.09314
8125,1,1_3,0.3,0.037,0.0978
8126,1,1_3,0.3,0.03665,0.0872
8127,1,1_3,0.3,0.0619,0.1085
8128,1,1_3,0.3,0.05756,0.08685
8129,1,1_3,0.3,0.03943,0.0898
8130,1,1_3,0.3,0.03943,0.0897
8131,1,1_3,0.3,0.0584,0.1131
8132,1,1_3,0.3,0.0555,0.10406
8133,1,1_3,0.3,0.0642,0.0949
8134,1,1_3,0.3,0.05402,0.1191
8135,1,1_3,0.3,0.03342,0.0839
8136,1,1_3,0.3,0.0573,0.0969
8137,1,1_3,0.3,0.0396,0.09937
8138,1,1_3,0.3,0.03067,0.08496
8139,1,1_3,0.3,0.0608,0.10626
8140,1,1_3,0.3,0.0533,0.104
8141,1,1_3,0.3,0.07294,0.1185
8142,1,1_3,0.3,0.03723,0.09595
8143,1,1_3,0.3,0.04126,0.0911
8144,1,1_3,0.3,0.03885,0.1036
8145,1,1_3,0.3,0.04337,0.09625
8146,1,1_3,0.3,0.0516,0.0957
8147,1,1_3,0.3,0.0537,0.1067
8148,1,1_3,0.3,0.036,0.09924
8149,1,1_3,0.3,0.0388,0.1302
8150,1,1_3,0.3,0.04178,0.0968
8151,1,1_3,0.3,0.05017,0.0995
8152,1,1_3,0.3,0.05664,0.0993
8153,1,1_3,0.3,0.04977,0.1283
8154,1,1_3,0.3,0.0359,0.09717
8155,1,1_3,0.3,0.04092,0.08124
8156,1,1_3,0.3,0.03026,0.0758
8157,1,1_3,0.3,0.0498,0.1011
8158,1,1_3,0.3,0.05453,0.12
8159,1,1_3,0.3,0.0637,0.0908
8160,1,1_3,0.3,0.04694,0.0891
8161,1,1_3,0.3,0.04477,0.0908
8162,1,1_3,0.3,0.05328,0.0994
8163,1,1_3,0.3,0.06146,0.1026
8164,1,1_3,0.3,0.0379,0.0805
8165,1,1_3,0.3,0.0584,0.09454
8166,1,1_3,0.3,0.0477,0.109
8167,1,1_3,0.3,0.05612,0.1167
8168,1,1_3,0.3,0.0421,0.0966
8169,1,1_3,0.3,0.0355,0.0885
8170,1,1_3,0.3,0.0455,0.12286
8171,1,1_3,0.3,0.03946,0.0959
8172,1,1_3,0.3,0.05496,0.1351
8173,1,1_3,0.3,0.04797,0.09174
8174,1,1_3,0.3,0.0468,0.1034
8175,1,1_3,0.3,0.03552,0.0973
8176,1,1_3,0.3,0.04474,0.1075
8177,1,1_3,0.3,0.05243,0.1015
8178,1,1_3,0.3,0.05402,0.1074
8179,1,1_3,0.3,0.0406,0.0765
8180,1,1_3,0.3,0.04565,0.0892
8181,1,1_3,0.3,0.04794,0.11975
8182,1,1_3,0.3,0.063,0.0987
8183,1,1_3,0.3,0.05173,0.09094
8184,1,1_3,0.3,0.0622,0.1305
8185,1,1_3,0.3,0.0565,0.1076
8186,1,1_3,0.3,0.03778,0.0947
8187,1,1_3,0.3,0.04352,0.09247
8188,1,1_3,0.3,0.04443,0.0857
8189,1,1_3,0.3,0.05325,0.09094
8190,1,1_3,0.3,0.04163,0.0851
8191,1,1_3,0.3,0.05392,0.1082
8192,1,1_3,0.3,0.04858,0.1074
8193,1,1_3,0.3,0.0618,0.09155
8194,1,1_3,0.3,0.04758,0.11456
8195,1,1_3,0.3,0.04678,0.0908
8196,1,1_3,0.3,0.05133,0.11865
8197,1,1_3,0.3,0.03284,0.08887
8198,1,1_3,0.3,0.04904,0.08777
8199,1,1_3,0.3,0.05118,0.1027
8200,1,1_3,0.3,0.05344,0.1063
8201,1,1_3,0.3,0.05997,0.1034
8202,1,1_3,0.3,0.03998,0.0888
8203,1,1_3,0.3,0.0393,0.0872
8204,1,1_3,0.3,0.05222,0.1015
8205,1,1_3,0.3,0.05923,0.0978
8206,1,1_3,0.3,0.06216,0.1025
8207,1,1_3,0.3,0.08093,0.10315
8208,1,1_3,0.3,0.04428,0.13
8209,1,1_3,0.3,0.05872,0.1277
8210,1,1_3,0.3,0.045,0.0905
8211,1,1_3,0.3,0.0587,0.1047
8212,1,1_3,0.3,0.03915,0.0833
8213,1,1_3,0.3,0.0391,0.0941
8214,1,1_3,0.3,0.03078,0.104
8215,1,1_3,0.3,0.03848,0.0807
8216,1,1_3,0.3,0.03394,0.0781
8217,1,1_3,0.3,0.03583,0.08057
8218,1,1_3,0.3,0.04065,0.10266
8219,1,1_3,0.3,0.04013,0.1029
8220,1,1_3,0.3,0.0361,0.07684
8221,1,1_3,0.3,0.06094,0.10504
8222,1,1_3,0.3,0.05804,0.10767
8223,1,1_3,0.3,0.04303,0.1017
8224,1,1_3,0.3,0.06097,0.1426
8225,1,1_3,0.3,0.0616,0.10284
8226,1,1_3,0.3,0.0418,0.09235
8227,1,1_3,0.3,0.0536,0.1163
8228,1,1_3,0.3,0.06052,0.1146
8229,1,1_3,0.3,0.0318,0.0813
8230,1,1_3,0.3,0.05563,0.1097
8231,1,1_3,0.3,0.0376,0.0898
8232,1,1_3,0.3,0.04425,0.09125
8233,1,1_3,0.3,0.06323,0.1294
8234,1,1_3,0.3,0.05426,0.09814
8235,1,1_3,0.3,0.05206,0.0927
8236,1,1_3,0.3,0.0416,0.08966
8237,1,1_3,0.3,0.03824,0.1013
8238,1,1_3,0.3,0.0426,0.0925
8239,1,1_3,0.3,0.04083,0.09344
8240,1,1_3,0.3,0.05487,0.1257
8241,1,1_3,0.3,0.04944,0.085
8242,1,1_3,0.3,0.05698,0.1232
8243,1,1_3,0.3,0.05914,0.09094
8244,1,1_3,0.3,0.04208,0.08136
8245,1,1_3,0.3,0.0369,0.0837
8246,1,1_3,0.3,0.03464,0.0796
8247,1,1_3,0.3,0.03482,0.0805
8248,1,1_3,0.3,0.03165,0.10406
8249,1,1_3,0.3,0.06287,0.1078
8250,1,1_3,0.3,0.0578,0.101
8251,1,1_3,0.3,0.04373,0.09717
8252,1,1_3,0.3,0.0327,0.0907
8253,1,1_3,0.3,0.0434,0.098
8254,1,1_3,0.3,0.05038,0.0889
8255,1,1_3,0.3,0.03635,0.086
8256,1,1_3,0.3,0.05075,0.1124
8257,1,1_3,0.3,0.04105,0.0816
8258,1,1_3,0.3,0.05743,0.1107
8259,1,1_3,0.3,0.06885,0.148
8260,1,1_3,0.3,0.05014,0.09485
8261,1,1_3,0.3,0.04398,0.08203
8262,1,1_3,0.3,0.04425,0.0943
8263,1,1_3,0.3,0.05902,0.11615
8264,1,1_3,0.3,0.05524,0.0985
8265,1,1_3,0.3,0.0456,0.09937
8266,1,1_3,0.3,0.03696,0.0781
8267,1,1_3,0.3,0.04953,0.1008
8268,1,1_3,0.3,0.04764,0.1038
8269,1,1_3,0.3,0.05417,0.1265
8270,1,1_3,0.3,0.05338,0.11444
8271,1,1_3,0.3,0.0571,0.11017
8272,1,1_3,0.3,0.04907,0.1324
8273,1,1_3,0.3,0.04324,0.108
8274,1,1_3,0.3,0.0457,0.0963
8275,1,1_3,0.3,0.0459,0.09106
8276,1,1_3,0.3,0.04373,0.0871
8277,1,1_3,0.3,0.0347,0.1134
8278,1,1_3,0.3,0.0651,0.1521
8279,1,1_3,0.3,0.04974,0.1098
8280,1,1_3,0.3,0.04337,0.10364
8281,1,1_3,0.3,0.0337,0.07465
8282,1,1_3,0.3,0.0495,0.09735
8283,1,1_3,0.3,0.04654,0.1197
8284,1,1_3,0.3,0.04324,0.09204
8285,1,1_3,0.3,0.04306,0.0872
8286,1,1_3,0.3,0.0459,0.10614
8287,1,1_3,0.3,0.0508,0.0983
8288,1,1_3,0.3,0.0418,0.0941
8289,1,1_3,0.3,0.04913,0.0923
8290,1,1_3,0.3,0.04538,0.0895
8291,1,1_3,0.3,0.0433,0.0957
8292,1,1_3,0.3,0.05997,0.1185
8293,1,1_3,0.3,0.0444,0.12146
8294,1,1_3,0.3,0.04688,0.0858
8295,1,1_3,0.3,0.04367,0.0873
8296,1,1_3,0.3,0.066,0.147
8297,1,1_3,0.3,0.04953,0.1013
8298,1,1_3,0.3,0.0345,0.1025
8299,1,1_3,0.3,0.04395,0.10986
8300,1,1_3,0.3,0.04776,0.0978
8301,1,1_3,0.3,0.03818,0.1051
8302,1,1_3,0.3,0.04214,0.0874
8303,1,1_3,0.3,0.1337,0.09717
8304,1,1_3,0.3,0.04407,0.1031
8305,1,1_3,0.3,0.05173,0.1004
8306,1,1_3,0.3,0.05652,0.10406
8307,1,1_3,0.3,0.07666,0.11884
8308,1,1_3,0.3,0.03485,0.0818
8309,1,1_3,0.3,0.04156,0.107
8310,1,1_3,0.3,0.06396,0.1519
8311,1,1_3,0.3,0.04712,0.1051
8312,1,1_3,0.3,0.0468,0.09344
8313,1,1_3,0.3,0.05618,0.10114
8314,1,1_3,0.3,0.0651,0.11237
8315,1,1_3,0.3,0.05173,0.09955
8316,1,1_3,0.3,0.06012,0.11035
8317,1,1_3,0.3,0.0321,0.08075
8318,1,1_3,0.3,0.04657,0.1014
8319,1,1_3,0.3,0.0427,0.1085
8320,1,1_3,0.3,0.0366,0.07983
8321,1,1_3,0.3,0.04355,0.09326
8322,1,1_3,0.3,0.03848,0.09436
8323,1,1_3,0.3,0.04938,0.10443
8324,1,1_3,0.3,0.03607,0.0899
8325,1,1_3,0.3,0.04977,0.09784
8326,1,1_3,0.3,0.0605,0.1165
8327,1,1_3,0.3,0.0384,0.0987
8328,1,1_3,0.3,0.03946,0.10754
8329,1,1_3,0.3,0.03613,0.09186
8330,1,1_3,0.3,0.0554,0.1114
8331,1,1_3,0.3,0.0666,0.0949
8332,1,1_3,0.3,0.05417,0.088
8333,1,1_3,0.3,0.03018,0.079
8334,1,1_3,0.3,0.04193,0.0962
8335,1,1_3,0.3,0.05176,0.0997
8336,1,1_3,0.3,0.03662,0.0797
8337,1,1_3,0.3,0.0556,0.0913
8338,1,1_3,0.3,0.03632,0.092
8339,1,1_3,0.3,0.0718,0.1169
8340,1,1_3,0.3,0.0297,0.09
8341,1,1_3,0.3,0.0631,0.097
8342,1,1_3,0.3,0.05902,0.12384
8343,1,1_3,0.3,0.05743,0.1097
8344,1,1_3,0.3,0.0569,0.0933
8345,1,1_3,0.3,0.0307,0.08997
8346,1,1_3,0.3,0.04358,0.11633
8347,1,1_3,0.3,0.04813,0.09766
8348,1,1_3,0.3,0.0637,0.131
8349,1,1_3,0.3,0.0581,0.1179
8350,1,1_3,0.3,0.0492,0.1055
8351,1,1_3,0.3,0.04764,0.0893
8352,1,1_3,0.3,0.04248,0.08484
8353,1,1_3,0.3,0.0442,0.09406
8354,1,1_3,0.3,0.05286,0.1175
8355,1,1_3,0.3,0.0759,0.1065
8356,1,1_3,0.3,0.04776,0.0967
8357,1,1_3,0.3,0.067,0.1054
8358,1,1_3,0.3,0.06036,0.0985
8359,1,1_3,0.3,0.04944,0.09546
8360,1,1_3,0.3,0.04358,0.0939
8361,1,1_3,0.3,0.06903,0.1043
8362,1,1_3,0.3,0.0632,0.1324
8363,1,1_3,0.3,0.0508,0.1069
8364,1,1_3,0.3,0.0494,0.10376
8365,1,1_3,0.3,0.03738,0.11414
8366,1,1_3,0.3,0.03406,0.07715
8367,1,1_3,0.3,0.04053,0.089
8368,1,1_3,0.3,0.05566,0.093
8369,1,1_3,0.3,0.0376,0.0992
8370,1,1_3,0.3,0.05527,0.10547
8371,1,1_3,0.3,0.03757,0.0985
8372,1,1_3,0.3,0.06396,0.11993
8373,1,1_3,0.3,0.04037,0.10114
8374,1,1_3,0.3,0.0383,0.0942
8375,1,1_3,0.3,0.04004,0.1128
8376,1,1_3,0.3,0.03952,0.09344
8377,1,1_3,0.3,0.03078,0.0993
8378,1,1_3,0.3,0.03937,0.09955
8379,1,1_3,0.3,0.0401,0.0879
8380,1,1_3,0.3,0.04294,0.11536
8381,1,1_3,0.3,0.063,0.09863
8382,1,1_3,0.3,0.04434,0.0921
8383,1,1_3,0.3,0.03757,0.09015
8384,1,1_3,0.3,0.03238,0.0839
8385,1,1_3,0.3,0.05005,0.0933
8386,1,1_3,0.3,0.04675,0.0847
8387,1,1_3,0.3,0.06604,0.0965
8388,1,1_3,0.3,0.04092,0.09064
8389,1,1_3,0.3,0.0403,0.0891
8390,1,1_3,0.3,0.04175,0.08545
8391,1,1_3,0.3,0.0644,0.1087
8392,1,1_3,0.3,0.05484,0.11395
8393,1,1_3,0.3,0.0602,0.1032
8394,1,1_3,0.3,0.04355,0.09717
8395,1,1_3,0.3,0.0507,0.08936
8396,1,1_3,0.3,0.05353,0.11884
8397,1,1_3,0.3,0.03445,0.08655
8398,1,1_3,0.3,0.0351,0.08356
8399,1,1_3,0.3,0.04706,0.1214
8400,1,1_3,0.3,0.0473,0.194
8401,1,1_3,0.3,0.06143,0.1226
8402,1,1_3,0.3,0.05377,0.0933
8403,1,1_3,0.3,0.03445,0.0774
8404,1,1_3,0.3,0.04114,0.09326
8405,1,1_3,0.3,0.0349,0.08875
8406,1,1_3,0.3,0.0602,0.1228
8407,1,1_3,0.3,0.03583,0.0876
8408,1,1_3,0.3,0.04495,0.101
8409,1,1_3,0.3,0.07434,0.1316
8410,1,1_3,0.3,0.0899,0.1055
8411,1,1_3,0.3,0.0527,0.09717
8412,1,1_3,0.3,0.06976,0.1019
8413,1,1_3,0.3,0.0649,0.105
8414,1,1_3,0.3,0.06104,0.1055
8415,1,1_3,0.3,0.0493,0.1171
8416,1,1_3,0.3,0.03738,0.0829
8417,1,1_3,0.3,0.05035,0.1262
8418,1,1_3,0.3,0.03476,0.11127
8419,1,1_3,0.3,0.04956,0.1119
8420,1,1_3,0.3,0.04123,0.10626
8421,1,1_3,0.3,0.04166,0.09686
8422,1,1_3,0.3,0.0431,0.1532
8423,1,1_3,0.3,0.0362,0.0782
8424,1,1_3,0.3,0.0594,0.09827
8425,1,1_3,0.3,0.058,0.1085
8426,1,1_3,0.3,0.0597,0.11884
8427,1,1_3,0.3,0.03638,0.09033
8428,1,1_3,0.3,0.05154,0.0968
8429,1,1_3,0.3,0.05453,0.1098
8430,1,1_3,0.3,0.0646,0.114
8431,1,1_3,0.3,0.0456,0.1026
8432,1,1_3,0.3,0.05057,0.0978
8433,1,1_3,0.3,0.0671,0.1473
8434,1,1_3,0.3,0.04623,0.11456
8435,1,1_3,0.3,0.0553,0.0954
8436,1,1_3,0.3,0.04755,0.101
8437,1,1_3,0.3,0.05753,0.11255
8438,1,1_3,0.3,0.03534,0.07935
8439,1,1_3,0.3,0.0415,0.11786
8440,1,1_3,0.3,0.0492,0.1045
8441,1,1_3,0.3,0.04556,0.0885
8442,1,1_3,0.3,0.03766,0.0837
8443,1,1_3,0.3,0.0461,0.0886
8444,1,1_3,0.3,0.03268,0.08484
8445,1,1_3,0.3,0.05298,0.0958
8446,1,1_3,0.3,0.0604,0.09204
8447,1,1_3,0.3,0.05124,0.1123
8448,1,1_3,0.3,0.04816,0.11694
8449,1,1_3,0.3,0.04132,0.0927
8450,1,1_3,0.3,0.03696,0.09186
8451,1,1_3,0.3,0.04153,0.097
8452,1,1_3,0.3,0.05728,0.0941
8453,1,1_3,0.3,0.0448,0.0836
8454,1,1_3,0.3,0.051,0.11505
8455,1,1_3,0.3,0.087,0.10767
8456,1,1_3,0.3,0.04648,0.0953
8457,1,1_3,0.3,0.0604,0.0957
8458,1,1_3,0.3,0.0377,0.08844
8459,1,1_3,0.3,0.03543,0.0786
8460,1,1_3,0.3,0.03111,0.10583
8461,1,1_3,0.3,0.05978,0.1059
8462,1,1_3,0.3,0.03262,0.0818
8463,1,1_3,0.3,0.0487,0.1145
8464,1,1_3,0.3,0.0624,0.103
8465,1,1_3,0.3,0.05667,0.1425
8466,1,1_3,0.3,0.05014,0.1213
8467,1,1_3,0.3,0.051,0.0995
8468,1,1_3,0.3,0.0428,0.0929
8469,1,1_3,0.3,0.0684,0.09894
8470,1,1_3,0.3,0.05307,0.08954
8471,1,1_3,0.3,0.05643,0.11475
8472,1,1_3,0.3,0.03378,0.0938
8473,1,1_3,0.3,0.03864,0.1116
8474,1,1_3,0.3,0.04126,0.09015
8475,1,1_3,0.3,0.03723,0.11096
8476,1,1_3,0.3,0.0401,0.0925
8477,1,1_3,0.3,0.03372,0.0849
8478,1,1_3,0.3,0.0493,0.0953
8479,1,1_3,0.3,0.04895,0.09424
8480,1,1_3,0.3,0.06155,0.0924
8481,1,1_3,0.3,0.04138,0.0965
8482,1,1_3,0.3,0.0639,0.138
8483,1,1_3,0.3,0.04144,0.0894
8484,1,1_3,0.3,0.06683,0.10547
8485,1,1_3,0.3,0.05063,0.10254
8486,1,1_3,0.3,0.04196,0.0891
8487,1,1_3,0.3,0.05438,0.158
8488,1,1_3,0.3,0.03998,0.10974
8489,1,1_3,0.3,0.1769,0.1343
8490,1,1_3,0.3,0.04703,0.092
8491,1,1_3,0.3,0.03745,0.0817
8492,1,1_3,0.3,0.05228,0.09283
8493,1,1_3,0.3,0.04807,0.09296
8494,1,1_3,0.3,0.0591,0.11163
8495,1,1_3,0.3,0.0406,0.0817
8496,1,1_3,0.3,0.03717,0.08856
8497,1,1_3,0.3,0.04803,0.08844
8498,1,1_3,0.3,0.03702,0.08954
8499,1,1_3,0.3,0.0699,0.11774
8500,1,1_3,0.3,0.03244,0.0808
8501,1,1_3,0.3,0.03442,0.08704
8502,1,1_3,0.3,0.056,0.11017
8503,1,1_3,0.3,0.04526,0.11487
8504,1,1_3,0.3,0.0502,0.1186
8505,1,1_3,0.3,0.03796,0.0928
8506,1,1_3,0.3,0.03702,0.0845
8507,1,1_3,0.3,0.04956,0.09705
8508,1,1_3,0.3,0.02917,0.0728
8509,1,1_3,0.3,0.04935,0.08923
8510,1,1_3,0.3,0.048,0.0997
8511,1,1_3,0.3,0.05896,0.11633
8512,1,1_3,0.3,0.06555,0.138
8513,1,1_3,0.3,0.0642,0.1274
8514,1,1_3,0.3,0.04672,0.0962
8515,1,1_3,0.3,0.03247,0.0802
8516,1,1_3,0.3,0.0441,0.09515
8517,1,1_3,0.3,0.05276,0.1057
8518,1,1_3,0.3,0.03613,0.10956
8519,1,1_3,0.3,0.0296,0.08936
8520,1,1_3,0.3,0.05872,0.1051
8521,1,1_3,0.3,0.03424,0.0875
8522,1,1_3,0.3,0.04276,0.11865
8523,1,1_3,0.3,0.03833,0.10406
8524,1,1_3,0.3,0.03156,0.08673
8525,1,1_3,0.3,0.03696,0.10785
8526,1,1_3,0.3,0.03558,0.0961
8527,1,1_3,0.3,0.0483,0.1053
8528,1,1_3,0.3,0.04062,0.0838
8529,1,1_3,0.3,0.03555,0.0772
8530,1,1_3,0.3,0.04913,0.0959
8531,1,1_3,0.3,0.05502,0.1207
8532,1,1_3,0.3,0.05783,0.10034
8533,1,1_3,0.3,0.05844,0.11395
8534,1,1_3,0.3,0.03513,0.0847
8535,1,1_3,0.3,0.03867,0.1071
8536,1,1_3,0.3,0.04025,0.11554
8537,1,1_3,0.3,0.06323,0.1011
8538,1,1_3,0.3,0.04114,0.09424
8539,1,1_3,0.3,0.0651,0.1252
8540,1,1_3,0.3,0.04443,0.09546
8541,1,1_3,0.3,0.03348,0.07947
8542,1,1_3,0.3,0.05838,0.1348
8543,1,1_3,0.3,0.05316,0.10406
8544,1,1_3,0.3,0.04657,0.0951
8545,1,1_3,0.3,0.03607,0.08136
8546,1,1_3,0.3,0.04544,0.09875
8547,1,1_3,0.3,0.03177,0.07825
8548,1,1_3,0.3,0.0431,0.1021
8549,1,1_3,0.3,0.0646,0.1271
8550,1,1_3,0.3,0.04428,0.09467
8551,1,1_3,0.3,0.0509,0.1438
8552,1,1_3,0.3,0.03354,0.07996
8553,1,1_3,0.3,0.04584,0.0856
8554,1,1_3,0.3,0.03195,0.0859
8555,1,1_3,0.3,0.04385,0.09076
8556,1,1_3,0.3,0.0591,0.107
8557,1,1_3,0.3,0.0576,0.10913
8558,1,1_3,0.3,0.045,0.0918
8559,1,1_3,0.3,0.038,0.0814
8560,1,1_3,0.3,0.04657,0.09076
8561,1,1_3,0.3,0.0358,0.0926
8562,1,1_3,0.3,0.0501,0.09265
8563,1,1_3,0.3,0.044,0.1054
8564,1,1_3,0.3,0.047,0.0919
8565,1,1_3,0.3,0.04614,0.08777
8566,1,1_3,0.3,0.06354,0.10077
8567,1,1_3,0.3,0.03226,0.0876
8568,1,1_3,0.3,0.0346,0.1027
8569,1,1_3,0.3,0.05887,0.0989
8570,1,1_3,0.3,0.05164,0.0983
8571,1,1_3,0.3,0.04337,0.104
8572,1,1_3,0.3,0.0385,0.0816
8573,1,1_3,0.3,0.02872,0.08594
8574,1,1_3,0.3,0.05786,0.0894
8575,1,1_3,0.3,0.05347,0.1113
8576,1,1_3,0.3,0.05624,0.0934
8577,1,1_3,0.3,0.04175,0.0981
8578,1,1_3,0.3,0.0464,0.10016
8579,1,1_3,0.3,0.04532,0.0942
8580,1,1_3,0.3,0.05942,0.1075
8581,1,1_3,0.3,0.05914,0.1075
8582,1,1_3,0.3,0.03372,0.0758
8583,1,1_3,0.3,0.05197,0.0895
8584,1,1_3,0.3,0.07385,0.11035
8585,1,1_3,0.3,0.05057,0.1326
8586,1,1_3,0.3,0.04965,0.10504
8587,1,1_3,0.3,0.05774,0.1006
8588,1,1_3,0.3,0.05054,0.0888
8589,1,1_3,0.3,0.0369,0.08496
8590,1,1_3,0.3,0.0363,0.12213
8591,1,1_3,0.3,0.03796,0.0849
8592,1,1_3,0.3,0.03238,0.0847
8593,1,1_3,0.3,0.036,0.09546
8594,1,1_3,0.3,0.03885,0.1104
8595,1,1_3,0.3,0.0538,0.12164
8596,1,1_3,0.3,0.04355,0.10864
8597,1,1_3,0.3,0.05344,0.0906
8598,1,1_3,0.3,0.0473,0.0997
8599,1,1_3,0.3,0.06415,0.1335
8600,1,1_3,0.3,0.0601,0.1018
8601,1,1_3,0.3,0.0427,0.10236
8602,1,1_3,0.3,0.05844,0.1274
8603,1,1_3,0.3,0.04932,0.09106
8604,1,1_3,0.3,0.05624,0.10156
8605,1,1_3,0.3,0.0568,0.1207
8606,1,1_3,0.3,0.03363,0.1262
8607,1,1_3,0.3,0.0505,0.11804
8608,1,1_3,0.3,0.05215,0.1117
8609,1,1_3,0.3,0.04434,0.104
8610,1,1_3,0.3,0.0427,0.1019
8611,1,1_3,0.3,0.03903,0.10223
8612,1,1_3,0.3,0.0526,0.1135
8613,1,1_3,0.3,0.03815,0.08606
8614,1,1_3,0.3,0.0426,0.101
8615,1,1_3,0.3,0.05066,0.1302
8616,1,1_3,0.3,0.062,0.1091
8617,1,1_3,0.3,0.04376,0.1012
8618,1,1_3,0.3,0.0653,0.1019
8619,1,1_3,0.3,0.0538,0.10455
8620,1,1_3,0.3,0.05023,0.1002
8621,1,1_3,0.3,0.055,0.0877
8622,1,1_3,0.3,0.0377,0.0958
8623,1,1_3,0.3,0.06305,0.172
8624,1,1_3,0.3,0.04944,0.0957
8625,1,1_3,0.3,0.03317,0.07245
8626,1,1_3,0.3,0.0675,0.12274
8627,1,1_3,0.3,0.03983,0.1188
8628,1,1_3,0.3,0.05228,0.10046
8629,1,1_3,0.3,0.05255,0.0916
8630,1,1_3,0.3,0.0499,0.0941
8631,1,1_3,0.3,0.04385,0.10034
8632,1,1_3,0.3,0.03952,0.08777
8633,1,1_3,0.3,0.04135,0.0829
8634,1,1_3,0.3,0.04868,0.1015
8635,1,1_3,0.3,0.03044,0.08545
8636,1,1_3,0.3,0.05438,0.09766
8637,1,1_3,0.3,0.05627,0.11523
8638,1,1_3,0.3,0.0312,0.09265
8639,1,1_3,0.3,0.03186,0.0986
8640,1,1_3,0.3,0.05112,0.10596
8641,1,1_3,0.3,0.03824,0.0943
8642,1,1_3,0.3,0.05167,0.1118
8643,1,1_3,0.3,0.057,0.1169
8644,1,1_3,0.3,0.0414,0.08887
8645,1,1_3,0.3,0.0376,0.09576
8646,1,1_3,0.3,0.04465,0.12463
8647,1,1_3,0.3,0.04263,0.1131
8648,1,1_3,0.3,0.0438,0.0867
8649,1,1_3,0.3,0.0538,0.11194
8650,1,1_3,0.3,0.03867,0.09106
8651,1,1_3,0.3,0.0701,0.1083
8652,1,1_3,0.3,0.04642,0.0889
8653,1,1_3,0.3,0.0547,0.12164
8654,1,1_3,0.3,0.0541,0.10535
8655,1,1_3,0.3,0.1211,0.1012
8656,1,1_3,0.3,0.05392,0.10046
8657,1,1_3,0.3,0.05304,0.09393
8658,1,1_3,0.3,0.04367,0.08777
8659,1,1_3,0.3,0.0476,0.1342
8660,1,1_3,0.3,0.03757,0.0902
8661,1,1_3,0.3,0.0377,0.1045
8662,1,1_3,0.3,0.0614,0.13
8663,1,1_3,0.3,0.0486,0.1024
8664,1,1_3,0.3,0.05734,0.122
8665,1,1_3,0.3,0.05966,0.1041
8666,1,1_3,0.3,0.03406,0.0766
8667,1,1_3,0.3,0.05182,0.11035
8668,1,1_3,0.3,0.05942,0.11444
8669,1,1_3,0.3,0.04617,0.1376
8670,1,1_3,0.3,0.0463,0.108
8671,1,1_3,0.3,0.03674,0.11755
8672,1,1_3,0.3,0.042,0.09875
8673,1,1_3,0.3,0.04968,0.1026
8674,1,1_3,0.3,0.03687,0.08527
8675,1,1_3,0.3,0.03558,0.0887
8676,1,1_3,0.3,0.05502,0.1011
8677,1,1_3,0.3,0.05222,0.09973
8678,1,1_3,0.3,0.03665,0.08405
8679,1,1_3,0.3,0.03345,0.0771
8680,1,1_3,0.3,0.06866,0.1043
8681,1,1_3,0.3,0.03897,0.0926
8682,1,1_3,0.3,0.05557,0.1132
8683,1,1_3,0.3,0.04993,0.1051
8684,1,1_3,0.3,0.05756,0.1029
8685,1,1_3,0.3,0.0346,0.11896
8686,1,1_3,0.3,0.05753,0.10486
8687,1,1_3,0.3,0.0391,0.09125
8688,1,1_3,0.3,0.0454,0.1172
8689,1,1_3,0.3,0.03995,0.08563
8690,1,1_3,0.3,0.05484,0.0934
8691,1,1_3,0.3,0.04266,0.11005
8692,1,1_3,0.3,0.03735,0.10815
8693,1,1_3,0.3,0.05206,0.1079
8694,1,1_3,0.3,0.0453,0.10144
8695,1,1_3,0.3,0.04803,0.08734
8696,1,1_3,0.3,0.0403,0.09143
8697,1,1_3,0.3,0.03506,0.0795
8698,1,1_3,0.3,0.04437,0.0936
8699,1,1_3,0.3,0.03586,0.0941
8700,1,1_3,0.3,0.04843,0.103
8701,1,1_3,0.3,0.06134,0.1046
8702,1,1_3,0.3,0.04855,0.1142
8703,1,1_3,0.3,0.0495,0.0897
8704,1,1_3,0.3,0.0347,0.0885
8705,1,1_3,0.3,0.0522,0.1071
8706,1,1_3,0.3,0.04474,0.1015
8707,1,1_3,0.3,0.0442,0.092
8708,1,1_3,0.3,0.04547,0.107
8709,1,1_3,0.3,0.03442,0.08734
8710,1,1_3,0.3,0.0375,0.09296
8711,1,1_3,0.3,0.0451,0.1138
8712,1,1_3,0.3,0.05423,0.1059
8713,1,1_3,0.3,0.05447,0.1294
8714,1,1_3,0.3,0.03677,0.0911
8715,1,1_3,0.3,0.04233,0.107
8716,1,1_3,0.3,0.02805,0.0781
8717,1,1_3,0.3,0.0394,0.08746
8718,1,1_3,0.3,0.03497,0.08844
8719,1,1_3,0.3,0.03287,0.0878
8720,1,1_3,0.3,0.03455,0.0994
8721,1,1_3,0.3,0.04462,0.1125
8722,1,1_3,0.3,0.0486,0.11224
8723,1,1_3,0.3,0.0467,0.1123
8724,1,1_3,0.3,0.05667,0.11035
8725,1,1_3,0.3,0.03827,0.0881
8726,1,1_3,0.3,0.04196,0.0963
8727,1,1_3,0.3,0.05777,0.1016
8728,1,1_3,0.3,0.0439,0.09155
8729,1,1_3,0.3,0.04532,0.101
8730,1,1_3,0.3,0.04556,0.0988
8731,1,1_3,0.3,0.04294,0.08655
8732,1,1_3,0.3,0.03586,0.0869
8733,1,1_3,0.3,0.0759,0.1307
8734,1,1_3,0.3,0.03464,0.0954
8735,1,1_3,0.3,0.04962,0.09204
8736,1,1_3,0.3,0.0439,0.10596
8737,1,1_3,0.3,0.0713,0.0945
8738,1,1_3,0.3,0.0537,0.0946
8739,1,1_3,0.3,0.06168,0.09924
8740,1,1_3,0.3,0.0605,0.1527
8741,1,1_3,0.3,0.04007,0.09094
8742,1,1_3,0.3,0.04013,0.08246
8743,1,1_3,0.3,0.03485,0.08453
8744,1,1_3,0.3,0.03467,0.10516
8745,1,1_3,0.3,0.05927,0.11816
8746,1,1_3,0.3,0.0418,0.0971
8747,1,1_3,0.3,0.04483,0.0885
8748,1,1_3,0.3,0.0513,0.1219
8749,1,1_3,0.3,0.02985,0.08704
8750,1,1_3,0.3,0.04578,0.095
8751,1,1_3,0.3,0.04025,0.0921
8752,1,1_3,0.3,0.0533,0.10156
8753,1,1_3,0.3,0.04932,0.0857
8754,1,1_3,0.3,0.03958,0.08813
8755,1,1_3,0.3,0.05753,0.1304
8756,1,1_3,0.3,0.04825,0.0906
8757,1,1_3,0.3,0.04022,0.12134
8758,1,1_3,0.3,0.0341,0.07745
8759,1,1_3,0.3,0.04193,0.08795
8760,1,1_3,0.3,0.04236,0.086
8761,1,1_3,0.3,0.04987,0.096
8762,1,1_3,0.3,0.05182,0.1329
8763,1,1_3,0.3,0.0464,0.0928
8764,1,1_3,0.3,0.0546,0.0941
8765,1,1_3,0.3,0.04822,0.1054
8766,1,1_3,0.3,0.05734,0.10376
8767,1,1_3,0.3,0.0493,0.1143
8768,1,1_3,0.3,0.05038,0.08954
8769,1,1_3,0.3,0.0443,0.0916
8770,1,1_3,0.3,0.04752,0.11316
8771,1,1_3,0.3,0.03943,0.0818
8772,1,1_3,0.3,0.05634,0.1221
8773,1,1_3,0.3,0.03778,0.0901
8774,1,1_3,0.3,0.03604,0.08746
8775,1,1_3,0.3,0.04166,0.1076
8776,1,1_3,0.3,0.03506,0.0892
8777,1,1_3,0.3,0.06168,0.0977
8778,1,1_3,0.3,0.0589,0.1284
8779,1,1_3,0.3,0.0612,0.1178
8780,1,1_3,0.3,0.04175,0.0921
8781,1,1_3,0.3,0.04657,0.10254
8782,1,1_3,0.3,0.0636,0.1182
8783,1,1_3,0.3,0.0375,0.11914
8784,1,1_3,0.3,0.04953,0.1017
8785,1,1_3,0.3,0.04398,0.0936
8786,1,1_3,0.3,0.03894,0.0907
8787,1,1_3,0.3,0.0463,0.0976
8788,1,1_3,0.3,0.0329,0.081
8789,1,1_3,0.3,0.04004,0.0835
8790,1,1_3,0.3,0.0509,0.1079
8791,1,1_3,0.3,0.03317,0.0898
8792,1,1_3,0.3,0.05087,0.08264
8793,1,1_3,0.3,0.05365,0.099
8794,1,1_3,0.3,0.03677,0.0928
8795,1,1_3,0.3,0.04535,0.10565
8796,1,1_3,0.3,0.05643,0.10223
8797,1,1_3,0.3,0.0485,0.1082
8798,1,1_3,0.3,0.06384,0.1095
8799,1,1_3,0.3,0.0374,0.0893
8800,1,1_3,0.3,0.03287,0.0866
8801,1,1_3,0.3,0.06506,0.11383
8802,1,1_3,0.3,0.04572,0.0988
8803,1,1_3,0.3,0.03525,0.094
8804,1,1_3,0.3,0.03906,0.09827
8805,1,1_3,0.3,0.031,0.0792
8806,1,1_3,0.3,0.06104,0.0926
8807,1,1_3,0.3,0.03278,0.07794
8808,1,1_3,0.3,0.05737,0.0986
8809,1,1_3,0.3,0.0652,0.1119
8810,1,1_3,0.3,0.0332,0.08374
8811,1,1_3,0.3,0.03096,0.0884
8812,1,1_3,0.3,0.04108,0.0888
8813,1,1_3,0.3,0.04608,0.1032
8814,1,1_3,0.3,0.05905,0.1084
8815,1,1_3,0.3,0.0392,0.08685
8816,1,1_3,0.3,0.0388,0.08325
8817,1,1_3,0.3,0.04016,0.09973
8818,1,1_3,0.3,0.0708,0.10645
8819,1,1_3,0.3,0.05588,0.09955
8820,1,1_3,0.3,0.03934,0.10345
8821,1,1_3,0.3,0.0355,0.11597
8822,1,1_3,0.3,0.0558,0.0938
8823,1,1_3,0.3,0.04794,0.0894
8824,1,1_3,0.3,0.04227,0.0979
8825,1,1_3,0.3,0.05994,0.1016
8826,1,1_3,0.3,0.037,0.08704
8827,1,1_3,0.3,0.0708,0.10364
8828,1,1_3,0.3,0.0659,0.1008
8829,1,1_3,0.3,0.03366,0.0868
8830,1,1_3,0.3,0.0406,0.10767
8831,1,1_3,0.3,0.03903,0.08124
8832,1,1_3,0.3,0.03093,0.0833
8833,1,1_3,0.3,0.03001,0.0823
8834,1,1_3,0.3,0.07,0.10333
8835,1,1_3,0.3,0.03065,0.0743
8836,1,1_3,0.3,0.12036,0.10004
8837,1,1_3,0.3,0.03476,0.0817
8838,1,1_3,0.3,0.06793,0.0915
8839,1,1_3,0.3,0.0594,0.11945
8840,1,1_3,0.3,0.0335,0.08624
8841,1,1_3,0.3,0.044,0.10706
8842,1,1_3,0.3,0.0381,0.1081
8843,1,1_3,0.3,0.04538,0.099
8844,1,1_3,0.3,0.0707,0.1553
8845,1,1_3,0.3,0.04535,0.0912
8846,1,1_3,0.3,0.0437,0.09393
8847,1,1_3,0.3,0.0319,0.0925
8848,1,1_3,0.3,0.0349,0.0968
8849,1,1_3,0.3,0.03378,0.084
8850,1,1_3,0.3,0.03845,0.0913
8851,1,1_3,0.3,0.04498,0.09564
8852,1,1_3,0.3,0.0583,0.1159
8853,1,1_3,0.3,0.0653,0.09686
8854,1,1_3,0.3,0.04407,0.10095
8855,1,1_3,0.3,0.03683,0.1195
8856,1,1_3,0.3,0.05334,0.1138
8857,1,1_3,0.3,0.04764,0.08826
8858,1,1_3,0.3,0.04535,0.1243
8859,1,1_3,0.3,0.06223,0.1118
8860,1,1_3,0.3,0.03796,0.12286
8861,1,1_3,0.3,0.064,0.1309
8862,1,1_3,0.3,0.0388,0.0852
8863,1,1_3,0.3,0.06042,0.11896
8864,1,1_3,0.3,0.0415,0.08514
8865,1,1_3,0.3,0.04288,0.1113
8866,1,1_3,0.3,0.0494,0.1187
8867,1,1_3,0.3,0.03903,0.1007
8868,1,1_3,0.3,0.0343,0.0921
8869,1,1_3,0.3,0.04514,0.079
8870,1,1_3,0.3,0.03506,0.10376
8871,1,1_3,0.3,0.03275,0.0804
8872,1,1_3,0.3,0.04675,0.10736
8873,1,1_3,0.3,0.04956,0.1013
8874,1,1_3,0.3,0.03464,0.08704
8875,1,1_3,0.3,0.03882,0.1051
8876,1,1_3,0.3,0.0557,0.1108
8877,1,1_3,0.3,0.03497,0.0785
8878,1,1_3,0.3,0.06018,0.10187
8879,1,1_3,0.3,0.03522,0.1072
8880,1,1_3,0.3,0.04132,0.08716
8881,1,1_3,0.3,0.05157,0.11145
8882,1,1_3,0.3,0.04456,0.094
8883,1,1_3,0.3,0.0426,0.10333
8884,1,1_3,0.3,0.04953,0.08704
8885,1,1_3,0.3,0.03036,0.0782
8886,1,1_3,0.3,0.03516,0.0936
8887,1,1_3,0.3,0.03937,0.08
8888,1,1_3,0.3,0.03265,0.08704
8889,1,1_3,0.3,0.04984,0.1145
8890,1,1_3,0.3,0.07153,0.1022
8891,1,1_3,0.3,0.06946,0.1203
8892,1,1_3,0.3,0.04346,0.09937
8893,1,1_3,0.3,0.06274,0.0991
8894,1,1_3,0.3,0.0489,0.08984
8895,1,1_3,0.3,0.03348,0.10406
8896,1,1_3,0.3,0.0363,0.0946
8897,1,1_3,0.3,0.04434,0.0909
8898,1,1_3,0.3,0.0431,0.0916
8899,1,1_3,0.3,0.0617,0.1477
8900,1,1_3,0.3,0.0447,0.0909
8901,1,1_3,0.3,0.04526,0.09814
8902,1,1_3,0.3,0.04465,0.10144
8903,1,1_3,0.3,0.0359,0.0905
8904,1,1_3,0.3,0.05283,0.11676
8905,1,1_3,0.3,0.0483,0.09314
8906,1,1_3,0.3,0.0569,0.1189
8907,1,1_3,0.3,0.03586,0.0877
8908,1,1_3,0.3,0.04532,0.11096
8909,1,1_3,0.3,0.05215,0.103
8910,1,1_3,0.3,0.03928,0.1011
8911,1,1_3,0.3,0.04755,0.0895
8912,1,1_3,0.3,0.05237,0.10095
8913,1,1_3,0.3,0.04352,0.1116
8914,1,1_3,0.3,0.04617,0.1134
8915,1,1_3,0.3,0.0396,0.094
8916,1,1_3,0.3,0.0423,0.0979
8917,1,1_3,0.3,0.04547,0.10736
8918,1,1_3,0.3,0.0589,0.1431
8919,1,1_3,0.3,0.043,0.0917
8920,1,1_3,0.3,0.0576,0.1093
8921,1,1_3,0.3,0.03812,0.115
8922,1,1_3,0.3,0.05594,0.1103
8923,1,1_3,0.3,0.03583,0.10065
8924,1,1_3,0.3,0.04898,0.12164
8925,1,1_3,0.3,0.0523,0.1044
8926,1,1_3,0.3,0.03099,0.09235
8927,1,1_3,0.3,0.0371,0.1081
8928,1,1_3,0.3,0.05807,0.0957
8929,1,1_3,0.3,0.04468,0.1104
8930,1,1_3,0.3,0.04382,0.10315
8931,1,1_3,0.3,0.03293,0.0792
8932,1,1_3,0.3,0.05344,0.1211
8933,1,1_3,0.3,0.04663,0.0964
8934,1,1_3,0.3,0.05292,0.1034
8935,1,1_3,0.3,0.0415,0.0961
8936,1,1_3,0.3,0.03665,0.0796
8937,1,1_3,0.3,0.04144,0.1028
8938,1,1_3,0.3,0.05383,0.09656
8939,1,1_3,0.3,0.04065,0.0988
8940,1,1_3,0.3,0.0419,0.1102
8941,1,1_3,0.3,0.03275,0.0876
8942,1,1_3,0.3,0.05518,0.1096
8943,1,1_3,0.3,0.04828,0.0963
8944,1,1_3,0.3,0.06573,0.0982
8945,1,1_3,0.3,0.05807,0.1092
8946,1,1_3,0.3,0.04352,0.09076
8947,1,1_3,0.3,0.04178,0.10504
8948,1,1_3,0.3,0.0494,0.0959
8949,1,1_3,0.3,0.05576,0.10767
8950,1,1_3,0.3,0.05637,0.10834
8951,1,1_3,0.3,0.04236,0.10156
8952,1,1_3,0.3,0.05014,0.1322
8953,1,1_3,0.3,0.03445,0.087
8954,1,1_3,0.3,0.03317,0.07745
8955,1,1_3,0.3,0.05533,0.1033
8956,1,1_3,0.3,0.0559,0.1191
8957,1,1_3,0.3,0.04858,0.1014
8958,1,1_3,0.3,0.04025,0.0963
8959,1,1_3,0.3,0.04962,0.1068
8960,1,1_3,0.3,0.03017,0.07587
8961,1,1_3,0.3,0.03662,0.0869
8962,1,1_3,0.3,0.03105,0.08
8963,1,1_3,0.3,0.03867,0.10815
8964,1,1_3,0.3,0.05405,0.1313
8965,1,1_3,0.3,0.03644,0.08655
8966,1,1_3,0.3,0.07806,0.1207
8967,1,1_3,0.3,0.03958,0.0823
8968,1,1_3,0.3,0.0619,0.1013
8969,1,1_3,0.3,0.0598,0.1398
8970,1,1_3,0.3,0.0401,0.0971
8971,1,1_3,0.3,0.04105,0.1012
8972,1,1_3,0.3,0.0617,0.09766
8973,1,1_3,0.3,0.03476,0.09015
8974,1,1_3,0.3,0.04016,0.0928
8975,1,1_3,0.3,0.04764,0.095
8976,1,1_3,0.3,0.06805,0.1464
8977,1,1_3,0.3,0.0378,0.0817
8978,1,1_3,0.3,0.06274,0.0933
8979,1,1_3,0.3,0.0421,0.0948
8980,1,1_3,0.3,0.06354,0.11237
8981,1,1_3,0.3,0.0801,0.1312
8982,1,1_3,0.3,0.03772,0.096
8983,1,1_3,0.3,0.04526,0.1235
8984,1,1_3,0.3,0.04947,0.10394
8985,1,1_3,0.3,0.0659,0.097
8986,1,1_3,0.3,0.0414,0.11145
8987,1,1_3,0.3,0.04,0.08673
8988,1,1_3,0.3,0.04578,0.10284
8989,1,1_3,0.3,0.04178,0.0901
8990,1,1_3,0.3,0.0364,0.07983
8991,1,1_3,0.3,0.03812,0.0899
8992,1,1_3,0.3,0.03925,0.0807
8993,1,1_3,0.3,0.04126,0.0955
8994,1,1_3,0.3,0.05615,0.1013
8995,1,1_3,0.3,0.05383,0.0997
8996,1,1_3,0.3,0.05777,0.10156
8997,1,1_3,0.3,0.03534,0.08264
8998,1,1_3,0.3,0.07275,0.12213
8999,1,1_3,0.3,0.03598,0.0856
9000,2,2_1,0.1,0.01912,0.0775
9001,2,2_1,0.1,0.01576,0.07306
9002,2,2_1,0.1,0.0197,0.0669
9003,2,2_1,0.1,0.02243,0.07715
9004,2,2_1,0.1,0.01941,0.0705
9005,2,2_1,0.1,0.01945,0.0823
9006,2,2_1,0.1,0.01991,0.0741
9007,2,2_1,0.1,0.02911,0.07263
9008,2,2_1,0.1,0.01941,0.06604
9009,2,2_1,0.1,0.01764,0.07166
9010,2,2_1,0.1,0.0191,0.0804
9011,2,2_1,0.1,0.01869,0.07355
9012,2,2_1,0.1,0.02147,0.0775
9013,2,2_1,0.1,0.01406,0.0751
9014,2,2_1,0.1,0.01843,0.0689
9015,2,2_1,0.1,0.01518,0.07947
9016,2,2_1,0.1,0.0163,0.0698
9017,2,2_1,0.1,0.01933,0.0724
9018,2,2_1,0.1,0.02234,0.1057
9019,2,2_1,0.1,0.0163,0.09045
9020,2,2_1,0.1,0.02185,0.06604
9021,2,2_1,0.1,0.02417,0.07025
9022,2,2_1,0.1,0.01733,0.0717
9023,2,2_1,0.1,0.02086,0.07623
9024,2,2_1,0.1,0.01976,0.0756
9025,2,2_1,0.1,0.01278,0.07764
9026,2,2_1,0.1,0.02245,0.0687
9027,2,2_1,0.1,0.01898,0.07764
9028,2,2_1,0.1,0.02356,0.07056
9029,2,2_1,0.1,0.01793,0.07526
9030,2,2_1,0.1,0.02135,0.08856
9031,2,2_1,0.1,0.0197,0.07263
9032,2,2_1,0.1,0.02365,0.07416
9033,2,2_1,0.1,0.01721,0.0752
9034,2,2_1,0.1,0.01845,0.0706
9035,2,2_1,0.1,0.0185,0.0691
9036,2,2_1,0.1,0.01997,0.0685
9037,2,2_1,0.1,0.01854,0.0738
9038,2,2_1,0.1,0.02092,0.06964
9039,2,2_1,0.1,0.01962,0.0683
9040,2,2_1,0.1,0.02232,0.0701
9041,2,2_1,0.1,0.019,0.07434
9042,2,2_1,0.1,0.01779,0.0775
9043,2,2_1,0.1,0.02257,0.0752
9044,2,2_1,0.1,0.01718,0.0711
9045,2,2_1,0.1,0.01926,0.0852
9046,2,2_1,0.1,0.02126,0.06903
9047,2,2_1,0.1,0.01775,0.07574
9048,2,2_1,0.1,0.01942,0.082
9049,2,2_1,0.1,0.02174,0.0678
9050,2,2_1,0.1,0.01927,0.0713
9051,2,2_1,0.1,0.014465,0.085
9052,2,2_1,0.1,0.01548,0.0857
9053,2,2_1,0.1,0.01787,0.0808
9054,2,2_1,0.1,0.01434,0.0781
9055,2,2_1,0.1,0.01703,0.0674
9056,2,2_1,0.1,0.01706,0.0787
9057,2,2_1,0.1,0.01959,0.0815
9058,2,2_1,0.1,0.0223,0.0797
9059,2,2_1,0.1,0.03122,0.08044
9060,2,2_1,0.1,0.01428,0.0822
9061,2,2_1,0.1,0.02669,0.09076
9062,2,2_1,0.1,0.02147,0.06616
9063,2,2_1,0.1,0.018,0.06824
9064,2,2_1,0.1,0.02303,0.06915
9065,2,2_1,0.1,0.01955,0.0792
9066,2,2_1,0.1,0.02959,0.092
9067,2,2_1,0.1,0.02129,0.07855
9068,2,2_1,0.1,0.01721,0.07153
9069,2,2_1,0.1,0.02,0.0785
9070,2,2_1,0.1,0.01929,0.09393
9071,2,2_1,0.1,0.01987,0.0857
9072,2,2_1,0.1,0.01712,0.0679
9073,2,2_1,0.1,0.01833,0.0809
9074,2,2_1,0.1,0.01866,0.07214
9075,2,2_1,0.1,0.02461,0.07794
9076,2,2_1,0.1,0.01607,0.0762
9077,2,2_1,0.1,0.02158,0.0733
9078,2,2_1,0.1,0.01467,0.07294
9079,2,2_1,0.1,0.01834,0.0856
9080,2,2_1,0.1,0.01595,0.08856
9081,2,2_1,0.1,0.01831,0.0712
9082,2,2_1,0.1,0.01397,0.0795
9083,2,2_1,0.1,0.01842,0.06915
9084,2,2_1,0.1,0.014145,0.08405
9085,2,2_1,0.1,0.02348,0.0723
9086,2,2_1,0.1,0.02171,0.0794
9087,2,2_1,0.1,0.01567,0.07294
9088,2,2_1,0.1,0.02425,0.0813
9089,2,2_1,0.1,0.01593,0.08606
9090,2,2_1,0.1,0.03894,0.0828
9091,2,2_1,0.1,0.02242,0.0742
9092,2,2_1,0.1,0.02895,0.07336
9093,2,2_1,0.1,0.01663,0.0793
9094,2,2_1,0.1,0.0158,0.09595
9095,2,2_1,0.1,0.01595,0.073
9096,2,2_1,0.1,0.02057,0.06976
9097,2,2_1,0.1,0.02365,0.07043
9098,2,2_1,0.1,0.0139,0.0869
9099,2,2_1,0.1,0.01566,0.07117
9100,2,2_1,0.1,0.01758,0.06946
9101,2,2_1,0.1,0.01508,0.0747
9102,2,2_1,0.1,0.02138,0.076
9103,2,2_1,0.1,0.015335,0.06964
9104,2,2_1,0.1,0.02353,0.0762
9105,2,2_1,0.1,0.01521,0.07275
9106,2,2_1,0.1,0.0205,0.0685
9107,2,2_1,0.1,0.0159,0.0703
9108,2,2_1,0.1,0.01695,0.06805
9109,2,2_1,0.1,0.01917,0.0767
9110,2,2_1,0.1,0.02007,0.0679
9111,2,2_1,0.1,0.0204,0.06946
9112,2,2_1,0.1,0.02118,0.1011
9113,2,2_1,0.1,0.01874,0.0698
9114,2,2_1,0.1,0.02524,0.0899
9115,2,2_1,0.1,0.02399,0.0903
9116,2,2_1,0.1,0.01631,0.08746
9117,2,2_1,0.1,0.02165,0.0739
9118,2,2_1,0.1,0.01718,0.08496
9119,2,2_1,0.1,0.01435,0.07
9120,2,2_1,0.1,0.03055,0.06964
9121,2,2_1,0.1,0.01596,0.0825
9122,2,2_1,0.1,0.01913,0.07874
9123,2,2_1,0.1,0.023,0.0801
9124,2,2_1,0.1,0.02261,0.0762
9125,2,2_1,0.1,0.01599,0.0844
9126,2,2_1,0.1,0.01933,0.06934
9127,2,2_1,0.1,0.02267,0.083
9128,2,2_1,0.1,0.02585,0.077
9129,2,2_1,0.1,0.01837,0.08875
9130,2,2_1,0.1,0.01834,0.07166
9131,2,2_1,0.1,0.02513,0.0783
9132,2,2_1,0.1,0.02725,0.0728
9133,2,2_1,0.1,0.01904,0.0847
9134,2,2_1,0.1,0.01607,0.09076
9135,2,2_1,0.1,0.02315,0.08887
9136,2,2_1,0.1,0.02072,0.06976
9137,2,2_1,0.1,0.02383,0.0702
9138,2,2_1,0.1,0.02118,0.0759
9139,2,2_1,0.1,0.01744,0.0863
9140,2,2_1,0.1,0.01566,0.07404
9141,2,2_1,0.1,0.02315,0.0739
9142,2,2_1,0.1,0.02289,0.07117
9143,2,2_1,0.1,0.01987,0.07043
9144,2,2_1,0.1,0.02165,0.0754
9145,2,2_1,0.1,0.01993,0.0733
9146,2,2_1,0.1,0.01473,0.0834
9147,2,2_1,0.1,0.02173,0.08777
9148,2,2_1,0.1,0.0186,0.06964
9149,2,2_1,0.1,0.03041,0.0744
9150,2,2_1,0.1,0.01678,0.0841
9151,2,2_1,0.1,0.014305,0.0791
9152,2,2_1,0.1,0.01802,0.06866
9153,2,2_1,0.1,0.02502,0.08527
9154,2,2_1,0.1,0.01622,0.0696
9155,2,2_1,0.1,0.01616,0.0897
9156,2,2_1,0.1,0.0177,0.0692
9157,2,2_1,0.1,0.0194,0.07806
9158,2,2_1,0.1,0.02214,0.0706
9159,2,2_1,0.1,0.0137,0.07794
9160,2,2_1,0.1,0.02028,0.07025
9161,2,2_1,0.1,0.01654,0.0702
9162,2,2_1,0.1,0.0315,0.076
9163,2,2_1,0.1,0.014305,0.06836
9164,2,2_1,0.1,0.01877,0.06866
9165,2,2_1,0.1,0.01535,0.07764
9166,2,2_1,0.1,0.01315,0.07184
9167,2,2_1,0.1,0.01852,0.07733
9168,2,2_1,0.1,0.01776,0.0714
9169,2,2_1,0.1,0.0278,0.0725
9170,2,2_1,0.1,0.01651,0.07074
9171,2,2_1,0.1,0.02147,0.0744
9172,2,2_1,0.1,0.01544,0.07135
9173,2,2_1,0.1,0.02338,0.0704
9174,2,2_1,0.1,0.02094,0.09796
9175,2,2_1,0.1,0.01817,0.06915
9176,2,2_1,0.1,0.01671,0.0882
9177,2,2_1,0.1,0.01511,0.0858
9178,2,2_1,0.1,0.01884,0.06946
9179,2,2_1,0.1,0.01593,0.0736
9180,2,2_1,0.1,0.0182,0.0731
9181,2,2_1,0.1,0.02245,0.0898
9182,2,2_1,0.1,0.02605,0.0726
9183,2,2_1,0.1,0.02272,0.0725
9184,2,2_1,0.1,0.02328,0.0739
9185,2,2_1,0.1,0.01683,0.0717
9186,2,2_1,0.1,0.01831,0.06854
9187,2,2_1,0.1,0.02454,0.0986
9188,2,2_1,0.1,0.02187,0.0746
9189,2,2_1,0.1,0.01643,0.07153
9190,2,2_1,0.1,0.01787,0.08417
9191,2,2_1,0.1,0.01393,0.0734
9192,2,2_1,0.1,0.01694,0.0898
9193,2,2_1,0.1,0.017,0.0708
9194,2,2_1,0.1,0.02213,0.0902
9195,2,2_1,0.1,0.02213,0.07355
9196,2,2_1,0.1,0.02844,0.0788
9197,2,2_1,0.1,0.01656,0.0921
9198,2,2_1,0.1,0.01768,0.0824
9199,2,2_1,0.1,0.01452,0.0808
9200,2,2_1,0.1,0.01383,0.0754
9201,2,2_1,0.1,0.01717,0.0995
9202,2,2_1,0.1,0.02692,0.07666
9203,2,2_1,0.1,0.0194,0.068
9204,2,2_1,0.1,0.01479,0.07153
9205,2,2_1,0.1,0.02142,0.07184
9206,2,2_1,0.1,0.01479,0.0786
9207,2,2_1,0.1,0.0194,0.067
9208,2,2_1,0.1,0.01848,0.077
9209,2,2_1,0.1,0.01796,0.0679
9210,2,2_1,0.1,0.01895,0.0715
9211,2,2_1,0.1,0.01642,0.0725
9212,2,2_1,0.1,0.01842,0.0691
9213,2,2_1,0.1,0.0163,0.08704
9214,2,2_1,0.1,0.01718,0.07196
9215,2,2_1,0.1,0.01662,0.06934
9216,2,2_1,0.1,0.01863,0.07135
9217,2,2_1,0.1,0.02272,0.0863
9218,2,2_1,0.1,0.015495,0.0699
9219,2,2_1,0.1,0.01761,0.07184
9220,2,2_1,0.1,0.01729,0.0829
9221,2,2_1,0.1,0.01492,0.07904
9222,2,2_1,0.1,0.02332,0.0707
9223,2,2_1,0.1,0.02028,0.0781
9224,2,2_1,0.1,0.01709,0.0815
9225,2,2_1,0.1,0.01503,0.09283
9226,2,2_1,0.1,0.012436,0.09155
9227,2,2_1,0.1,0.0211,0.08044
9228,2,2_1,0.1,0.02766,0.07367
9229,2,2_1,0.1,0.01657,0.0719
9230,2,2_1,0.1,0.01585,0.07806
9231,2,2_1,0.1,0.0171,0.0757
9232,2,2_1,0.1,0.0202,0.0821
9233,2,2_1,0.1,0.01923,0.08234
9234,2,2_1,0.1,0.0169,0.0718
9235,2,2_1,0.1,0.02032,0.0775
9236,2,2_1,0.1,0.02298,0.0781
9237,2,2_1,0.1,0.02475,0.068
9238,2,2_1,0.1,0.01385,0.0935
9239,2,2_1,0.1,0.01588,0.0738
9240,2,2_1,0.1,0.01778,0.0736
9241,2,2_1,0.1,0.03494,0.07465
9242,2,2_1,0.1,0.0258,0.08154
9243,2,2_1,0.1,0.03096,0.07367
9244,2,2_1,0.1,0.024,0.0712
9245,2,2_1,0.1,0.02087,0.0742
9246,2,2_1,0.1,0.01567,0.0775
9247,2,2_1,0.1,0.02214,0.0736
9248,2,2_1,0.1,0.02132,0.07434
9249,2,2_1,0.1,0.01874,0.07495
9250,2,2_1,0.1,0.02878,0.069
9251,2,2_1,0.1,0.02153,0.07007
9252,2,2_1,0.1,0.01246,0.0792
9253,2,2_1,0.1,0.0195,0.0697
9254,2,2_1,0.1,0.02881,0.07764
9255,2,2_1,0.1,0.0265,0.0977
9256,2,2_1,0.1,0.01732,0.0814
9257,2,2_1,0.1,0.0231,0.0802
9258,2,2_1,0.1,0.02266,0.077
9259,2,2_1,0.1,0.01834,0.07635
9260,2,2_1,0.1,0.01398,0.08
9261,2,2_1,0.1,0.02335,0.08575
9262,2,2_1,0.1,0.01617,0.06903
9263,2,2_1,0.1,0.01593,0.0766
9264,2,2_1,0.1,0.0168,0.07385
9265,2,2_1,0.1,0.01712,0.0707
9266,2,2_1,0.1,0.01468,0.0702
9267,2,2_1,0.1,0.01988,0.0682
9268,2,2_1,0.1,0.013824,0.08777
9269,2,2_1,0.1,0.01588,0.076
9270,2,2_1,0.1,0.01608,0.0915
9271,2,2_1,0.1,0.01712,0.0711
9272,2,2_1,0.1,0.02278,0.09503
9273,2,2_1,0.1,0.01935,0.0763
9274,2,2_1,0.1,0.01822,0.0779
9275,2,2_1,0.1,0.02142,0.07104
9276,2,2_1,0.1,0.02034,0.0698
9277,2,2_1,0.1,0.01767,0.08014
9278,2,2_1,0.1,0.01785,0.0776
9279,2,2_1,0.1,0.014145,0.0806
9280,2,2_1,0.1,0.02441,0.0702
9281,2,2_1,0.1,0.021,0.0789
9282,2,2_1,0.1,0.02124,0.0775
9283,2,2_1,0.1,0.01923,0.0843
9284,2,2_1,0.1,0.01942,0.0732
9285,2,2_1,0.1,0.01727,0.06836
9286,2,2_1,0.1,0.01617,0.0833
9287,2,2_1,0.1,0.0183,0.07587
9288,2,2_1,0.1,0.02008,0.088
9289,2,2_1,0.1,0.01761,0.0886
9290,2,2_1,0.1,0.01697,0.0818
9291,2,2_1,0.1,0.0258,0.0766
9292,2,2_1,0.1,0.02065,0.0711
9293,2,2_1,0.1,0.01967,0.074
9294,2,2_1,0.1,0.01481,0.0861
9295,2,2_1,0.1,0.02063,0.08014
9296,2,2_1,0.1,0.012886,0.0768
9297,2,2_1,0.1,0.01709,0.09827
9298,2,2_1,0.1,0.01646,0.09576
9299,2,2_1,0.1,0.0171,0.0689
9300,2,2_1,0.1,0.01971,0.0919
9301,2,2_1,0.1,0.0152,0.0864
9302,2,2_1,0.1,0.02567,0.06915
9303,2,2_1,0.1,0.02306,0.08075
9304,2,2_1,0.1,0.018,0.0707
9305,2,2_1,0.1,0.0176,0.07196
9306,2,2_1,0.1,0.01382,0.0996
9307,2,2_1,0.1,0.0165,0.0825
9308,2,2_1,0.1,0.01892,0.07605
9309,2,2_1,0.1,0.02292,0.1029
9310,2,2_1,0.1,0.0166,0.0765
9311,2,2_1,0.1,0.02892,0.0887
9312,2,2_1,0.1,0.01665,0.07635
9313,2,2_1,0.1,0.02489,0.0749
9314,2,2_1,0.1,0.02191,0.0713
9315,2,2_1,0.1,0.02254,0.0715
9316,2,2_1,0.1,0.02205,0.07465
9317,2,2_1,0.1,0.01547,0.0689
9318,2,2_1,0.1,0.01819,0.0696
9319,2,2_1,0.1,0.02757,0.076
9320,2,2_1,0.1,0.01881,0.0785
9321,2,2_1,0.1,0.01863,0.0818
9322,2,2_1,0.1,0.01791,0.0733
9323,2,2_1,0.1,0.0194,0.0803
9324,2,2_1,0.1,0.022,0.0898
9325,2,2_1,0.1,0.01595,0.08093
9326,2,2_1,0.1,0.0205,0.08
9327,2,2_1,0.1,0.02278,0.0695
9328,2,2_1,0.1,0.01813,0.0744
9329,2,2_1,0.1,0.02022,0.0745
9330,2,2_1,0.1,0.02109,0.0769
9331,2,2_1,0.1,0.0173,0.0769
9332,2,2_1,0.1,0.02411,0.0722
9333,2,2_1,0.1,0.01767,0.11646
9334,2,2_1,0.1,0.02023,0.093
9335,2,2_1,0.1,0.02037,0.08734
9336,2,2_1,0.1,0.01602,0.07227
9337,2,2_1,0.1,0.01437,0.08185
9338,2,2_1,0.1,0.02742,0.07214
9339,2,2_1,0.1,0.02287,0.0732
9340,2,2_1,0.1,0.02159,0.07983
9341,2,2_1,0.1,0.01607,0.0828
9342,2,2_1,0.1,0.02145,0.07477
9343,2,2_1,0.1,0.02078,0.0867
9344,2,2_1,0.1,0.02065,0.0722
9345,2,2_1,0.1,0.01695,0.07135
9346,2,2_1,0.1,0.01442,0.08777
9347,2,2_1,0.1,0.01765,0.0794
9348,2,2_1,0.1,0.02136,0.07367
9349,2,2_1,0.1,0.02196,0.0768
9350,2,2_1,0.1,0.01466,0.074
9351,2,2_1,0.1,0.02032,0.0838
9352,2,2_1,0.1,0.01968,0.0829
9353,2,2_1,0.1,0.02512,0.0685
9354,2,2_1,0.1,0.017,0.0897
9355,2,2_1,0.1,0.02213,0.0704
9356,2,2_1,0.1,0.02507,0.084
9357,2,2_1,0.1,0.0142,0.07465
9358,2,2_1,0.1,0.0203,0.08093
9359,2,2_1,0.1,0.01582,0.08856
9360,2,2_1,0.1,0.01636,0.07404
9361,2,2_1,0.1,0.01628,0.0794
9362,2,2_1,0.1,0.01727,0.07404
9363,2,2_1,0.1,0.02107,0.071
9364,2,2_1,0.1,0.012955,0.0733
9365,2,2_1,0.1,0.01984,0.08093
9366,2,2_1,0.1,0.02213,0.0817
9367,2,2_1,0.1,0.01512,0.0718
9368,2,2_1,0.1,0.01825,0.07117
9369,2,2_1,0.1,0.01955,0.0804
9370,2,2_1,0.1,0.02165,0.0732
9371,2,2_1,0.1,0.01978,0.0735
9372,2,2_1,0.1,0.01688,0.0799
9373,2,2_1,0.1,0.01764,0.07153
9374,2,2_1,0.1,0.01726,0.0787
9375,2,2_1,0.1,0.02283,0.0806
9376,2,2_1,0.1,0.01671,0.0789
9377,2,2_1,0.1,0.02248,0.0719
9378,2,2_1,0.1,0.01566,0.0702
9379,2,2_1,0.1,0.02483,0.0874
9380,2,2_1,0.1,0.0254,0.07666
9381,2,2_1,0.1,0.02682,0.0711
9382,2,2_1,0.1,0.03091,0.07416
9383,2,2_1,0.1,0.01848,0.0738
9384,2,2_1,0.1,0.01909,0.0732
9385,2,2_1,0.1,0.01634,0.0689
9386,2,2_1,0.1,0.01865,0.0839
9387,2,2_1,0.1,0.03436,0.0751
9388,2,2_1,0.1,0.0194,0.0766
9389,2,2_1,0.1,0.0144,0.0886
9390,2,2_1,0.1,0.014496,0.08026
9391,2,2_1,0.1,0.0158,0.07654
9392,2,2_1,0.1,0.02043,0.0822
9393,2,2_1,0.1,0.01624,0.0739
9394,2,2_1,0.1,0.01756,0.0947
9395,2,2_1,0.1,0.01874,0.0816
9396,2,2_1,0.1,0.02829,0.0917
9397,2,2_1,0.1,0.01907,0.0687
9398,2,2_1,0.1,0.01599,0.08374
9399,2,2_1,0.1,0.01714,0.0779
9400,2,2_1,0.1,0.01956,0.0786
9401,2,2_1,0.1,0.02588,0.06964
9402,2,2_1,0.1,0.01591,0.07996
9403,2,2_1,0.1,0.01929,0.0774
9404,2,2_1,0.1,0.02402,0.0713
9405,2,2_1,0.1,0.01846,0.0696
9406,2,2_1,0.1,0.02231,0.0814
9407,2,2_1,0.1,0.01498,0.07623
9408,2,2_1,0.1,0.01428,0.0824
9409,2,2_1,0.1,0.03403,0.07465
9410,2,2_1,0.1,0.01668,0.0713
9411,2,2_1,0.1,0.01548,0.07666
9412,2,2_1,0.1,0.02399,0.07275
9413,2,2_1,0.1,0.02249,0.089
9414,2,2_1,0.1,0.01854,0.0727
9415,2,2_1,0.1,0.01793,0.07544
9416,2,2_1,0.1,0.01573,0.0933
9417,2,2_1,0.1,0.02231,0.08453
9418,2,2_1,0.1,0.02327,0.0856
9419,2,2_1,0.1,0.01602,0.0785
9420,2,2_1,0.1,0.01855,0.0745
9421,2,2_1,0.1,0.03326,0.0774
9422,2,2_1,0.1,0.01365,0.0745
9423,2,2_1,0.1,0.01903,0.07825
9424,2,2_1,0.1,0.01741,0.07104
9425,2,2_1,0.1,0.0281,0.08344
9426,2,2_1,0.1,0.02115,0.06976
9427,2,2_1,0.1,0.02063,0.0704
9428,2,2_1,0.1,0.01747,0.0746
9429,2,2_1,0.1,0.02568,0.07135
9430,2,2_1,0.1,0.01808,0.0799
9431,2,2_1,0.1,0.01548,0.09357
9432,2,2_1,0.1,0.02036,0.0695
9433,2,2_1,0.1,0.01808,0.0718
9434,2,2_1,0.1,0.02023,0.0695
9435,2,2_1,0.1,0.02342,0.0724
9436,2,2_1,0.1,0.0159,0.0808
9437,2,2_1,0.1,0.02127,0.08514
9438,2,2_1,0.1,0.01421,0.07635
9439,2,2_1,0.1,0.02364,0.06995
9440,2,2_1,0.1,0.016,0.08466
9441,2,2_1,0.1,0.02313,0.0761
9442,2,2_1,0.1,0.01889,0.0919
9443,2,2_1,0.1,0.01666,0.07135
9444,2,2_1,0.1,0.0211,0.07404
9445,2,2_1,0.1,0.02002,0.0726
9446,2,2_1,0.1,0.02528,0.07733
9447,2,2_1,0.1,0.01463,0.0968
9448,2,2_1,0.1,0.02106,0.07745
9449,2,2_1,0.1,0.03488,0.0807
9450,2,2_1,0.1,0.0355,0.0829
9451,2,2_1,0.1,0.01718,0.0729
9452,2,2_1,0.1,0.01628,0.07635
9453,2,2_1,0.1,0.01424,0.0749
9454,2,2_1,0.1,0.03897,0.0843
9455,2,2_1,0.1,0.02106,0.09174
9456,2,2_1,0.1,0.02336,0.08093
9457,2,2_1,0.1,0.01656,0.09985
9458,2,2_1,0.1,0.01657,0.0877
9459,2,2_1,0.1,0.01572,0.07733
9460,2,2_1,0.1,0.01645,0.078
9461,2,2_1,0.1,0.02177,0.10126
9462,2,2_1,0.1,0.01694,0.082
9463,2,2_1,0.1,0.0183,0.08276
9464,2,2_1,0.1,0.02078,0.06946
9465,2,2_1,0.1,0.0209,0.0905
9466,2,2_1,0.1,0.0193,0.07214
9467,2,2_1,0.1,0.01738,0.073
9468,2,2_1,0.1,0.0165,0.0855
9469,2,2_1,0.1,0.02872,0.07654
9470,2,2_1,0.1,0.02086,0.074
9471,2,2_1,0.1,0.0208,0.0791
9472,2,2_1,0.1,0.0246,0.078
9473,2,2_1,0.1,0.02695,0.0886
9474,2,2_1,0.1,0.0286,0.0745
9475,2,2_1,0.1,0.0185,0.07666
9476,2,2_1,0.1,0.02602,0.08575
9477,2,2_1,0.1,0.01755,0.07056
9478,2,2_1,0.1,0.0314,0.08856
9479,2,2_1,0.1,0.02792,0.08105
9480,2,2_1,0.1,0.02306,0.07544
9481,2,2_1,0.1,0.02304,0.07294
9482,2,2_1,0.1,0.01985,0.0784
9483,2,2_1,0.1,0.02646,0.0855
9484,2,2_1,0.1,0.02768,0.0799
9485,2,2_1,0.1,0.013405,0.08466
9486,2,2_1,0.1,0.01865,0.0758
9487,2,2_1,0.1,0.01469,0.0726
9488,2,2_1,0.1,0.02437,0.07446
9489,2,2_1,0.1,0.02603,0.0719
9490,2,2_1,0.1,0.01706,0.0722
9491,2,2_1,0.1,0.0156,0.07117
9492,2,2_1,0.1,0.015564,0.0695
9493,2,2_1,0.1,0.02774,0.0787
9494,2,2_1,0.1,0.02199,0.07117
9495,2,2_1,0.1,0.01449,0.08246
9496,2,2_1,0.1,0.01657,0.0893
9497,2,2_1,0.1,0.01959,0.0955
9498,2,2_1,0.1,0.01666,0.07025
9499,2,2_1,0.1,0.0208,0.0743
9500,2,2_1,0.1,0.01391,0.073
9501,2,2_1,0.1,0.0163,0.0766
9502,2,2_1,0.1,0.02043,0.08124
9503,2,2_1,0.1,0.01883,0.0706
9504,2,2_1,0.1,0.0177,0.0818
9505,2,2_1,0.1,0.018,0.0732
9506,2,2_1,0.1,0.02322,0.0717
9507,2,2_1,0.1,0.02188,0.0793
9508,2,2_1,0.1,0.01694,0.0733
9509,2,2_1,0.1,0.01956,0.078
9510,2,2_1,0.1,0.01903,0.0749
9511,2,2_1,0.1,0.01627,0.0778
9512,2,2_1,0.1,0.01672,0.0705
9513,2,2_1,0.1,0.01825,0.0897
9514,2,2_1,0.1,0.02339,0.0751
9515,2,2_1,0.1,0.01822,0.072
9516,2,2_1,0.1,0.0279,0.07794
9517,2,2_1,0.1,0.01435,0.08624
9518,2,2_1,0.1,0.01639,0.0976
9519,2,2_1,0.1,0.01573,0.0713
9520,2,2_1,0.1,0.01651,0.07983
9521,2,2_1,0.1,0.0184,0.0907
9522,2,2_1,0.1,0.01613,0.0697
9523,2,2_1,0.1,0.02461,0.0711
9524,2,2_1,0.1,0.02994,0.0795
9525,2,2_1,0.1,0.02107,0.07434
9526,2,2_1,0.1,0.02335,0.08746
9527,2,2_1,0.1,0.02228,0.07074
9528,2,2_1,0.1,0.01956,0.0734
9529,2,2_1,0.1,0.01599,0.0828
9530,2,2_1,0.1,0.01643,0.07446
9531,2,2_1,0.1,0.0263,0.07874
9532,2,2_1,0.1,0.0192,0.0721
9533,2,2_1,0.1,0.02187,0.06934
9534,2,2_1,0.1,0.02518,0.0732
9535,2,2_1,0.1,0.02135,0.0849
9536,2,2_1,0.1,0.03305,0.0712
9537,2,2_1,0.1,0.013535,0.07544
9538,2,2_1,0.1,0.01941,0.07385
9539,2,2_1,0.1,0.01868,0.072
9540,2,2_1,0.1,0.01892,0.07623
9541,2,2_1,0.1,0.02165,0.07556
9542,2,2_1,0.1,0.01462,0.087
9543,2,2_1,0.1,0.01933,0.10834
9544,2,2_1,0.1,0.02052,0.0712
9545,2,2_1,0.1,0.01836,0.0699
9546,2,2_1,0.1,0.01904,0.07324
9547,2,2_1,0.1,0.01322,0.08417
9548,2,2_1,0.1,0.02283,0.07495
9549,2,2_1,0.1,0.0298,0.07605
9550,2,2_1,0.1,0.0265,0.08093
9551,2,2_1,0.1,0.01562,0.0718
9552,2,2_1,0.1,0.01932,0.07104
9553,2,2_1,0.1,0.02028,0.0706
9554,2,2_1,0.1,0.01894,0.0751
9555,2,2_1,0.1,0.01816,0.0714
9556,2,2_1,0.1,0.02599,0.0722
9557,2,2_1,0.1,0.01756,0.07245
9558,2,2_1,0.1,0.01956,0.07623
9559,2,2_1,0.1,0.02266,0.07263
9560,2,2_1,0.1,0.0151,0.0776
9561,2,2_1,0.1,0.02174,0.07104
9562,2,2_1,0.1,0.02455,0.0884
9563,2,2_1,0.1,0.02309,0.0755
9564,2,2_1,0.1,0.01688,0.08954
9565,2,2_1,0.1,0.02075,0.09
9566,2,2_1,0.1,0.02321,0.073
9567,2,2_1,0.1,0.02243,0.07245
9568,2,2_1,0.1,0.0326,0.0783
9569,2,2_1,0.1,0.01753,0.0755
9570,2,2_1,0.1,0.02045,0.0704
9571,2,2_1,0.1,0.02406,0.08136
9572,2,2_1,0.1,0.02444,0.07196
9573,2,2_1,0.1,0.01744,0.0773
9574,2,2_1,0.1,0.02426,0.073
9575,2,2_1,0.1,0.01733,0.082
9576,2,2_1,0.1,0.02647,0.07574
9577,2,2_1,0.1,0.02354,0.0932
9578,2,2_1,0.1,0.02934,0.0845
9579,2,2_1,0.1,0.01794,0.0732
9580,2,2_1,0.1,0.0239,0.0776
9581,2,2_1,0.1,0.02003,0.0766
9582,2,2_1,0.1,0.01653,0.0906
9583,2,2_1,0.1,0.02245,0.07184
9584,2,2_1,0.1,0.01634,0.07947
9585,2,2_1,0.1,0.02133,0.0729
9586,2,2_1,0.1,0.02055,0.075
9587,2,2_1,0.1,0.01316,0.0791
9588,2,2_1,0.1,0.02538,0.0713
9589,2,2_1,0.1,0.01797,0.0708
9590,2,2_1,0.1,0.02121,0.0755
9591,2,2_1,0.1,0.0358,0.07794
9592,2,2_1,0.1,0.03214,0.07385
9593,2,2_1,0.1,0.02248,0.0727
9594,2,2_1,0.1,0.01836,0.07336
9595,2,2_1,0.1,0.01974,0.0712
9596,2,2_1,0.1,0.01726,0.0759
9597,2,2_1,0.1,0.02193,0.0699
9598,2,2_1,0.1,0.01371,0.08606
9599,2,2_1,0.1,0.02159,0.07806
9600,2,2_1,0.1,0.0153,0.10175
9601,2,2_1,0.1,0.01421,0.0703
9602,2,2_1,0.1,0.01605,0.0739
9603,2,2_1,0.1,0.015114,0.07263
9604,2,2_1,0.1,0.02632,0.0722
9605,2,2_1,0.1,0.02487,0.075
9606,2,2_1,0.1,0.01843,0.0913
9607,2,2_1,0.1,0.014305,0.081
9608,2,2_1,0.1,0.02605,0.0694
9609,2,2_1,0.1,0.02567,0.09283
9610,2,2_1,0.1,0.013916,0.07324
9611,2,2_1,0.1,0.02414,0.07367
9612,2,2_1,0.1,0.01588,0.07446
9613,2,2_1,0.1,0.01804,0.0767
9614,2,2_1,0.1,0.02284,0.0744
9615,2,2_1,0.1,0.01607,0.0733
9616,2,2_1,0.1,0.014595,0.0797
9617,2,2_1,0.1,0.01564,0.09656
9618,2,2_1,0.1,0.02534,0.08856
9619,2,2_1,0.1,0.01926,0.0729
9620,2,2_1,0.1,0.01955,0.0837
9621,2,2_1,0.1,0.01744,0.0777
9622,2,2_1,0.1,0.01704,0.0738
9623,2,2_1,0.1,0.01674,0.0837
9624,2,2_1,0.1,0.02054,0.0715
9625,2,2_1,0.1,0.02188,0.0736
9626,2,2_1,0.1,0.02216,0.07385
9627,2,2_1,0.1,0.0233,0.08105
9628,2,2_1,0.1,0.01941,0.08453
9629,2,2_1,0.1,0.01756,0.0725
9630,2,2_1,0.1,0.01628,0.07367
9631,2,2_1,0.1,0.02023,0.08057
9632,2,2_1,0.1,0.01686,0.06915
9633,2,2_1,0.1,0.01692,0.06915
9634,2,2_1,0.1,0.01329,0.0977
9635,2,2_1,0.1,0.0183,0.07574
9636,2,2_1,0.1,0.01942,0.0893
9637,2,2_1,0.1,0.02718,0.0802
9638,2,2_1,0.1,0.02425,0.08673
9639,2,2_1,0.1,0.0184,0.07715
9640,2,2_1,0.1,0.03418,0.0707
9641,2,2_1,0.1,0.01362,0.0705
9642,2,2_1,0.1,0.02464,0.0855
9643,2,2_1,0.1,0.02908,0.0788
9644,2,2_1,0.1,0.01994,0.0819
9645,2,2_1,0.1,0.01776,0.07477
9646,2,2_1,0.1,0.02266,0.07043
9647,2,2_1,0.1,0.01581,0.0867
9648,2,2_1,0.1,0.02118,0.07367
9649,2,2_1,0.1,0.02672,0.07416
9650,2,2_1,0.1,0.01888,0.08246
9651,2,2_1,0.1,0.012314,0.0735
9652,2,2_1,0.1,0.02264,0.0934
9653,2,2_1,0.1,0.01935,0.08606
9654,2,2_1,0.1,0.02402,0.07196
9655,2,2_1,0.1,0.01927,0.07007
9656,2,2_1,0.1,0.01959,0.0728
9657,2,2_1,0.1,0.02663,0.0722
9658,2,2_1,0.1,0.01834,0.0728
9659,2,2_1,0.1,0.01888,0.1018
9660,2,2_1,0.1,0.02007,0.0741
9661,2,2_1,0.1,0.02307,0.0709
9662,2,2_1,0.1,0.01724,0.0709
9663,2,2_1,0.1,0.01755,0.07684
9664,2,2_1,0.1,0.02771,0.0756
9665,2,2_1,0.1,0.01823,0.0762
9666,2,2_1,0.1,0.01967,0.0724
9667,2,2_1,0.1,0.02249,0.08246
9668,2,2_1,0.1,0.0221,0.1041
9669,2,2_1,0.1,0.02135,0.0927
9670,2,2_1,0.1,0.01677,0.0738
9671,2,2_1,0.1,0.02635,0.081
9672,2,2_1,0.1,0.034,0.0689
9673,2,2_1,0.1,0.02046,0.07526
9674,2,2_1,0.1,0.02295,0.0729
9675,2,2_1,0.1,0.0218,0.07587
9676,2,2_1,0.1,0.01785,0.08203
9677,2,2_1,0.1,0.03296,0.0755
9678,2,2_1,0.1,0.02356,0.07166
9679,2,2_1,0.1,0.0222,0.07336
9680,2,2_1,0.1,0.02304,0.07837
9681,2,2_1,0.1,0.01942,0.10376
9682,2,2_1,0.1,0.01348,0.08325
9683,2,2_1,0.1,0.01674,0.09143
9684,2,2_1,0.1,0.02042,0.0792
9685,2,2_1,0.1,0.02385,0.0743
9686,2,2_1,0.1,0.01733,0.084
9687,2,2_1,0.1,0.02206,0.0724
9688,2,2_1,0.1,0.01816,0.0761
9689,2,2_1,0.1,0.02391,0.071
9690,2,2_1,0.1,0.01892,0.07513
9691,2,2_1,0.1,0.01674,0.07336
9692,2,2_1,0.1,0.01694,0.0804
9693,2,2_1,0.1,0.014786,0.07697
9694,2,2_1,0.1,0.02025,0.07764
9695,2,2_1,0.1,0.0177,0.07184
9696,2,2_1,0.1,0.01564,0.073
9697,2,2_1,0.1,0.01855,0.0951
9698,2,2_1,0.1,0.0263,0.0772
9699,2,2_1,0.1,0.025,0.0778
9700,2,2_1,0.1,0.01457,0.0825
9701,2,2_1,0.1,0.02048,0.0719
9702,2,2_1,0.1,0.02771,0.07275
9703,2,2_1,0.1,0.02165,0.0865
9704,2,2_1,0.1,0.01573,0.07446
9705,2,2_1,0.1,0.02716,0.0702
9706,2,2_1,0.1,0.02264,0.0728
9707,2,2_1,0.1,0.01694,0.0748
9708,2,2_1,0.1,0.01653,0.07544
9709,2,2_1,0.1,0.01622,0.074
9710,2,2_1,0.1,0.01927,0.0757
9711,2,2_1,0.1,0.01423,0.07623
9712,2,2_1,0.1,0.02232,0.07996
9713,2,2_1,0.1,0.0325,0.07666
9714,2,2_1,0.1,0.02399,0.07947
9715,2,2_1,0.1,0.01877,0.1025
9716,2,2_1,0.1,0.02055,0.0735
9717,2,2_1,0.1,0.01614,0.09045
9718,2,2_1,0.1,0.02788,0.09186
9719,2,2_1,0.1,0.02219,0.0723
9720,2,2_1,0.1,0.01958,0.0851
9721,2,2_1,0.1,0.01697,0.07635
9722,2,2_1,0.1,0.01819,0.0727
9723,2,2_1,0.1,0.02553,0.07446
9724,2,2_1,0.1,0.01671,0.09216
9725,2,2_1,0.1,0.01514,0.0746
9726,2,2_1,0.1,0.02196,0.0691
9727,2,2_1,0.1,0.02792,0.07495
9728,2,2_1,0.1,0.01878,0.08026
9729,2,2_1,0.1,0.01735,0.0706
9730,2,2_1,0.1,0.01886,0.07446
9731,2,2_1,0.1,0.01377,0.0731
9732,2,2_1,0.1,0.02646,0.0733
9733,2,2_1,0.1,0.02573,0.0784
9734,2,2_1,0.1,0.01863,0.0734
9735,2,2_1,0.1,0.01289,0.0823
9736,2,2_1,0.1,0.01472,0.0716
9737,2,2_1,0.1,0.01648,0.0797
9738,2,2_1,0.1,0.02184,0.0939
9739,2,2_1,0.1,0.0164,0.08875
9740,2,2_1,0.1,0.01904,0.07513
9741,2,2_1,0.1,0.02902,0.0807
9742,2,2_1,0.1,0.023,0.0699
9743,2,2_1,0.1,0.015045,0.073
9744,2,2_1,0.1,0.02173,0.08093
9745,2,2_1,0.1,0.01862,0.0724
9746,2,2_1,0.1,0.01692,0.0802
9747,2,2_1,0.1,0.02057,0.07227
9748,2,2_1,0.1,0.01758,0.07477
9749,2,2_1,0.1,0.01738,0.0816
9750,2,2_1,0.1,0.03232,0.07025
9751,2,2_1,0.1,0.01772,0.0779
9752,2,2_1,0.1,0.02417,0.07446
9753,2,2_1,0.1,0.02579,0.07086
9754,2,2_1,0.1,0.01826,0.08936
9755,2,2_1,0.1,0.01385,0.07733
9756,2,2_1,0.1,0.02414,0.081
9757,2,2_1,0.1,0.02246,0.0731
9758,2,2_1,0.1,0.01836,0.0733
9759,2,2_1,0.1,0.0198,0.0732
9760,2,2_1,0.1,0.02473,0.0882
9761,2,2_1,0.1,0.01884,0.07184
9762,2,2_1,0.1,0.02296,0.08295
9763,2,2_1,0.1,0.01797,0.11383
9764,2,2_1,0.1,0.0164,0.0899
9765,2,2_1,0.1,0.01648,0.0858
9766,2,2_1,0.1,0.01544,0.0784
9767,2,2_1,0.1,0.02417,0.07324
9768,2,2_1,0.1,0.01959,0.077
9769,2,2_1,0.1,0.02248,0.0955
9770,2,2_1,0.1,0.02165,0.072
9771,2,2_1,0.1,0.01494,0.0783
9772,2,2_1,0.1,0.014565,0.082
9773,2,2_1,0.1,0.03265,0.0783
9774,2,2_1,0.1,0.0171,0.0817
9775,2,2_1,0.1,0.01752,0.0865
9776,2,2_1,0.1,0.01994,0.07166
9777,2,2_1,0.1,0.01927,0.07465
9778,2,2_1,0.1,0.01968,0.07965
9779,2,2_1,0.1,0.02048,0.08344
9780,2,2_1,0.1,0.0174,0.075
9781,2,2_1,0.1,0.03595,0.07794
9782,2,2_1,0.1,0.02017,0.07336
9783,2,2_1,0.1,0.01817,0.0826
9784,2,2_1,0.1,0.02008,0.0786
9785,2,2_1,0.1,0.0231,0.0835
9786,2,2_1,0.1,0.01703,0.08234
9787,2,2_1,0.1,0.02113,0.08093
9788,2,2_1,0.1,0.02077,0.0774
9789,2,2_1,0.1,0.03128,0.08527
9790,2,2_1,0.1,0.01746,0.07324
9791,2,2_1,0.1,0.01843,0.0772
9792,2,2_1,0.1,0.03027,0.0839
9793,2,2_1,0.1,0.03032,0.0708
9794,2,2_1,0.1,0.01387,0.07404
9795,2,2_1,0.1,0.0235,0.08594
9796,2,2_1,0.1,0.02669,0.0997
9797,2,2_1,0.1,0.02028,0.07697
9798,2,2_1,0.1,0.02025,0.07733
9799,2,2_1,0.1,0.01569,0.0771
9800,2,2_1,0.1,0.015594,0.072
9801,2,2_1,0.1,0.02023,0.0787
9802,2,2_1,0.1,0.01628,0.0796
9803,2,2_1,0.1,0.01575,0.0711
9804,2,2_1,0.1,0.023,0.08575
9805,2,2_1,0.1,0.01945,0.0858
9806,2,2_1,0.1,0.02858,0.07495
9807,2,2_1,0.1,0.01952,0.07526
9808,2,2_1,0.1,0.01962,0.07916
9809,2,2_1,0.1,0.0202,0.08
9810,2,2_1,0.1,0.0231,0.0738
9811,2,2_1,0.1,0.02284,0.0804
9812,2,2_1,0.1,0.02347,0.08325
9813,2,2_1,0.1,0.01541,0.07574
9814,2,2_1,0.1,0.02603,0.0748
9815,2,2_1,0.1,0.02078,0.077
9816,2,2_1,0.1,0.0177,0.0945
9817,2,2_1,0.1,0.01604,0.07916
9818,2,2_1,0.1,0.01859,0.0827
9819,2,2_1,0.1,0.01938,0.0869
9820,2,2_1,0.1,0.02223,0.07513
9821,2,2_1,0.1,0.01596,0.07446
9822,2,2_1,0.1,0.02379,0.0747
9823,2,2_1,0.1,0.0186,0.0877
9824,2,2_1,0.1,0.02135,0.07837
9825,2,2_1,0.1,0.014465,0.0793
9826,2,2_1,0.1,0.02348,0.08966
9827,2,2_1,0.1,0.01619,0.07574
9828,2,2_1,0.1,0.013794,0.07477
9829,2,2_1,0.1,0.01721,0.0975
9830,2,2_1,0.1,0.02989,0.0808
9831,2,2_1,0.1,0.02577,0.0763
9832,2,2_1,0.1,0.01952,0.07056
9833,2,2_1,0.1,0.0207,0.081
9834,2,2_1,0.1,0.0208,0.0907
9835,2,2_1,0.1,0.01991,0.07056
9836,2,2_1,0.1,0.01723,0.0809
9837,2,2_1,0.1,0.01697,0.0794
9838,2,2_1,0.1,0.02573,0.07434
9839,2,2_1,0.1,0.02113,0.07
9840,2,2_1,0.1,0.02031,0.07
9841,2,2_1,0.1,0.01232,0.07715
9842,2,2_1,0.1,0.0108,0.0908
9843,2,2_1,0.1,0.0192,0.08405
9844,2,2_1,0.1,0.01394,0.0858
9845,2,2_1,0.1,0.03888,0.0863
9846,2,2_1,0.1,0.02084,0.08905
9847,2,2_1,0.1,0.013466,0.07135
9848,2,2_1,0.1,0.02148,0.0732
9849,2,2_1,0.1,0.01819,0.0736
9850,2,2_1,0.1,0.02065,0.09607
9851,2,2_1,0.1,0.02797,0.087
9852,2,2_1,0.1,0.01952,0.07574
9853,2,2_1,0.1,0.01852,0.088
9854,2,2_1,0.1,0.02525,0.072
9855,2,2_1,0.1,0.01634,0.07404
9856,2,2_1,0.1,0.016,0.07605
9857,2,2_1,0.1,0.02626,0.0817
9858,2,2_1,0.1,0.01677,0.0696
9859,2,2_1,0.1,0.01706,0.0831
9860,2,2_1,0.1,0.01953,0.0871
9861,2,2_1,0.1,0.02504,0.0729
9862,2,2_1,0.1,0.015366,0.07434
9863,2,2_1,0.1,0.02216,0.0712
9864,2,2_1,0.1,0.01802,0.0887
9865,2,2_1,0.1,0.02434,0.0722
9866,2,2_1,0.1,0.02176,0.0726
9867,2,2_1,0.1,0.014595,0.0817
9868,2,2_1,0.1,0.01385,0.0835
9869,2,2_1,0.1,0.01839,0.0727
9870,2,2_1,0.1,0.02516,0.07367
9871,2,2_1,0.1,0.02519,0.0741
9872,2,2_1,0.1,0.02788,0.0829
9873,2,2_1,0.1,0.0178,0.0743
9874,2,2_1,0.1,0.0212,0.0801
9875,2,2_1,0.1,0.01258,0.07544
9876,2,2_1,0.1,0.0226,0.07275
9877,2,2_1,0.1,0.015205,0.08264
9878,2,2_1,0.1,0.01746,0.07043
9879,2,2_1,0.1,0.01901,0.0898
9880,2,2_1,0.1,0.01487,0.07196
9881,2,2_1,0.1,0.02928,0.07806
9882,2,2_1,0.1,0.01659,0.0711
9883,2,2_1,0.1,0.0256,0.0744
9884,2,2_1,0.1,0.01653,0.07874
9885,2,2_1,0.1,0.01903,0.0752
9886,2,2_1,0.1,0.01624,0.0737
9887,2,2_1,0.1,0.0176,0.07715
9888,2,2_1,0.1,0.01452,0.09357
9889,2,2_1,0.1,0.01965,0.0703
9890,2,2_1,0.1,0.0381,0.0819
9891,2,2_1,0.1,0.02574,0.08
9892,2,2_1,0.1,0.02127,0.0715
9893,2,2_1,0.1,0.014435,0.0787
9894,2,2_1,0.1,0.02066,0.07666
9895,2,2_1,0.1,0.02312,0.0745
9896,2,2_1,0.1,0.01698,0.093
9897,2,2_1,0.1,0.02037,0.0836
9898,2,2_1,0.1,0.0317,0.0739
9899,2,2_1,0.1,0.01935,0.0849
9900,2,2_1,0.1,0.01915,0.0722
9901,2,2_1,0.1,0.01723,0.07367
9902,2,2_1,0.1,0.01973,0.07477
9903,2,2_1,0.1,0.01883,0.0761
9904,2,2_1,0.1,0.01938,0.09357
9905,2,2_1,0.1,0.0225,0.07874
9906,2,2_1,0.1,0.0189,0.0719
9907,2,2_1,0.1,0.013435,0.09375
9908,2,2_1,0.1,0.0195,0.098
9909,2,2_1,0.1,0.02834,0.07324
9910,2,2_1,0.1,0.011955,0.08545
9911,2,2_1,0.1,0.0167,0.07184
9912,2,2_1,0.1,0.01413,0.0728
9913,2,2_1,0.1,0.01755,0.09424
9914,2,2_1,0.1,0.02147,0.07196
9915,2,2_1,0.1,0.02965,0.076
9916,2,2_1,0.1,0.01823,0.0712
9917,2,2_1,0.1,0.0259,0.07275
9918,2,2_1,0.1,0.01732,0.08606
9919,2,2_1,0.1,0.01924,0.08026
9920,2,2_1,0.1,0.0229,0.0712
9921,2,2_1,0.1,0.01915,0.0785
9922,2,2_1,0.1,0.02315,0.07935
9923,2,2_1,0.1,0.01698,0.0791
9924,2,2_1,0.1,0.02292,0.07306
9925,2,2_1,0.1,0.01595,0.0718
9926,2,2_1,0.1,0.0264,0.083
9927,2,2_1,0.1,0.01926,0.07275
9928,2,2_1,0.1,0.0209,0.07916
9929,2,2_1,0.1,0.01823,0.08234
9930,2,2_1,0.1,0.0169,0.0733
9931,2,2_1,0.1,0.025,0.07196
9932,2,2_1,0.1,0.0173,0.0929
9933,2,2_1,0.1,0.01857,0.0699
9934,2,2_1,0.1,0.0179,0.0712
9935,2,2_1,0.1,0.01923,0.07166
9936,2,2_1,0.1,0.0331,0.0785
9937,2,2_1,0.1,0.02333,0.0941
9938,2,2_1,0.1,0.028,0.07074
9939,2,2_1,0.1,0.01596,0.06866
9940,2,2_1,0.1,0.02011,0.0878
9941,2,2_1,0.1,0.01892,0.07367
9942,2,2_1,0.1,0.01429,0.0817
9943,2,2_1,0.1,0.02806,0.0902
9944,2,2_1,0.1,0.02606,0.08203
9945,2,2_1,0.1,0.01773,0.0717
9946,2,2_1,0.1,0.02737,0.07874
9947,2,2_1,0.1,0.02367,0.07184
9948,2,2_1,0.1,0.01982,0.09766
9949,2,2_1,0.1,0.02054,0.07245
9950,2,2_1,0.1,0.02019,0.0746
9951,2,2_1,0.1,0.03015,0.07416
9952,2,2_1,0.1,0.0337,0.0839
9953,2,2_1,0.1,0.01837,0.08
9954,2,2_1,0.1,0.01575,0.07404
9955,2,2_1,0.1,0.01949,0.07697
9956,2,2_1,0.1,0.014145,0.08344
9957,2,2_1,0.1,0.01588,0.09155
9958,2,2_1,0.1,0.01605,0.0848
9959,2,2_1,0.1,0.02643,0.0782
9960,2,2_1,0.1,0.01325,0.0821
9961,2,2_1,0.1,0.02667,0.08246
9962,2,2_1,0.1,0.01837,0.0777
9963,2,2_1,0.1,0.01538,0.0733
9964,2,2_1,0.1,0.01996,0.06976
9965,2,2_1,0.1,0.02438,0.07227
9966,2,2_1,0.1,0.02768,0.0876
9967,2,2_1,0.1,0.02184,0.0734
9968,2,2_1,0.1,0.02512,0.0784
9969,2,2_1,0.1,0.01884,0.0773
9970,2,2_1,0.1,0.0287,0.0809
9971,2,2_1,0.1,0.03018,0.0802
9972,2,2_1,0.1,0.0272,0.07965
9973,2,2_1,0.1,0.015434,0.08795
9974,2,2_1,0.1,0.0244,0.07385
9975,2,2_1,0.1,0.01578,0.08563
9976,2,2_1,0.1,0.01532,0.08777
9977,2,2_1,0.1,0.01712,0.07214
9978,2,2_1,0.1,0.018,0.0852
9979,2,2_1,0.1,0.0297,0.075
9980,2,2_1,0.1,0.02792,0.0841
9981,2,2_1,0.1,0.01819,0.08093
9982,2,2_1,0.1,0.0229,0.0868
9983,2,2_1,0.1,0.02016,0.09204
9984,2,2_1,0.1,0.02448,0.0734
9985,2,2_1,0.1,0.02629,0.07263
9986,2,2_1,0.1,0.02109,0.0705
9987,2,2_1,0.1,0.0264,0.079
9988,2,2_1,0.1,0.01886,0.08936
9989,2,2_1,0.1,0.01656,0.0901
9990,2,2_1,0.1,0.02748,0.0789
9991,2,2_1,0.1,0.0169,0.0979
9992,2,2_1,0.1,0.0135,0.0737
9993,2,2_1,0.1,0.0181,0.07135
9994,2,2_1,0.1,0.01614,0.07465
9995,2,2_1,0.1,0.02133,0.0766
9996,2,2_1,0.1,0.02402,0.0698
9997,2,2_1,0.1,0.01762,0.0761
9998,2,2_1,0.1,0.02104,0.07074
9999,2,2_1,0.1,0.01991,0.0756
10000,2,2_1,0.2,0.02023,0.0706
10001,2,2_1,0.2,0.02068,0.0786
10002,2,2_1,0.2,0.02795,0.0944
10003,2,2_1,0.2,0.0405,0.0788
10004,2,2_1,0.2,0.01915,0.0735
10005,2,2_1,0.2,0.02415,0.0823
10006,2,2_1,0.2,0.02553,0.07263
10007,2,2_1,0.2,0.03035,0.1014
10008,2,2_1,0.2,0.03165,0.09424
10009,2,2_1,0.2,0.02773,0.0789
10010,2,2_1,0.2,0.02321,0.07526
10011,2,2_1,0.2,0.02829,0.086
10012,2,2_1,0.2,0.03836,0.0925
10013,2,2_1,0.2,0.02567,0.09735
10014,2,2_1,0.2,0.02524,0.0777
10015,2,2_1,0.2,0.0233,0.07684
10016,2,2_1,0.2,0.02388,0.0774
10017,2,2_1,0.2,0.02307,0.09845
10018,2,2_1,0.2,0.03043,0.1129
10019,2,2_1,0.2,0.0353,0.09143
10020,2,2_1,0.2,0.02396,0.08636
10021,2,2_1,0.2,0.03186,0.10516
10022,2,2_1,0.2,0.02498,0.07886
10023,2,2_1,0.2,0.0324,0.0893
10024,2,2_1,0.2,0.02852,0.0776
10025,2,2_1,0.2,0.01802,0.08856
10026,2,2_1,0.2,0.02103,0.0758
10027,2,2_1,0.2,0.02708,0.10944
10028,2,2_1,0.2,0.02504,0.0772
10029,2,2_1,0.2,0.0268,0.0762
10030,2,2_1,0.2,0.03842,0.0781
10031,2,2_1,0.2,0.01726,0.09015
10032,2,2_1,0.2,0.02124,0.12256
10033,2,2_1,0.2,0.02943,0.0792
10034,2,2_1,0.2,0.03268,0.0855
10035,2,2_1,0.2,0.02502,0.0721
10036,2,2_1,0.2,0.02245,0.0812
10037,2,2_1,0.2,0.02563,0.0984
10038,2,2_1,0.2,0.02805,0.092
10039,2,2_1,0.2,0.0197,0.07874
10040,2,2_1,0.2,0.02448,0.07733
10041,2,2_1,0.2,0.02972,0.07697
10042,2,2_1,0.2,0.0313,0.0888
10043,2,2_1,0.2,0.02226,0.0885
10044,2,2_1,0.2,0.03485,0.0847
10045,2,2_1,0.2,0.02621,0.0847
10046,2,2_1,0.2,0.02869,0.09015
10047,2,2_1,0.2,0.03693,0.0936
10048,2,2_1,0.2,0.03287,0.0925
10049,2,2_1,0.2,0.02986,0.0743
10050,2,2_1,0.2,0.02019,0.07733
10051,2,2_1,0.2,0.02673,0.0816
10052,2,2_1,0.2,0.02588,0.0861
10053,2,2_1,0.2,0.02165,0.10266
10054,2,2_1,0.2,0.0186,0.0762
10055,2,2_1,0.2,0.02614,0.082
10056,2,2_1,0.2,0.03217,0.0906
10057,2,2_1,0.2,0.01796,0.1171
10058,2,2_1,0.2,0.02252,0.0763
10059,2,2_1,0.2,0.04507,0.08453
10060,2,2_1,0.2,0.03122,0.09576
10061,2,2_1,0.2,0.0453,0.0972
10062,2,2_1,0.2,0.05057,0.0849
10063,2,2_1,0.2,0.03235,0.08075
10064,2,2_1,0.2,0.0354,0.0905
10065,2,2_1,0.2,0.02191,0.09674
10066,2,2_1,0.2,0.02238,0.09924
10067,2,2_1,0.2,0.02112,0.08575
10068,2,2_1,0.2,0.03925,0.10455
10069,2,2_1,0.2,0.03265,0.10425
10070,2,2_1,0.2,0.02785,0.0718
10071,2,2_1,0.2,0.03111,0.09674
10072,2,2_1,0.2,0.01999,0.10345
10073,2,2_1,0.2,0.03036,0.1187
10074,2,2_1,0.2,0.02829,0.09186
10075,2,2_1,0.2,0.02985,0.0885
10076,2,2_1,0.2,0.03284,0.0848
10077,2,2_1,0.2,0.02356,0.10004
10078,2,2_1,0.2,0.02686,0.0996
10079,2,2_1,0.2,0.02274,0.09045
10080,2,2_1,0.2,0.02756,0.1111
10081,2,2_1,0.2,0.02069,0.06824
10082,2,2_1,0.2,0.03108,0.08167
10083,2,2_1,0.2,0.04053,0.0869
10084,2,2_1,0.2,0.02014,0.10583
10085,2,2_1,0.2,0.03745,0.0777
10086,2,2_1,0.2,0.02576,0.08923
10087,2,2_1,0.2,0.02158,0.1065
10088,2,2_1,0.2,0.03644,0.0744
10089,2,2_1,0.2,0.02643,0.0835
10090,2,2_1,0.2,0.10455,0.08124
10091,2,2_1,0.2,0.04013,0.0967
10092,2,2_1,0.2,0.0262,0.0733
10093,2,2_1,0.2,0.03265,0.0922
10094,2,2_1,0.2,0.02522,0.0843
10095,2,2_1,0.2,0.02182,0.0768
10096,2,2_1,0.2,0.02357,0.1052
10097,2,2_1,0.2,0.04855,0.09
10098,2,2_1,0.2,0.02167,0.092
10099,2,2_1,0.2,0.02644,0.08575
10100,2,2_1,0.2,0.02063,0.0716
10101,2,2_1,0.2,0.02971,0.0829
10102,2,2_1,0.2,0.0238,0.1267
10103,2,2_1,0.2,0.0294,0.08997
10104,2,2_1,0.2,0.05838,0.09424
10105,2,2_1,0.2,0.02582,0.0771
10106,2,2_1,0.2,0.03534,0.095
10107,2,2_1,0.2,0.02675,0.0852
10108,2,2_1,0.2,0.0273,0.109
10109,2,2_1,0.2,0.02013,0.1098
10110,2,2_1,0.2,0.03564,0.1026
10111,2,2_1,0.2,0.02618,0.08563
10112,2,2_1,0.2,0.02979,0.09375
10113,2,2_1,0.2,0.02823,0.0917
10114,2,2_1,0.2,0.02914,0.1178
10115,2,2_1,0.2,0.02771,0.08466
10116,2,2_1,0.2,0.02687,0.0825
10117,2,2_1,0.2,0.01878,0.08
10118,2,2_1,0.2,0.0348,0.0749
10119,2,2_1,0.2,0.02075,0.0776
10120,2,2_1,0.2,0.03564,0.093
10121,2,2_1,0.2,0.01909,0.08716
10122,2,2_1,0.2,0.02441,0.075
10123,2,2_1,0.2,0.03102,0.0751
10124,2,2_1,0.2,0.03378,0.09204
10125,2,2_1,0.2,0.04263,0.08905
10126,2,2_1,0.2,0.01863,0.10474
10127,2,2_1,0.2,0.02878,0.0728
10128,2,2_1,0.2,0.0386,0.0774
10129,2,2_1,0.2,0.02994,0.079
10130,2,2_1,0.2,0.01808,0.07306
10131,2,2_1,0.2,0.03793,0.09344
10132,2,2_1,0.2,0.02847,0.0828
10133,2,2_1,0.2,0.03546,0.09314
10134,2,2_1,0.2,0.02814,0.07196
10135,2,2_1,0.2,0.02975,0.0913
10136,2,2_1,0.2,0.03026,0.0759
10137,2,2_1,0.2,0.029,0.08484
10138,2,2_1,0.2,0.02011,0.07623
10139,2,2_1,0.2,0.02567,0.0901
10140,2,2_1,0.2,0.03476,0.0885
10141,2,2_1,0.2,0.062,0.07996
10142,2,2_1,0.2,0.02844,0.0918
10143,2,2_1,0.2,0.02449,0.0759
10144,2,2_1,0.2,0.01852,0.105
10145,2,2_1,0.2,0.02586,0.09143
10146,2,2_1,0.2,0.02422,0.0886
10147,2,2_1,0.2,0.0252,0.0868
10148,2,2_1,0.2,0.02075,0.0992
10149,2,2_1,0.2,0.04163,0.07684
10150,2,2_1,0.2,0.0273,0.07135
10151,2,2_1,0.2,0.03528,0.0792
10152,2,2_1,0.2,0.0313,0.10034
10153,2,2_1,0.2,0.0281,0.08527
10154,2,2_1,0.2,0.02869,0.10254
10155,2,2_1,0.2,0.02089,0.07104
10156,2,2_1,0.2,0.02632,0.08905
10157,2,2_1,0.2,0.03082,0.1147
10158,2,2_1,0.2,0.02583,0.08295
10159,2,2_1,0.2,0.02171,0.0983
10160,2,2_1,0.2,0.02394,0.0781
10161,2,2_1,0.2,0.02333,0.09644
10162,2,2_1,0.2,0.038,0.08527
10163,2,2_1,0.2,0.01543,0.09424
10164,2,2_1,0.2,0.02919,0.1042
10165,2,2_1,0.2,0.02415,0.0992
10166,2,2_1,0.2,0.01588,0.08215
10167,2,2_1,0.2,0.02588,0.0745
10168,2,2_1,0.2,0.05167,0.08734
10169,2,2_1,0.2,0.0499,0.09265
10170,2,2_1,0.2,0.01888,0.0888
10171,2,2_1,0.2,0.02417,0.06885
10172,2,2_1,0.2,0.02167,0.0892
10173,2,2_1,0.2,0.02483,0.08203
10174,2,2_1,0.2,0.03287,0.1334
10175,2,2_1,0.2,0.02977,0.0799
10176,2,2_1,0.2,0.02834,0.08234
10177,2,2_1,0.2,0.0317,0.08746
10178,2,2_1,0.2,0.03516,0.09827
10179,2,2_1,0.2,0.02138,0.0682
10180,2,2_1,0.2,0.03708,0.089
10181,2,2_1,0.2,0.02234,0.0888
10182,2,2_1,0.2,0.025,0.08386
10183,2,2_1,0.2,0.02812,0.1206
10184,2,2_1,0.2,0.02324,0.0981
10185,2,2_1,0.2,0.02556,0.073
10186,2,2_1,0.2,0.02515,0.085
10187,2,2_1,0.2,0.02097,0.07904
10188,2,2_1,0.2,0.04498,0.08496
10189,2,2_1,0.2,0.01852,0.10254
10190,2,2_1,0.2,0.02768,0.074
10191,2,2_1,0.2,0.02158,0.10645
10192,2,2_1,0.2,0.02304,0.1009
10193,2,2_1,0.2,0.02017,0.0731
10194,2,2_1,0.2,0.02567,0.08325
10195,2,2_1,0.2,0.02823,0.0743
10196,2,2_1,0.2,0.04446,0.07623
10197,2,2_1,0.2,0.02576,0.07764
10198,2,2_1,0.2,0.01923,0.0822
10199,2,2_1,0.2,0.02357,0.08984
10200,2,2_1,0.2,0.02277,0.097
10201,2,2_1,0.2,0.03485,0.1168
10202,2,2_1,0.2,0.0338,0.0997
10203,2,2_1,0.2,0.03122,0.0786
10204,2,2_1,0.2,0.01971,0.10394
10205,2,2_1,0.2,0.03009,0.09375
10206,2,2_1,0.2,0.02135,0.07745
10207,2,2_1,0.2,0.0237,0.0802
10208,2,2_1,0.2,0.02678,0.0771
10209,2,2_1,0.2,0.02567,0.1094
10210,2,2_1,0.2,0.02437,0.0863
10211,2,2_1,0.2,0.0256,0.0893
10212,2,2_1,0.2,0.02402,0.1042
10213,2,2_1,0.2,0.03085,0.0836
10214,2,2_1,0.2,0.02,0.0851
10215,2,2_1,0.2,0.01895,0.0884
10216,2,2_1,0.2,0.02235,0.1097
10217,2,2_1,0.2,0.02527,0.08417
10218,2,2_1,0.2,0.03006,0.09106
10219,2,2_1,0.2,0.0351,0.12054
10220,2,2_1,0.2,0.03032,0.0729
10221,2,2_1,0.2,0.05365,0.0845
10222,2,2_1,0.2,0.04504,0.0776
10223,2,2_1,0.2,0.0329,0.09796
10224,2,2_1,0.2,0.03952,0.0977
10225,2,2_1,0.2,0.0272,0.08405
10226,2,2_1,0.2,0.015144,0.0822
10227,2,2_1,0.2,0.03348,0.0841
10228,2,2_1,0.2,0.0296,0.0744
10229,2,2_1,0.2,0.01889,0.0847
10230,2,2_1,0.2,0.02673,0.08
10231,2,2_1,0.2,0.02832,0.0895
10232,2,2_1,0.2,0.02498,0.0763
10233,2,2_1,0.2,0.03812,0.09064
10234,2,2_1,0.2,0.03058,0.0815
10235,2,2_1,0.2,0.03967,0.1081
10236,2,2_1,0.2,0.0293,0.07544
10237,2,2_1,0.2,0.04272,0.1057
10238,2,2_1,0.2,0.01604,0.06964
10239,2,2_1,0.2,0.02464,0.088
10240,2,2_1,0.2,0.01932,0.0871
10241,2,2_1,0.2,0.0898,0.08044
10242,2,2_1,0.2,0.03014,0.08124
10243,2,2_1,0.2,0.0451,0.0743
10244,2,2_1,0.2,0.03616,0.09375
10245,2,2_1,0.2,0.03021,0.0956
10246,2,2_1,0.2,0.01657,0.08734
10247,2,2_1,0.2,0.03195,0.0705
10248,2,2_1,0.2,0.02313,0.0837
10249,2,2_1,0.2,0.0187,0.08014
10250,2,2_1,0.2,0.0852,0.0806
10251,2,2_1,0.2,0.0434,0.0996
10252,2,2_1,0.2,0.01596,0.0757
10253,2,2_1,0.2,0.04367,0.09534
10254,2,2_1,0.2,0.03123,0.0743
10255,2,2_1,0.2,0.03983,0.0978
10256,2,2_1,0.2,0.02022,0.07263
10257,2,2_1,0.2,0.02992,0.0821
10258,2,2_1,0.2,0.02812,0.09283
10259,2,2_1,0.2,0.0316,0.0908
10260,2,2_1,0.2,0.03152,0.0812
10261,2,2_1,0.2,0.0481,0.106
10262,2,2_1,0.2,0.0201,0.095
10263,2,2_1,0.2,0.02655,0.0822
10264,2,2_1,0.2,0.03072,0.09595
10265,2,2_1,0.2,0.01883,0.11145
10266,2,2_1,0.2,0.02171,0.0762
10267,2,2_1,0.2,0.02435,0.09924
10268,2,2_1,0.2,0.03156,0.09393
10269,2,2_1,0.2,0.02911,0.0883
10270,2,2_1,0.2,0.02388,0.08655
10271,2,2_1,0.2,0.02373,0.09515
10272,2,2_1,0.2,0.02652,0.1178
10273,2,2_1,0.2,0.02966,0.0884
10274,2,2_1,0.2,0.02127,0.09485
10275,2,2_1,0.2,0.03506,0.0817
10276,2,2_1,0.2,0.02426,0.0737
10277,2,2_1,0.2,0.02536,0.08685
10278,2,2_1,0.2,0.02164,0.12103
10279,2,2_1,0.2,0.02196,0.0839
10280,2,2_1,0.2,0.0469,0.0957
10281,2,2_1,0.2,0.02057,0.081
10282,2,2_1,0.2,0.03897,0.0847
10283,2,2_1,0.2,0.02083,0.0897
10284,2,2_1,0.2,0.02756,0.07996
10285,2,2_1,0.2,0.02426,0.0791
10286,2,2_1,0.2,0.02386,0.0907
10287,2,2_1,0.2,0.02872,0.09045
10288,2,2_1,0.2,0.02069,0.078
10289,2,2_1,0.2,0.03119,0.08105
10290,2,2_1,0.2,0.02951,0.1025
10291,2,2_1,0.2,0.02353,0.0843
10292,2,2_1,0.2,0.02487,0.0823
10293,2,2_1,0.2,0.03885,0.0854
10294,2,2_1,0.2,0.01897,0.0872
10295,2,2_1,0.2,0.02643,0.0815
10296,2,2_1,0.2,0.01369,0.0801
10297,2,2_1,0.2,0.02666,0.0906
10298,2,2_1,0.2,0.03156,0.0782
10299,2,2_1,0.2,0.0224,0.1003
10300,2,2_1,0.2,0.03625,0.0826
10301,2,2_1,0.2,0.023,0.07916
10302,2,2_1,0.2,0.02507,0.1051
10303,2,2_1,0.2,0.01932,0.131
10304,2,2_1,0.2,0.02011,0.0917
10305,2,2_1,0.2,0.01971,0.09595
10306,2,2_1,0.2,0.02222,0.1016
10307,2,2_1,0.2,0.01967,0.1076
10308,2,2_1,0.2,0.02946,0.07697
10309,2,2_1,0.2,0.02835,0.07874
10310,2,2_1,0.2,0.01926,0.0861
10311,2,2_1,0.2,0.06018,0.1092
10312,2,2_1,0.2,0.02162,0.07825
10313,2,2_1,0.2,0.02823,0.0868
10314,2,2_1,0.2,0.048,0.0785
10315,2,2_1,0.2,0.0308,0.096
10316,2,2_1,0.2,0.02869,0.0798
10317,2,2_1,0.2,0.02724,0.0863
10318,2,2_1,0.2,0.02458,0.0716
10319,2,2_1,0.2,0.02669,0.0951
10320,2,2_1,0.2,0.02751,0.0806
10321,2,2_1,0.2,0.02933,0.10065
10322,2,2_1,0.2,0.02567,0.0774
10323,2,2_1,0.2,0.03036,0.0894
10324,2,2_1,0.2,0.02138,0.0867
10325,2,2_1,0.2,0.01794,0.10535
10326,2,2_1,0.2,0.01927,0.07367
10327,2,2_1,0.2,0.02171,0.09326
10328,2,2_1,0.2,0.03041,0.0844
10329,2,2_1,0.2,0.02289,0.0803
10330,2,2_1,0.2,0.03061,0.0843
10331,2,2_1,0.2,0.02715,0.0783
10332,2,2_1,0.2,0.01807,0.0751
10333,2,2_1,0.2,0.02466,0.0777
10334,2,2_1,0.2,0.02075,0.1079
10335,2,2_1,0.2,0.0255,0.0758
10336,2,2_1,0.2,0.0298,0.0984
10337,2,2_1,0.2,0.0209,0.1332
10338,2,2_1,0.2,0.0322,0.0755
10339,2,2_1,0.2,0.02248,0.08307
10340,2,2_1,0.2,0.02547,0.0761
10341,2,2_1,0.2,0.01993,0.0791
10342,2,2_1,0.2,0.0324,0.0843
10343,2,2_1,0.2,0.03275,0.0757
10344,2,2_1,0.2,0.02864,0.07043
10345,2,2_1,0.2,0.02296,0.07806
10346,2,2_1,0.2,0.02515,0.07684
10347,2,2_1,0.2,0.02702,0.0758
10348,2,2_1,0.2,0.03323,0.1031
10349,2,2_1,0.2,0.04556,0.0932
10350,2,2_1,0.2,0.02888,0.0973
10351,2,2_1,0.2,0.0329,0.0796
10352,2,2_1,0.2,0.02786,0.0925
10353,2,2_1,0.2,0.05453,0.1057
10354,2,2_1,0.2,0.02481,0.0963
10355,2,2_1,0.2,0.0298,0.08905
10356,2,2_1,0.2,0.02797,0.09503
10357,2,2_1,0.2,0.01744,0.1051
10358,2,2_1,0.2,0.028,0.07666
10359,2,2_1,0.2,0.01886,0.0714
10360,2,2_1,0.2,0.02042,0.0835
10361,2,2_1,0.2,0.02382,0.08325
10362,2,2_1,0.2,0.02074,0.1455
10363,2,2_1,0.2,0.02162,0.09705
10364,2,2_1,0.2,0.0194,0.10474
10365,2,2_1,0.2,0.02296,0.08295
10366,2,2_1,0.2,0.02606,0.09064
10367,2,2_1,0.2,0.0239,0.0825
10368,2,2_1,0.2,0.0202,0.0819
10369,2,2_1,0.2,0.02309,0.0838
10370,2,2_1,0.2,0.0248,0.091
10371,2,2_1,0.2,0.02303,0.09033
10372,2,2_1,0.2,0.0264,0.0874
10373,2,2_1,0.2,0.02097,0.09656
10374,2,2_1,0.2,0.03012,0.0749
10375,2,2_1,0.2,0.02937,0.08813
10376,2,2_1,0.2,0.03314,0.09076
10377,2,2_1,0.2,0.03757,0.0906
10378,2,2_1,0.2,0.02322,0.0969
10379,2,2_1,0.2,0.02737,0.0739
10380,2,2_1,0.2,0.02715,0.1368
10381,2,2_1,0.2,0.03638,0.09393
10382,2,2_1,0.2,0.03537,0.0886
10383,2,2_1,0.2,0.02753,0.08655
10384,2,2_1,0.2,0.02013,0.08325
10385,2,2_1,0.2,0.02905,0.10443
10386,2,2_1,0.2,0.02399,0.09546
10387,2,2_1,0.2,0.0507,0.08307
10388,2,2_1,0.2,0.04724,0.08154
10389,2,2_1,0.2,0.02011,0.0771
10390,2,2_1,0.2,0.02116,0.0785
10391,2,2_1,0.2,0.02278,0.07477
10392,2,2_1,0.2,0.02518,0.0844
10393,2,2_1,0.2,0.02397,0.084
10394,2,2_1,0.2,0.02534,0.07806
10395,2,2_1,0.2,0.02383,0.0848
10396,2,2_1,0.2,0.03253,0.1045
10397,2,2_1,0.2,0.02168,0.0975
10398,2,2_1,0.2,0.05075,0.10846
10399,2,2_1,0.2,0.02628,0.0756
10400,2,2_1,0.2,0.0314,0.08606
10401,2,2_1,0.2,0.03693,0.0817
10402,2,2_1,0.2,0.01654,0.0958
10403,2,2_1,0.2,0.03482,0.11926
10404,2,2_1,0.2,0.0254,0.0785
10405,2,2_1,0.2,0.03677,0.0825
10406,2,2_1,0.2,0.02924,0.10535
10407,2,2_1,0.2,0.02269,0.0787
10408,2,2_1,0.2,0.0219,0.0916
10409,2,2_1,0.2,0.04456,0.11743
10410,2,2_1,0.2,0.02393,0.0902
10411,2,2_1,0.2,0.03041,0.1027
10412,2,2_1,0.2,0.02388,0.09735
10413,2,2_1,0.2,0.03766,0.1024
10414,2,2_1,0.2,0.015305,0.0778
10415,2,2_1,0.2,0.02458,0.10657
10416,2,2_1,0.2,0.02037,0.0872
10417,2,2_1,0.2,0.02429,0.08307
10418,2,2_1,0.2,0.02966,0.08026
10419,2,2_1,0.2,0.02058,0.08795
10420,2,2_1,0.2,0.03253,0.10077
10421,2,2_1,0.2,0.03348,0.0854
10422,2,2_1,0.2,0.02222,0.1307
10423,2,2_1,0.2,0.02312,0.079
10424,2,2_1,0.2,0.02824,0.092
10425,2,2_1,0.2,0.01884,0.1076
10426,2,2_1,0.2,0.03394,0.0795
10427,2,2_1,0.2,0.01991,0.0774
10428,2,2_1,0.2,0.02066,0.08606
10429,2,2_1,0.2,0.02644,0.11566
10430,2,2_1,0.2,0.041,0.09656
10431,2,2_1,0.2,0.01904,0.0823
10432,2,2_1,0.2,0.0323,0.0802
10433,2,2_1,0.2,0.026,0.12256
10434,2,2_1,0.2,0.01895,0.08374
10435,2,2_1,0.2,0.02747,0.0798
10436,2,2_1,0.2,0.03314,0.0992
10437,2,2_1,0.2,0.03192,0.0878
10438,2,2_1,0.2,0.03427,0.0863
10439,2,2_1,0.2,0.02753,0.0882
10440,2,2_1,0.2,0.02458,0.09735
10441,2,2_1,0.2,0.02896,0.078
10442,2,2_1,0.2,0.02936,0.0866
10443,2,2_1,0.2,0.02562,0.07135
10444,2,2_1,0.2,0.03934,0.08356
10445,2,2_1,0.2,0.04797,0.0757
10446,2,2_1,0.2,0.0406,0.09607
10447,2,2_1,0.2,0.01733,0.09283
10448,2,2_1,0.2,0.03348,0.0745
10449,2,2_1,0.2,0.0279,0.0845
10450,2,2_1,0.2,0.0323,0.08154
10451,2,2_1,0.2,0.02707,0.0772
10452,2,2_1,0.2,0.02858,0.08276
10453,2,2_1,0.2,0.01993,0.0694
10454,2,2_1,0.2,0.03293,0.083
10455,2,2_1,0.2,0.02507,0.0729
10456,2,2_1,0.2,0.02818,0.0786
10457,2,2_1,0.2,0.02156,0.08185
10458,2,2_1,0.2,0.02351,0.08887
10459,2,2_1,0.2,0.01991,0.1004
10460,2,2_1,0.2,0.03114,0.1224
10461,2,2_1,0.2,0.02667,0.0822
10462,2,2_1,0.2,0.0299,0.08264
10463,2,2_1,0.2,0.02481,0.1293
10464,2,2_1,0.2,0.02373,0.0999
10465,2,2_1,0.2,0.0544,0.1039
10466,2,2_1,0.2,0.03436,0.08826
10467,2,2_1,0.2,0.02937,0.0833
10468,2,2_1,0.2,0.02821,0.0799
10469,2,2_1,0.2,0.01973,0.0774
10470,2,2_1,0.2,0.03528,0.07434
10471,2,2_1,0.2,0.02606,0.077
10472,2,2_1,0.2,0.02786,0.0753
10473,2,2_1,0.2,0.02419,0.08685
10474,2,2_1,0.2,0.0403,0.10876
10475,2,2_1,0.2,0.02342,0.0932
10476,2,2_1,0.2,0.04617,0.1016
10477,2,2_1,0.2,0.02414,0.0801
10478,2,2_1,0.2,0.0413,0.07825
10479,2,2_1,0.2,0.0356,0.08514
10480,2,2_1,0.2,0.02477,0.0908
10481,2,2_1,0.2,0.03262,0.09033
10482,2,2_1,0.2,0.034,0.098
10483,2,2_1,0.2,0.03412,0.0805
10484,2,2_1,0.2,0.03717,0.07666
10485,2,2_1,0.2,0.0214,0.0972
10486,2,2_1,0.2,0.0299,0.0918
10487,2,2_1,0.2,0.02208,0.0948
10488,2,2_1,0.2,0.03665,0.08746
10489,2,2_1,0.2,0.05096,0.08624
10490,2,2_1,0.2,0.02731,0.083
10491,2,2_1,0.2,0.02155,0.0866
10492,2,2_1,0.2,0.02638,0.0741
10493,2,2_1,0.2,0.02194,0.0699
10494,2,2_1,0.2,0.03366,0.07135
10495,2,2_1,0.2,0.02843,0.07904
10496,2,2_1,0.2,0.02943,0.0834
10497,2,2_1,0.2,0.02702,0.0831
10498,2,2_1,0.2,0.0245,0.07996
10499,2,2_1,0.2,0.01863,0.123
10500,2,2_1,0.2,0.01842,0.102
10501,2,2_1,0.2,0.02147,0.08826
10502,2,2_1,0.2,0.02072,0.0975
10503,2,2_1,0.2,0.03065,0.0842
10504,2,2_1,0.2,0.02158,0.10754
10505,2,2_1,0.2,0.02141,0.08856
10506,2,2_1,0.2,0.02641,0.08923
10507,2,2_1,0.2,0.0387,0.0882
10508,2,2_1,0.2,0.02527,0.08795
10509,2,2_1,0.2,0.0271,0.1048
10510,2,2_1,0.2,0.0373,0.0821
10511,2,2_1,0.2,0.0208,0.1339
10512,2,2_1,0.2,0.03119,0.0892
10513,2,2_1,0.2,0.03065,0.087
10514,2,2_1,0.2,0.03845,0.10474
10515,2,2_1,0.2,0.01843,0.0852
10516,2,2_1,0.2,0.032,0.07666
10517,2,2_1,0.2,0.01662,0.0979
10518,2,2_1,0.2,0.01712,0.08325
10519,2,2_1,0.2,0.02281,0.09467
10520,2,2_1,0.2,0.03217,0.0857
10521,2,2_1,0.2,0.0252,0.0878
10522,2,2_1,0.2,0.02724,0.10754
10523,2,2_1,0.2,0.03105,0.0709
10524,2,2_1,0.2,0.02962,0.07324
10525,2,2_1,0.2,0.04095,0.07733
10526,2,2_1,0.2,0.0342,0.07294
10527,2,2_1,0.2,0.03079,0.1158
10528,2,2_1,0.2,0.02342,0.0769
10529,2,2_1,0.2,0.02705,0.10016
10530,2,2_1,0.2,0.0314,0.07733
10531,2,2_1,0.2,0.03848,0.0882
10532,2,2_1,0.2,0.02817,0.07196
10533,2,2_1,0.2,0.0466,0.08264
10534,2,2_1,0.2,0.03668,0.0806
10535,2,2_1,0.2,0.02206,0.1055
10536,2,2_1,0.2,0.03333,0.103
10537,2,2_1,0.2,0.01874,0.0712
10538,2,2_1,0.2,0.02374,0.08386
10539,2,2_1,0.2,0.02803,0.09033
10540,2,2_1,0.2,0.02267,0.0863
10541,2,2_1,0.2,0.0339,0.08606
10542,2,2_1,0.2,0.0281,0.0894
10543,2,2_1,0.2,0.0314,0.07904
10544,2,2_1,0.2,0.0338,0.0953
10545,2,2_1,0.2,0.02458,0.0742
10546,2,2_1,0.2,0.02345,0.10803
10547,2,2_1,0.2,0.01912,0.07434
10548,2,2_1,0.2,0.0281,0.07263
10549,2,2_1,0.2,0.0435,0.08795
10550,2,2_1,0.2,0.02654,0.08356
10551,2,2_1,0.2,0.0259,0.0814
10552,2,2_1,0.2,0.02026,0.0846
10553,2,2_1,0.2,0.01991,0.0826
10554,2,2_1,0.2,0.04446,0.09796
10555,2,2_1,0.2,0.0243,0.0759
10556,2,2_1,0.2,0.0392,0.0797
10557,2,2_1,0.2,0.02872,0.0757
10558,2,2_1,0.2,0.0272,0.0872
10559,2,2_1,0.2,0.02493,0.0896
10560,2,2_1,0.2,0.02176,0.09595
10561,2,2_1,0.2,0.0293,0.0791
10562,2,2_1,0.2,0.04236,0.0857
10563,2,2_1,0.2,0.02327,0.0754
10564,2,2_1,0.2,0.02386,0.07336
10565,2,2_1,0.2,0.02475,0.09155
10566,2,2_1,0.2,0.03296,0.08295
10567,2,2_1,0.2,0.0257,0.105
10568,2,2_1,0.2,0.04526,0.1029
10569,2,2_1,0.2,0.02953,0.0932
10570,2,2_1,0.2,0.0304,0.08276
10571,2,2_1,0.2,0.02678,0.08795
10572,2,2_1,0.2,0.03244,0.0844
10573,2,2_1,0.2,0.02248,0.08936
10574,2,2_1,0.2,0.03027,0.0894
10575,2,2_1,0.2,0.0335,0.075
10576,2,2_1,0.2,0.0337,0.0758
10577,2,2_1,0.2,0.04108,0.0892
10578,2,2_1,0.2,0.03442,0.07404
10579,2,2_1,0.2,0.02415,0.0846
10580,2,2_1,0.2,0.02505,0.1065
10581,2,2_1,0.2,0.02892,0.0894
10582,2,2_1,0.2,0.02145,0.0768
10583,2,2_1,0.2,0.03452,0.11096
10584,2,2_1,0.2,0.02419,0.0786
10585,2,2_1,0.2,0.03117,0.0973
10586,2,2_1,0.2,0.03976,0.0915
10587,2,2_1,0.2,0.0321,0.08527
10588,2,2_1,0.2,0.02393,0.1113
10589,2,2_1,0.2,0.04602,0.09174
10590,2,2_1,0.2,0.03995,0.08203
10591,2,2_1,0.2,0.0332,0.083
10592,2,2_1,0.2,0.0247,0.0731
10593,2,2_1,0.2,0.04495,0.07935
10594,2,2_1,0.2,0.01862,0.08954
10595,2,2_1,0.2,0.02231,0.0737
10596,2,2_1,0.2,0.01865,0.07465
10597,2,2_1,0.2,0.03137,0.1005
10598,2,2_1,0.2,0.02124,0.10767
10599,2,2_1,0.2,0.05142,0.0924
10600,2,2_1,0.2,0.0188,0.07635
10601,2,2_1,0.2,0.01747,0.0808
10602,2,2_1,0.2,0.02629,0.0766
10603,2,2_1,0.2,0.02237,0.0922
10604,2,2_1,0.2,0.02649,0.08704
10605,2,2_1,0.2,0.02501,0.1247
10606,2,2_1,0.2,0.02165,0.0776
10607,2,2_1,0.2,0.02376,0.0948
10608,2,2_1,0.2,0.02824,0.08777
10609,2,2_1,0.2,0.03085,0.10205
10610,2,2_1,0.2,0.03186,0.0778
10611,2,2_1,0.2,0.04492,0.09076
10612,2,2_1,0.2,0.01791,0.0798
10613,2,2_1,0.2,0.03912,0.0764
10614,2,2_1,0.2,0.03122,0.1069
10615,2,2_1,0.2,0.01519,0.0937
10616,2,2_1,0.2,0.0234,0.0724
10617,2,2_1,0.2,0.03366,0.0761
10618,2,2_1,0.2,0.02837,0.0861
10619,2,2_1,0.2,0.02187,0.0701
10620,2,2_1,0.2,0.02435,0.08606
10621,2,2_1,0.2,0.03314,0.09174
10622,2,2_1,0.2,0.03308,0.0885
10623,2,2_1,0.2,0.03522,0.08044
10624,2,2_1,0.2,0.03415,0.10645
10625,2,2_1,0.2,0.02101,0.0971
10626,2,2_1,0.2,0.03069,0.0919
10627,2,2_1,0.2,0.0336,0.1105
10628,2,2_1,0.2,0.03284,0.0822
10629,2,2_1,0.2,0.0234,0.0747
10630,2,2_1,0.2,0.02089,0.0775
10631,2,2_1,0.2,0.02638,0.0795
10632,2,2_1,0.2,0.02766,0.07513
10633,2,2_1,0.2,0.0242,0.09753
10634,2,2_1,0.2,0.02039,0.0938
10635,2,2_1,0.2,0.02551,0.1063
10636,2,2_1,0.2,0.02515,0.08386
10637,2,2_1,0.2,0.03235,0.08075
10638,2,2_1,0.2,0.03412,0.07465
10639,2,2_1,0.2,0.0276,0.08856
10640,2,2_1,0.2,0.04324,0.0931
10641,2,2_1,0.2,0.01611,0.0736
10642,2,2_1,0.2,0.05026,0.0869
10643,2,2_1,0.2,0.04837,0.0818
10644,2,2_1,0.2,0.02373,0.1102
10645,2,2_1,0.2,0.02847,0.07916
10646,2,2_1,0.2,0.03064,0.12476
10647,2,2_1,0.2,0.02194,0.09674
10648,2,2_1,0.2,0.03345,0.1055
10649,2,2_1,0.2,0.03653,0.10376
10650,2,2_1,0.2,0.02734,0.1249
10651,2,2_1,0.2,0.01584,0.10645
10652,2,2_1,0.2,0.0354,0.07654
10653,2,2_1,0.2,0.02257,0.079
10654,2,2_1,0.2,0.02611,0.08295
10655,2,2_1,0.2,0.0332,0.0754
10656,2,2_1,0.2,0.02151,0.0745
10657,2,2_1,0.2,0.02756,0.08344
10658,2,2_1,0.2,0.04248,0.08716
10659,2,2_1,0.2,0.02425,0.0848
10660,2,2_1,0.2,0.02394,0.0781
10661,2,2_1,0.2,0.0223,0.0767
10662,2,2_1,0.2,0.02351,0.07806
10663,2,2_1,0.2,0.01958,0.082
10664,2,2_1,0.2,0.0249,0.0896
10665,2,2_1,0.2,0.0298,0.0946
10666,2,2_1,0.2,0.02217,0.0757
10667,2,2_1,0.2,0.0325,0.07947
10668,2,2_1,0.2,0.02019,0.0779
10669,2,2_1,0.2,0.03436,0.0839
10670,2,2_1,0.2,0.03323,0.0966
10671,2,2_1,0.2,0.03494,0.07794
10672,2,2_1,0.2,0.1295,0.0897
10673,2,2_1,0.2,0.02542,0.0953
10674,2,2_1,0.2,0.02309,0.08075
10675,2,2_1,0.2,0.03806,0.07935
10676,2,2_1,0.2,0.02965,0.097
10677,2,2_1,0.2,0.02931,0.1002
10678,2,2_1,0.2,0.02753,0.08984
10679,2,2_1,0.2,0.04688,0.0877
10680,2,2_1,0.2,0.0318,0.08966
10681,2,2_1,0.2,0.01994,0.09296
10682,2,2_1,0.2,0.0225,0.07245
10683,2,2_1,0.2,0.03314,0.0952
10684,2,2_1,0.2,0.05017,0.093
10685,2,2_1,0.2,0.02467,0.0774
10686,2,2_1,0.2,0.02367,0.07275
10687,2,2_1,0.2,0.03029,0.1053
10688,2,2_1,0.2,0.01949,0.0786
10689,2,2_1,0.2,0.03934,0.0878
10690,2,2_1,0.2,0.03336,0.08734
10691,2,2_1,0.2,0.02402,0.07623
10692,2,2_1,0.2,0.0268,0.07794
10693,2,2_1,0.2,0.02672,0.08563
10694,2,2_1,0.2,0.02458,0.07367
10695,2,2_1,0.2,0.0232,0.095
10696,2,2_1,0.2,0.02031,0.0914
10697,2,2_1,0.2,0.03488,0.1062
10698,2,2_1,0.2,0.0595,0.08746
10699,2,2_1,0.2,0.04288,0.0894
10700,2,2_1,0.2,0.01962,0.0756
10701,2,2_1,0.2,0.03287,0.08167
10702,2,2_1,0.2,0.03677,0.08636
10703,2,2_1,0.2,0.0329,0.0766
10704,2,2_1,0.2,0.02605,0.0912
10705,2,2_1,0.2,0.02983,0.08344
10706,2,2_1,0.2,0.044,0.0897
10707,2,2_1,0.2,0.04156,0.08936
10708,2,2_1,0.2,0.02472,0.0785
10709,2,2_1,0.2,0.03265,0.0821
10710,2,2_1,0.2,0.02803,0.0774
10711,2,2_1,0.2,0.02264,0.102
10712,2,2_1,0.2,0.02705,0.08563
10713,2,2_1,0.2,0.0389,0.0961
10714,2,2_1,0.2,0.03058,0.07715
10715,2,2_1,0.2,0.02806,0.08374
10716,2,2_1,0.2,0.02504,0.0911
10717,2,2_1,0.2,0.03123,0.10443
10718,2,2_1,0.2,0.02876,0.09875
10719,2,2_1,0.2,0.02725,0.07837
10720,2,2_1,0.2,0.02263,0.06964
10721,2,2_1,0.2,0.02571,0.07477
10722,2,2_1,0.2,0.02678,0.07684
10723,2,2_1,0.2,0.03525,0.0886
10724,2,2_1,0.2,0.02112,0.0809
10725,2,2_1,0.2,0.01932,0.0943
10726,2,2_1,0.2,0.03595,0.0849
10727,2,2_1,0.2,0.03156,0.0796
10728,2,2_1,0.2,0.02469,0.07697
10729,2,2_1,0.2,0.03091,0.08844
10730,2,2_1,0.2,0.02298,0.0926
10731,2,2_1,0.2,0.02199,0.10565
10732,2,2_1,0.2,0.02612,0.0793
10733,2,2_1,0.2,0.03946,0.09814
10734,2,2_1,0.2,0.03473,0.08813
10735,2,2_1,0.2,0.01695,0.09644
10736,2,2_1,0.2,0.01767,0.0866
10737,2,2_1,0.2,0.03635,0.08545
10738,2,2_1,0.2,0.02531,0.09344
10739,2,2_1,0.2,0.01831,0.09454
10740,2,2_1,0.2,0.04868,0.1078
10741,2,2_1,0.2,0.03238,0.12006
10742,2,2_1,0.2,0.03918,0.0796
10743,2,2_1,0.2,0.02235,0.11084
10744,2,2_1,0.2,0.02365,0.0822
10745,2,2_1,0.2,0.02989,0.0891
10746,2,2_1,0.2,0.02809,0.08466
10747,2,2_1,0.2,0.02608,0.0962
10748,2,2_1,0.2,0.02867,0.12244
10749,2,2_1,0.2,0.03014,0.0813
10750,2,2_1,0.2,0.04498,0.07947
10751,2,2_1,0.2,0.0399,0.0871
10752,2,2_1,0.2,0.0276,0.1052
10753,2,2_1,0.2,0.0409,0.0748
10754,2,2_1,0.2,0.0399,0.08923
10755,2,2_1,0.2,0.0151,0.08887
10756,2,2_1,0.2,0.03262,0.0746
10757,2,2_1,0.2,0.03247,0.0921
10758,2,2_1,0.2,0.03018,0.1017
10759,2,2_1,0.2,0.03305,0.1051
10760,2,2_1,0.2,0.02617,0.08093
10761,2,2_1,0.2,0.02168,0.08435
10762,2,2_1,0.2,0.02316,0.0834
10763,2,2_1,0.2,0.0404,0.08655
10764,2,2_1,0.2,0.01993,0.0851
10765,2,2_1,0.2,0.03152,0.08234
10766,2,2_1,0.2,0.0268,0.09265
10767,2,2_1,0.2,0.03726,0.0928
10768,2,2_1,0.2,0.02979,0.0821
10769,2,2_1,0.2,0.03354,0.09766
10770,2,2_1,0.2,0.03812,0.0906
10771,2,2_1,0.2,0.02623,0.0925
10772,2,2_1,0.2,0.02696,0.07605
10773,2,2_1,0.2,0.07196,0.08795
10774,2,2_1,0.2,0.0469,0.08813
10775,2,2_1,0.2,0.02414,0.07874
10776,2,2_1,0.2,0.02254,0.0913
10777,2,2_1,0.2,0.02486,0.08453
10778,2,2_1,0.2,0.0298,0.088
10779,2,2_1,0.2,0.0301,0.1254
10780,2,2_1,0.2,0.0284,0.07513
10781,2,2_1,0.2,0.03137,0.07306
10782,2,2_1,0.2,0.03503,0.09186
10783,2,2_1,0.2,0.02893,0.08124
10784,2,2_1,0.2,0.03044,0.0801
10785,2,2_1,0.2,0.03247,0.123
10786,2,2_1,0.2,0.02385,0.0792
10787,2,2_1,0.2,0.03052,0.07477
10788,2,2_1,0.2,0.0234,0.06976
10789,2,2_1,0.2,0.02188,0.08435
10790,2,2_1,0.2,0.02045,0.0901
10791,2,2_1,0.2,0.02283,0.10834
10792,2,2_1,0.2,0.03543,0.0798
10793,2,2_1,0.2,0.03662,0.09924
10794,2,2_1,0.2,0.02765,0.0844
10795,2,2_1,0.2,0.03009,0.0801
10796,2,2_1,0.2,0.0331,0.0889
10797,2,2_1,0.2,0.0285,0.0844
10798,2,2_1,0.2,0.02794,0.08325
10799,2,2_1,0.2,0.03363,0.084
10800,2,2_1,0.2,0.02228,0.0821
10801,2,2_1,0.2,0.02753,0.0955
10802,2,2_1,0.2,0.03668,0.09155
10803,2,2_1,0.2,0.0175,0.08374
10804,2,2_1,0.2,0.02248,0.0744
10805,2,2_1,0.2,0.02074,0.126
10806,2,2_1,0.2,0.0249,0.0816
10807,2,2_1,0.2,0.03696,0.09766
10808,2,2_1,0.2,0.03705,0.0965
10809,2,2_1,0.2,0.0214,0.1262
10810,2,2_1,0.2,0.02284,0.1064
10811,2,2_1,0.2,0.03204,0.0854
10812,2,2_1,0.2,0.03217,0.0804
10813,2,2_1,0.2,0.03021,0.088
10814,2,2_1,0.2,0.0279,0.0888
10815,2,2_1,0.2,0.03848,0.08356
10816,2,2_1,0.2,0.02036,0.1067
10817,2,2_1,0.2,0.01929,0.0799
10818,2,2_1,0.2,0.02141,0.07855
10819,2,2_1,0.2,0.0407,0.0793
10820,2,2_1,0.2,0.04727,0.0895
10821,2,2_1,0.2,0.02356,0.07227
10822,2,2_1,0.2,0.02611,0.0808
10823,2,2_1,0.2,0.02632,0.07733
10824,2,2_1,0.2,0.04138,0.1238
10825,2,2_1,0.2,0.01898,0.0843
10826,2,2_1,0.2,0.03015,0.08856
10827,2,2_1,0.2,0.02304,0.08563
10828,2,2_1,0.2,0.01529,0.1024
10829,2,2_1,0.2,0.0304,0.08936
10830,2,2_1,0.2,0.0338,0.0855
10831,2,2_1,0.2,0.10406,0.07965
10832,2,2_1,0.2,0.0281,0.0905
10833,2,2_1,0.2,0.02725,0.0773
10834,2,2_1,0.2,0.02539,0.0783
10835,2,2_1,0.2,0.0363,0.0918
10836,2,2_1,0.2,0.02802,0.08527
10837,2,2_1,0.2,0.01808,0.0846
10838,2,2_1,0.2,0.03506,0.08984
10839,2,2_1,0.2,0.05298,0.085
10840,2,2_1,0.2,0.02908,0.09717
10841,2,2_1,0.2,0.014885,0.07697
10842,2,2_1,0.2,0.01308,0.10376
10843,2,2_1,0.2,0.0228,0.08356
10844,2,2_1,0.2,0.02037,0.08417
10845,2,2_1,0.2,0.05118,0.07416
10846,2,2_1,0.2,0.02905,0.09503
10847,2,2_1,0.2,0.02234,0.0947
10848,2,2_1,0.2,0.0405,0.094
10849,2,2_1,0.2,0.02837,0.09235
10850,2,2_1,0.2,0.05594,0.1059
10851,2,2_1,0.2,0.0425,0.08606
10852,2,2_1,0.2,0.01924,0.09503
10853,2,2_1,0.2,0.03073,0.0826
10854,2,2_1,0.2,0.0311,0.0755
10855,2,2_1,0.2,0.02502,0.09155
10856,2,2_1,0.2,0.02861,0.08496
10857,2,2_1,0.2,0.04773,0.0885
10858,2,2_1,0.2,0.03085,0.0787
10859,2,2_1,0.2,0.01938,0.099
10860,2,2_1,0.2,0.04,0.0918
10861,2,2_1,0.2,0.03748,0.09735
10862,2,2_1,0.2,0.03406,0.07684
10863,2,2_1,0.2,0.0481,0.09216
10864,2,2_1,0.2,0.0441,0.091
10865,2,2_1,0.2,0.0421,0.08826
10866,2,2_1,0.2,0.0263,0.0774
10867,2,2_1,0.2,0.0345,0.0858
10868,2,2_1,0.2,0.0222,0.0949
10869,2,2_1,0.2,0.0188,0.078
10870,2,2_1,0.2,0.03302,0.09015
10871,2,2_1,0.2,0.02792,0.0903
10872,2,2_1,0.2,0.0267,0.0848
10873,2,2_1,0.2,0.03046,0.07996
10874,2,2_1,0.2,0.02687,0.08936
10875,2,2_1,0.2,0.02403,0.0884
10876,2,2_1,0.2,0.03894,0.0894
10877,2,2_1,0.2,0.01712,0.07385
10878,2,2_1,0.2,0.02765,0.09143
10879,2,2_1,0.2,0.0283,0.084
10880,2,2_1,0.2,0.01909,0.08936
10881,2,2_1,0.2,0.02168,0.07965
10882,2,2_1,0.2,0.02763,0.08795
10883,2,2_1,0.2,0.02438,0.08844
10884,2,2_1,0.2,0.0243,0.0912
10885,2,2_1,0.2,0.0197,0.0751
10886,2,2_1,0.2,0.02617,0.0836
10887,2,2_1,0.2,0.0249,0.0738
10888,2,2_1,0.2,0.01997,0.10046
10889,2,2_1,0.2,0.0196,0.0823
10890,2,2_1,0.2,0.08105,0.08575
10891,2,2_1,0.2,0.04373,0.1052
10892,2,2_1,0.2,0.0299,0.07794
10893,2,2_1,0.2,0.02353,0.09735
10894,2,2_1,0.2,0.02284,0.09467
10895,2,2_1,0.2,0.03793,0.0765
10896,2,2_1,0.2,0.01991,0.08405
10897,2,2_1,0.2,0.0431,0.08
10898,2,2_1,0.2,0.05637,0.07513
10899,2,2_1,0.2,0.02312,0.0882
10900,2,2_1,0.2,0.03119,0.0941
10901,2,2_1,0.2,0.01645,0.08185
10902,2,2_1,0.2,0.05185,0.08136
10903,2,2_1,0.2,0.02077,0.0785
10904,2,2_1,0.2,0.02945,0.0949
10905,2,2_1,0.2,0.0308,0.0869
10906,2,2_1,0.2,0.0198,0.0779
10907,2,2_1,0.2,0.02292,0.0971
10908,2,2_1,0.2,0.02846,0.08234
10909,2,2_1,0.2,0.04196,0.1029
10910,2,2_1,0.2,0.01269,0.08466
10911,2,2_1,0.2,0.02197,0.0891
10912,2,2_1,0.2,0.01547,0.0802
10913,2,2_1,0.2,0.02306,0.0979
10914,2,2_1,0.2,0.0335,0.0813
10915,2,2_1,0.2,0.03793,0.0779
10916,2,2_1,0.2,0.02133,0.0816
10917,2,2_1,0.2,0.02847,0.07697
10918,2,2_1,0.2,0.01988,0.09766
10919,2,2_1,0.2,0.0346,0.08234
10920,2,2_1,0.2,0.02731,0.07745
10921,2,2_1,0.2,0.0334,0.0781
10922,2,2_1,0.2,0.03275,0.08234
10923,2,2_1,0.2,0.01923,0.10645
10924,2,2_1,0.2,0.0352,0.10846
10925,2,2_1,0.2,0.03287,0.08984
10926,2,2_1,0.2,0.02695,0.0835
10927,2,2_1,0.2,0.02026,0.0862
10928,2,2_1,0.2,0.0374,0.10724
10929,2,2_1,0.2,0.03595,0.0863
10930,2,2_1,0.2,0.03195,0.0872
10931,2,2_1,0.2,0.0499,0.07745
10932,2,2_1,0.2,0.0302,0.0765
10933,2,2_1,0.2,0.02986,0.072
10934,2,2_1,0.2,0.03082,0.08264
10935,2,2_1,0.2,0.02368,0.0765
10936,2,2_1,0.2,0.02396,0.07886
10937,2,2_1,0.2,0.0373,0.073
10938,2,2_1,0.2,0.04086,0.0915
10939,2,2_1,0.2,0.02599,0.0852
10940,2,2_1,0.2,0.03363,0.0969
10941,2,2_1,0.2,0.02667,0.1007
10942,2,2_1,0.2,0.0169,0.0734
10943,2,2_1,0.2,0.02324,0.0887
10944,2,2_1,0.2,0.0278,0.0803
10945,2,2_1,0.2,0.033,0.09
10946,2,2_1,0.2,0.03836,0.0955
10947,2,2_1,0.2,0.03738,0.08575
10948,2,2_1,0.2,0.04633,0.0857
10949,2,2_1,0.2,0.0255,0.07904
10950,2,2_1,0.2,0.02701,0.0931
10951,2,2_1,0.2,0.039,0.07513
10952,2,2_1,0.2,0.0408,0.08
10953,2,2_1,0.2,0.02278,0.102
10954,2,2_1,0.2,0.01698,0.0791
10955,2,2_1,0.2,0.01974,0.0765
10956,2,2_1,0.2,0.01872,0.08234
10957,2,2_1,0.2,0.0215,0.08606
10958,2,2_1,0.2,0.02922,0.1106
10959,2,2_1,0.2,0.02716,0.0871
10960,2,2_1,0.2,0.0203,0.0802
10961,2,2_1,0.2,0.0315,0.08057
10962,2,2_1,0.2,0.0273,0.0921
10963,2,2_1,0.2,0.02124,0.09973
10964,2,2_1,0.2,0.03772,0.09607
10965,2,2_1,0.2,0.05383,0.0978
10966,2,2_1,0.2,0.03955,0.078
10967,2,2_1,0.2,0.02814,0.0755
10968,2,2_1,0.2,0.03995,0.079
10969,2,2_1,0.2,0.03775,0.08563
10970,2,2_1,0.2,0.04492,0.1012
10971,2,2_1,0.2,0.05237,0.09607
10972,2,2_1,0.2,0.03668,0.08167
10973,2,2_1,0.2,0.02237,0.0795
10974,2,2_1,0.2,0.04648,0.08673
10975,2,2_1,0.2,0.02072,0.0737
10976,2,2_1,0.2,0.02545,0.10754
10977,2,2_1,0.2,0.02377,0.08826
10978,2,2_1,0.2,0.02565,0.0896
10979,2,2_1,0.2,0.02345,0.0814
10980,2,2_1,0.2,0.06476,0.0827
10981,2,2_1,0.2,0.02324,0.1044
10982,2,2_1,0.2,0.03296,0.0927
10983,2,2_1,0.2,0.03046,0.0876
10984,2,2_1,0.2,0.02321,0.08295
10985,2,2_1,0.2,0.03625,0.08936
10986,2,2_1,0.2,0.03506,0.08405
10987,2,2_1,0.2,0.03134,0.0814
10988,2,2_1,0.2,0.02312,0.0838
10989,2,2_1,0.2,0.01787,0.1083
10990,2,2_1,0.2,0.04153,0.10657
10991,2,2_1,0.2,0.02187,0.0742
10992,2,2_1,0.2,0.01945,0.0835
10993,2,2_1,0.2,0.02533,0.08417
10994,2,2_1,0.2,0.02562,0.109
10995,2,2_1,0.2,0.03223,0.07324
10996,2,2_1,0.2,0.04163,0.08405
10997,2,2_1,0.2,0.02199,0.083
10998,2,2_1,0.2,0.04605,0.0878
10999,2,2_1,0.2,0.03323,0.0871
11000,2,2_1,0.3,0.0375,0.1156
11001,2,2_1,0.3,0.03534,0.1304
11002,2,2_1,0.3,0.04068,0.09753
11003,2,2_1,0.3,0.03412,0.0913
11004,2,2_1,0.3,0.03702,0.1437
11005,2,2_1,0.3,0.038,0.11444
11006,2,2_1,0.3,0.03577,0.10895
11007,2,2_1,0.3,0.035,0.1353
11008,2,2_1,0.3,0.0376,0.1068
11009,2,2_1,0.3,0.03123,0.1094
11010,2,2_1,0.3,0.03084,0.0948
11011,2,2_1,0.3,0.02386,0.14
11012,2,2_1,0.3,0.03102,0.0838
11013,2,2_1,0.3,0.02577,0.0785
11014,2,2_1,0.3,0.02892,0.0817
11015,2,2_1,0.3,0.0322,0.10974
11016,2,2_1,0.3,0.03665,0.10486
11017,2,2_1,0.3,0.0303,0.1056
11018,2,2_1,0.3,0.03912,0.12476
11019,2,2_1,0.3,0.03445,0.1295
11020,2,2_1,0.3,0.03067,0.0782
11021,2,2_1,0.3,0.0322,0.119
11022,2,2_1,0.3,0.0464,0.07556
11023,2,2_1,0.3,0.05472,0.11206
11024,2,2_1,0.3,0.04224,0.09985
11025,2,2_1,0.3,0.0218,0.07495
11026,2,2_1,0.3,0.05148,0.0875
11027,2,2_1,0.3,0.03638,0.1089
11028,2,2_1,0.3,0.03458,0.0962
11029,2,2_1,0.3,0.0496,0.0902
11030,2,2_1,0.3,0.04108,0.1018
11031,2,2_1,0.3,0.02432,0.09827
11032,2,2_1,0.3,0.0355,0.0858
11033,2,2_1,0.3,0.02692,0.1023
11034,2,2_1,0.3,0.03015,0.08655
11035,2,2_1,0.3,0.03546,0.1127
11036,2,2_1,0.3,0.03378,0.0877
11037,2,2_1,0.3,0.02669,0.09125
11038,2,2_1,0.3,0.0437,0.0914
11039,2,2_1,0.3,0.02707,0.10406
11040,2,2_1,0.3,0.02675,0.0954
11041,2,2_1,0.3,0.03125,0.1548
11042,2,2_1,0.3,0.0502,0.0986
11043,2,2_1,0.3,0.02863,0.1082
11044,2,2_1,0.3,0.04327,0.0925
11045,2,2_1,0.3,0.02637,0.1013
11046,2,2_1,0.3,0.05054,0.1421
11047,2,2_1,0.3,0.0357,0.08936
11048,2,2_1,0.3,0.04596,0.0866
11049,2,2_1,0.3,0.04257,0.0943
11050,2,2_1,0.3,0.0368,0.09607
11051,2,2_1,0.3,0.02432,0.10956
11052,2,2_1,0.3,0.03458,0.1674
11053,2,2_1,0.3,0.02814,0.0896
11054,2,2_1,0.3,0.02902,0.10754
11055,2,2_1,0.3,0.02263,0.09406
11056,2,2_1,0.3,0.02757,0.0783
11057,2,2_1,0.3,0.03906,0.08014
11058,2,2_1,0.3,0.03183,0.0968
11059,2,2_1,0.3,0.0485,0.1349
11060,2,2_1,0.3,0.0369,0.09
11061,2,2_1,0.3,0.03735,0.0938
11062,2,2_1,0.3,0.04266,0.10034
11063,2,2_1,0.3,0.03122,0.08417
11064,2,2_1,0.3,0.0414,0.0786
11065,2,2_1,0.3,0.05103,0.0896
11066,2,2_1,0.3,0.05014,0.09534
11067,2,2_1,0.3,0.0354,0.096
11068,2,2_1,0.3,0.0592,0.0942
11069,2,2_1,0.3,0.04187,0.1008
11070,2,2_1,0.3,0.0448,0.0953
11071,2,2_1,0.3,0.03069,0.1114
11072,2,2_1,0.3,0.02821,0.1558
11073,2,2_1,0.3,0.02841,0.1145
11074,2,2_1,0.3,0.03357,0.08636
11075,2,2_1,0.3,0.03003,0.1103
11076,2,2_1,0.3,0.04532,0.1137
11077,2,2_1,0.3,0.03165,0.09235
11078,2,2_1,0.3,0.02477,0.1333
11079,2,2_1,0.3,0.03867,0.0981
11080,2,2_1,0.3,0.03665,0.1023
11081,2,2_1,0.3,0.03183,0.1118
11082,2,2_1,0.3,0.025,0.0887
11083,2,2_1,0.3,0.03333,0.0909
11084,2,2_1,0.3,0.02498,0.1301
11085,2,2_1,0.3,0.03403,0.0974
11086,2,2_1,0.3,0.0416,0.0961
11087,2,2_1,0.3,0.04794,0.1373
11088,2,2_1,0.3,0.03912,0.10693
11089,2,2_1,0.3,0.05066,0.087
11090,2,2_1,0.3,0.09937,0.0775
11091,2,2_1,0.3,0.05258,0.0979
11092,2,2_1,0.3,0.04413,0.09546
11093,2,2_1,0.3,0.02516,0.08704
11094,2,2_1,0.3,0.03098,0.1116
11095,2,2_1,0.3,0.03757,0.1174
11096,2,2_1,0.3,0.04828,0.0847
11097,2,2_1,0.3,0.04,0.0836
11098,2,2_1,0.3,0.02419,0.0782
11099,2,2_1,0.3,0.02965,0.0848
11100,2,2_1,0.3,0.02354,0.1082
11101,2,2_1,0.3,0.02286,0.1202
11102,2,2_1,0.3,0.03918,0.10004
11103,2,2_1,0.3,0.02596,0.08624
11104,2,2_1,0.3,0.04486,0.09906
11105,2,2_1,0.3,0.04852,0.0834
11106,2,2_1,0.3,0.04037,0.09576
11107,2,2_1,0.3,0.03592,0.07874
11108,2,2_1,0.3,0.02202,0.0743
11109,2,2_1,0.3,0.02567,0.11005
11110,2,2_1,0.3,0.03268,0.08655
11111,2,2_1,0.3,0.03424,0.098
11112,2,2_1,0.3,0.0314,0.1315
11113,2,2_1,0.3,0.0308,0.118
11114,2,2_1,0.3,0.05453,0.10675
11115,2,2_1,0.3,0.06226,0.0955
11116,2,2_1,0.3,0.02951,0.0878
11117,2,2_1,0.3,0.0345,0.1102
11118,2,2_1,0.3,0.0429,0.0959
11119,2,2_1,0.3,0.03006,0.1144
11120,2,2_1,0.3,0.0439,0.0941
11121,2,2_1,0.3,0.02295,0.1135
11122,2,2_1,0.3,0.02774,0.0973
11123,2,2_1,0.3,0.02486,0.10425
11124,2,2_1,0.3,0.04492,0.1054
11125,2,2_1,0.3,0.0422,0.1353
11126,2,2_1,0.3,0.0225,0.092
11127,2,2_1,0.3,0.0469,0.119
11128,2,2_1,0.3,0.04135,0.08795
11129,2,2_1,0.3,0.03644,0.0879
11130,2,2_1,0.3,0.03473,0.0905
11131,2,2_1,0.3,0.069,0.0859
11132,2,2_1,0.3,0.03775,0.0949
11133,2,2_1,0.3,0.05048,0.0884
11134,2,2_1,0.3,0.04736,0.09717
11135,2,2_1,0.3,0.04562,0.11035
11136,2,2_1,0.3,0.04797,0.1495
11137,2,2_1,0.3,0.0366,0.07684
11138,2,2_1,0.3,0.03372,0.1353
11139,2,2_1,0.3,0.03403,0.1011
11140,2,2_1,0.3,0.03952,0.0791
11141,2,2_1,0.3,0.0462,0.1203
11142,2,2_1,0.3,0.04895,0.09265
11143,2,2_1,0.3,0.04608,0.10236
11144,2,2_1,0.3,0.02408,0.0942
11145,2,2_1,0.3,0.03012,0.09045
11146,2,2_1,0.3,0.03308,0.0879
11147,2,2_1,0.3,0.03577,0.0835
11148,2,2_1,0.3,0.04053,0.08185
11149,2,2_1,0.3,0.04428,0.0866
11150,2,2_1,0.3,0.04175,0.0988
11151,2,2_1,0.3,0.0318,0.10645
11152,2,2_1,0.3,0.04758,0.1098
11153,2,2_1,0.3,0.04623,0.085
11154,2,2_1,0.3,0.0255,0.0965
11155,2,2_1,0.3,0.03087,0.08417
11156,2,2_1,0.3,0.05142,0.10284
11157,2,2_1,0.3,0.04346,0.1182
11158,2,2_1,0.3,0.0324,0.1085
11159,2,2_1,0.3,0.02177,0.08795
11160,2,2_1,0.3,0.02333,0.10974
11161,2,2_1,0.3,0.02591,0.1117
11162,2,2_1,0.3,0.05066,0.10254
11163,2,2_1,0.3,0.01703,0.0724
11164,2,2_1,0.3,0.04788,0.1084
11165,2,2_1,0.3,0.04602,0.08765
11166,2,2_1,0.3,0.01985,0.0876
11167,2,2_1,0.3,0.02196,0.1093
11168,2,2_1,0.3,0.03818,0.09955
11169,2,2_1,0.3,0.0415,0.0798
11170,2,2_1,0.3,0.0395,0.0971
11171,2,2_1,0.3,0.02783,0.0995
11172,2,2_1,0.3,0.0419,0.1058
11173,2,2_1,0.3,0.0386,0.1081
11174,2,2_1,0.3,0.04785,0.0822
11175,2,2_1,0.3,0.03543,0.1016
11176,2,2_1,0.3,0.0294,0.098
11177,2,2_1,0.3,0.03442,0.1057
11178,2,2_1,0.3,0.02502,0.10535
11179,2,2_1,0.3,0.03436,0.126
11180,2,2_1,0.3,0.03009,0.0954
11181,2,2_1,0.3,0.04117,0.09357
11182,2,2_1,0.3,0.02518,0.10596
11183,2,2_1,0.3,0.05426,0.0908
11184,2,2_1,0.3,0.02716,0.10864
11185,2,2_1,0.3,0.02618,0.12085
11186,2,2_1,0.3,0.03534,0.0986
11187,2,2_1,0.3,0.02814,0.09564
11188,2,2_1,0.3,0.02864,0.0862
11189,2,2_1,0.3,0.03723,0.1187
11190,2,2_1,0.3,0.04977,0.11615
11191,2,2_1,0.3,0.02931,0.0994
11192,2,2_1,0.3,0.02362,0.11145
11193,2,2_1,0.3,0.02483,0.1005
11194,2,2_1,0.3,0.04688,0.1
11195,2,2_1,0.3,0.0237,0.08105
11196,2,2_1,0.3,0.0702,0.10944
11197,2,2_1,0.3,0.0358,0.1248
11198,2,2_1,0.3,0.03035,0.0838
11199,2,2_1,0.3,0.04214,0.08984
11200,2,2_1,0.3,0.04117,0.0837
11201,2,2_1,0.3,0.03802,0.1265
11202,2,2_1,0.3,0.04523,0.09485
11203,2,2_1,0.3,0.03415,0.09607
11204,2,2_1,0.3,0.0239,0.1616
11205,2,2_1,0.3,0.06793,0.10504
11206,2,2_1,0.3,0.03558,0.08997
11207,2,2_1,0.3,0.0439,0.0848
11208,2,2_1,0.3,0.05756,0.1072
11209,2,2_1,0.3,0.03452,0.125
11210,2,2_1,0.3,0.02678,0.09784
11211,2,2_1,0.3,0.04416,0.10364
11212,2,2_1,0.3,0.03613,0.09357
11213,2,2_1,0.3,0.03503,0.10004
11214,2,2_1,0.3,0.03032,0.0978
11215,2,2_1,0.3,0.02708,0.0766
11216,2,2_1,0.3,0.03717,0.09064
11217,2,2_1,0.3,0.03323,0.11255
11218,2,2_1,0.3,0.03644,0.1078
11219,2,2_1,0.3,0.05725,0.0981
11220,2,2_1,0.3,0.04153,0.1152
11221,2,2_1,0.3,0.02464,0.11536
11222,2,2_1,0.3,0.0333,0.10034
11223,2,2_1,0.3,0.0339,0.0828
11224,2,2_1,0.3,0.0431,0.11383
11225,2,2_1,0.3,0.04474,0.12177
11226,2,2_1,0.3,0.02168,0.08594
11227,2,2_1,0.3,0.05652,0.11224
11228,2,2_1,0.3,0.04785,0.0986
11229,2,2_1,0.3,0.02635,0.11206
11230,2,2_1,0.3,0.04364,0.0853
11231,2,2_1,0.3,0.0498,0.09644
11232,2,2_1,0.3,0.02997,0.0866
11233,2,2_1,0.3,0.03757,0.106
11234,2,2_1,0.3,0.03123,0.0821
11235,2,2_1,0.3,0.05664,0.12445
11236,2,2_1,0.3,0.03796,0.08435
11237,2,2_1,0.3,0.03403,0.1024
11238,2,2_1,0.3,0.0208,0.0946
11239,2,2_1,0.3,0.0403,0.1131
11240,2,2_1,0.3,0.04013,0.1105
11241,2,2_1,0.3,0.075,0.1037
11242,2,2_1,0.3,0.02888,0.096
11243,2,2_1,0.3,0.05997,0.0805
11244,2,2_1,0.3,0.03848,0.077
11245,2,2_1,0.3,0.0631,0.09143
11246,2,2_1,0.3,0.02112,0.1022
11247,2,2_1,0.3,0.03156,0.08276
11248,2,2_1,0.3,0.0486,0.0936
11249,2,2_1,0.3,0.03543,0.1448
11250,2,2_1,0.3,0.0499,0.1045
11251,2,2_1,0.3,0.05167,0.0953
11252,2,2_1,0.3,0.01784,0.08246
11253,2,2_1,0.3,0.0392,0.1342
11254,2,2_1,0.3,0.03717,0.0842
11255,2,2_1,0.3,0.06082,0.1002
11256,2,2_1,0.3,0.0278,0.07886
11257,2,2_1,0.3,0.03812,0.07837
11258,2,2_1,0.3,0.02805,0.10596
11259,2,2_1,0.3,0.03577,0.1056
11260,2,2_1,0.3,0.02556,0.1309
11261,2,2_1,0.3,0.06104,0.1219
11262,2,2_1,0.3,0.03696,0.08405
11263,2,2_1,0.3,0.02893,0.08734
11264,2,2_1,0.3,0.03833,0.08374
11265,2,2_1,0.3,0.02013,0.08673
11266,2,2_1,0.3,0.02443,0.1294
11267,2,2_1,0.3,0.03424,0.10785
11268,2,2_1,0.3,0.02995,0.11035
11269,2,2_1,0.3,0.02774,0.105
11270,2,2_1,0.3,0.03226,0.1228
11271,2,2_1,0.3,0.04214,0.1084
11272,2,2_1,0.3,0.03912,0.12006
11273,2,2_1,0.3,0.04092,0.0996
11274,2,2_1,0.3,0.0293,0.0993
11275,2,2_1,0.3,0.04434,0.1062
11276,2,2_1,0.3,0.03873,0.1044
11277,2,2_1,0.3,0.02765,0.0953
11278,2,2_1,0.3,0.02966,0.10297
11279,2,2_1,0.3,0.0266,0.08276
11280,2,2_1,0.3,0.04498,0.1098
11281,2,2_1,0.3,0.02974,0.1083
11282,2,2_1,0.3,0.028,0.1013
11283,2,2_1,0.3,0.05997,0.08954
11284,2,2_1,0.3,0.02693,0.1049
11285,2,2_1,0.3,0.03111,0.0873
11286,2,2_1,0.3,0.0521,0.10565
11287,2,2_1,0.3,0.0413,0.1196
11288,2,2_1,0.3,0.03035,0.095
11289,2,2_1,0.3,0.03096,0.0913
11290,2,2_1,0.3,0.04004,0.09735
11291,2,2_1,0.3,0.03546,0.1102
11292,2,2_1,0.3,0.02388,0.0858
11293,2,2_1,0.3,0.0441,0.0889
11294,2,2_1,0.3,0.02243,0.0779
11295,2,2_1,0.3,0.0303,0.08124
11296,2,2_1,0.3,0.01897,0.11005
11297,2,2_1,0.3,0.03207,0.1241
11298,2,2_1,0.3,0.03073,0.0899
11299,2,2_1,0.3,0.03558,0.08795
11300,2,2_1,0.3,0.04086,0.1229
11301,2,2_1,0.3,0.0317,0.0879
11302,2,2_1,0.3,0.03198,0.08777
11303,2,2_1,0.3,0.03403,0.1127
11304,2,2_1,0.3,0.0357,0.08624
11305,2,2_1,0.3,0.03894,0.097
11306,2,2_1,0.3,0.0383,0.1617
11307,2,2_1,0.3,0.03964,0.0797
11308,2,2_1,0.3,0.0325,0.11115
11309,2,2_1,0.3,0.03096,0.12036
11310,2,2_1,0.3,0.0304,0.0818
11311,2,2_1,0.3,0.0698,0.08875
11312,2,2_1,0.3,0.02786,0.079
11313,2,2_1,0.3,0.0721,0.0841
11314,2,2_1,0.3,0.06082,0.1321
11315,2,2_1,0.3,0.03476,0.104
11316,2,2_1,0.3,0.033,0.1117
11317,2,2_1,0.3,0.03134,0.0866
11318,2,2_1,0.3,0.03326,0.11
11319,2,2_1,0.3,0.04724,0.0878
11320,2,2_1,0.3,0.03156,0.1027
11321,2,2_1,0.3,0.04156,0.08325
11322,2,2_1,0.3,0.02487,0.0728
11323,2,2_1,0.3,0.02205,0.08154
11324,2,2_1,0.3,0.0341,0.08966
11325,2,2_1,0.3,0.02771,0.1116
11326,2,2_1,0.3,0.02823,0.0946
11327,2,2_1,0.3,0.02875,0.1267
11328,2,2_1,0.3,0.04324,0.1051
11329,2,2_1,0.3,0.0493,0.08154
11330,2,2_1,0.3,0.03384,0.0811
11331,2,2_1,0.3,0.02992,0.1054
11332,2,2_1,0.3,0.02438,0.08405
11333,2,2_1,0.3,0.02695,0.1246
11334,2,2_1,0.3,0.02412,0.1055
11335,2,2_1,0.3,0.0304,0.0965
11336,2,2_1,0.3,0.0402,0.1046
11337,2,2_1,0.3,0.0246,0.0939
11338,2,2_1,0.3,0.05496,0.0902
11339,2,2_1,0.3,0.03052,0.1055
11340,2,2_1,0.3,0.04608,0.0982
11341,2,2_1,0.3,0.02638,0.1216
11342,2,2_1,0.3,0.0339,0.1512
11343,2,2_1,0.3,0.03513,0.0978
11344,2,2_1,0.3,0.0393,0.11005
11345,2,2_1,0.3,0.0245,0.0922
11346,2,2_1,0.3,0.02435,0.1036
11347,2,2_1,0.3,0.02898,0.08325
11348,2,2_1,0.3,0.04422,0.1123
11349,2,2_1,0.3,0.05826,0.1108
11350,2,2_1,0.3,0.0318,0.0864
11351,2,2_1,0.3,0.03992,0.1205
11352,2,2_1,0.3,0.05243,0.09393
11353,2,2_1,0.3,0.07104,0.10034
11354,2,2_1,0.3,0.02885,0.08716
11355,2,2_1,0.3,0.04605,0.1218
11356,2,2_1,0.3,0.0625,0.1127
11357,2,2_1,0.3,0.02513,0.08545
11358,2,2_1,0.3,0.029,0.092
11359,2,2_1,0.3,0.02525,0.0832
11360,2,2_1,0.3,0.03378,0.1078
11361,2,2_1,0.3,0.0438,0.09973
11362,2,2_1,0.3,0.04663,0.11664
11363,2,2_1,0.3,0.03165,0.1066
11364,2,2_1,0.3,0.02551,0.12067
11365,2,2_1,0.3,0.03104,0.0872
11366,2,2_1,0.3,0.0466,0.0936
11367,2,2_1,0.3,0.03503,0.083
11368,2,2_1,0.3,0.02551,0.0884
11369,2,2_1,0.3,0.0638,0.1081
11370,2,2_1,0.3,0.03983,0.10175
11371,2,2_1,0.3,0.0254,0.0952
11372,2,2_1,0.3,0.0545,0.1301
11373,2,2_1,0.3,0.02664,0.09863
11374,2,2_1,0.3,0.0295,0.1092
11375,2,2_1,0.3,0.0359,0.1294
11376,2,2_1,0.3,0.04907,0.08905
11377,2,2_1,0.3,0.0701,0.0924
11378,2,2_1,0.3,0.04214,0.08795
11379,2,2_1,0.3,0.03482,0.1016
11380,2,2_1,0.3,0.04138,0.0854
11381,2,2_1,0.3,0.04074,0.11334
11382,2,2_1,0.3,0.0384,0.07733
11383,2,2_1,0.3,0.02684,0.094
11384,2,2_1,0.3,0.03647,0.10706
11385,2,2_1,0.3,0.0228,0.1217
11386,2,2_1,0.3,0.03668,0.09717
11387,2,2_1,0.3,0.0701,0.10516
11388,2,2_1,0.3,0.03876,0.0979
11389,2,2_1,0.3,0.01555,0.0928
11390,2,2_1,0.3,0.02383,0.103
11391,2,2_1,0.3,0.02403,0.09827
11392,2,2_1,0.3,0.03516,0.1119
11393,2,2_1,0.3,0.04132,0.104
11394,2,2_1,0.3,0.0417,0.11456
11395,2,2_1,0.3,0.02185,0.1381
11396,2,2_1,0.3,0.02577,0.0906
11397,2,2_1,0.3,0.0287,0.1349
11398,2,2_1,0.3,0.0432,0.09375
11399,2,2_1,0.3,0.03064,0.1014
11400,2,2_1,0.3,0.03384,0.1102
11401,2,2_1,0.3,0.03476,0.1097
11402,2,2_1,0.3,0.02788,0.08405
11403,2,2_1,0.3,0.02936,0.11664
11404,2,2_1,0.3,0.04373,0.0985
11405,2,2_1,0.3,0.04382,0.09076
11406,2,2_1,0.3,0.03946,0.1076
11407,2,2_1,0.3,0.0441,0.10425
11408,2,2_1,0.3,0.02733,0.0845
11409,2,2_1,0.3,0.05963,0.0911
11410,2,2_1,0.3,0.0315,0.1472
11411,2,2_1,0.3,0.02518,0.0998
11412,2,2_1,0.3,0.02806,0.0911
11413,2,2_1,0.3,0.04337,0.1192
11414,2,2_1,0.3,0.02058,0.0877
11415,2,2_1,0.3,0.03857,0.11456
11416,2,2_1,0.3,0.02686,0.103
11417,2,2_1,0.3,0.0664,0.1035
11418,2,2_1,0.3,0.05695,0.1218
11419,2,2_1,0.3,0.02458,0.09924
11420,2,2_1,0.3,0.03217,0.1431
11421,2,2_1,0.3,0.05518,0.1399
11422,2,2_1,0.3,0.01564,0.127
11423,2,2_1,0.3,0.02312,0.0961
11424,2,2_1,0.3,0.0395,0.1063
11425,2,2_1,0.3,0.03482,0.08563
11426,2,2_1,0.3,0.053,0.1271
11427,2,2_1,0.3,0.02728,0.1318
11428,2,2_1,0.3,0.02655,0.0858
11429,2,2_1,0.3,0.0336,0.102
11430,2,2_1,0.3,0.04236,0.0882
11431,2,2_1,0.3,0.03001,0.1073
11432,2,2_1,0.3,0.0648,0.1098
11433,2,2_1,0.3,0.03766,0.08966
11434,2,2_1,0.3,0.0327,0.0899
11435,2,2_1,0.3,0.0324,0.1135
11436,2,2_1,0.3,0.04636,0.09937
11437,2,2_1,0.3,0.04196,0.1262
11438,2,2_1,0.3,0.0249,0.10486
11439,2,2_1,0.3,0.04153,0.1043
11440,2,2_1,0.3,0.0343,0.11554
11441,2,2_1,0.3,0.05133,0.08594
11442,2,2_1,0.3,0.03284,0.099
11443,2,2_1,0.3,0.03226,0.0989
11444,2,2_1,0.3,0.04996,0.10364
11445,2,2_1,0.3,0.05035,0.10724
11446,2,2_1,0.3,0.0509,0.0921
11447,2,2_1,0.3,0.02753,0.11346
11448,2,2_1,0.3,0.03226,0.11835
11449,2,2_1,0.3,0.03537,0.0773
11450,2,2_1,0.3,0.04324,0.09534
11451,2,2_1,0.3,0.03363,0.092
11452,2,2_1,0.3,0.0743,0.09674
11453,2,2_1,0.3,0.04044,0.14
11454,2,2_1,0.3,0.076,0.098
11455,2,2_1,0.3,0.0445,0.12
11456,2,2_1,0.3,0.0466,0.1229
11457,2,2_1,0.3,0.0343,0.1223
11458,2,2_1,0.3,0.02618,0.10297
11459,2,2_1,0.3,0.02037,0.0848
11460,2,2_1,0.3,0.0388,0.12335
11461,2,2_1,0.3,0.03262,0.0925
11462,2,2_1,0.3,0.0258,0.1013
11463,2,2_1,0.3,0.0247,0.1254
11464,2,2_1,0.3,0.03525,0.1021
11465,2,2_1,0.3,0.0579,0.0917
11466,2,2_1,0.3,0.02835,0.1361
11467,2,2_1,0.3,0.02544,0.0854
11468,2,2_1,0.3,0.03096,0.0997
11469,2,2_1,0.3,0.0425,0.08984
11470,2,2_1,0.3,0.04938,0.1178
11471,2,2_1,0.3,0.03864,0.1675
11472,2,2_1,0.3,0.04535,0.0963
11473,2,2_1,0.3,0.0534,0.1094
11474,2,2_1,0.3,0.04504,0.1105
11475,2,2_1,0.3,0.03766,0.09467
11476,2,2_1,0.3,0.02951,0.10364
11477,2,2_1,0.3,0.02919,0.1023
11478,2,2_1,0.3,0.04666,0.10596
11479,2,2_1,0.3,0.0402,0.1145
11480,2,2_1,0.3,0.0392,0.0973
11481,2,2_1,0.3,0.03583,0.0981
11482,2,2_1,0.3,0.05737,0.1842
11483,2,2_1,0.3,0.03102,0.0871
11484,2,2_1,0.3,0.03745,0.11365
11485,2,2_1,0.3,0.02765,0.09247
11486,2,2_1,0.3,0.06866,0.0919
11487,2,2_1,0.3,0.0283,0.102
11488,2,2_1,0.3,0.05692,0.1226
11489,2,2_1,0.3,0.03848,0.1272
11490,2,2_1,0.3,0.0276,0.0935
11491,2,2_1,0.3,0.0337,0.0972
11492,2,2_1,0.3,0.02298,0.09924
11493,2,2_1,0.3,0.02657,0.0793
11494,2,2_1,0.3,0.04495,0.1371
11495,2,2_1,0.3,0.02963,0.0964
11496,2,2_1,0.3,0.03632,0.08685
11497,2,2_1,0.3,0.03857,0.1173
11498,2,2_1,0.3,0.04462,0.09344
11499,2,2_1,0.3,0.02583,0.1107
11500,2,2_1,0.3,0.0391,0.1004
11501,2,2_1,0.3,0.03625,0.0963
11502,2,2_1,0.3,0.02742,0.0814
11503,2,2_1,0.3,0.0352,0.12445
11504,2,2_1,0.3,0.03824,0.096
11505,2,2_1,0.3,0.022,0.1099
11506,2,2_1,0.3,0.05292,0.1271
11507,2,2_1,0.3,0.03754,0.076
11508,2,2_1,0.3,0.02536,0.09546
11509,2,2_1,0.3,0.0275,0.0955
11510,2,2_1,0.3,0.05615,0.1015
11511,2,2_1,0.3,0.02203,0.1044
11512,2,2_1,0.3,0.04492,0.09076
11513,2,2_1,0.3,0.0355,0.1127
11514,2,2_1,0.3,0.03983,0.11646
11515,2,2_1,0.3,0.02289,0.1037
11516,2,2_1,0.3,0.03102,0.1022
11517,2,2_1,0.3,0.01686,0.10065
11518,2,2_1,0.3,0.02583,0.07776
11519,2,2_1,0.3,0.02661,0.1023
11520,2,2_1,0.3,0.0323,0.0924
11521,2,2_1,0.3,0.0379,0.10535
11522,2,2_1,0.3,0.03647,0.094
11523,2,2_1,0.3,0.05887,0.1102
11524,2,2_1,0.3,0.05353,0.10645
11525,2,2_1,0.3,0.0659,0.0913
11526,2,2_1,0.3,0.034,0.1227
11527,2,2_1,0.3,0.03696,0.1111
11528,2,2_1,0.3,0.04312,0.1042
11529,2,2_1,0.3,0.0383,0.0935
11530,2,2_1,0.3,0.0515,0.1254
11531,2,2_1,0.3,0.03412,0.1016
11532,2,2_1,0.3,0.03032,0.09204
11533,2,2_1,0.3,0.05383,0.0935
11534,2,2_1,0.3,0.0725,0.0923
11535,2,2_1,0.3,0.0275,0.08746
11536,2,2_1,0.3,0.03656,0.0949
11537,2,2_1,0.3,0.04004,0.1047
11538,2,2_1,0.3,0.02454,0.099
11539,2,2_1,0.3,0.03065,0.0897
11540,2,2_1,0.3,0.02435,0.08984
11541,2,2_1,0.3,0.02725,0.0944
11542,2,2_1,0.3,0.0403,0.085
11543,2,2_1,0.3,0.03326,0.10486
11544,2,2_1,0.3,0.03787,0.10547
11545,2,2_1,0.3,0.02328,0.10126
11546,2,2_1,0.3,0.0374,0.0966
11547,2,2_1,0.3,0.0477,0.1298
11548,2,2_1,0.3,0.04523,0.0871
11549,2,2_1,0.3,0.07587,0.0826
11550,2,2_1,0.3,0.05676,0.09454
11551,2,2_1,0.3,0.02763,0.1124
11552,2,2_1,0.3,0.0256,0.10846
11553,2,2_1,0.3,0.02727,0.096
11554,2,2_1,0.3,0.0334,0.0885
11555,2,2_1,0.3,0.03192,0.10065
11556,2,2_1,0.3,0.02943,0.11487
11557,2,2_1,0.3,0.02945,0.0995
11558,2,2_1,0.3,0.02255,0.0919
11559,2,2_1,0.3,0.0335,0.10834
11560,2,2_1,0.3,0.03555,0.14
11561,2,2_1,0.3,0.0712,0.08386
11562,2,2_1,0.3,0.074,0.08594
11563,2,2_1,0.3,0.04294,0.09235
11564,2,2_1,0.3,0.0336,0.1201
11565,2,2_1,0.3,0.02588,0.1077
11566,2,2_1,0.3,0.05414,0.132
11567,2,2_1,0.3,0.0439,0.09796
11568,2,2_1,0.3,0.0482,0.0878
11569,2,2_1,0.3,0.0315,0.12024
11570,2,2_1,0.3,0.02544,0.1405
11571,2,2_1,0.3,0.04428,0.0967
11572,2,2_1,0.3,0.05197,0.0894
11573,2,2_1,0.3,0.02693,0.10156
11574,2,2_1,0.3,0.0315,0.1038
11575,2,2_1,0.3,0.05392,0.10913
11576,2,2_1,0.3,0.0927,0.1061
11577,2,2_1,0.3,0.0394,0.10333
11578,2,2_1,0.3,0.04214,0.1122
11579,2,2_1,0.3,0.0308,0.1105
11580,2,2_1,0.3,0.0315,0.10675
11581,2,2_1,0.3,0.02718,0.133
11582,2,2_1,0.3,0.02634,0.09216
11583,2,2_1,0.3,0.03616,0.1334
11584,2,2_1,0.3,0.0396,0.11835
11585,2,2_1,0.3,0.03998,0.1218
11586,2,2_1,0.3,0.04477,0.1161
11587,2,2_1,0.3,0.027,0.09863
11588,2,2_1,0.3,0.03818,0.0946
11589,2,2_1,0.3,0.04028,0.08954
11590,2,2_1,0.3,0.0313,0.0853
11591,2,2_1,0.3,0.04404,0.09106
11592,2,2_1,0.3,0.03485,0.09644
11593,2,2_1,0.3,0.03766,0.08044
11594,2,2_1,0.3,0.03052,0.1065
11595,2,2_1,0.3,0.03696,0.0953
11596,2,2_1,0.3,0.03668,0.08466
11597,2,2_1,0.3,0.02887,0.1102
11598,2,2_1,0.3,0.0281,0.09094
11599,2,2_1,0.3,0.04337,0.1015
11600,2,2_1,0.3,0.02843,0.093
11601,2,2_1,0.3,0.02284,0.09595
11602,2,2_1,0.3,0.02826,0.1115
11603,2,2_1,0.3,0.0237,0.105
11604,2,2_1,0.3,0.07513,0.1154
11605,2,2_1,0.3,0.04727,0.10535
11606,2,2_1,0.3,0.0364,0.0823
11607,2,2_1,0.3,0.02962,0.0893
11608,2,2_1,0.3,0.03488,0.1074
11609,2,2_1,0.3,0.04303,0.07806
11610,2,2_1,0.3,0.0287,0.08777
11611,2,2_1,0.3,0.06714,0.1015
11612,2,2_1,0.3,0.02214,0.09406
11613,2,2_1,0.3,0.03735,0.101
11614,2,2_1,0.3,0.05255,0.10455
11615,2,2_1,0.3,0.02348,0.1153
11616,2,2_1,0.3,0.0358,0.08264
11617,2,2_1,0.3,0.04437,0.1316
11618,2,2_1,0.3,0.04935,0.11566
11619,2,2_1,0.3,0.02252,0.09485
11620,2,2_1,0.3,0.02516,0.1205
11621,2,2_1,0.3,0.0301,0.14
11622,2,2_1,0.3,0.04224,0.0963
11623,2,2_1,0.3,0.0239,0.10065
11624,2,2_1,0.3,0.0434,0.09265
11625,2,2_1,0.3,0.03348,0.09973
11626,2,2_1,0.3,0.078,0.089
11627,2,2_1,0.3,0.0411,0.08966
11628,2,2_1,0.3,0.04767,0.08514
11629,2,2_1,0.3,0.024,0.12256
11630,2,2_1,0.3,0.02432,0.0813
11631,2,2_1,0.3,0.02055,0.105
11632,2,2_1,0.3,0.02962,0.0863
11633,2,2_1,0.3,0.03293,0.1107
11634,2,2_1,0.3,0.02275,0.1155
11635,2,2_1,0.3,0.02536,0.0744
11636,2,2_1,0.3,0.0492,0.0978
11637,2,2_1,0.3,0.03964,0.08386
11638,2,2_1,0.3,0.0488,0.0965
11639,2,2_1,0.3,0.0269,0.09344
11640,2,2_1,0.3,0.03415,0.0983
11641,2,2_1,0.3,0.02289,0.135
11642,2,2_1,0.3,0.05804,0.1224
11643,2,2_1,0.3,0.0501,0.10425
11644,2,2_1,0.3,0.02716,0.0805
11645,2,2_1,0.3,0.03537,0.0968
11646,2,2_1,0.3,0.03732,0.0904
11647,2,2_1,0.3,0.02777,0.1048
11648,2,2_1,0.3,0.0315,0.108
11649,2,2_1,0.3,0.02995,0.08276
11650,2,2_1,0.3,0.02565,0.1061
11651,2,2_1,0.3,0.02223,0.0927
11652,2,2_1,0.3,0.0457,0.12427
11653,2,2_1,0.3,0.02722,0.09125
11654,2,2_1,0.3,0.0508,0.0961
11655,2,2_1,0.3,0.0338,0.1086
11656,2,2_1,0.3,0.03534,0.09076
11657,2,2_1,0.3,0.0416,0.0921
11658,2,2_1,0.3,0.05157,0.08624
11659,2,2_1,0.3,0.0249,0.12
11660,2,2_1,0.3,0.02893,0.1105
11661,2,2_1,0.3,0.02356,0.0812
11662,2,2_1,0.3,0.03525,0.09033
11663,2,2_1,0.3,0.02686,0.0892
11664,2,2_1,0.3,0.02979,0.10284
11665,2,2_1,0.3,0.04062,0.108
11666,2,2_1,0.3,0.0373,0.0856
11667,2,2_1,0.3,0.0588,0.1066
11668,2,2_1,0.3,0.04126,0.09906
11669,2,2_1,0.3,0.04367,0.10095
11670,2,2_1,0.3,0.02568,0.0845
11671,2,2_1,0.3,0.04074,0.10065
11672,2,2_1,0.3,0.1254,0.07654
11673,2,2_1,0.3,0.03876,0.10876
11674,2,2_1,0.3,0.0379,0.07916
11675,2,2_1,0.3,0.0504,0.08356
11676,2,2_1,0.3,0.03134,0.09973
11677,2,2_1,0.3,0.03888,0.10034
11678,2,2_1,0.3,0.06354,0.0953
11679,2,2_1,0.3,0.0351,0.1442
11680,2,2_1,0.3,0.03415,0.11346
11681,2,2_1,0.3,0.02937,0.1362
11682,2,2_1,0.3,0.03113,0.09045
11683,2,2_1,0.3,0.04303,0.11456
11684,2,2_1,0.3,0.0943,0.08716
11685,2,2_1,0.3,0.05618,0.1005
11686,2,2_1,0.3,0.02739,0.08795
11687,2,2_1,0.3,0.05072,0.09283
11688,2,2_1,0.3,0.04193,0.1339
11689,2,2_1,0.3,0.04083,0.12213
11690,2,2_1,0.3,0.03537,0.09607
11691,2,2_1,0.3,0.03802,0.09955
11692,2,2_1,0.3,0.05063,0.09216
11693,2,2_1,0.3,0.02231,0.1102
11694,2,2_1,0.3,0.02486,0.1323
11695,2,2_1,0.3,0.01892,0.10474
11696,2,2_1,0.3,0.02412,0.09674
11697,2,2_1,0.3,0.03247,0.10535
11698,2,2_1,0.3,0.0659,0.10126
11699,2,2_1,0.3,0.05222,0.09515
11700,2,2_1,0.3,0.03882,0.10394
11701,2,2_1,0.3,0.05704,0.0905
11702,2,2_1,0.3,0.0714,0.10175
11703,2,2_1,0.3,0.05972,0.1236
11704,2,2_1,0.3,0.0305,0.1102
11705,2,2_1,0.3,0.0517,0.0997
11706,2,2_1,0.3,0.04544,0.094
11707,2,2_1,0.3,0.0456,0.1026
11708,2,2_1,0.3,0.03992,0.09045
11709,2,2_1,0.3,0.0431,0.1069
11710,2,2_1,0.3,0.0325,0.1289
11711,2,2_1,0.3,0.02493,0.0859
11712,2,2_1,0.3,0.0304,0.0961
11713,2,2_1,0.3,0.03735,0.1036
11714,2,2_1,0.3,0.03296,0.0934
11715,2,2_1,0.3,0.03372,0.08856
11716,2,2_1,0.3,0.03265,0.0804
11717,2,2_1,0.3,0.02948,0.0892
11718,2,2_1,0.3,0.04477,0.0956
11719,2,2_1,0.3,0.02765,0.09985
11720,2,2_1,0.3,0.0374,0.0948
11721,2,2_1,0.3,0.03717,0.0946
11722,2,2_1,0.3,0.02614,0.1309
11723,2,2_1,0.3,0.0698,0.0813
11724,2,2_1,0.3,0.0313,0.09283
11725,2,2_1,0.3,0.03192,0.0975
11726,2,2_1,0.3,0.02823,0.10114
11727,2,2_1,0.3,0.03662,0.1093
11728,2,2_1,0.3,0.02966,0.08325
11729,2,2_1,0.3,0.04587,0.1093
11730,2,2_1,0.3,0.02551,0.11084
11731,2,2_1,0.3,0.02896,0.1109
11732,2,2_1,0.3,0.03894,0.12054
11733,2,2_1,0.3,0.04547,0.1232
11734,2,2_1,0.3,0.05392,0.09393
11735,2,2_1,0.3,0.03152,0.0977
11736,2,2_1,0.3,0.02959,0.1127
11737,2,2_1,0.3,0.0329,0.146
11738,2,2_1,0.3,0.0489,0.10944
11739,2,2_1,0.3,0.03265,0.1058
11740,2,2_1,0.3,0.03464,0.09906
11741,2,2_1,0.3,0.0357,0.11334
11742,2,2_1,0.3,0.04114,0.11725
11743,2,2_1,0.3,0.03162,0.1388
11744,2,2_1,0.3,0.0472,0.1364
11745,2,2_1,0.3,0.0448,0.09906
11746,2,2_1,0.3,0.02826,0.0899
11747,2,2_1,0.3,0.02954,0.08655
11748,2,2_1,0.3,0.03314,0.124
11749,2,2_1,0.3,0.05762,0.10376
11750,2,2_1,0.3,0.0934,0.092
11751,2,2_1,0.3,0.0437,0.0919
11752,2,2_1,0.3,0.04062,0.1161
11753,2,2_1,0.3,0.06192,0.088
11754,2,2_1,0.3,0.04385,0.10175
11755,2,2_1,0.3,0.02219,0.10785
11756,2,2_1,0.3,0.0476,0.08215
11757,2,2_1,0.3,0.03485,0.093
11758,2,2_1,0.3,0.02701,0.1071
11759,2,2_1,0.3,0.03238,0.0832
11760,2,2_1,0.3,0.04205,0.099
11761,2,2_1,0.3,0.0348,0.1067
11762,2,2_1,0.3,0.04233,0.1344
11763,2,2_1,0.3,0.05563,0.10986
11764,2,2_1,0.3,0.0309,0.10004
11765,2,2_1,0.3,0.02185,0.0926
11766,2,2_1,0.3,0.0316,0.0981
11767,2,2_1,0.3,0.03546,0.0966
11768,2,2_1,0.3,0.05283,0.0945
11769,2,2_1,0.3,0.03854,0.1221
11770,2,2_1,0.3,0.0453,0.1018
11771,2,2_1,0.3,0.02765,0.0983
11772,2,2_1,0.3,0.03473,0.107
11773,2,2_1,0.3,0.0825,0.0819
11774,2,2_1,0.3,0.03091,0.1025
11775,2,2_1,0.3,0.05017,0.09296
11776,2,2_1,0.3,0.03162,0.0879
11777,2,2_1,0.3,0.02568,0.11395
11778,2,2_1,0.3,0.04053,0.08527
11779,2,2_1,0.3,0.03494,0.1068
11780,2,2_1,0.3,0.03003,0.0925
11781,2,2_1,0.3,0.0687,0.08496
11782,2,2_1,0.3,0.03625,0.1262
11783,2,2_1,0.3,0.03763,0.11993
11784,2,2_1,0.3,0.04178,0.1387
11785,2,2_1,0.3,0.03543,0.11005
11786,2,2_1,0.3,0.01968,0.1133
11787,2,2_1,0.3,0.03903,0.10297
11788,2,2_1,0.3,0.0264,0.12054
11789,2,2_1,0.3,0.03882,0.1581
11790,2,2_1,0.3,0.03085,0.1059
11791,2,2_1,0.3,0.02974,0.07983
11792,2,2_1,0.3,0.04413,0.0857
11793,2,2_1,0.3,0.0988,0.0798
11794,2,2_1,0.3,0.0328,0.0919
11795,2,2_1,0.3,0.0362,0.0874
11796,2,2_1,0.3,0.0737,0.1296
11797,2,2_1,0.3,0.02887,0.0912
11798,2,2_1,0.3,0.07605,0.1328
11799,2,2_1,0.3,0.03644,0.11096
11800,2,2_1,0.3,0.0302,0.08276
11801,2,2_1,0.3,0.03363,0.09985
11802,2,2_1,0.3,0.0277,0.09717
11803,2,2_1,0.3,0.03232,0.1044
11804,2,2_1,0.3,0.03384,0.1035
11805,2,2_1,0.3,0.03763,0.1088
11806,2,2_1,0.3,0.02734,0.1165
11807,2,2_1,0.3,0.03041,0.08075
11808,2,2_1,0.3,0.05167,0.0909
11809,2,2_1,0.3,0.03787,0.1465
11810,2,2_1,0.3,0.0329,0.093
11811,2,2_1,0.3,0.08386,0.1161
11812,2,2_1,0.3,0.06287,0.0852
11813,2,2_1,0.3,0.0336,0.0854
11814,2,2_1,0.3,0.0263,0.08185
11815,2,2_1,0.3,0.05368,0.09973
11816,2,2_1,0.3,0.02213,0.1029
11817,2,2_1,0.3,0.03864,0.1162
11818,2,2_1,0.3,0.02713,0.0914
11819,2,2_1,0.3,0.04727,0.09845
11820,2,2_1,0.3,0.0449,0.1321
11821,2,2_1,0.3,0.06058,0.09357
11822,2,2_1,0.3,0.074,0.0928
11823,2,2_1,0.3,0.032,0.08484
11824,2,2_1,0.3,0.071,0.0893
11825,2,2_1,0.3,0.03665,0.09467
11826,2,2_1,0.3,0.03928,0.0834
11827,2,2_1,0.3,0.03552,0.1059
11828,2,2_1,0.3,0.03317,0.10077
11829,2,2_1,0.3,0.02917,0.098
11830,2,2_1,0.3,0.0647,0.10583
11831,2,2_1,0.3,0.0955,0.0992
11832,2,2_1,0.3,0.03665,0.09863
11833,2,2_1,0.3,0.03943,0.0941
11834,2,2_1,0.3,0.04645,0.12054
11835,2,2_1,0.3,0.06976,0.12396
11836,2,2_1,0.3,0.03044,0.1044
11837,2,2_1,0.3,0.01926,0.07874
11838,2,2_1,0.3,0.04538,0.1106
11839,2,2_1,0.3,0.0389,0.0886
11840,2,2_1,0.3,0.0518,0.0959
11841,2,2_1,0.3,0.01503,0.1077
11842,2,2_1,0.3,0.01203,0.104
11843,2,2_1,0.3,0.04208,0.08386
11844,2,2_1,0.3,0.02216,0.1211
11845,2,2_1,0.3,0.06824,0.09814
11846,2,2_1,0.3,0.02876,0.077
11847,2,2_1,0.3,0.03217,0.1018
11848,2,2_1,0.3,0.0326,0.1588
11849,2,2_1,0.3,0.03093,0.08954
11850,2,2_1,0.3,0.06335,0.11554
11851,2,2_1,0.3,0.0557,0.08325
11852,2,2_1,0.3,0.03375,0.11584
11853,2,2_1,0.3,0.0399,0.08307
11854,2,2_1,0.3,0.0338,0.10706
11855,2,2_1,0.3,0.035,0.1049
11856,2,2_1,0.3,0.03635,0.10034
11857,2,2_1,0.3,0.04138,0.10156
11858,2,2_1,0.3,0.02768,0.0928
11859,2,2_1,0.3,0.0319,0.1002
11860,2,2_1,0.3,0.0619,0.10297
11861,2,2_1,0.3,0.0679,0.0938
11862,2,2_1,0.3,0.04828,0.0974
11863,2,2_1,0.3,0.03665,0.1162
11864,2,2_1,0.3,0.03305,0.09247
11865,2,2_1,0.3,0.04114,0.10345
11866,2,2_1,0.3,0.04056,0.09393
11867,2,2_1,0.3,0.03577,0.1445
11868,2,2_1,0.3,0.02997,0.0839
11869,2,2_1,0.3,0.04514,0.10986
11870,2,2_1,0.3,0.03192,0.0793
11871,2,2_1,0.3,0.03784,0.0969
11872,2,2_1,0.3,0.0592,0.0916
11873,2,2_1,0.3,0.04044,0.0893
11874,2,2_1,0.3,0.03415,0.09717
11875,2,2_1,0.3,0.02727,0.1385
11876,2,2_1,0.3,0.02902,0.094
11877,2,2_1,0.3,0.0219,0.0828
11878,2,2_1,0.3,0.02306,0.1335
11879,2,2_1,0.3,0.04077,0.117
11880,2,2_1,0.3,0.0311,0.1038
11881,2,2_1,0.3,0.052,0.10846
11882,2,2_1,0.3,0.0371,0.0948
11883,2,2_1,0.3,0.03613,0.11536
11884,2,2_1,0.3,0.0316,0.11816
11885,2,2_1,0.3,0.02362,0.102
11886,2,2_1,0.3,0.03967,0.0854
11887,2,2_1,0.3,0.0278,0.0742
11888,2,2_1,0.3,0.02461,0.0996
11889,2,2_1,0.3,0.02748,0.1158
11890,2,2_1,0.3,0.0711,0.0929
11891,2,2_1,0.3,0.0928,0.0914
11892,2,2_1,0.3,0.03687,0.1164
11893,2,2_1,0.3,0.04343,0.1022
11894,2,2_1,0.3,0.04526,0.092
11895,2,2_1,0.3,0.0323,0.1339
11896,2,2_1,0.3,0.0306,0.0955
11897,2,2_1,0.3,0.04092,0.10004
11898,2,2_1,0.3,0.08527,0.1294
11899,2,2_1,0.3,0.02557,0.0839
11900,2,2_1,0.3,0.02878,0.08374
11901,2,2_1,0.3,0.0344,0.1603
11902,2,2_1,0.3,0.0344,0.1351
11903,2,2_1,0.3,0.0336,0.0932
11904,2,2_1,0.3,0.04007,0.0993
11905,2,2_1,0.3,0.0777,0.09125
11906,2,2_1,0.3,0.0551,0.09344
11907,2,2_1,0.3,0.0417,0.1081
11908,2,2_1,0.3,0.02882,0.08923
11909,2,2_1,0.3,0.0971,0.1065
11910,2,2_1,0.3,0.01749,0.0818
11911,2,2_1,0.3,0.02083,0.0786
11912,2,2_1,0.3,0.01729,0.09625
11913,2,2_1,0.3,0.03177,0.0953
11914,2,2_1,0.3,0.03836,0.08575
11915,2,2_1,0.3,0.0675,0.08124
11916,2,2_1,0.3,0.021,0.1285
11917,2,2_1,0.3,0.03775,0.08905
11918,2,2_1,0.3,0.03625,0.0949
11919,2,2_1,0.3,0.04028,0.09937
11920,2,2_1,0.3,0.02815,0.10767
11921,2,2_1,0.3,0.05173,0.0793
11922,2,2_1,0.3,0.04074,0.0958
11923,2,2_1,0.3,0.05655,0.1515
11924,2,2_1,0.3,0.05075,0.09686
11925,2,2_1,0.3,0.03485,0.09625
11926,2,2_1,0.3,0.0371,0.1109
11927,2,2_1,0.3,0.0438,0.11084
11928,2,2_1,0.3,0.02393,0.0818
11929,2,2_1,0.3,0.0341,0.07806
11930,2,2_1,0.3,0.04916,0.0934
11931,2,2_1,0.3,0.0378,0.12067
11932,2,2_1,0.3,0.04126,0.1031
11933,2,2_1,0.3,0.0448,0.09576
11934,2,2_1,0.3,0.03014,0.08887
11935,2,2_1,0.3,0.02719,0.0994
11936,2,2_1,0.3,0.03806,0.11896
11937,2,2_1,0.3,0.04095,0.0928
11938,2,2_1,0.3,0.0464,0.10425
11939,2,2_1,0.3,0.0298,0.10443
11940,2,2_1,0.3,0.03607,0.0969
11941,2,2_1,0.3,0.02061,0.0956
11942,2,2_1,0.3,0.02637,0.1017
11943,2,2_1,0.3,0.0344,0.0915
11944,2,2_1,0.3,0.03876,0.09155
11945,2,2_1,0.3,0.04895,0.11285
11946,2,2_1,0.3,0.0418,0.09076
11947,2,2_1,0.3,0.0506,0.0865
11948,2,2_1,0.3,0.03955,0.09717
11949,2,2_1,0.3,0.0511,0.10803
11950,2,2_1,0.3,0.02805,0.11755
11951,2,2_1,0.3,0.0696,0.10803
11952,2,2_1,0.3,0.0516,0.0956
11953,2,2_1,0.3,0.03668,0.0952
11954,2,2_1,0.3,0.01633,0.1103
11955,2,2_1,0.3,0.02048,0.09155
11956,2,2_1,0.3,0.0242,0.0917
11957,2,2_1,0.3,0.03796,0.0896
11958,2,2_1,0.3,0.0372,0.08563
11959,2,2_1,0.3,0.03973,0.08014
11960,2,2_1,0.3,0.02531,0.0967
11961,2,2_1,0.3,0.05148,0.10803
11962,2,2_1,0.3,0.02751,0.1346
11963,2,2_1,0.3,0.01851,0.1105
11964,2,2_1,0.3,0.04495,0.09674
11965,2,2_1,0.3,0.04977,0.095
11966,2,2_1,0.3,0.04703,0.08765
11967,2,2_1,0.3,0.04495,0.11505
11968,2,2_1,0.3,0.03677,0.0875
11969,2,2_1,0.3,0.04587,0.1316
11970,2,2_1,0.3,0.04617,0.0901
11971,2,2_1,0.3,0.0446,0.08545
11972,2,2_1,0.3,0.0463,0.0837
11973,2,2_1,0.3,0.03226,0.0908
11974,2,2_1,0.3,0.03714,0.11365
11975,2,2_1,0.3,0.02492,0.11487
11976,2,2_1,0.3,0.02274,0.0912
11977,2,2_1,0.3,0.02959,0.0997
11978,2,2_1,0.3,0.04782,0.157
11979,2,2_1,0.3,0.03473,0.122
11980,2,2_1,0.3,0.12006,0.12067
11981,2,2_1,0.3,0.03687,0.128
11982,2,2_1,0.3,0.02357,0.0983
11983,2,2_1,0.3,0.03513,0.09076
11984,2,2_1,0.3,0.04715,0.0896
11985,2,2_1,0.3,0.05405,0.11676
11986,2,2_1,0.3,0.0517,0.10095
11987,2,2_1,0.3,0.0463,0.10754
11988,2,2_1,0.3,0.02878,0.0932
11989,2,2_1,0.3,0.02405,0.09894
11990,2,2_1,0.3,0.0571,0.10376
11991,2,2_1,0.3,0.0349,0.1396
11992,2,2_1,0.3,0.01984,0.0918
11993,2,2_1,0.3,0.0443,0.0915
11994,2,2_1,0.3,0.03177,0.10114
11995,2,2_1,0.3,0.0537,0.0873
11996,2,2_1,0.3,0.1127,0.0896
11997,2,2_1,0.3,0.04803,0.0908
11998,2,2_1,0.3,0.0719,0.1005
11999,2,2_1,0.3,0.02998,0.0903
12000,2,2_2,0.1,0.01466,0.06744
12001,2,2_2,0.1,0.014786,0.06836
12002,2,2_2,0.1,0.0181,0.0667
12003,2,2_2,0.1,0.0169,0.0708
12004,2,2_2,0.1,0.014694,0.0729
12005,2,2_2,0.1,0.0157,0.06793
12006,2,2_2,0.1,0.0165,0.0742
12007,2,2_2,0.1,0.01704,0.0683
12008,2,2_2,0.1,0.01521,0.07043
12009,2,2_2,0.1,0.0169,0.0709
12010,2,2_2,0.1,0.01438,0.07336
12011,2,2_2,0.1,0.0161,0.06934
12012,2,2_2,0.1,0.01557,0.07074
12013,2,2_2,0.1,0.015205,0.0669
12014,2,2_2,0.1,0.01628,0.0666
12015,2,2_2,0.1,0.01617,0.07556
12016,2,2_2,0.1,0.014015,0.0707
12017,2,2_2,0.1,0.01814,0.07526
12018,2,2_2,0.1,0.01643,0.0776
12019,2,2_2,0.1,0.01561,0.0669
12020,2,2_2,0.1,0.01662,0.0779
12021,2,2_2,0.1,0.01593,0.07306
12022,2,2_2,0.1,0.0221,0.0682
12023,2,2_2,0.1,0.01912,0.07025
12024,2,2_2,0.1,0.01776,0.0701
12025,2,2_2,0.1,0.01389,0.07074
12026,2,2_2,0.1,0.02068,0.09564
12027,2,2_2,0.1,0.01432,0.0693
12028,2,2_2,0.1,0.01593,0.069
12029,2,2_2,0.1,0.01784,0.0704
12030,2,2_2,0.1,0.01874,0.0706
12031,2,2_2,0.1,0.01637,0.072
12032,2,2_2,0.1,0.01677,0.0694
12033,2,2_2,0.1,0.01686,0.0789
12034,2,2_2,0.1,0.01834,0.0698
12035,2,2_2,0.1,0.01935,0.0845
12036,2,2_2,0.1,0.0182,0.0764
12037,2,2_2,0.1,0.014145,0.0684
12038,2,2_2,0.1,0.01707,0.06714
12039,2,2_2,0.1,0.01598,0.07794
12040,2,2_2,0.1,0.01869,0.07623
12041,2,2_2,0.1,0.01634,0.06757
12042,2,2_2,0.1,0.01875,0.0724
12043,2,2_2,0.1,0.01466,0.07404
12044,2,2_2,0.1,0.02155,0.0757
12045,2,2_2,0.1,0.01314,0.0789
12046,2,2_2,0.1,0.02017,0.077
12047,2,2_2,0.1,0.01999,0.07086
12048,2,2_2,0.1,0.01569,0.0738
12049,2,2_2,0.1,0.01825,0.06934
12050,2,2_2,0.1,0.01475,0.0729
12051,2,2_2,0.1,0.0167,0.07733
12052,2,2_2,0.1,0.01733,0.07477
12053,2,2_2,0.1,0.01622,0.0691
12054,2,2_2,0.1,0.01842,0.075
12055,2,2_2,0.1,0.01439,0.0707
12056,2,2_2,0.1,0.02138,0.076
12057,2,2_2,0.1,0.0142,0.08295
12058,2,2_2,0.1,0.01403,0.0927
12059,2,2_2,0.1,0.01834,0.07117
12060,2,2_2,0.1,0.0156,0.0743
12061,2,2_2,0.1,0.0208,0.07263
12062,2,2_2,0.1,0.0163,0.0735
12063,2,2_2,0.1,0.01562,0.0695
12064,2,2_2,0.1,0.01868,0.069
12065,2,2_2,0.1,0.0152,0.0682
12066,2,2_2,0.1,0.01988,0.07367
12067,2,2_2,0.1,0.014694,0.0819
12068,2,2_2,0.1,0.0191,0.0723
12069,2,2_2,0.1,0.01544,0.07043
12070,2,2_2,0.1,0.01843,0.07294
12071,2,2_2,0.1,0.01761,0.0707
12072,2,2_2,0.1,0.01683,0.06934
12073,2,2_2,0.1,0.01555,0.0678
12074,2,2_2,0.1,0.01633,0.0709
12075,2,2_2,0.1,0.01646,0.0707
12076,2,2_2,0.1,0.0234,0.0704
12077,2,2_2,0.1,0.01569,0.07074
12078,2,2_2,0.1,0.01474,0.0786
12079,2,2_2,0.1,0.0157,0.07007
12080,2,2_2,0.1,0.0189,0.0759
12081,2,2_2,0.1,0.015114,0.0768
12082,2,2_2,0.1,0.015045,0.0682
12083,2,2_2,0.1,0.01828,0.06854
12084,2,2_2,0.1,0.01436,0.0726
12085,2,2_2,0.1,0.01903,0.08
12086,2,2_2,0.1,0.0167,0.0709
12087,2,2_2,0.1,0.01556,0.0688
12088,2,2_2,0.1,0.01423,0.0686
12089,2,2_2,0.1,0.01906,0.0812
12090,2,2_2,0.1,0.01666,0.0694
12091,2,2_2,0.1,0.01689,0.0732
12092,2,2_2,0.1,0.01772,0.0743
12093,2,2_2,0.1,0.01796,0.0746
12094,2,2_2,0.1,0.014175,0.0816
12095,2,2_2,0.1,0.01505,0.0683
12096,2,2_2,0.1,0.0167,0.0678
12097,2,2_2,0.1,0.01764,0.0743
12098,2,2_2,0.1,0.01555,0.0697
12099,2,2_2,0.1,0.0168,0.0867
12100,2,2_2,0.1,0.01643,0.0694
12101,2,2_2,0.1,0.015434,0.0704
12102,2,2_2,0.1,0.01944,0.07324
12103,2,2_2,0.1,0.01698,0.0713
12104,2,2_2,0.1,0.01852,0.07184
12105,2,2_2,0.1,0.01551,0.0732
12106,2,2_2,0.1,0.01811,0.07043
12107,2,2_2,0.1,0.01564,0.07513
12108,2,2_2,0.1,0.01564,0.0683
12109,2,2_2,0.1,0.019,0.0704
12110,2,2_2,0.1,0.02162,0.0747
12111,2,2_2,0.1,0.01593,0.0718
12112,2,2_2,0.1,0.01244,0.0839
12113,2,2_2,0.1,0.01643,0.0738
12114,2,2_2,0.1,0.0171,0.071
12115,2,2_2,0.1,0.01718,0.0708
12116,2,2_2,0.1,0.01549,0.0805
12117,2,2_2,0.1,0.01855,0.0765
12118,2,2_2,0.1,0.0201,0.082
12119,2,2_2,0.1,0.01773,0.0891
12120,2,2_2,0.1,0.0213,0.0731
12121,2,2_2,0.1,0.01431,0.0694
12122,2,2_2,0.1,0.01631,0.07404
12123,2,2_2,0.1,0.01709,0.0732
12124,2,2_2,0.1,0.0195,0.0751
12125,2,2_2,0.1,0.01653,0.0739
12126,2,2_2,0.1,0.01322,0.07513
12127,2,2_2,0.1,0.01553,0.07465
12128,2,2_2,0.1,0.01945,0.07
12129,2,2_2,0.1,0.01451,0.0703
12130,2,2_2,0.1,0.01534,0.06946
12131,2,2_2,0.1,0.02663,0.0745
12132,2,2_2,0.1,0.014496,0.0701
12133,2,2_2,0.1,0.01926,0.0697
12134,2,2_2,0.1,0.01843,0.0768
12135,2,2_2,0.1,0.01944,0.07324
12136,2,2_2,0.1,0.0194,0.0715
12137,2,2_2,0.1,0.01689,0.0781
12138,2,2_2,0.1,0.01311,0.07086
12139,2,2_2,0.1,0.01866,0.0721
12140,2,2_2,0.1,0.01839,0.07855
12141,2,2_2,0.1,0.014984,0.07715
12142,2,2_2,0.1,0.02055,0.0773
12143,2,2_2,0.1,0.01743,0.0723
12144,2,2_2,0.1,0.01591,0.0716
12145,2,2_2,0.1,0.01385,0.0738
12146,2,2_2,0.1,0.0183,0.06964
12147,2,2_2,0.1,0.02031,0.0704
12148,2,2_2,0.1,0.01593,0.09015
12149,2,2_2,0.1,0.01666,0.0725
12150,2,2_2,0.1,0.02141,0.0699
12151,2,2_2,0.1,0.01526,0.0778
12152,2,2_2,0.1,0.01958,0.07684
12153,2,2_2,0.1,0.02113,0.0696
12154,2,2_2,0.1,0.01575,0.082
12155,2,2_2,0.1,0.01598,0.06915
12156,2,2_2,0.1,0.02135,0.07825
12157,2,2_2,0.1,0.01793,0.0685
12158,2,2_2,0.1,0.02356,0.074
12159,2,2_2,0.1,0.01356,0.0774
12160,2,2_2,0.1,0.01287,0.0752
12161,2,2_2,0.1,0.01833,0.07886
12162,2,2_2,0.1,0.01694,0.07434
12163,2,2_2,0.1,0.013695,0.07007
12164,2,2_2,0.1,0.0187,0.079
12165,2,2_2,0.1,0.01892,0.0697
12166,2,2_2,0.1,0.01449,0.0793
12167,2,2_2,0.1,0.014206,0.09045
12168,2,2_2,0.1,0.01595,0.06964
12169,2,2_2,0.1,0.02148,0.0677
12170,2,2_2,0.1,0.01611,0.0749
12171,2,2_2,0.1,0.01726,0.07104
12172,2,2_2,0.1,0.01367,0.0767
12173,2,2_2,0.1,0.01953,0.07794
12174,2,2_2,0.1,0.014595,0.07294
12175,2,2_2,0.1,0.01663,0.0717
12176,2,2_2,0.1,0.01611,0.0875
12177,2,2_2,0.1,0.013565,0.0688
12178,2,2_2,0.1,0.01604,0.06866
12179,2,2_2,0.1,0.01584,0.0706
12180,2,2_2,0.1,0.01715,0.07043
12181,2,2_2,0.1,0.01736,0.0712
12182,2,2_2,0.1,0.01595,0.0688
12183,2,2_2,0.1,0.02028,0.07227
12184,2,2_2,0.1,0.01529,0.0768
12185,2,2_2,0.1,0.015144,0.0706
12186,2,2_2,0.1,0.02122,0.075
12187,2,2_2,0.1,0.01386,0.07043
12188,2,2_2,0.1,0.01648,0.0708
12189,2,2_2,0.1,0.01633,0.0681
12190,2,2_2,0.1,0.015396,0.0689
12191,2,2_2,0.1,0.01808,0.0789
12192,2,2_2,0.1,0.015366,0.0687
12193,2,2_2,0.1,0.01436,0.0816
12194,2,2_2,0.1,0.01888,0.0816
12195,2,2_2,0.1,0.01796,0.0697
12196,2,2_2,0.1,0.02823,0.09174
12197,2,2_2,0.1,0.01695,0.0743
12198,2,2_2,0.1,0.01474,0.071
12199,2,2_2,0.1,0.014465,0.0708
12200,2,2_2,0.1,0.015274,0.0691
12201,2,2_2,0.1,0.01666,0.0775
12202,2,2_2,0.1,0.014946,0.07404
12203,2,2_2,0.1,0.01994,0.072
12204,2,2_2,0.1,0.01422,0.07245
12205,2,2_2,0.1,0.02272,0.07715
12206,2,2_2,0.1,0.0163,0.07196
12207,2,2_2,0.1,0.0227,0.0748
12208,2,2_2,0.1,0.01527,0.0745
12209,2,2_2,0.1,0.02031,0.0725
12210,2,2_2,0.1,0.01385,0.0782
12211,2,2_2,0.1,0.02147,0.07184
12212,2,2_2,0.1,0.01527,0.07166
12213,2,2_2,0.1,0.02411,0.07837
12214,2,2_2,0.1,0.01675,0.0862
12215,2,2_2,0.1,0.01633,0.0736
12216,2,2_2,0.1,0.01493,0.0744
12217,2,2_2,0.1,0.01672,0.0843
12218,2,2_2,0.1,0.01575,0.07794
12219,2,2_2,0.1,0.01776,0.0729
12220,2,2_2,0.1,0.02322,0.07184
12221,2,2_2,0.1,0.01552,0.0679
12222,2,2_2,0.1,0.01953,0.0706
12223,2,2_2,0.1,0.01498,0.07794
12224,2,2_2,0.1,0.02403,0.0767
12225,2,2_2,0.1,0.01741,0.0715
12226,2,2_2,0.1,0.013824,0.0779
12227,2,2_2,0.1,0.01787,0.07684
12228,2,2_2,0.1,0.02206,0.0792
12229,2,2_2,0.1,0.01683,0.07306
12230,2,2_2,0.1,0.01506,0.07025
12231,2,2_2,0.1,0.0209,0.06775
12232,2,2_2,0.1,0.02145,0.0713
12233,2,2_2,0.1,0.02208,0.07904
12234,2,2_2,0.1,0.01476,0.07214
12235,2,2_2,0.1,0.01997,0.0693
12236,2,2_2,0.1,0.01416,0.073
12237,2,2_2,0.1,0.01985,0.0788
12238,2,2_2,0.1,0.01338,0.0827
12239,2,2_2,0.1,0.01883,0.0887
12240,2,2_2,0.1,0.01585,0.0803
12241,2,2_2,0.1,0.01724,0.06964
12242,2,2_2,0.1,0.01962,0.07135
12243,2,2_2,0.1,0.01888,0.0701
12244,2,2_2,0.1,0.01634,0.0776
12245,2,2_2,0.1,0.01945,0.06903
12246,2,2_2,0.1,0.01153,0.06903
12247,2,2_2,0.1,0.01573,0.0848
12248,2,2_2,0.1,0.02116,0.075
12249,2,2_2,0.1,0.0146,0.0685
12250,2,2_2,0.1,0.02164,0.0732
12251,2,2_2,0.1,0.01768,0.0694
12252,2,2_2,0.1,0.01527,0.07104
12253,2,2_2,0.1,0.0194,0.06793
12254,2,2_2,0.1,0.02022,0.09106
12255,2,2_2,0.1,0.02272,0.0731
12256,2,2_2,0.1,0.01842,0.0681
12257,2,2_2,0.1,0.01663,0.07153
12258,2,2_2,0.1,0.01752,0.07715
12259,2,2_2,0.1,0.01668,0.07947
12260,2,2_2,0.1,0.01255,0.07855
12261,2,2_2,0.1,0.03038,0.0699
12262,2,2_2,0.1,0.01564,0.0716
12263,2,2_2,0.1,0.01678,0.06793
12264,2,2_2,0.1,0.01852,0.0751
12265,2,2_2,0.1,0.01506,0.0791
12266,2,2_2,0.1,0.0161,0.07996
12267,2,2_2,0.1,0.01895,0.0711
12268,2,2_2,0.1,0.0171,0.074
12269,2,2_2,0.1,0.01945,0.0725
12270,2,2_2,0.1,0.01665,0.069
12271,2,2_2,0.1,0.01643,0.0747
12272,2,2_2,0.1,0.01561,0.0825
12273,2,2_2,0.1,0.01668,0.0863
12274,2,2_2,0.1,0.01377,0.0773
12275,2,2_2,0.1,0.01715,0.0723
12276,2,2_2,0.1,0.01834,0.07135
12277,2,2_2,0.1,0.02168,0.0712
12278,2,2_2,0.1,0.01984,0.0785
12279,2,2_2,0.1,0.01493,0.0774
12280,2,2_2,0.1,0.02063,0.08624
12281,2,2_2,0.1,0.01817,0.0717
12282,2,2_2,0.1,0.01704,0.07745
12283,2,2_2,0.1,0.02122,0.073
12284,2,2_2,0.1,0.0155,0.0733
12285,2,2_2,0.1,0.01903,0.0782
12286,2,2_2,0.1,0.0186,0.0703
12287,2,2_2,0.1,0.0207,0.0718
12288,2,2_2,0.1,0.01872,0.08453
12289,2,2_2,0.1,0.01595,0.0748
12290,2,2_2,0.1,0.02039,0.07104
12291,2,2_2,0.1,0.01617,0.0682
12292,2,2_2,0.1,0.01784,0.09216
12293,2,2_2,0.1,0.01976,0.0747
12294,2,2_2,0.1,0.0196,0.07007
12295,2,2_2,0.1,0.01714,0.06854
12296,2,2_2,0.1,0.01363,0.071
12297,2,2_2,0.1,0.02094,0.0695
12298,2,2_2,0.1,0.01704,0.07776
12299,2,2_2,0.1,0.01436,0.07043
12300,2,2_2,0.1,0.01631,0.0703
12301,2,2_2,0.1,0.01602,0.0734
12302,2,2_2,0.1,0.02026,0.07275
12303,2,2_2,0.1,0.01533,0.07513
12304,2,2_2,0.1,0.01555,0.0948
12305,2,2_2,0.1,0.01862,0.0715
12306,2,2_2,0.1,0.01505,0.08606
12307,2,2_2,0.1,0.01685,0.0696
12308,2,2_2,0.1,0.01843,0.0692
12309,2,2_2,0.1,0.015335,0.0693
12310,2,2_2,0.1,0.01561,0.08636
12311,2,2_2,0.1,0.0194,0.0713
12312,2,2_2,0.1,0.01749,0.07074
12313,2,2_2,0.1,0.03247,0.0794
12314,2,2_2,0.1,0.01533,0.0706
12315,2,2_2,0.1,0.01741,0.07166
12316,2,2_2,0.1,0.013725,0.07336
12317,2,2_2,0.1,0.01534,0.0711
12318,2,2_2,0.1,0.01665,0.0689
12319,2,2_2,0.1,0.0204,0.08887
12320,2,2_2,0.1,0.02159,0.0799
12321,2,2_2,0.1,0.015594,0.0723
12322,2,2_2,0.1,0.0162,0.07477
12323,2,2_2,0.1,0.02057,0.07367
12324,2,2_2,0.1,0.01772,0.0716
12325,2,2_2,0.1,0.01595,0.07794
12326,2,2_2,0.1,0.01326,0.0814
12327,2,2_2,0.1,0.02046,0.071
12328,2,2_2,0.1,0.01768,0.0709
12329,2,2_2,0.1,0.0175,0.07684
12330,2,2_2,0.1,0.01788,0.07806
12331,2,2_2,0.1,0.01636,0.0692
12332,2,2_2,0.1,0.01514,0.0693
12333,2,2_2,0.1,0.01201,0.0706
12334,2,2_2,0.1,0.015076,0.0911
12335,2,2_2,0.1,0.01428,0.08484
12336,2,2_2,0.1,0.01582,0.07513
12337,2,2_2,0.1,0.01483,0.07745
12338,2,2_2,0.1,0.01859,0.0716
12339,2,2_2,0.1,0.02031,0.0762
12340,2,2_2,0.1,0.0165,0.0869
12341,2,2_2,0.1,0.0139,0.08575
12342,2,2_2,0.1,0.01971,0.08246
12343,2,2_2,0.1,0.01709,0.06946
12344,2,2_2,0.1,0.02199,0.07074
12345,2,2_2,0.1,0.01575,0.0706
12346,2,2_2,0.1,0.01407,0.0709
12347,2,2_2,0.1,0.014984,0.07166
12348,2,2_2,0.1,0.014824,0.0736
12349,2,2_2,0.1,0.0181,0.07355
12350,2,2_2,0.1,0.01426,0.0712
12351,2,2_2,0.1,0.01633,0.07
12352,2,2_2,0.1,0.01772,0.0741
12353,2,2_2,0.1,0.016,0.0763
12354,2,2_2,0.1,0.014206,0.0722
12355,2,2_2,0.1,0.01988,0.0915
12356,2,2_2,0.1,0.01967,0.0716
12357,2,2_2,0.1,0.015045,0.0789
12358,2,2_2,0.1,0.01752,0.074
12359,2,2_2,0.1,0.01793,0.06946
12360,2,2_2,0.1,0.01377,0.0729
12361,2,2_2,0.1,0.01846,0.07263
12362,2,2_2,0.1,0.01595,0.086
12363,2,2_2,0.1,0.02426,0.07117
12364,2,2_2,0.1,0.01566,0.0709
12365,2,2_2,0.1,0.01595,0.0946
12366,2,2_2,0.1,0.01516,0.0743
12367,2,2_2,0.1,0.01993,0.0698
12368,2,2_2,0.1,0.01554,0.0706
12369,2,2_2,0.1,0.0187,0.07904
12370,2,2_2,0.1,0.01831,0.08954
12371,2,2_2,0.1,0.01938,0.07745
12372,2,2_2,0.1,0.02013,0.0746
12373,2,2_2,0.1,0.014275,0.07587
12374,2,2_2,0.1,0.01877,0.0761
12375,2,2_2,0.1,0.02194,0.0721
12376,2,2_2,0.1,0.01544,0.0716
12377,2,2_2,0.1,0.01645,0.0716
12378,2,2_2,0.1,0.01518,0.07294
12379,2,2_2,0.1,0.014786,0.07245
12380,2,2_2,0.1,0.01733,0.07336
12381,2,2_2,0.1,0.01855,0.07355
12382,2,2_2,0.1,0.01578,0.0691
12383,2,2_2,0.1,0.01677,0.077
12384,2,2_2,0.1,0.01813,0.07654
12385,2,2_2,0.1,0.01564,0.07306
12386,2,2_2,0.1,0.01569,0.0772
12387,2,2_2,0.1,0.02109,0.07495
12388,2,2_2,0.1,0.0186,0.08185
12389,2,2_2,0.1,0.0139,0.0824
12390,2,2_2,0.1,0.01672,0.07104
12391,2,2_2,0.1,0.01448,0.0712
12392,2,2_2,0.1,0.0176,0.0701
12393,2,2_2,0.1,0.01929,0.07117
12394,2,2_2,0.1,0.01697,0.07056
12395,2,2_2,0.1,0.01533,0.07654
12396,2,2_2,0.1,0.01573,0.07965
12397,2,2_2,0.1,0.01619,0.0872
12398,2,2_2,0.1,0.01743,0.0702
12399,2,2_2,0.1,0.01434,0.06775
12400,2,2_2,0.1,0.01933,0.0694
12401,2,2_2,0.1,0.01866,0.06946
12402,2,2_2,0.1,0.014275,0.0711
12403,2,2_2,0.1,0.01768,0.0701
12404,2,2_2,0.1,0.01825,0.07574
12405,2,2_2,0.1,0.02547,0.0809
12406,2,2_2,0.1,0.02197,0.0716
12407,2,2_2,0.1,0.01666,0.09076
12408,2,2_2,0.1,0.0146,0.07153
12409,2,2_2,0.1,0.02214,0.0732
12410,2,2_2,0.1,0.01303,0.0724
12411,2,2_2,0.1,0.014755,0.0718
12412,2,2_2,0.1,0.01657,0.0721
12413,2,2_2,0.1,0.01895,0.0805
12414,2,2_2,0.1,0.01564,0.0827
12415,2,2_2,0.1,0.0173,0.07495
12416,2,2_2,0.1,0.0169,0.0734
12417,2,2_2,0.1,0.01715,0.0713
12418,2,2_2,0.1,0.01822,0.0777
12419,2,2_2,0.1,0.01363,0.06964
12420,2,2_2,0.1,0.01819,0.0754
12421,2,2_2,0.1,0.02362,0.07745
12422,2,2_2,0.1,0.01276,0.0717
12423,2,2_2,0.1,0.01637,0.07275
12424,2,2_2,0.1,0.01959,0.0697
12425,2,2_2,0.1,0.01399,0.07825
12426,2,2_2,0.1,0.0204,0.09796
12427,2,2_2,0.1,0.013435,0.07043
12428,2,2_2,0.1,0.01315,0.07306
12429,2,2_2,0.1,0.0182,0.0754
12430,2,2_2,0.1,0.02313,0.0833
12431,2,2_2,0.1,0.01834,0.0885
12432,2,2_2,0.1,0.02048,0.073
12433,2,2_2,0.1,0.014496,0.0758
12434,2,2_2,0.1,0.014114,0.0854
12435,2,2_2,0.1,0.02013,0.0705
12436,2,2_2,0.1,0.01653,0.07166
12437,2,2_2,0.1,0.0188,0.07056
12438,2,2_2,0.1,0.01443,0.0699
12439,2,2_2,0.1,0.01852,0.0739
12440,2,2_2,0.1,0.01564,0.09143
12441,2,2_2,0.1,0.01637,0.0747
12442,2,2_2,0.1,0.01709,0.0748
12443,2,2_2,0.1,0.01593,0.0721
12444,2,2_2,0.1,0.01917,0.07245
12445,2,2_2,0.1,0.0226,0.07495
12446,2,2_2,0.1,0.02013,0.0699
12447,2,2_2,0.1,0.01779,0.0737
12448,2,2_2,0.1,0.01936,0.0723
12449,2,2_2,0.1,0.01958,0.0774
12450,2,2_2,0.1,0.01823,0.07007
12451,2,2_2,0.1,0.01648,0.0826
12452,2,2_2,0.1,0.01822,0.08923
12453,2,2_2,0.1,0.0153,0.0688
12454,2,2_2,0.1,0.02126,0.0761
12455,2,2_2,0.1,0.01921,0.0701
12456,2,2_2,0.1,0.01762,0.075
12457,2,2_2,0.1,0.01544,0.076
12458,2,2_2,0.1,0.01598,0.07715
12459,2,2_2,0.1,0.01624,0.0731
12460,2,2_2,0.1,0.01851,0.08417
12461,2,2_2,0.1,0.01851,0.0769
12462,2,2_2,0.1,0.01816,0.07245
12463,2,2_2,0.1,0.015114,0.0831
12464,2,2_2,0.1,0.02267,0.07745
12465,2,2_2,0.1,0.01756,0.0736
12466,2,2_2,0.1,0.01675,0.0704
12467,2,2_2,0.1,0.02063,0.0735
12468,2,2_2,0.1,0.0227,0.0717
12469,2,2_2,0.1,0.01613,0.07043
12470,2,2_2,0.1,0.01913,0.0813
12471,2,2_2,0.1,0.01704,0.0711
12472,2,2_2,0.1,0.01753,0.07166
12473,2,2_2,0.1,0.01715,0.0724
12474,2,2_2,0.1,0.01726,0.0709
12475,2,2_2,0.1,0.019,0.0805
12476,2,2_2,0.1,0.02414,0.0796
12477,2,2_2,0.1,0.01775,0.071
12478,2,2_2,0.1,0.02133,0.08057
12479,2,2_2,0.1,0.02274,0.0749
12480,2,2_2,0.1,0.01764,0.07544
12481,2,2_2,0.1,0.0196,0.0701
12482,2,2_2,0.1,0.01863,0.10925
12483,2,2_2,0.1,0.02101,0.0719
12484,2,2_2,0.1,0.01723,0.0744
12485,2,2_2,0.1,0.015495,0.0703
12486,2,2_2,0.1,0.01791,0.0754
12487,2,2_2,0.1,0.0135,0.0708
12488,2,2_2,0.1,0.02036,0.0702
12489,2,2_2,0.1,0.02402,0.07385
12490,2,2_2,0.1,0.01493,0.07043
12491,2,2_2,0.1,0.01851,0.074
12492,2,2_2,0.1,0.01502,0.0702
12493,2,2_2,0.1,0.0162,0.0694
12494,2,2_2,0.1,0.02063,0.0732
12495,2,2_2,0.1,0.01712,0.0685
12496,2,2_2,0.1,0.02348,0.0714
12497,2,2_2,0.1,0.02136,0.07
12498,2,2_2,0.1,0.02176,0.08075
12499,2,2_2,0.1,0.01545,0.06964
12500,2,2_2,0.1,0.014496,0.06995
12501,2,2_2,0.1,0.01813,0.07874
12502,2,2_2,0.1,0.014496,0.07544
12503,2,2_2,0.1,0.01729,0.0701
12504,2,2_2,0.1,0.01556,0.0768
12505,2,2_2,0.1,0.0165,0.0727
12506,2,2_2,0.1,0.0234,0.0716
12507,2,2_2,0.1,0.02017,0.0791
12508,2,2_2,0.1,0.01851,0.07495
12509,2,2_2,0.1,0.01435,0.0719
12510,2,2_2,0.1,0.0185,0.0806
12511,2,2_2,0.1,0.01411,0.0715
12512,2,2_2,0.1,0.0172,0.0729
12513,2,2_2,0.1,0.0168,0.0803
12514,2,2_2,0.1,0.01962,0.07825
12515,2,2_2,0.1,0.01309,0.07135
12516,2,2_2,0.1,0.01567,0.0706
12517,2,2_2,0.1,0.013725,0.08734
12518,2,2_2,0.1,0.0155,0.0895
12519,2,2_2,0.1,0.014244,0.07513
12520,2,2_2,0.1,0.01694,0.07446
12521,2,2_2,0.1,0.01639,0.0764
12522,2,2_2,0.1,0.01545,0.07434
12523,2,2_2,0.1,0.0208,0.0696
12524,2,2_2,0.1,0.02325,0.0816
12525,2,2_2,0.1,0.01852,0.07367
12526,2,2_2,0.1,0.01808,0.0715
12527,2,2_2,0.1,0.01634,0.07306
12528,2,2_2,0.1,0.01952,0.06915
12529,2,2_2,0.1,0.01619,0.0711
12530,2,2_2,0.1,0.01768,0.07654
12531,2,2_2,0.1,0.01874,0.07574
12532,2,2_2,0.1,0.01541,0.0754
12533,2,2_2,0.1,0.02364,0.0693
12534,2,2_2,0.1,0.01947,0.07196
12535,2,2_2,0.1,0.01534,0.0736
12536,2,2_2,0.1,0.01762,0.07526
12537,2,2_2,0.1,0.014465,0.0723
12538,2,2_2,0.1,0.01677,0.0717
12539,2,2_2,0.1,0.01436,0.08215
12540,2,2_2,0.1,0.01575,0.0704
12541,2,2_2,0.1,0.01599,0.0774
12542,2,2_2,0.1,0.01452,0.0694
12543,2,2_2,0.1,0.01556,0.07556
12544,2,2_2,0.1,0.01518,0.07983
12545,2,2_2,0.1,0.01599,0.07104
12546,2,2_2,0.1,0.01616,0.0722
12547,2,2_2,0.1,0.01386,0.0737
12548,2,2_2,0.1,0.02083,0.0746
12549,2,2_2,0.1,0.02773,0.0803
12550,2,2_2,0.1,0.01868,0.0727
12551,2,2_2,0.1,0.01663,0.0792
12552,2,2_2,0.1,0.01736,0.07355
12553,2,2_2,0.1,0.01556,0.07336
12554,2,2_2,0.1,0.01689,0.07556
12555,2,2_2,0.1,0.0171,0.07385
12556,2,2_2,0.1,0.0178,0.086
12557,2,2_2,0.1,0.01735,0.0722
12558,2,2_2,0.1,0.01545,0.0714
12559,2,2_2,0.1,0.01868,0.07526
12560,2,2_2,0.1,0.01678,0.0816
12561,2,2_2,0.1,0.01576,0.07214
12562,2,2_2,0.1,0.02347,0.0751
12563,2,2_2,0.1,0.02182,0.07697
12564,2,2_2,0.1,0.0146,0.07495
12565,2,2_2,0.1,0.01715,0.0696
12566,2,2_2,0.1,0.02168,0.0724
12567,2,2_2,0.1,0.0199,0.07385
12568,2,2_2,0.1,0.01826,0.0711
12569,2,2_2,0.1,0.01607,0.0808
12570,2,2_2,0.1,0.01715,0.0807
12571,2,2_2,0.1,0.02231,0.0829
12572,2,2_2,0.1,0.01984,0.0742
12573,2,2_2,0.1,0.01698,0.07007
12574,2,2_2,0.1,0.01666,0.0747
12575,2,2_2,0.1,0.02228,0.0743
12576,2,2_2,0.1,0.01602,0.0796
12577,2,2_2,0.1,0.01828,0.07434
12578,2,2_2,0.1,0.01659,0.0908
12579,2,2_2,0.1,0.015465,0.0768
12580,2,2_2,0.1,0.01886,0.0742
12581,2,2_2,0.1,0.01804,0.0716
12582,2,2_2,0.1,0.0123,0.0822
12583,2,2_2,0.1,0.02028,0.0766
12584,2,2_2,0.1,0.01662,0.07294
12585,2,2_2,0.1,0.02014,0.0818
12586,2,2_2,0.1,0.01735,0.06934
12587,2,2_2,0.1,0.01857,0.0806
12588,2,2_2,0.1,0.02386,0.0711
12589,2,2_2,0.1,0.0196,0.07007
12590,2,2_2,0.1,0.01782,0.07465
12591,2,2_2,0.1,0.02008,0.0776
12592,2,2_2,0.1,0.02188,0.07324
12593,2,2_2,0.1,0.01857,0.07684
12594,2,2_2,0.1,0.014946,0.06964
12595,2,2_2,0.1,0.01385,0.0703
12596,2,2_2,0.1,0.01563,0.0704
12597,2,2_2,0.1,0.01519,0.0782
12598,2,2_2,0.1,0.01633,0.0724
12599,2,2_2,0.1,0.01555,0.0698
12600,2,2_2,0.1,0.01884,0.0733
12601,2,2_2,0.1,0.01304,0.0692
12602,2,2_2,0.1,0.01552,0.07886
12603,2,2_2,0.1,0.015335,0.08624
12604,2,2_2,0.1,0.02129,0.0707
12605,2,2_2,0.1,0.01578,0.0809
12606,2,2_2,0.1,0.01927,0.07263
12607,2,2_2,0.1,0.01457,0.0808
12608,2,2_2,0.1,0.01874,0.0758
12609,2,2_2,0.1,0.01872,0.07
12610,2,2_2,0.1,0.01421,0.07306
12611,2,2_2,0.1,0.01958,0.09436
12612,2,2_2,0.1,0.01395,0.08966
12613,2,2_2,0.1,0.02025,0.07513
12614,2,2_2,0.1,0.0192,0.08386
12615,2,2_2,0.1,0.01479,0.071
12616,2,2_2,0.1,0.01695,0.0878
12617,2,2_2,0.1,0.01889,0.0863
12618,2,2_2,0.1,0.0198,0.08527
12619,2,2_2,0.1,0.015175,0.0712
12620,2,2_2,0.1,0.012886,0.07324
12621,2,2_2,0.1,0.01534,0.07214
12622,2,2_2,0.1,0.02032,0.07434
12623,2,2_2,0.1,0.01604,0.07556
12624,2,2_2,0.1,0.01799,0.0704
12625,2,2_2,0.1,0.01559,0.0756
12626,2,2_2,0.1,0.01804,0.0719
12627,2,2_2,0.1,0.01822,0.08386
12628,2,2_2,0.1,0.014694,0.07684
12629,2,2_2,0.1,0.01521,0.077
12630,2,2_2,0.1,0.01715,0.07886
12631,2,2_2,0.1,0.0141,0.074
12632,2,2_2,0.1,0.01797,0.0773
12633,2,2_2,0.1,0.02391,0.0789
12634,2,2_2,0.1,0.01248,0.0813
12635,2,2_2,0.1,0.01443,0.0794
12636,2,2_2,0.1,0.01668,0.0742
12637,2,2_2,0.1,0.01654,0.07367
12638,2,2_2,0.1,0.02118,0.07385
12639,2,2_2,0.1,0.0172,0.08417
12640,2,2_2,0.1,0.01743,0.0724
12641,2,2_2,0.1,0.0131,0.0724
12642,2,2_2,0.1,0.01656,0.0728
12643,2,2_2,0.1,0.018,0.07074
12644,2,2_2,0.1,0.01859,0.0891
12645,2,2_2,0.1,0.0174,0.0699
12646,2,2_2,0.1,0.01869,0.06946
12647,2,2_2,0.1,0.01608,0.07367
12648,2,2_2,0.1,0.0182,0.07733
12649,2,2_2,0.1,0.01797,0.0704
12650,2,2_2,0.1,0.01596,0.083
12651,2,2_2,0.1,0.012886,0.069
12652,2,2_2,0.1,0.01654,0.07086
12653,2,2_2,0.1,0.01543,0.08185
12654,2,2_2,0.1,0.0201,0.07605
12655,2,2_2,0.1,0.02264,0.0791
12656,2,2_2,0.1,0.01788,0.0725
12657,2,2_2,0.1,0.01938,0.0752
12658,2,2_2,0.1,0.01477,0.07074
12659,2,2_2,0.1,0.01741,0.0874
12660,2,2_2,0.1,0.01958,0.08124
12661,2,2_2,0.1,0.0134,0.0754
12662,2,2_2,0.1,0.01607,0.07056
12663,2,2_2,0.1,0.01298,0.0704
12664,2,2_2,0.1,0.02167,0.07043
12665,2,2_2,0.1,0.0175,0.07214
12666,2,2_2,0.1,0.01973,0.0711
12667,2,2_2,0.1,0.02321,0.082
12668,2,2_2,0.1,0.01412,0.0848
12669,2,2_2,0.1,0.01727,0.1049
12670,2,2_2,0.1,0.01807,0.07294
12671,2,2_2,0.1,0.01692,0.06903
12672,2,2_2,0.1,0.02342,0.0757
12673,2,2_2,0.1,0.01909,0.0837
12674,2,2_2,0.1,0.01634,0.0739
12675,2,2_2,0.1,0.025,0.0988
12676,2,2_2,0.1,0.01607,0.0789
12677,2,2_2,0.1,0.01448,0.07806
12678,2,2_2,0.1,0.02017,0.1051
12679,2,2_2,0.1,0.01883,0.09033
12680,2,2_2,0.1,0.0192,0.0683
12681,2,2_2,0.1,0.01475,0.07935
12682,2,2_2,0.1,0.01258,0.0757
12683,2,2_2,0.1,0.02168,0.07245
12684,2,2_2,0.1,0.02112,0.0797
12685,2,2_2,0.1,0.01733,0.06976
12686,2,2_2,0.1,0.01613,0.077
12687,2,2_2,0.1,0.01625,0.07715
12688,2,2_2,0.1,0.01334,0.08203
12689,2,2_2,0.1,0.01752,0.08276
12690,2,2_2,0.1,0.01897,0.0729
12691,2,2_2,0.1,0.01694,0.0752
12692,2,2_2,0.1,0.01729,0.07245
12693,2,2_2,0.1,0.01415,0.07056
12694,2,2_2,0.1,0.02138,0.07605
12695,2,2_2,0.1,0.01282,0.072
12696,2,2_2,0.1,0.01614,0.07275
12697,2,2_2,0.1,0.01692,0.0712
12698,2,2_2,0.1,0.02184,0.07886
12699,2,2_2,0.1,0.01721,0.0766
12700,2,2_2,0.1,0.01895,0.07745
12701,2,2_2,0.1,0.0208,0.07983
12702,2,2_2,0.1,0.01768,0.07385
12703,2,2_2,0.1,0.0179,0.0714
12704,2,2_2,0.1,0.0172,0.08044
12705,2,2_2,0.1,0.01833,0.076
12706,2,2_2,0.1,0.02007,0.07025
12707,2,2_2,0.1,0.02354,0.075
12708,2,2_2,0.1,0.01488,0.07294
12709,2,2_2,0.1,0.01614,0.06964
12710,2,2_2,0.1,0.01793,0.07904
12711,2,2_2,0.1,0.01607,0.08
12712,2,2_2,0.1,0.02026,0.0727
12713,2,2_2,0.1,0.02249,0.07495
12714,2,2_2,0.1,0.0204,0.0737
12715,2,2_2,0.1,0.01971,0.0851
12716,2,2_2,0.1,0.01397,0.07947
12717,2,2_2,0.1,0.01595,0.0746
12718,2,2_2,0.1,0.02084,0.0722
12719,2,2_2,0.1,0.01689,0.09515
12720,2,2_2,0.1,0.01422,0.0748
12721,2,2_2,0.1,0.02104,0.0742
12722,2,2_2,0.1,0.01551,0.0778
12723,2,2_2,0.1,0.0217,0.07874
12724,2,2_2,0.1,0.0152,0.09015
12725,2,2_2,0.1,0.014595,0.0762
12726,2,2_2,0.1,0.01466,0.0826
12727,2,2_2,0.1,0.01642,0.0768
12728,2,2_2,0.1,0.01452,0.0706
12729,2,2_2,0.1,0.01707,0.0711
12730,2,2_2,0.1,0.0197,0.0772
12731,2,2_2,0.1,0.01472,0.071
12732,2,2_2,0.1,0.0175,0.0821
12733,2,2_2,0.1,0.01762,0.0755
12734,2,2_2,0.1,0.02188,0.07275
12735,2,2_2,0.1,0.01325,0.0753
12736,2,2_2,0.1,0.01747,0.0701
12737,2,2_2,0.1,0.01707,0.0811
12738,2,2_2,0.1,0.01585,0.0697
12739,2,2_2,0.1,0.01828,0.0763
12740,2,2_2,0.1,0.0168,0.09015
12741,2,2_2,0.1,0.01952,0.07074
12742,2,2_2,0.1,0.02396,0.0729
12743,2,2_2,0.1,0.01875,0.0716
12744,2,2_2,0.1,0.01862,0.07495
12745,2,2_2,0.1,0.01991,0.0706
12746,2,2_2,0.1,0.01407,0.10486
12747,2,2_2,0.1,0.01831,0.0794
12748,2,2_2,0.1,0.01614,0.0751
12749,2,2_2,0.1,0.01851,0.0782
12750,2,2_2,0.1,0.02664,0.0721
12751,2,2_2,0.1,0.01938,0.08136
12752,2,2_2,0.1,0.01663,0.0713
12753,2,2_2,0.1,0.024,0.07135
12754,2,2_2,0.1,0.01976,0.07446
12755,2,2_2,0.1,0.013664,0.07196
12756,2,2_2,0.1,0.01762,0.0812
12757,2,2_2,0.1,0.01531,0.0737
12758,2,2_2,0.1,0.014824,0.0712
12759,2,2_2,0.1,0.02063,0.0714
12760,2,2_2,0.1,0.0198,0.07263
12761,2,2_2,0.1,0.01697,0.0917
12762,2,2_2,0.1,0.01753,0.08124
12763,2,2_2,0.1,0.01904,0.0743
12764,2,2_2,0.1,0.01306,0.0762
12765,2,2_2,0.1,0.01875,0.07086
12766,2,2_2,0.1,0.014275,0.07294
12767,2,2_2,0.1,0.01735,0.07825
12768,2,2_2,0.1,0.01678,0.0753
12769,2,2_2,0.1,0.015495,0.07916
12770,2,2_2,0.1,0.01808,0.0793
12771,2,2_2,0.1,0.01587,0.0709
12772,2,2_2,0.1,0.01639,0.07996
12773,2,2_2,0.1,0.02126,0.07135
12774,2,2_2,0.1,0.022,0.07245
12775,2,2_2,0.1,0.01608,0.06866
12776,2,2_2,0.1,0.014595,0.0766
12777,2,2_2,0.1,0.01441,0.0738
12778,2,2_2,0.1,0.0206,0.0742
12779,2,2_2,0.1,0.0179,0.0771
12780,2,2_2,0.1,0.015144,0.0729
12781,2,2_2,0.1,0.02263,0.0721
12782,2,2_2,0.1,0.01903,0.0996
12783,2,2_2,0.1,0.0165,0.075
12784,2,2_2,0.1,0.02043,0.08624
12785,2,2_2,0.1,0.02138,0.0734
12786,2,2_2,0.1,0.01288,0.0724
12787,2,2_2,0.1,0.0179,0.07056
12788,2,2_2,0.1,0.01897,0.07
12789,2,2_2,0.1,0.02028,0.07104
12790,2,2_2,0.1,0.0157,0.07434
12791,2,2_2,0.1,0.02196,0.0772
12792,2,2_2,0.1,0.02559,0.07623
12793,2,2_2,0.1,0.0204,0.07
12794,2,2_2,0.1,0.01506,0.07104
12795,2,2_2,0.1,0.02666,0.07733
12796,2,2_2,0.1,0.02007,0.10925
12797,2,2_2,0.1,0.02036,0.0746
12798,2,2_2,0.1,0.01773,0.0731
12799,2,2_2,0.1,0.01807,0.08575
12800,2,2_2,0.1,0.0152,0.07104
12801,2,2_2,0.1,0.0163,0.0803
12802,2,2_2,0.1,0.0186,0.07196
12803,2,2_2,0.1,0.01502,0.0708
12804,2,2_2,0.1,0.01894,0.0757
12805,2,2_2,0.1,0.01695,0.06964
12806,2,2_2,0.1,0.0159,0.0866
12807,2,2_2,0.1,0.02249,0.0745
12808,2,2_2,0.1,0.01988,0.0754
12809,2,2_2,0.1,0.02048,0.0697
12810,2,2_2,0.1,0.01564,0.0714
12811,2,2_2,0.1,0.02364,0.07416
12812,2,2_2,0.1,0.02074,0.07355
12813,2,2_2,0.1,0.0174,0.0713
12814,2,2_2,0.1,0.01558,0.0754
12815,2,2_2,0.1,0.01903,0.07837
12816,2,2_2,0.1,0.013695,0.0839
12817,2,2_2,0.1,0.01459,0.0726
12818,2,2_2,0.1,0.01811,0.0738
12819,2,2_2,0.1,0.01776,0.0722
12820,2,2_2,0.1,0.01846,0.0788
12821,2,2_2,0.1,0.01732,0.0728
12822,2,2_2,0.1,0.01804,0.0725
12823,2,2_2,0.1,0.01744,0.0728
12824,2,2_2,0.1,0.02249,0.07214
12825,2,2_2,0.1,0.014175,0.07684
12826,2,2_2,0.1,0.01508,0.0732
12827,2,2_2,0.1,0.01518,0.0722
12828,2,2_2,0.1,0.012474,0.07135
12829,2,2_2,0.1,0.015114,0.07025
12830,2,2_2,0.1,0.02255,0.07275
12831,2,2_2,0.1,0.02042,0.07367
12832,2,2_2,0.1,0.01833,0.078
12833,2,2_2,0.1,0.01608,0.07104
12834,2,2_2,0.1,0.01507,0.0744
12835,2,2_2,0.1,0.01788,0.07733
12836,2,2_2,0.1,0.01866,0.0898
12837,2,2_2,0.1,0.011856,0.0709
12838,2,2_2,0.1,0.02223,0.07385
12839,2,2_2,0.1,0.0175,0.0755
12840,2,2_2,0.1,0.02043,0.0841
12841,2,2_2,0.1,0.013435,0.07275
12842,2,2_2,0.1,0.01089,0.0703
12843,2,2_2,0.1,0.01593,0.0716
12844,2,2_2,0.1,0.016,0.0726
12845,2,2_2,0.1,0.01996,0.07227
12846,2,2_2,0.1,0.01756,0.0756
12847,2,2_2,0.1,0.018,0.0722
12848,2,2_2,0.1,0.01787,0.0921
12849,2,2_2,0.1,0.02086,0.0762
12850,2,2_2,0.1,0.01817,0.0761
12851,2,2_2,0.1,0.0244,0.0708
12852,2,2_2,0.1,0.01567,0.07635
12853,2,2_2,0.1,0.01811,0.07666
12854,2,2_2,0.1,0.01947,0.07104
12855,2,2_2,0.1,0.01663,0.07
12856,2,2_2,0.1,0.01721,0.0769
12857,2,2_2,0.1,0.0163,0.08167
12858,2,2_2,0.1,0.02065,0.0763
12859,2,2_2,0.1,0.01643,0.07367
12860,2,2_2,0.1,0.01721,0.0891
12861,2,2_2,0.1,0.02974,0.0793
12862,2,2_2,0.1,0.01816,0.07745
12863,2,2_2,0.1,0.01399,0.0699
12864,2,2_2,0.1,0.01668,0.0698
12865,2,2_2,0.1,0.02252,0.07263
12866,2,2_2,0.1,0.01688,0.0738
12867,2,2_2,0.1,0.02045,0.0847
12868,2,2_2,0.1,0.01378,0.0719
12869,2,2_2,0.1,0.015114,0.072
12870,2,2_2,0.1,0.01572,0.0699
12871,2,2_2,0.1,0.01738,0.0746
12872,2,2_2,0.1,0.01883,0.0774
12873,2,2_2,0.1,0.01857,0.0814
12874,2,2_2,0.1,0.01651,0.07916
12875,2,2_2,0.1,0.01348,0.0787
12876,2,2_2,0.1,0.0241,0.1048
12877,2,2_2,0.1,0.01418,0.0778
12878,2,2_2,0.1,0.01359,0.07697
12879,2,2_2,0.1,0.015045,0.0799
12880,2,2_2,0.1,0.01192,0.0749
12881,2,2_2,0.1,0.01543,0.0693
12882,2,2_2,0.1,0.01666,0.07214
12883,2,2_2,0.1,0.01782,0.0786
12884,2,2_2,0.1,0.01512,0.0808
12885,2,2_2,0.1,0.01634,0.0694
12886,2,2_2,0.1,0.01656,0.0705
12887,2,2_2,0.1,0.01467,0.07025
12888,2,2_2,0.1,0.01646,0.0718
12889,2,2_2,0.1,0.01799,0.0716
12890,2,2_2,0.1,0.02339,0.0721
12891,2,2_2,0.1,0.02068,0.06946
12892,2,2_2,0.1,0.01657,0.07245
12893,2,2_2,0.1,0.01688,0.0732
12894,2,2_2,0.1,0.01912,0.07025
12895,2,2_2,0.1,0.02263,0.0981
12896,2,2_2,0.1,0.01692,0.0738
12897,2,2_2,0.1,0.02126,0.07025
12898,2,2_2,0.1,0.01799,0.0769
12899,2,2_2,0.1,0.0164,0.07855
12900,2,2_2,0.1,0.01736,0.0958
12901,2,2_2,0.1,0.01567,0.08435
12902,2,2_2,0.1,0.01709,0.07416
12903,2,2_2,0.1,0.0188,0.0752
12904,2,2_2,0.1,0.01636,0.07245
12905,2,2_2,0.1,0.01892,0.081
12906,2,2_2,0.1,0.01785,0.08
12907,2,2_2,0.1,0.01349,0.07355
12908,2,2_2,0.1,0.01428,0.0776
12909,2,2_2,0.1,0.02386,0.0719
12910,2,2_2,0.1,0.01281,0.0728
12911,2,2_2,0.1,0.0177,0.0715
12912,2,2_2,0.1,0.01376,0.07635
12913,2,2_2,0.1,0.0183,0.0834
12914,2,2_2,0.1,0.01717,0.076
12915,2,2_2,0.1,0.0206,0.087
12916,2,2_2,0.1,0.011505,0.0731
12917,2,2_2,0.1,0.01807,0.07526
12918,2,2_2,0.1,0.01677,0.078
12919,2,2_2,0.1,0.0188,0.0797
12920,2,2_2,0.1,0.02051,0.0761
12921,2,2_2,0.1,0.0165,0.07056
12922,2,2_2,0.1,0.01613,0.0694
12923,2,2_2,0.1,0.01657,0.0704
12924,2,2_2,0.1,0.01534,0.07465
12925,2,2_2,0.1,0.01593,0.0771
12926,2,2_2,0.1,0.01848,0.07306
12927,2,2_2,0.1,0.01732,0.0705
12928,2,2_2,0.1,0.01653,0.0794
12929,2,2_2,0.1,0.01953,0.08295
12930,2,2_2,0.1,0.01901,0.07104
12931,2,2_2,0.1,0.02153,0.0741
12932,2,2_2,0.1,0.01921,0.0809
12933,2,2_2,0.1,0.01747,0.07623
12934,2,2_2,0.1,0.01522,0.0807
12935,2,2_2,0.1,0.0182,0.0711
12936,2,2_2,0.1,0.01636,0.0696
12937,2,2_2,0.1,0.02463,0.08875
12938,2,2_2,0.1,0.01663,0.08075
12939,2,2_2,0.1,0.01454,0.0737
12940,2,2_2,0.1,0.0215,0.0714
12941,2,2_2,0.1,0.01482,0.0897
12942,2,2_2,0.1,0.01627,0.09015
12943,2,2_2,0.1,0.01859,0.0713
12944,2,2_2,0.1,0.01752,0.0826
12945,2,2_2,0.1,0.014465,0.0706
12946,2,2_2,0.1,0.02472,0.0772
12947,2,2_2,0.1,0.01672,0.0723
12948,2,2_2,0.1,0.01962,0.069
12949,2,2_2,0.1,0.0228,0.0701
12950,2,2_2,0.1,0.01547,0.0724
12951,2,2_2,0.1,0.0179,0.0739
12952,2,2_2,0.1,0.01889,0.10986
12953,2,2_2,0.1,0.01756,0.0708
12954,2,2_2,0.1,0.01276,0.07117
12955,2,2_2,0.1,0.01441,0.0763
12956,2,2_2,0.1,0.014885,0.0735
12957,2,2_2,0.1,0.022,0.07336
12958,2,2_2,0.1,0.01421,0.0761
12959,2,2_2,0.1,0.0242,0.0738
12960,2,2_2,0.1,0.01562,0.0715
12961,2,2_2,0.1,0.02077,0.0844
12962,2,2_2,0.1,0.01255,0.0723
12963,2,2_2,0.1,0.01689,0.07086
12964,2,2_2,0.1,0.01686,0.09106
12965,2,2_2,0.1,0.01536,0.0799
12966,2,2_2,0.1,0.01823,0.0902
12967,2,2_2,0.1,0.01646,0.0711
12968,2,2_2,0.1,0.02495,0.0717
12969,2,2_2,0.1,0.0176,0.08704
12970,2,2_2,0.1,0.02025,0.0811
12971,2,2_2,0.1,0.02138,0.0748
12972,2,2_2,0.1,0.02695,0.07983
12973,2,2_2,0.1,0.01461,0.07263
12974,2,2_2,0.1,0.02203,0.0859
12975,2,2_2,0.1,0.0131,0.0733
12976,2,2_2,0.1,0.01379,0.07697
12977,2,2_2,0.1,0.015205,0.07184
12978,2,2_2,0.1,0.01794,0.07196
12979,2,2_2,0.1,0.01607,0.0744
12980,2,2_2,0.1,0.02979,0.0896
12981,2,2_2,0.1,0.01605,0.07104
12982,2,2_2,0.1,0.01595,0.071
12983,2,2_2,0.1,0.0162,0.07324
12984,2,2_2,0.1,0.01784,0.0742
12985,2,2_2,0.1,0.02536,0.0752
12986,2,2_2,0.1,0.0228,0.09906
12987,2,2_2,0.1,0.01955,0.0743
12988,2,2_2,0.1,0.01625,0.07446
12989,2,2_2,0.1,0.01634,0.07025
12990,2,2_2,0.1,0.0201,0.0763
12991,2,2_2,0.1,0.0152,0.1003
12992,2,2_2,0.1,0.01345,0.07
12993,2,2_2,0.1,0.01791,0.0711
12994,2,2_2,0.1,0.01552,0.0709
12995,2,2_2,0.1,0.01881,0.071
12996,2,2_2,0.1,0.02382,0.07025
12997,2,2_2,0.1,0.01997,0.0748
12998,2,2_2,0.1,0.02054,0.0727
12999,2,2_2,0.1,0.02113,0.07294
13000,2,2_2,0.2,0.01692,0.0713
13001,2,2_2,0.2,0.02003,0.093
13002,2,2_2,0.2,0.02423,0.07526
13003,2,2_2,0.2,0.0259,0.0826
13004,2,2_2,0.2,0.02411,0.0884
13005,2,2_2,0.2,0.02254,0.1177
13006,2,2_2,0.2,0.01956,0.072
13007,2,2_2,0.2,0.0181,0.0707
13008,2,2_2,0.2,0.01761,0.0776
13009,2,2_2,0.2,0.0202,0.0859
13010,2,2_2,0.2,0.0211,0.0754
13011,2,2_2,0.2,0.01729,0.07324
13012,2,2_2,0.2,0.01802,0.0922
13013,2,2_2,0.2,0.02039,0.06903
13014,2,2_2,0.2,0.01872,0.09174
13015,2,2_2,0.2,0.01833,0.0829
13016,2,2_2,0.2,0.01816,0.08325
13017,2,2_2,0.2,0.0243,0.0823
13018,2,2_2,0.2,0.02258,0.07263
13019,2,2_2,0.2,0.02081,0.082
13020,2,2_2,0.2,0.02133,0.07623
13021,2,2_2,0.2,0.02087,0.0797
13022,2,2_2,0.2,0.02983,0.0793
13023,2,2_2,0.2,0.02669,0.0859
13024,2,2_2,0.2,0.02129,0.07764
13025,2,2_2,0.2,0.01688,0.0753
13026,2,2_2,0.2,0.02962,0.06885
13027,2,2_2,0.2,0.01903,0.08185
13028,2,2_2,0.2,0.0189,0.07025
13029,2,2_2,0.2,0.02344,0.0939
13030,2,2_2,0.2,0.02374,0.07074
13031,2,2_2,0.2,0.01915,0.0871
13032,2,2_2,0.2,0.0187,0.09656
13033,2,2_2,0.2,0.02692,0.09814
13034,2,2_2,0.2,0.02194,0.08624
13035,2,2_2,0.2,0.023,0.0835
13036,2,2_2,0.2,0.0197,0.07117
13037,2,2_2,0.2,0.02245,0.0806
13038,2,2_2,0.2,0.02155,0.0773
13039,2,2_2,0.2,0.0281,0.07306
13040,2,2_2,0.2,0.01846,0.07855
13041,2,2_2,0.2,0.023,0.0749
13042,2,2_2,0.2,0.02324,0.0854
13043,2,2_2,0.2,0.01653,0.0712
13044,2,2_2,0.2,0.0277,0.0793
13045,2,2_2,0.2,0.02122,0.06866
13046,2,2_2,0.2,0.02931,0.07605
13047,2,2_2,0.2,0.032,0.08044
13048,2,2_2,0.2,0.02666,0.08
13049,2,2_2,0.2,0.03078,0.07245
13050,2,2_2,0.2,0.02737,0.07855
13051,2,2_2,0.2,0.02385,0.086
13052,2,2_2,0.2,0.01907,0.0884
13053,2,2_2,0.2,0.02075,0.07056
13054,2,2_2,0.2,0.02057,0.08105
13055,2,2_2,0.2,0.01865,0.0771
13056,2,2_2,0.2,0.02483,0.0811
13057,2,2_2,0.2,0.0184,0.07495
13058,2,2_2,0.2,0.01941,0.08044
13059,2,2_2,0.2,0.02614,0.0789
13060,2,2_2,0.2,0.0207,0.07227
13061,2,2_2,0.2,0.02512,0.0834
13062,2,2_2,0.2,0.02548,0.0819
13063,2,2_2,0.2,0.02254,0.0778
13064,2,2_2,0.2,0.02394,0.0902
13065,2,2_2,0.2,0.0236,0.09625
13066,2,2_2,0.2,0.02542,0.08435
13067,2,2_2,0.2,0.02588,0.0824
13068,2,2_2,0.2,0.02269,0.0935
13069,2,2_2,0.2,0.01982,0.08246
13070,2,2_2,0.2,0.03598,0.0803
13071,2,2_2,0.2,0.02332,0.07245
13072,2,2_2,0.2,0.01936,0.0796
13073,2,2_2,0.2,0.0199,0.07837
13074,2,2_2,0.2,0.0236,0.1151
13075,2,2_2,0.2,0.02153,0.09564
13076,2,2_2,0.2,0.03165,0.0833
13077,2,2_2,0.2,0.02586,0.07904
13078,2,2_2,0.2,0.01779,0.0791
13079,2,2_2,0.2,0.01881,0.0753
13080,2,2_2,0.2,0.01965,0.0929
13081,2,2_2,0.2,0.01953,0.094
13082,2,2_2,0.2,0.02574,0.0841
13083,2,2_2,0.2,0.02338,0.0817
13084,2,2_2,0.2,0.01525,0.07996
13085,2,2_2,0.2,0.03232,0.07886
13086,2,2_2,0.2,0.02736,0.0798
13087,2,2_2,0.2,0.02805,0.11523
13088,2,2_2,0.2,0.02957,0.0736
13089,2,2_2,0.2,0.01901,0.08673
13090,2,2_2,0.2,0.034,0.0777
13091,2,2_2,0.2,0.023,0.08215
13092,2,2_2,0.2,0.02744,0.1015
13093,2,2_2,0.2,0.02048,0.08057
13094,2,2_2,0.2,0.01724,0.08453
13095,2,2_2,0.2,0.027,0.09204
13096,2,2_2,0.2,0.02574,0.1084
13097,2,2_2,0.2,0.02518,0.08026
13098,2,2_2,0.2,0.02031,0.0825
13099,2,2_2,0.2,0.023,0.0699
13100,2,2_2,0.2,0.02637,0.073
13101,2,2_2,0.2,0.02588,0.07446
13102,2,2_2,0.2,0.02737,0.0919
13103,2,2_2,0.2,0.0202,0.091
13104,2,2_2,0.2,0.02318,0.07275
13105,2,2_2,0.2,0.01965,0.09686
13106,2,2_2,0.2,0.03244,0.0994
13107,2,2_2,0.2,0.01842,0.07
13108,2,2_2,0.2,0.02368,0.0835
13109,2,2_2,0.2,0.02054,0.07666
13110,2,2_2,0.2,0.02301,0.1067
13111,2,2_2,0.2,0.01842,0.07983
13112,2,2_2,0.2,0.01501,0.0783
13113,2,2_2,0.2,0.01982,0.07227
13114,2,2_2,0.2,0.03038,0.08624
13115,2,2_2,0.2,0.02536,0.0746
13116,2,2_2,0.2,0.02167,0.0877
13117,2,2_2,0.2,0.02435,0.08484
13118,2,2_2,0.2,0.02173,0.0796
13119,2,2_2,0.2,0.02328,0.11053
13120,2,2_2,0.2,0.02655,0.0789
13121,2,2_2,0.2,0.01852,0.08105
13122,2,2_2,0.2,0.02873,0.08704
13123,2,2_2,0.2,0.01889,0.08246
13124,2,2_2,0.2,0.03403,0.0889
13125,2,2_2,0.2,0.02399,0.0831
13126,2,2_2,0.2,0.0168,0.0822
13127,2,2_2,0.2,0.0253,0.07294
13128,2,2_2,0.2,0.02744,0.07983
13129,2,2_2,0.2,0.02582,0.07385
13130,2,2_2,0.2,0.02309,0.0877
13131,2,2_2,0.2,0.03394,0.0899
13132,2,2_2,0.2,0.01724,0.0757
13133,2,2_2,0.2,0.0235,0.0897
13134,2,2_2,0.2,0.02313,0.0742
13135,2,2_2,0.2,0.02386,0.0786
13136,2,2_2,0.2,0.02693,0.08655
13137,2,2_2,0.2,0.03183,0.09204
13138,2,2_2,0.2,0.01794,0.0709
13139,2,2_2,0.2,0.0324,0.08636
13140,2,2_2,0.2,0.01945,0.0815
13141,2,2_2,0.2,0.02122,0.0977
13142,2,2_2,0.2,0.02475,0.0857
13143,2,2_2,0.2,0.02267,0.1003
13144,2,2_2,0.2,0.01677,0.0741
13145,2,2_2,0.2,0.01845,0.07196
13146,2,2_2,0.2,0.02513,0.0844
13147,2,2_2,0.2,0.02838,0.10724
13148,2,2_2,0.2,0.02534,0.08514
13149,2,2_2,0.2,0.0262,0.0757
13150,2,2_2,0.2,0.02188,0.0975
13151,2,2_2,0.2,0.01764,0.0784
13152,2,2_2,0.2,0.03394,0.07275
13153,2,2_2,0.2,0.02652,0.0731
13154,2,2_2,0.2,0.02963,0.08966
13155,2,2_2,0.2,0.02182,0.098
13156,2,2_2,0.2,0.02449,0.0797
13157,2,2_2,0.2,0.0309,0.0799
13158,2,2_2,0.2,0.02766,0.10596
13159,2,2_2,0.2,0.0186,0.076
13160,2,2_2,0.2,0.01608,0.0752
13161,2,2_2,0.2,0.02357,0.081
13162,2,2_2,0.2,0.032,0.09576
13163,2,2_2,0.2,0.01405,0.07367
13164,2,2_2,0.2,0.03062,0.0849
13165,2,2_2,0.2,0.02715,0.08264
13166,2,2_2,0.2,0.0215,0.108
13167,2,2_2,0.2,0.0171,0.0919
13168,2,2_2,0.2,0.02069,0.0889
13169,2,2_2,0.2,0.02786,0.09186
13170,2,2_2,0.2,0.02348,0.08484
13171,2,2_2,0.2,0.02943,0.09204
13172,2,2_2,0.2,0.02266,0.08923
13173,2,2_2,0.2,0.02492,0.0813
13174,2,2_2,0.2,0.02094,0.0823
13175,2,2_2,0.2,0.01944,0.0823
13176,2,2_2,0.2,0.03096,0.07965
13177,2,2_2,0.2,0.02032,0.0845
13178,2,2_2,0.2,0.03069,0.0787
13179,2,2_2,0.2,0.0172,0.07715
13180,2,2_2,0.2,0.02518,0.0886
13181,2,2_2,0.2,0.0262,0.0896
13182,2,2_2,0.2,0.02034,0.0811
13183,2,2_2,0.2,0.02249,0.0865
13184,2,2_2,0.2,0.02126,0.10175
13185,2,2_2,0.2,0.01941,0.07294
13186,2,2_2,0.2,0.0216,0.07605
13187,2,2_2,0.2,0.02043,0.0745
13188,2,2_2,0.2,0.0208,0.07947
13189,2,2_2,0.2,0.01839,0.085
13190,2,2_2,0.2,0.02414,0.0812
13191,2,2_2,0.2,0.02274,0.08276
13192,2,2_2,0.2,0.01598,0.0851
13193,2,2_2,0.2,0.02266,0.0748
13194,2,2_2,0.2,0.0227,0.08295
13195,2,2_2,0.2,0.02235,0.10175
13196,2,2_2,0.2,0.03052,0.09216
13197,2,2_2,0.2,0.02802,0.0985
13198,2,2_2,0.2,0.02396,0.07227
13199,2,2_2,0.2,0.01909,0.0848
13200,2,2_2,0.2,0.01918,0.0702
13201,2,2_2,0.2,0.0224,0.079
13202,2,2_2,0.2,0.02264,0.097
13203,2,2_2,0.2,0.02425,0.0857
13204,2,2_2,0.2,0.01622,0.07825
13205,2,2_2,0.2,0.03693,0.0927
13206,2,2_2,0.2,0.01884,0.0763
13207,2,2_2,0.2,0.02611,0.09845
13208,2,2_2,0.2,0.02151,0.0826
13209,2,2_2,0.2,0.02588,0.08124
13210,2,2_2,0.2,0.02032,0.0793
13211,2,2_2,0.2,0.03326,0.08295
13212,2,2_2,0.2,0.02649,0.0936
13213,2,2_2,0.2,0.02644,0.0892
13214,2,2_2,0.2,0.01852,0.0801
13215,2,2_2,0.2,0.02313,0.0886
13216,2,2_2,0.2,0.02087,0.0927
13217,2,2_2,0.2,0.02419,0.08545
13218,2,2_2,0.2,0.01932,0.0764
13219,2,2_2,0.2,0.02281,0.08215
13220,2,2_2,0.2,0.02248,0.0744
13221,2,2_2,0.2,0.02736,0.143
13222,2,2_2,0.2,0.03683,0.0856
13223,2,2_2,0.2,0.02621,0.08105
13224,2,2_2,0.2,0.0254,0.0966
13225,2,2_2,0.2,0.01903,0.0816
13226,2,2_2,0.2,0.01863,0.0724
13227,2,2_2,0.2,0.0271,0.07623
13228,2,2_2,0.2,0.02576,0.0826
13229,2,2_2,0.2,0.01779,0.07294
13230,2,2_2,0.2,0.02354,0.088
13231,2,2_2,0.2,0.0181,0.0776
13232,2,2_2,0.2,0.02632,0.08136
13233,2,2_2,0.2,0.0304,0.1
13234,2,2_2,0.2,0.01852,0.07477
13235,2,2_2,0.2,0.02097,0.07526
13236,2,2_2,0.2,0.0269,0.07385
13237,2,2_2,0.2,0.02097,0.0801
13238,2,2_2,0.2,0.01628,0.0833
13239,2,2_2,0.2,0.02293,0.0833
13240,2,2_2,0.2,0.01736,0.0736
13241,2,2_2,0.2,0.02013,0.108
13242,2,2_2,0.2,0.02637,0.07965
13243,2,2_2,0.2,0.02998,0.1031
13244,2,2_2,0.2,0.02315,0.07404
13245,2,2_2,0.2,0.02187,0.08984
13246,2,2_2,0.2,0.01318,0.08514
13247,2,2_2,0.2,0.0304,0.08386
13248,2,2_2,0.2,0.02275,0.07654
13249,2,2_2,0.2,0.02322,0.0864
13250,2,2_2,0.2,0.02145,0.106
13251,2,2_2,0.2,0.02977,0.0741
13252,2,2_2,0.2,0.0179,0.0776
13253,2,2_2,0.2,0.02852,0.07556
13254,2,2_2,0.2,0.03244,0.1042
13255,2,2_2,0.2,0.02438,0.0845
13256,2,2_2,0.2,0.02779,0.0813
13257,2,2_2,0.2,0.028,0.0847
13258,2,2_2,0.2,0.02597,0.07935
13259,2,2_2,0.2,0.02452,0.09174
13260,2,2_2,0.2,0.01494,0.08496
13261,2,2_2,0.2,0.03955,0.088
13262,2,2_2,0.2,0.02487,0.0773
13263,2,2_2,0.2,0.0194,0.0849
13264,2,2_2,0.2,0.02722,0.0902
13265,2,2_2,0.2,0.01886,0.07465
13266,2,2_2,0.2,0.01576,0.07263
13267,2,2_2,0.2,0.02606,0.08704
13268,2,2_2,0.2,0.02864,0.0779
13269,2,2_2,0.2,0.02876,0.09406
13270,2,2_2,0.2,0.01964,0.09656
13271,2,2_2,0.2,0.02052,0.0902
13272,2,2_2,0.2,0.02075,0.0841
13273,2,2_2,0.2,0.0218,0.0845
13274,2,2_2,0.2,0.02232,0.07227
13275,2,2_2,0.2,0.01915,0.08215
13276,2,2_2,0.2,0.02208,0.07306
13277,2,2_2,0.2,0.02185,0.06995
13278,2,2_2,0.2,0.02646,0.09357
13279,2,2_2,0.2,0.01895,0.07764
13280,2,2_2,0.2,0.03098,0.08105
13281,2,2_2,0.2,0.02232,0.0872
13282,2,2_2,0.2,0.01814,0.07874
13283,2,2_2,0.2,0.02133,0.0826
13284,2,2_2,0.2,0.0274,0.106
13285,2,2_2,0.2,0.03012,0.0855
13286,2,2_2,0.2,0.02206,0.0942
13287,2,2_2,0.2,0.0252,0.0746
13288,2,2_2,0.2,0.02199,0.0766
13289,2,2_2,0.2,0.02719,0.08636
13290,2,2_2,0.2,0.01895,0.10065
13291,2,2_2,0.2,0.0248,0.1029
13292,2,2_2,0.2,0.0275,0.08246
13293,2,2_2,0.2,0.0303,0.0921
13294,2,2_2,0.2,0.02272,0.07935
13295,2,2_2,0.2,0.0213,0.0897
13296,2,2_2,0.2,0.014145,0.0973
13297,2,2_2,0.2,0.02121,0.07654
13298,2,2_2,0.2,0.02106,0.0816
13299,2,2_2,0.2,0.01944,0.0796
13300,2,2_2,0.2,0.02434,0.0946
13301,2,2_2,0.2,0.01936,0.0849
13302,2,2_2,0.2,0.02527,0.0905
13303,2,2_2,0.2,0.01927,0.07306
13304,2,2_2,0.2,0.02087,0.1248
13305,2,2_2,0.2,0.02295,0.0933
13306,2,2_2,0.2,0.01868,0.08435
13307,2,2_2,0.2,0.02219,0.0834
13308,2,2_2,0.2,0.0218,0.0823
13309,2,2_2,0.2,0.02153,0.1158
13310,2,2_2,0.2,0.01888,0.0781
13311,2,2_2,0.2,0.01976,0.103
13312,2,2_2,0.2,0.01962,0.09735
13313,2,2_2,0.2,0.03036,0.088
13314,2,2_2,0.2,0.02779,0.08636
13315,2,2_2,0.2,0.02838,0.1071
13316,2,2_2,0.2,0.01779,0.0787
13317,2,2_2,0.2,0.01942,0.07306
13318,2,2_2,0.2,0.02043,0.0924
13319,2,2_2,0.2,0.03069,0.07904
13320,2,2_2,0.2,0.02138,0.12146
13321,2,2_2,0.2,0.02184,0.0795
13322,2,2_2,0.2,0.0281,0.08575
13323,2,2_2,0.2,0.01913,0.08167
13324,2,2_2,0.2,0.03116,0.09
13325,2,2_2,0.2,0.01782,0.0734
13326,2,2_2,0.2,0.01894,0.087
13327,2,2_2,0.2,0.0259,0.1067
13328,2,2_2,0.2,0.03061,0.0964
13329,2,2_2,0.2,0.02454,0.07776
13330,2,2_2,0.2,0.03543,0.0799
13331,2,2_2,0.2,0.01814,0.08606
13332,2,2_2,0.2,0.02414,0.0855
13333,2,2_2,0.2,0.015045,0.0748
13334,2,2_2,0.2,0.02472,0.09283
13335,2,2_2,0.2,0.0184,0.09143
13336,2,2_2,0.2,0.02768,0.0907
13337,2,2_2,0.2,0.0273,0.09607
13338,2,2_2,0.2,0.03026,0.1517
13339,2,2_2,0.2,0.02246,0.0872
13340,2,2_2,0.2,0.02013,0.0765
13341,2,2_2,0.2,0.01799,0.0811
13342,2,2_2,0.2,0.02838,0.0841
13343,2,2_2,0.2,0.02225,0.09753
13344,2,2_2,0.2,0.0221,0.09875
13345,2,2_2,0.2,0.0254,0.0794
13346,2,2_2,0.2,0.01843,0.08105
13347,2,2_2,0.2,0.01796,0.0905
13348,2,2_2,0.2,0.02646,0.0722
13349,2,2_2,0.2,0.02583,0.08075
13350,2,2_2,0.2,0.01662,0.079
13351,2,2_2,0.2,0.03099,0.0858
13352,2,2_2,0.2,0.02428,0.0823
13353,2,2_2,0.2,0.02263,0.0778
13354,2,2_2,0.2,0.02208,0.0792
13355,2,2_2,0.2,0.02371,0.0844
13356,2,2_2,0.2,0.0308,0.1016
13357,2,2_2,0.2,0.01605,0.0988
13358,2,2_2,0.2,0.02827,0.10504
13359,2,2_2,0.2,0.0214,0.0816
13360,2,2_2,0.2,0.0212,0.0827
13361,2,2_2,0.2,0.01834,0.0906
13362,2,2_2,0.2,0.01947,0.1011
13363,2,2_2,0.2,0.03705,0.08875
13364,2,2_2,0.2,0.01522,0.08844
13365,2,2_2,0.2,0.02805,0.09094
13366,2,2_2,0.2,0.02461,0.0907
13367,2,2_2,0.2,0.02219,0.088
13368,2,2_2,0.2,0.02354,0.0922
13369,2,2_2,0.2,0.025,0.08887
13370,2,2_2,0.2,0.02522,0.0858
13371,2,2_2,0.2,0.02249,0.09033
13372,2,2_2,0.2,0.02089,0.0955
13373,2,2_2,0.2,0.01823,0.0791
13374,2,2_2,0.2,0.02612,0.08417
13375,2,2_2,0.2,0.02083,0.07623
13376,2,2_2,0.2,0.02414,0.0999
13377,2,2_2,0.2,0.02946,0.0732
13378,2,2_2,0.2,0.02191,0.09015
13379,2,2_2,0.2,0.02504,0.0767
13380,2,2_2,0.2,0.02374,0.1006
13381,2,2_2,0.2,0.02945,0.07434
13382,2,2_2,0.2,0.02646,0.0871
13383,2,2_2,0.2,0.0223,0.0718
13384,2,2_2,0.2,0.0255,0.1086
13385,2,2_2,0.2,0.02133,0.07635
13386,2,2_2,0.2,0.02626,0.08325
13387,2,2_2,0.2,0.03308,0.10187
13388,2,2_2,0.2,0.02151,0.11163
13389,2,2_2,0.2,0.0163,0.07983
13390,2,2_2,0.2,0.01799,0.0952
13391,2,2_2,0.2,0.02875,0.08966
13392,2,2_2,0.2,0.02768,0.1205
13393,2,2_2,0.2,0.02779,0.09283
13394,2,2_2,0.2,0.02321,0.0938
13395,2,2_2,0.2,0.01788,0.0865
13396,2,2_2,0.2,0.02324,0.08594
13397,2,2_2,0.2,0.0234,0.0757
13398,2,2_2,0.2,0.0252,0.0858
13399,2,2_2,0.2,0.01514,0.0744
13400,2,2_2,0.2,0.02972,0.0879
13401,2,2_2,0.2,0.02013,0.08167
13402,2,2_2,0.2,0.0163,0.0845
13403,2,2_2,0.2,0.03183,0.1247
13404,2,2_2,0.2,0.02031,0.0878
13405,2,2_2,0.2,0.03117,0.0774
13406,2,2_2,0.2,0.02731,0.10895
13407,2,2_2,0.2,0.02118,0.10095
13408,2,2_2,0.2,0.02936,0.10583
13409,2,2_2,0.2,0.03317,0.0735
13410,2,2_2,0.2,0.01735,0.0937
13411,2,2_2,0.2,0.0195,0.09216
13412,2,2_2,0.2,0.01692,0.11597
13413,2,2_2,0.2,0.0332,0.09106
13414,2,2_2,0.2,0.01459,0.0829
13415,2,2_2,0.2,0.02838,0.0827
13416,2,2_2,0.2,0.02243,0.0909
13417,2,2_2,0.2,0.02834,0.10986
13418,2,2_2,0.2,0.02435,0.1098
13419,2,2_2,0.2,0.015434,0.0843
13420,2,2_2,0.2,0.02612,0.0833
13421,2,2_2,0.2,0.0341,0.1123
13422,2,2_2,0.2,0.01425,0.0758
13423,2,2_2,0.2,0.0259,0.09283
13424,2,2_2,0.2,0.02417,0.0905
13425,2,2_2,0.2,0.01874,0.0958
13426,2,2_2,0.2,0.02425,0.07513
13427,2,2_2,0.2,0.01794,0.086
13428,2,2_2,0.2,0.01778,0.09094
13429,2,2_2,0.2,0.02356,0.10077
13430,2,2_2,0.2,0.0279,0.08405
13431,2,2_2,0.2,0.01875,0.08844
13432,2,2_2,0.2,0.02477,0.0776
13433,2,2_2,0.2,0.02089,0.07666
13434,2,2_2,0.2,0.02403,0.07385
13435,2,2_2,0.2,0.02701,0.0838
13436,2,2_2,0.2,0.0198,0.0819
13437,2,2_2,0.2,0.01976,0.08044
13438,2,2_2,0.2,0.01746,0.07654
13439,2,2_2,0.2,0.02101,0.0851
13440,2,2_2,0.2,0.02222,0.079
13441,2,2_2,0.2,0.02275,0.11316
13442,2,2_2,0.2,0.02051,0.0951
13443,2,2_2,0.2,0.02002,0.08777
13444,2,2_2,0.2,0.02544,0.0749
13445,2,2_2,0.2,0.02675,0.082
13446,2,2_2,0.2,0.02722,0.0894
13447,2,2_2,0.2,0.02126,0.08215
13448,2,2_2,0.2,0.02267,0.07825
13449,2,2_2,0.2,0.02461,0.0763
13450,2,2_2,0.2,0.02612,0.0933
13451,2,2_2,0.2,0.02293,0.0918
13452,2,2_2,0.2,0.03455,0.09
13453,2,2_2,0.2,0.0209,0.10425
13454,2,2_2,0.2,0.02913,0.0973
13455,2,2_2,0.2,0.03525,0.0855
13456,2,2_2,0.2,0.03424,0.07965
13457,2,2_2,0.2,0.0266,0.11365
13458,2,2_2,0.2,0.01926,0.08417
13459,2,2_2,0.2,0.02173,0.0942
13460,2,2_2,0.2,0.02328,0.08606
13461,2,2_2,0.2,0.02533,0.1461
13462,2,2_2,0.2,0.02843,0.1135
13463,2,2_2,0.2,0.02243,0.07605
13464,2,2_2,0.2,0.02916,0.07275
13465,2,2_2,0.2,0.03207,0.09973
13466,2,2_2,0.2,0.02287,0.0737
13467,2,2_2,0.2,0.02715,0.0809
13468,2,2_2,0.2,0.02432,0.087
13469,2,2_2,0.2,0.02148,0.0721
13470,2,2_2,0.2,0.03488,0.082
13471,2,2_2,0.2,0.02168,0.10187
13472,2,2_2,0.2,0.01906,0.0895
13473,2,2_2,0.2,0.03183,0.0822
13474,2,2_2,0.2,0.03955,0.1008
13475,2,2_2,0.2,0.01897,0.12067
13476,2,2_2,0.2,0.03253,0.0912
13477,2,2_2,0.2,0.01845,0.0753
13478,2,2_2,0.2,0.02794,0.0834
13479,2,2_2,0.2,0.03528,0.0815
13480,2,2_2,0.2,0.03152,0.0905
13481,2,2_2,0.2,0.0272,0.09534
13482,2,2_2,0.2,0.02325,0.09186
13483,2,2_2,0.2,0.02963,0.08136
13484,2,2_2,0.2,0.03546,0.07855
13485,2,2_2,0.2,0.01932,0.07764
13486,2,2_2,0.2,0.02052,0.0735
13487,2,2_2,0.2,0.01785,0.08044
13488,2,2_2,0.2,0.03087,0.11273
13489,2,2_2,0.2,0.02846,0.098
13490,2,2_2,0.2,0.01917,0.07214
13491,2,2_2,0.2,0.02304,0.1048
13492,2,2_2,0.2,0.02368,0.07275
13493,2,2_2,0.2,0.02283,0.08203
13494,2,2_2,0.2,0.02815,0.0888
13495,2,2_2,0.2,0.02441,0.0848
13496,2,2_2,0.2,0.03108,0.0986
13497,2,2_2,0.2,0.02888,0.0799
13498,2,2_2,0.2,0.02194,0.095
13499,2,2_2,0.2,0.01822,0.092
13500,2,2_2,0.2,0.0186,0.0835
13501,2,2_2,0.2,0.01944,0.10486
13502,2,2_2,0.2,0.02267,0.0865
13503,2,2_2,0.2,0.02934,0.08276
13504,2,2_2,0.2,0.02893,0.078
13505,2,2_2,0.2,0.02054,0.0831
13506,2,2_2,0.2,0.02684,0.07965
13507,2,2_2,0.2,0.0272,0.086
13508,2,2_2,0.2,0.0235,0.0747
13509,2,2_2,0.2,0.02061,0.0824
13510,2,2_2,0.2,0.02176,0.0891
13511,2,2_2,0.2,0.0189,0.08356
13512,2,2_2,0.2,0.01906,0.0908
13513,2,2_2,0.2,0.02301,0.1
13514,2,2_2,0.2,0.02719,0.092
13515,2,2_2,0.2,0.0158,0.07556
13516,2,2_2,0.2,0.0218,0.07306
13517,2,2_2,0.2,0.01886,0.10114
13518,2,2_2,0.2,0.01859,0.1144
13519,2,2_2,0.2,0.01888,0.0932
13520,2,2_2,0.2,0.02281,0.0819
13521,2,2_2,0.2,0.02629,0.09424
13522,2,2_2,0.2,0.02666,0.08527
13523,2,2_2,0.2,0.027,0.08386
13524,2,2_2,0.2,0.03333,0.0839
13525,2,2_2,0.2,0.0259,0.0793
13526,2,2_2,0.2,0.02104,0.08105
13527,2,2_2,0.2,0.02733,0.10614
13528,2,2_2,0.2,0.03186,0.1152
13529,2,2_2,0.2,0.01794,0.0752
13530,2,2_2,0.2,0.02318,0.1021
13531,2,2_2,0.2,0.02188,0.07935
13532,2,2_2,0.2,0.017,0.08057
13533,2,2_2,0.2,0.0349,0.0706
13534,2,2_2,0.2,0.03427,0.1004
13535,2,2_2,0.2,0.02142,0.0787
13536,2,2_2,0.2,0.02617,0.07446
13537,2,2_2,0.2,0.02177,0.08167
13538,2,2_2,0.2,0.0178,0.0771
13539,2,2_2,0.2,0.02168,0.0856
13540,2,2_2,0.2,0.01872,0.07697
13541,2,2_2,0.2,0.0275,0.0788
13542,2,2_2,0.2,0.01952,0.08673
13543,2,2_2,0.2,0.0189,0.0993
13544,2,2_2,0.2,0.02185,0.0723
13545,2,2_2,0.2,0.01967,0.09534
13546,2,2_2,0.2,0.01894,0.07416
13547,2,2_2,0.2,0.015465,0.09607
13548,2,2_2,0.2,0.02132,0.0736
13549,2,2_2,0.2,0.03041,0.0882
13550,2,2_2,0.2,0.02196,0.083
13551,2,2_2,0.2,0.02266,0.0732
13552,2,2_2,0.2,0.02013,0.08167
13553,2,2_2,0.2,0.02126,0.08374
13554,2,2_2,0.2,0.0268,0.099
13555,2,2_2,0.2,0.02385,0.07074
13556,2,2_2,0.2,0.04004,0.0785
13557,2,2_2,0.2,0.02539,0.0865
13558,2,2_2,0.2,0.02147,0.0819
13559,2,2_2,0.2,0.02277,0.0713
13560,2,2_2,0.2,0.01848,0.11865
13561,2,2_2,0.2,0.0337,0.0794
13562,2,2_2,0.2,0.03232,0.0833
13563,2,2_2,0.2,0.03021,0.0923
13564,2,2_2,0.2,0.02277,0.08606
13565,2,2_2,0.2,0.01874,0.0748
13566,2,2_2,0.2,0.0252,0.10345
13567,2,2_2,0.2,0.02754,0.1221
13568,2,2_2,0.2,0.02292,0.0733
13569,2,2_2,0.2,0.02434,0.0741
13570,2,2_2,0.2,0.02164,0.1165
13571,2,2_2,0.2,0.02237,0.08563
13572,2,2_2,0.2,0.03107,0.0743
13573,2,2_2,0.2,0.02052,0.07825
13574,2,2_2,0.2,0.04004,0.09686
13575,2,2_2,0.2,0.03778,0.0843
13576,2,2_2,0.2,0.03363,0.0946
13577,2,2_2,0.2,0.02473,0.0829
13578,2,2_2,0.2,0.02214,0.0717
13579,2,2_2,0.2,0.02864,0.10254
13580,2,2_2,0.2,0.02345,0.0905
13581,2,2_2,0.2,0.02347,0.079
13582,2,2_2,0.2,0.01648,0.08124
13583,2,2_2,0.2,0.02379,0.0912
13584,2,2_2,0.2,0.02072,0.0804
13585,2,2_2,0.2,0.03607,0.0777
13586,2,2_2,0.2,0.02917,0.084
13587,2,2_2,0.2,0.02759,0.07367
13588,2,2_2,0.2,0.02109,0.08594
13589,2,2_2,0.2,0.02676,0.0748
13590,2,2_2,0.2,0.02936,0.07764
13591,2,2_2,0.2,0.0322,0.0794
13592,2,2_2,0.2,0.03017,0.0823
13593,2,2_2,0.2,0.0323,0.08905
13594,2,2_2,0.2,0.02066,0.07837
13595,2,2_2,0.2,0.01628,0.1146
13596,2,2_2,0.2,0.01917,0.0766
13597,2,2_2,0.2,0.02441,0.08655
13598,2,2_2,0.2,0.0188,0.0742
13599,2,2_2,0.2,0.02345,0.0998
13600,2,2_2,0.2,0.01764,0.07166
13601,2,2_2,0.2,0.01587,0.08954
13602,2,2_2,0.2,0.02954,0.1005
13603,2,2_2,0.2,0.02155,0.09656
13604,2,2_2,0.2,0.02596,0.0831
13605,2,2_2,0.2,0.0319,0.08124
13606,2,2_2,0.2,0.02998,0.0884
13607,2,2_2,0.2,0.0205,0.0826
13608,2,2_2,0.2,0.02782,0.1033
13609,2,2_2,0.2,0.03647,0.08624
13610,2,2_2,0.2,0.01895,0.0711
13611,2,2_2,0.2,0.02646,0.0984
13612,2,2_2,0.2,0.01508,0.0832
13613,2,2_2,0.2,0.02644,0.0908
13614,2,2_2,0.2,0.02834,0.086
13615,2,2_2,0.2,0.02266,0.0934
13616,2,2_2,0.2,0.02449,0.0731
13617,2,2_2,0.2,0.02219,0.0811
13618,2,2_2,0.2,0.03372,0.1027
13619,2,2_2,0.2,0.01651,0.0761
13620,2,2_2,0.2,0.01689,0.08344
13621,2,2_2,0.2,0.02348,0.1265
13622,2,2_2,0.2,0.02222,0.092
13623,2,2_2,0.2,0.0217,0.0779
13624,2,2_2,0.2,0.0238,0.10297
13625,2,2_2,0.2,0.01949,0.0702
13626,2,2_2,0.2,0.023,0.0805
13627,2,2_2,0.2,0.02757,0.0955
13628,2,2_2,0.2,0.02403,0.08374
13629,2,2_2,0.2,0.02484,0.0985
13630,2,2_2,0.2,0.0253,0.081
13631,2,2_2,0.2,0.01501,0.0887
13632,2,2_2,0.2,0.02177,0.08264
13633,2,2_2,0.2,0.0209,0.0885
13634,2,2_2,0.2,0.0192,0.0855
13635,2,2_2,0.2,0.02744,0.07513
13636,2,2_2,0.2,0.01683,0.08606
13637,2,2_2,0.2,0.03265,0.0936
13638,2,2_2,0.2,0.0266,0.0884
13639,2,2_2,0.2,0.01843,0.1011
13640,2,2_2,0.2,0.02554,0.0764
13641,2,2_2,0.2,0.01701,0.0943
13642,2,2_2,0.2,0.031,0.0729
13643,2,2_2,0.2,0.02327,0.07404
13644,2,2_2,0.2,0.0238,0.09454
13645,2,2_2,0.2,0.03041,0.0891
13646,2,2_2,0.2,0.02951,0.1296
13647,2,2_2,0.2,0.02293,0.08496
13648,2,2_2,0.2,0.02557,0.0825
13649,2,2_2,0.2,0.02335,0.0967
13650,2,2_2,0.2,0.01773,0.0935
13651,2,2_2,0.2,0.01613,0.10223
13652,2,2_2,0.2,0.02856,0.0786
13653,2,2_2,0.2,0.01814,0.0894
13654,2,2_2,0.2,0.02397,0.0775
13655,2,2_2,0.2,0.03065,0.0887
13656,2,2_2,0.2,0.02274,0.0891
13657,2,2_2,0.2,0.0368,0.07446
13658,2,2_2,0.2,0.01784,0.07837
13659,2,2_2,0.2,0.02777,0.0836
13660,2,2_2,0.2,0.02527,0.0821
13661,2,2_2,0.2,0.01659,0.07904
13662,2,2_2,0.2,0.0249,0.09576
13663,2,2_2,0.2,0.02022,0.08594
13664,2,2_2,0.2,0.03253,0.0994
13665,2,2_2,0.2,0.0268,0.09357
13666,2,2_2,0.2,0.03464,0.08154
13667,2,2_2,0.2,0.0209,0.08356
13668,2,2_2,0.2,0.02153,0.0768
13669,2,2_2,0.2,0.02141,0.0913
13670,2,2_2,0.2,0.02301,0.107
13671,2,2_2,0.2,0.02733,0.0721
13672,2,2_2,0.2,0.02177,0.0711
13673,2,2_2,0.2,0.03928,0.08655
13674,2,2_2,0.2,0.01714,0.09357
13675,2,2_2,0.2,0.02837,0.085
13676,2,2_2,0.2,0.0248,0.1332
13677,2,2_2,0.2,0.01912,0.0977
13678,2,2_2,0.2,0.0368,0.1223
13679,2,2_2,0.2,0.0313,0.09033
13680,2,2_2,0.2,0.02039,0.0747
13681,2,2_2,0.2,0.01755,0.0702
13682,2,2_2,0.2,0.013916,0.0906
13683,2,2_2,0.2,0.02881,0.0882
13684,2,2_2,0.2,0.03247,0.07294
13685,2,2_2,0.2,0.02295,0.1324
13686,2,2_2,0.2,0.02681,0.08997
13687,2,2_2,0.2,0.0252,0.1088
13688,2,2_2,0.2,0.01648,0.0927
13689,2,2_2,0.2,0.025,0.07947
13690,2,2_2,0.2,0.02142,0.0994
13691,2,2_2,0.2,0.02339,0.0723
13692,2,2_2,0.2,0.02187,0.07117
13693,2,2_2,0.2,0.02272,0.0874
13694,2,2_2,0.2,0.02226,0.07385
13695,2,2_2,0.2,0.01566,0.0725
13696,2,2_2,0.2,0.01785,0.0766
13697,2,2_2,0.2,0.02133,0.0834
13698,2,2_2,0.2,0.02437,0.075
13699,2,2_2,0.2,0.02275,0.07623
13700,2,2_2,0.2,0.01884,0.07324
13701,2,2_2,0.2,0.02423,0.0788
13702,2,2_2,0.2,0.02972,0.0802
13703,2,2_2,0.2,0.02846,0.0937
13704,2,2_2,0.2,0.01952,0.0787
13705,2,2_2,0.2,0.0377,0.1082
13706,2,2_2,0.2,0.02443,0.0938
13707,2,2_2,0.2,0.03595,0.07684
13708,2,2_2,0.2,0.02066,0.07794
13709,2,2_2,0.2,0.01938,0.07446
13710,2,2_2,0.2,0.02077,0.0947
13711,2,2_2,0.2,0.02022,0.08014
13712,2,2_2,0.2,0.03183,0.092
13713,2,2_2,0.2,0.03885,0.0734
13714,2,2_2,0.2,0.02332,0.07837
13715,2,2_2,0.2,0.02547,0.08215
13716,2,2_2,0.2,0.01994,0.082
13717,2,2_2,0.2,0.02267,0.11414
13718,2,2_2,0.2,0.02815,0.0826
13719,2,2_2,0.2,0.02704,0.0872
13720,2,2_2,0.2,0.02045,0.08545
13721,2,2_2,0.2,0.0224,0.08344
13722,2,2_2,0.2,0.02412,0.08777
13723,2,2_2,0.2,0.02612,0.09827
13724,2,2_2,0.2,0.02045,0.07526
13725,2,2_2,0.2,0.0235,0.0703
13726,2,2_2,0.2,0.02582,0.0801
13727,2,2_2,0.2,0.02606,0.08185
13728,2,2_2,0.2,0.01874,0.11725
13729,2,2_2,0.2,0.02272,0.0749
13730,2,2_2,0.2,0.02325,0.08777
13731,2,2_2,0.2,0.02203,0.1025
13732,2,2_2,0.2,0.03,0.119
13733,2,2_2,0.2,0.02748,0.0801
13734,2,2_2,0.2,0.02467,0.08636
13735,2,2_2,0.2,0.01403,0.07794
13736,2,2_2,0.2,0.02168,0.0755
13737,2,2_2,0.2,0.0204,0.08777
13738,2,2_2,0.2,0.02815,0.0931
13739,2,2_2,0.2,0.01927,0.0727
13740,2,2_2,0.2,0.01964,0.08563
13741,2,2_2,0.2,0.04224,0.08624
13742,2,2_2,0.2,0.0473,0.0823
13743,2,2_2,0.2,0.02118,0.079
13744,2,2_2,0.2,0.02234,0.09546
13745,2,2_2,0.2,0.03555,0.08966
13746,2,2_2,0.2,0.02345,0.09015
13747,2,2_2,0.2,0.02315,0.0852
13748,2,2_2,0.2,0.02306,0.08905
13749,2,2_2,0.2,0.02159,0.08435
13750,2,2_2,0.2,0.0322,0.0876
13751,2,2_2,0.2,0.02582,0.07654
13752,2,2_2,0.2,0.03111,0.10675
13753,2,2_2,0.2,0.02385,0.07294
13754,2,2_2,0.2,0.03192,0.07886
13755,2,2_2,0.2,0.01833,0.0788
13756,2,2_2,0.2,0.03427,0.11444
13757,2,2_2,0.2,0.02805,0.0864
13758,2,2_2,0.2,0.01918,0.0858
13759,2,2_2,0.2,0.0279,0.09064
13760,2,2_2,0.2,0.02826,0.0778
13761,2,2_2,0.2,0.02856,0.08746
13762,2,2_2,0.2,0.02548,0.10266
13763,2,2_2,0.2,0.02237,0.0853
13764,2,2_2,0.2,0.01791,0.07654
13765,2,2_2,0.2,0.02019,0.07745
13766,2,2_2,0.2,0.02351,0.0826
13767,2,2_2,0.2,0.03072,0.07904
13768,2,2_2,0.2,0.01926,0.11127
13769,2,2_2,0.2,0.03046,0.08777
13770,2,2_2,0.2,0.02707,0.09595
13771,2,2_2,0.2,0.02122,0.1173
13772,2,2_2,0.2,0.0221,0.0761
13773,2,2_2,0.2,0.0354,0.0734
13774,2,2_2,0.2,0.02135,0.08154
13775,2,2_2,0.2,0.01958,0.07806
13776,2,2_2,0.2,0.02544,0.0823
13777,2,2_2,0.2,0.01897,0.07947
13778,2,2_2,0.2,0.02821,0.08136
13779,2,2_2,0.2,0.02032,0.0819
13780,2,2_2,0.2,0.01787,0.07324
13781,2,2_2,0.2,0.02979,0.08673
13782,2,2_2,0.2,0.0343,0.10846
13783,2,2_2,0.2,0.02455,0.082
13784,2,2_2,0.2,0.02502,0.1218
13785,2,2_2,0.2,0.03041,0.08026
13786,2,2_2,0.2,0.01733,0.1149
13787,2,2_2,0.2,0.03217,0.0727
13788,2,2_2,0.2,0.0234,0.08215
13789,2,2_2,0.2,0.01927,0.0819
13790,2,2_2,0.2,0.01901,0.0846
13791,2,2_2,0.2,0.02216,0.0777
13792,2,2_2,0.2,0.04276,0.0924
13793,2,2_2,0.2,0.04065,0.0764
13794,2,2_2,0.2,0.02315,0.0929
13795,2,2_2,0.2,0.03146,0.07263
13796,2,2_2,0.2,0.036,0.1178
13797,2,2_2,0.2,0.02715,0.0864
13798,2,2_2,0.2,0.03485,0.08514
13799,2,2_2,0.2,0.0268,0.11127
13800,2,2_2,0.2,0.02518,0.07874
13801,2,2_2,0.2,0.03763,0.08704
13802,2,2_2,0.2,0.02151,0.0777
13803,2,2_2,0.2,0.0184,0.0779
13804,2,2_2,0.2,0.01772,0.08203
13805,2,2_2,0.2,0.02042,0.0734
13806,2,2_2,0.2,0.0185,0.0793
13807,2,2_2,0.2,0.0275,0.0814
13808,2,2_2,0.2,0.02411,0.08813
13809,2,2_2,0.2,0.02391,0.0855
13810,2,2_2,0.2,0.02754,0.0975
13811,2,2_2,0.2,0.0447,0.07587
13812,2,2_2,0.2,0.03387,0.0866
13813,2,2_2,0.2,0.02515,0.07526
13814,2,2_2,0.2,0.02577,0.09467
13815,2,2_2,0.2,0.03644,0.09094
13816,2,2_2,0.2,0.02287,0.091
13817,2,2_2,0.2,0.01807,0.08307
13818,2,2_2,0.2,0.02399,0.0886
13819,2,2_2,0.2,0.03375,0.09235
13820,2,2_2,0.2,0.0218,0.08154
13821,2,2_2,0.2,0.0297,0.09393
13822,2,2_2,0.2,0.02515,0.1021
13823,2,2_2,0.2,0.02016,0.0749
13824,2,2_2,0.2,0.03552,0.09094
13825,2,2_2,0.2,0.0176,0.0875
13826,2,2_2,0.2,0.02461,0.0837
13827,2,2_2,0.2,0.02396,0.0756
13828,2,2_2,0.2,0.014435,0.0769
13829,2,2_2,0.2,0.02692,0.09125
13830,2,2_2,0.2,0.02364,0.0815
13831,2,2_2,0.2,0.05167,0.07465
13832,2,2_2,0.2,0.02194,0.0867
13833,2,2_2,0.2,0.02206,0.0844
13834,2,2_2,0.2,0.01588,0.0841
13835,2,2_2,0.2,0.02243,0.1004
13836,2,2_2,0.2,0.01898,0.08246
13837,2,2_2,0.2,0.01646,0.08405
13838,2,2_2,0.2,0.02852,0.0871
13839,2,2_2,0.2,0.02269,0.0906
13840,2,2_2,0.2,0.03198,0.10614
13841,2,2_2,0.2,0.01471,0.07587
13842,2,2_2,0.2,0.01124,0.1074
13843,2,2_2,0.2,0.02908,0.08997
13844,2,2_2,0.2,0.01886,0.0737
13845,2,2_2,0.2,0.04276,0.097
13846,2,2_2,0.2,0.01901,0.0901
13847,2,2_2,0.2,0.02884,0.0814
13848,2,2_2,0.2,0.03342,0.0747
13849,2,2_2,0.2,0.03403,0.0959
13850,2,2_2,0.2,0.01993,0.10645
13851,2,2_2,0.2,0.02693,0.08203
13852,2,2_2,0.2,0.01834,0.091
13853,2,2_2,0.2,0.02296,0.08215
13854,2,2_2,0.2,0.03001,0.0789
13855,2,2_2,0.2,0.02509,0.0856
13856,2,2_2,0.2,0.02075,0.0862
13857,2,2_2,0.2,0.02255,0.0922
13858,2,2_2,0.2,0.02089,0.1078
13859,2,2_2,0.2,0.01741,0.0832
13860,2,2_2,0.2,0.03357,0.1003
13861,2,2_2,0.2,0.04123,0.11743
13862,2,2_2,0.2,0.02345,0.0826
13863,2,2_2,0.2,0.01575,0.0764
13864,2,2_2,0.2,0.01958,0.0795
13865,2,2_2,0.2,0.02968,0.0873
13866,2,2_2,0.2,0.0243,0.0828
13867,2,2_2,0.2,0.02019,0.1093
13868,2,2_2,0.2,0.02278,0.07336
13869,2,2_2,0.2,0.02348,0.0751
13870,2,2_2,0.2,0.02002,0.0763
13871,2,2_2,0.2,0.02603,0.0762
13872,2,2_2,0.2,0.02959,0.0907
13873,2,2_2,0.2,0.02287,0.0775
13874,2,2_2,0.2,0.02379,0.0781
13875,2,2_2,0.2,0.01947,0.1134
13876,2,2_2,0.2,0.02716,0.07684
13877,2,2_2,0.2,0.01488,0.0766
13878,2,2_2,0.2,0.01918,0.0786
13879,2,2_2,0.2,0.02745,0.085
13880,2,2_2,0.2,0.01314,0.0826
13881,2,2_2,0.2,0.02376,0.08215
13882,2,2_2,0.2,0.02205,0.08435
13883,2,2_2,0.2,0.02435,0.08813
13884,2,2_2,0.2,0.0213,0.0962
13885,2,2_2,0.2,0.01851,0.0746
13886,2,2_2,0.2,0.03226,0.0891
13887,2,2_2,0.2,0.0186,0.0729
13888,2,2_2,0.2,0.02203,0.0927
13889,2,2_2,0.2,0.02693,0.08105
13890,2,2_2,0.2,0.03723,0.0775
13891,2,2_2,0.2,0.02536,0.07837
13892,2,2_2,0.2,0.02715,0.07666
13893,2,2_2,0.2,0.01747,0.07776
13894,2,2_2,0.2,0.02567,0.08093
13895,2,2_2,0.2,0.03232,0.09436
13896,2,2_2,0.2,0.0197,0.0914
13897,2,2_2,0.2,0.0316,0.0864
13898,2,2_2,0.2,0.0329,0.0828
13899,2,2_2,0.2,0.02196,0.0826
13900,2,2_2,0.2,0.02495,0.07666
13901,2,2_2,0.2,0.01628,0.077
13902,2,2_2,0.2,0.02524,0.0826
13903,2,2_2,0.2,0.02652,0.07935
13904,2,2_2,0.2,0.02397,0.0753
13905,2,2_2,0.2,0.0238,0.0843
13906,2,2_2,0.2,0.02238,0.0781
13907,2,2_2,0.2,0.02025,0.0778
13908,2,2_2,0.2,0.0207,0.0742
13909,2,2_2,0.2,0.02173,0.0797
13910,2,2_2,0.2,0.01302,0.07916
13911,2,2_2,0.2,0.01872,0.0975
13912,2,2_2,0.2,0.01822,0.0876
13913,2,2_2,0.2,0.01959,0.09045
13914,2,2_2,0.2,0.02208,0.0846
13915,2,2_2,0.2,0.0263,0.07355
13916,2,2_2,0.2,0.01226,0.0924
13917,2,2_2,0.2,0.0351,0.07587
13918,2,2_2,0.2,0.02213,0.0823
13919,2,2_2,0.2,0.01889,0.07684
13920,2,2_2,0.2,0.03008,0.08264
13921,2,2_2,0.2,0.02916,0.0778
13922,2,2_2,0.2,0.02866,0.0822
13923,2,2_2,0.2,0.01656,0.07526
13924,2,2_2,0.2,0.02536,0.09937
13925,2,2_2,0.2,0.02359,0.0939
13926,2,2_2,0.2,0.02365,0.0869
13927,2,2_2,0.2,0.02853,0.10724
13928,2,2_2,0.2,0.0189,0.078
13929,2,2_2,0.2,0.02452,0.11163
13930,2,2_2,0.2,0.02467,0.0846
13931,2,2_2,0.2,0.0328,0.0734
13932,2,2_2,0.2,0.02005,0.09576
13933,2,2_2,0.2,0.02798,0.0805
13934,2,2_2,0.2,0.02304,0.07526
13935,2,2_2,0.2,0.03616,0.0836
13936,2,2_2,0.2,0.02333,0.10803
13937,2,2_2,0.2,0.03204,0.08374
13938,2,2_2,0.2,0.02837,0.1069
13939,2,2_2,0.2,0.01706,0.09937
13940,2,2_2,0.2,0.0208,0.0867
13941,2,2_2,0.2,0.0189,0.0798
13942,2,2_2,0.2,0.0217,0.0797
13943,2,2_2,0.2,0.02747,0.0797
13944,2,2_2,0.2,0.03044,0.09503
13945,2,2_2,0.2,0.02054,0.0836
13946,2,2_2,0.2,0.03174,0.0741
13947,2,2_2,0.2,0.0277,0.0728
13948,2,2_2,0.2,0.03864,0.0808
13949,2,2_2,0.2,0.02333,0.0968
13950,2,2_2,0.2,0.02438,0.0835
13951,2,2_2,0.2,0.03108,0.1017
13952,2,2_2,0.2,0.03284,0.0899
13953,2,2_2,0.2,0.02327,0.0872
13954,2,2_2,0.2,0.01465,0.0778
13955,2,2_2,0.2,0.0182,0.0848
13956,2,2_2,0.2,0.02034,0.08093
13957,2,2_2,0.2,0.02484,0.07196
13958,2,2_2,0.2,0.01842,0.082
13959,2,2_2,0.2,0.02237,0.0763
13960,2,2_2,0.2,0.02194,0.0982
13961,2,2_2,0.2,0.02553,0.0774
13962,2,2_2,0.2,0.01825,0.11237
13963,2,2_2,0.2,0.0232,0.07733
13964,2,2_2,0.2,0.03018,0.08136
13965,2,2_2,0.2,0.02017,0.09247
13966,2,2_2,0.2,0.02856,0.0822
13967,2,2_2,0.2,0.02519,0.07263
13968,2,2_2,0.2,0.02986,0.0801
13969,2,2_2,0.2,0.02351,0.0848
13970,2,2_2,0.2,0.02684,0.0925
13971,2,2_2,0.2,0.05283,0.0818
13972,2,2_2,0.2,0.03293,0.08936
13973,2,2_2,0.2,0.02287,0.0988
13974,2,2_2,0.2,0.03476,0.0822
13975,2,2_2,0.2,0.01778,0.0791
13976,2,2_2,0.2,0.02084,0.0884
13977,2,2_2,0.2,0.01947,0.08484
13978,2,2_2,0.2,0.0214,0.1077
13979,2,2_2,0.2,0.02824,0.0742
13980,2,2_2,0.2,0.0429,0.0858
13981,2,2_2,0.2,0.02213,0.0744
13982,2,2_2,0.2,0.02275,0.07446
13983,2,2_2,0.2,0.02026,0.0747
13984,2,2_2,0.2,0.03078,0.0964
13985,2,2_2,0.2,0.02716,0.0762
13986,2,2_2,0.2,0.03546,0.1068
13987,2,2_2,0.2,0.02135,0.08844
13988,2,2_2,0.2,0.03354,0.08215
13989,2,2_2,0.2,0.02165,0.07434
13990,2,2_2,0.2,0.0445,0.09106
13991,2,2_2,0.2,0.0215,0.08875
13992,2,2_2,0.2,0.01933,0.08746
13993,2,2_2,0.2,0.02267,0.0745
13994,2,2_2,0.2,0.03052,0.07855
13995,2,2_2,0.2,0.02472,0.0836
13996,2,2_2,0.2,0.04092,0.08276
13997,2,2_2,0.2,0.03065,0.0762
13998,2,2_2,0.2,0.02672,0.0909
13999,2,2_2,0.2,0.02087,0.0791
14000,2,2_2,0.3,0.02254,0.0868
14001,2,2_2,0.3,0.03032,0.08307
14002,2,2_2,0.3,0.02925,0.0877
14003,2,2_2,0.3,0.02507,0.1295
14004,2,2_2,0.3,0.02267,0.082
14005,2,2_2,0.3,0.02469,0.0992
14006,2,2_2,0.3,0.03137,0.1065
14007,2,2_2,0.3,0.02538,0.08185
14008,2,2_2,0.3,0.02878,0.09186
14009,2,2_2,0.3,0.03366,0.197
14010,2,2_2,0.3,0.02548,0.08575
14011,2,2_2,0.3,0.0214,0.0883
14012,2,2_2,0.3,0.02484,0.0858
14013,2,2_2,0.3,0.02267,0.0874
14014,2,2_2,0.3,0.02066,0.09875
14015,2,2_2,0.3,0.02284,0.09955
14016,2,2_2,0.3,0.02892,0.0846
14017,2,2_2,0.3,0.02934,0.1088
14018,2,2_2,0.3,0.03894,0.1237
14019,2,2_2,0.3,0.02454,0.1078
14020,2,2_2,0.3,0.02884,0.1248
14021,2,2_2,0.3,0.02237,0.096
14022,2,2_2,0.3,0.02536,0.08307
14023,2,2_2,0.3,0.03592,0.083
14024,2,2_2,0.3,0.0336,0.1106
14025,2,2_2,0.3,0.01637,0.07745
14026,2,2_2,0.3,0.02858,0.0993
14027,2,2_2,0.3,0.02658,0.0818
14028,2,2_2,0.3,0.02422,0.09015
14029,2,2_2,0.3,0.03983,0.09155
14030,2,2_2,0.3,0.0286,0.0893
14031,2,2_2,0.3,0.02553,0.0864
14032,2,2_2,0.3,0.02629,0.10913
14033,2,2_2,0.3,0.02893,0.1128
14034,2,2_2,0.3,0.02989,0.0771
14035,2,2_2,0.3,0.0306,0.08545
14036,2,2_2,0.3,0.02208,0.0851
14037,2,2_2,0.3,0.01842,0.0831
14038,2,2_2,0.3,0.04147,0.09125
14039,2,2_2,0.3,0.03078,0.07697
14040,2,2_2,0.3,0.03256,0.09674
14041,2,2_2,0.3,0.02905,0.10626
14042,2,2_2,0.3,0.03123,0.116
14043,2,2_2,0.3,0.02126,0.09753
14044,2,2_2,0.3,0.02821,0.0861
14045,2,2_2,0.3,0.02716,0.0905
14046,2,2_2,0.3,0.0455,0.08545
14047,2,2_2,0.3,0.03406,0.11115
14048,2,2_2,0.3,0.02338,0.1001
14049,2,2_2,0.3,0.0462,0.0875
14050,2,2_2,0.3,0.02869,0.10596
14051,2,2_2,0.3,0.03354,0.11005
14052,2,2_2,0.3,0.02428,0.07697
14053,2,2_2,0.3,0.03497,0.0861
14054,2,2_2,0.3,0.02649,0.0847
14055,2,2_2,0.3,0.02098,0.07666
14056,2,2_2,0.3,0.03397,0.1006
14057,2,2_2,0.3,0.01799,0.09283
14058,2,2_2,0.3,0.0201,0.108
14059,2,2_2,0.3,0.02933,0.0954
14060,2,2_2,0.3,0.03778,0.0943
14061,2,2_2,0.3,0.03906,0.1065
14062,2,2_2,0.3,0.0223,0.1385
14063,2,2_2,0.3,0.0224,0.096
14064,2,2_2,0.3,0.03577,0.086
14065,2,2_2,0.3,0.03217,0.1068
14066,2,2_2,0.3,0.0375,0.111
14067,2,2_2,0.3,0.02638,0.0966
14068,2,2_2,0.3,0.0245,0.09
14069,2,2_2,0.3,0.03513,0.1285
14070,2,2_2,0.3,0.0468,0.08167
14071,2,2_2,0.3,0.0343,0.103
14072,2,2_2,0.3,0.02145,0.0729
14073,2,2_2,0.3,0.02423,0.1531
14074,2,2_2,0.3,0.0382,0.07556
14075,2,2_2,0.3,0.02628,0.10144
14076,2,2_2,0.3,0.04233,0.1004
14077,2,2_2,0.3,0.02222,0.0752
14078,2,2_2,0.3,0.01865,0.0984
14079,2,2_2,0.3,0.03204,0.11633
14080,2,2_2,0.3,0.02574,0.0899
14081,2,2_2,0.3,0.02995,0.10443
14082,2,2_2,0.3,0.03085,0.0931
14083,2,2_2,0.3,0.0429,0.1251
14084,2,2_2,0.3,0.01854,0.0837
14085,2,2_2,0.3,0.0457,0.0857
14086,2,2_2,0.3,0.03111,0.0782
14087,2,2_2,0.3,0.0298,0.09766
14088,2,2_2,0.3,0.02051,0.1237
14089,2,2_2,0.3,0.03038,0.1372
14090,2,2_2,0.3,0.02934,0.1096
14091,2,2_2,0.3,0.0431,0.1098
14092,2,2_2,0.3,0.02948,0.0901
14093,2,2_2,0.3,0.02507,0.0813
14094,2,2_2,0.3,0.02557,0.1168
14095,2,2_2,0.3,0.02252,0.1262
14096,2,2_2,0.3,0.03705,0.0986
14097,2,2_2,0.3,0.028,0.10925
14098,2,2_2,0.3,0.0224,0.0835
14099,2,2_2,0.3,0.0224,0.07513
14100,2,2_2,0.3,0.03082,0.11346
14101,2,2_2,0.3,0.036,0.1115
14102,2,2_2,0.3,0.0256,0.09436
14103,2,2_2,0.3,0.03046,0.1125
14104,2,2_2,0.3,0.03558,0.0902
14105,2,2_2,0.3,0.0278,0.0782
14106,2,2_2,0.3,0.02922,0.09973
14107,2,2_2,0.3,0.03087,0.093
14108,2,2_2,0.3,0.01813,0.0775
14109,2,2_2,0.3,0.02155,0.09216
14110,2,2_2,0.3,0.02838,0.1149
14111,2,2_2,0.3,0.02475,0.095
14112,2,2_2,0.3,0.02237,0.0802
14113,2,2_2,0.3,0.03021,0.1039
14114,2,2_2,0.3,0.0286,0.09564
14115,2,2_2,0.3,0.02156,0.0952
14116,2,2_2,0.3,0.02538,0.09546
14117,2,2_2,0.3,0.02261,0.1059
14118,2,2_2,0.3,0.04514,0.08563
14119,2,2_2,0.3,0.02222,0.0708
14120,2,2_2,0.3,0.03796,0.1008
14121,2,2_2,0.3,0.02266,0.1095
14122,2,2_2,0.3,0.03854,0.11835
14123,2,2_2,0.3,0.03326,0.1074
14124,2,2_2,0.3,0.0329,0.10724
14125,2,2_2,0.3,0.02744,0.08136
14126,2,2_2,0.3,0.02008,0.098
14127,2,2_2,0.3,0.02837,0.0844
14128,2,2_2,0.3,0.03119,0.08435
14129,2,2_2,0.3,0.0345,0.07983
14130,2,2_2,0.3,0.03061,0.1255
14131,2,2_2,0.3,0.03308,0.07794
14132,2,2_2,0.3,0.01917,0.0937
14133,2,2_2,0.3,0.02559,0.0903
14134,2,2_2,0.3,0.02481,0.0739
14135,2,2_2,0.3,0.02306,0.08344
14136,2,2_2,0.3,0.0359,0.08026
14137,2,2_2,0.3,0.02716,0.08826
14138,2,2_2,0.3,0.02582,0.1021
14139,2,2_2,0.3,0.03568,0.11005
14140,2,2_2,0.3,0.02623,0.12115
14141,2,2_2,0.3,0.01907,0.10693
14142,2,2_2,0.3,0.03348,0.09314
14143,2,2_2,0.3,0.03177,0.09766
14144,2,2_2,0.3,0.0215,0.0894
14145,2,2_2,0.3,0.0305,0.09955
14146,2,2_2,0.3,0.03534,0.0831
14147,2,2_2,0.3,0.04468,0.0944
14148,2,2_2,0.3,0.02579,0.0903
14149,2,2_2,0.3,0.0316,0.0885
14150,2,2_2,0.3,0.0439,0.1119
14151,2,2_2,0.3,0.02583,0.0838
14152,2,2_2,0.3,0.0442,0.1442
14153,2,2_2,0.3,0.04193,0.11945
14154,2,2_2,0.3,0.02441,0.0751
14155,2,2_2,0.3,0.0366,0.0987
14156,2,2_2,0.3,0.0278,0.107
14157,2,2_2,0.3,0.0381,0.10596
14158,2,2_2,0.3,0.04156,0.1045
14159,2,2_2,0.3,0.0253,0.0894
14160,2,2_2,0.3,0.01727,0.10004
14161,2,2_2,0.3,0.02634,0.1177
14162,2,2_2,0.3,0.03726,0.09296
14163,2,2_2,0.3,0.02036,0.0893
14164,2,2_2,0.3,0.02911,0.08325
14165,2,2_2,0.3,0.02211,0.09076
14166,2,2_2,0.3,0.01917,0.0839
14167,2,2_2,0.3,0.02074,0.1028
14168,2,2_2,0.3,0.0243,0.0754
14169,2,2_2,0.3,0.0562,0.1175
14170,2,2_2,0.3,0.02748,0.1245
14171,2,2_2,0.3,0.02515,0.08765
14172,2,2_2,0.3,0.02422,0.1252
14173,2,2_2,0.3,0.02626,0.0883
14174,2,2_2,0.3,0.03012,0.10114
14175,2,2_2,0.3,0.02365,0.0986
14176,2,2_2,0.3,0.03052,0.09784
14177,2,2_2,0.3,0.02217,0.0854
14178,2,2_2,0.3,0.02568,0.09015
14179,2,2_2,0.3,0.02174,0.1027
14180,2,2_2,0.3,0.0272,0.1593
14181,2,2_2,0.3,0.0355,0.1001
14182,2,2_2,0.3,0.028,0.1003
14183,2,2_2,0.3,0.05093,0.0929
14184,2,2_2,0.3,0.03406,0.0966
14185,2,2_2,0.3,0.03047,0.0855
14186,2,2_2,0.3,0.04272,0.1004
14187,2,2_2,0.3,0.03625,0.0983
14188,2,2_2,0.3,0.0373,0.11884
14189,2,2_2,0.3,0.01907,0.107
14190,2,2_2,0.3,0.03705,0.11615
14191,2,2_2,0.3,0.02348,0.1362
14192,2,2_2,0.3,0.02428,0.1146
14193,2,2_2,0.3,0.02159,0.1008
14194,2,2_2,0.3,0.02994,0.09326
14195,2,2_2,0.3,0.02824,0.11017
14196,2,2_2,0.3,0.04074,0.1399
14197,2,2_2,0.3,0.0261,0.0897
14198,2,2_2,0.3,0.02354,0.0895
14199,2,2_2,0.3,0.02756,0.0908
14200,2,2_2,0.3,0.02109,0.08813
14201,2,2_2,0.3,0.03674,0.1166
14202,2,2_2,0.3,0.03268,0.0895
14203,2,2_2,0.3,0.03998,0.10724
14204,2,2_2,0.3,0.01709,0.09546
14205,2,2_2,0.3,0.0396,0.0897
14206,2,2_2,0.3,0.03177,0.0877
14207,2,2_2,0.3,0.03815,0.0874
14208,2,2_2,0.3,0.02812,0.0925
14209,2,2_2,0.3,0.02827,0.08966
14210,2,2_2,0.3,0.01837,0.0798
14211,2,2_2,0.3,0.02783,0.1001
14212,2,2_2,0.3,0.02873,0.1006
14213,2,2_2,0.3,0.0473,0.1043
14214,2,2_2,0.3,0.0261,0.0757
14215,2,2_2,0.3,0.0241,0.0871
14216,2,2_2,0.3,0.0262,0.08997
14217,2,2_2,0.3,0.0247,0.0798
14218,2,2_2,0.3,0.02025,0.09546
14219,2,2_2,0.3,0.02615,0.1298
14220,2,2_2,0.3,0.02612,0.07465
14221,2,2_2,0.3,0.034,0.09265
14222,2,2_2,0.3,0.02708,0.1003
14223,2,2_2,0.3,0.0319,0.10925
14224,2,2_2,0.3,0.02437,0.0883
14225,2,2_2,0.3,0.03503,0.1103
14226,2,2_2,0.3,0.01639,0.1192
14227,2,2_2,0.3,0.02946,0.0931
14228,2,2_2,0.3,0.04462,0.0983
14229,2,2_2,0.3,0.03073,0.1049
14230,2,2_2,0.3,0.02911,0.0871
14231,2,2_2,0.3,0.02954,0.11035
14232,2,2_2,0.3,0.03494,0.0944
14233,2,2_2,0.3,0.03284,0.1242
14234,2,2_2,0.3,0.03314,0.09064
14235,2,2_2,0.3,0.02998,0.1139
14236,2,2_2,0.3,0.02576,0.1289
14237,2,2_2,0.3,0.04614,0.1061
14238,2,2_2,0.3,0.02023,0.08563
14239,2,2_2,0.3,0.035,0.0953
14240,2,2_2,0.3,0.0308,0.083
14241,2,2_2,0.3,0.03488,0.1006
14242,2,2_2,0.3,0.03006,0.0876
14243,2,2_2,0.3,0.0397,0.08765
14244,2,2_2,0.3,0.02597,0.0989
14245,2,2_2,0.3,0.03952,0.09814
14246,2,2_2,0.3,0.01836,0.086
14247,2,2_2,0.3,0.04367,0.11194
14248,2,2_2,0.3,0.0355,0.0953
14249,2,2_2,0.3,0.02731,0.09155
14250,2,2_2,0.3,0.03983,0.1105
14251,2,2_2,0.3,0.02812,0.0947
14252,2,2_2,0.3,0.01837,0.0727
14253,2,2_2,0.3,0.042,0.0953
14254,2,2_2,0.3,0.04276,0.1207
14255,2,2_2,0.3,0.03079,0.0977
14256,2,2_2,0.3,0.03754,0.10895
14257,2,2_2,0.3,0.02635,0.0893
14258,2,2_2,0.3,0.0347,0.1008
14259,2,2_2,0.3,0.02786,0.1073
14260,2,2_2,0.3,0.02512,0.1469
14261,2,2_2,0.3,0.05246,0.0849
14262,2,2_2,0.3,0.03378,0.10693
14263,2,2_2,0.3,0.03906,0.0912
14264,2,2_2,0.3,0.02434,0.07983
14265,2,2_2,0.3,0.01697,0.102
14266,2,2_2,0.3,0.02222,0.082
14267,2,2_2,0.3,0.02986,0.1089
14268,2,2_2,0.3,0.02483,0.08185
14269,2,2_2,0.3,0.02855,0.0936
14270,2,2_2,0.3,0.02386,0.0881
14271,2,2_2,0.3,0.02509,0.11536
14272,2,2_2,0.3,0.03705,0.1384
14273,2,2_2,0.3,0.0309,0.1234
14274,2,2_2,0.3,0.03006,0.1164
14275,2,2_2,0.3,0.03656,0.09735
14276,2,2_2,0.3,0.0215,0.0871
14277,2,2_2,0.3,0.0342,0.104
14278,2,2_2,0.3,0.03857,0.1079
14279,2,2_2,0.3,0.0312,0.09796
14280,2,2_2,0.3,0.03093,0.0895
14281,2,2_2,0.3,0.0324,0.0836
14282,2,2_2,0.3,0.0324,0.08466
14283,2,2_2,0.3,0.02554,0.10406
14284,2,2_2,0.3,0.03214,0.0885
14285,2,2_2,0.3,0.02748,0.07996
14286,2,2_2,0.3,0.03583,0.0836
14287,2,2_2,0.3,0.02695,0.08765
14288,2,2_2,0.3,0.03827,0.11346
14289,2,2_2,0.3,0.02684,0.12256
14290,2,2_2,0.3,0.0271,0.09033
14291,2,2_2,0.3,0.02925,0.0781
14292,2,2_2,0.3,0.02988,0.0876
14293,2,2_2,0.3,0.02248,0.0797
14294,2,2_2,0.3,0.0294,0.0939
14295,2,2_2,0.3,0.0227,0.0783
14296,2,2_2,0.3,0.01634,0.1004
14297,2,2_2,0.3,0.02924,0.0968
14298,2,2_2,0.3,0.02977,0.1268
14299,2,2_2,0.3,0.02356,0.0878
14300,2,2_2,0.3,0.02731,0.11646
14301,2,2_2,0.3,0.0281,0.1079
14302,2,2_2,0.3,0.03662,0.08936
14303,2,2_2,0.3,0.03293,0.11597
14304,2,2_2,0.3,0.02939,0.0961
14305,2,2_2,0.3,0.02748,0.0972
14306,2,2_2,0.3,0.0297,0.12427
14307,2,2_2,0.3,0.02904,0.08734
14308,2,2_2,0.3,0.03085,0.0926
14309,2,2_2,0.3,0.02477,0.1171
14310,2,2_2,0.3,0.02225,0.08154
14311,2,2_2,0.3,0.02528,0.0886
14312,2,2_2,0.3,0.0361,0.091
14313,2,2_2,0.3,0.0348,0.0964
14314,2,2_2,0.3,0.03445,0.127
14315,2,2_2,0.3,0.0269,0.1403
14316,2,2_2,0.3,0.02126,0.0838
14317,2,2_2,0.3,0.02771,0.0864
14318,2,2_2,0.3,0.02463,0.12463
14319,2,2_2,0.3,0.02885,0.09973
14320,2,2_2,0.3,0.01979,0.0826
14321,2,2_2,0.3,0.03317,0.0981
14322,2,2_2,0.3,0.02095,0.0928
14323,2,2_2,0.3,0.02335,0.1021
14324,2,2_2,0.3,0.02518,0.0824
14325,2,2_2,0.3,0.02927,0.0849
14326,2,2_2,0.3,0.02563,0.0793
14327,2,2_2,0.3,0.02449,0.09845
14328,2,2_2,0.3,0.03934,0.1032
14329,2,2_2,0.3,0.03595,0.0909
14330,2,2_2,0.3,0.056,0.12244
14331,2,2_2,0.3,0.02376,0.10535
14332,2,2_2,0.3,0.02863,0.0888
14333,2,2_2,0.3,0.01875,0.0937
14334,2,2_2,0.3,0.03775,0.0878
14335,2,2_2,0.3,0.03168,0.08325
14336,2,2_2,0.3,0.02534,0.0878
14337,2,2_2,0.3,0.02228,0.08606
14338,2,2_2,0.3,0.0306,0.08795
14339,2,2_2,0.3,0.03625,0.11847
14340,2,2_2,0.3,0.02548,0.0877
14341,2,2_2,0.3,0.02531,0.0809
14342,2,2_2,0.3,0.03958,0.10156
14343,2,2_2,0.3,0.03647,0.1256
14344,2,2_2,0.3,0.03772,0.1046
14345,2,2_2,0.3,0.03125,0.1003
14346,2,2_2,0.3,0.02214,0.1058
14347,2,2_2,0.3,0.02353,0.10095
14348,2,2_2,0.3,0.03903,0.0923
14349,2,2_2,0.3,0.0345,0.097
14350,2,2_2,0.3,0.0181,0.0879
14351,2,2_2,0.3,0.04657,0.0817
14352,2,2_2,0.3,0.03445,0.0782
14353,2,2_2,0.3,0.03564,0.08405
14354,2,2_2,0.3,0.0197,0.08856
14355,2,2_2,0.3,0.02773,0.1098
14356,2,2_2,0.3,0.04004,0.10657
14357,2,2_2,0.3,0.02017,0.12134
14358,2,2_2,0.3,0.0277,0.0952
14359,2,2_2,0.3,0.02847,0.1205
14360,2,2_2,0.3,0.02722,0.0806
14361,2,2_2,0.3,0.03073,0.09204
14362,2,2_2,0.3,0.02641,0.09015
14363,2,2_2,0.3,0.03592,0.1294
14364,2,2_2,0.3,0.02356,0.0997
14365,2,2_2,0.3,0.02606,0.08545
14366,2,2_2,0.3,0.02649,0.1276
14367,2,2_2,0.3,0.03894,0.10034
14368,2,2_2,0.3,0.02924,0.10504
14369,2,2_2,0.3,0.03314,0.09064
14370,2,2_2,0.3,0.02309,0.09827
14371,2,2_2,0.3,0.03497,0.09406
14372,2,2_2,0.3,0.02489,0.0787
14373,2,2_2,0.3,0.02596,0.0983
14374,2,2_2,0.3,0.02904,0.10254
14375,2,2_2,0.3,0.03445,0.0886
14376,2,2_2,0.3,0.02768,0.0868
14377,2,2_2,0.3,0.0318,0.1183
14378,2,2_2,0.3,0.02306,0.106
14379,2,2_2,0.3,0.02585,0.08496
14380,2,2_2,0.3,0.02507,0.07935
14381,2,2_2,0.3,0.03793,0.10986
14382,2,2_2,0.3,0.02405,0.0974
14383,2,2_2,0.3,0.02742,0.1421
14384,2,2_2,0.3,0.03323,0.1104
14385,2,2_2,0.3,0.02719,0.0808
14386,2,2_2,0.3,0.04312,0.132
14387,2,2_2,0.3,0.03265,0.0929
14388,2,2_2,0.3,0.0266,0.1072
14389,2,2_2,0.3,0.01935,0.1038
14390,2,2_2,0.3,0.03134,0.0885
14391,2,2_2,0.3,0.02805,0.0985
14392,2,2_2,0.3,0.02231,0.08887
14393,2,2_2,0.3,0.04,0.12103
14394,2,2_2,0.3,0.02776,0.0849
14395,2,2_2,0.3,0.01825,0.096
14396,2,2_2,0.3,0.02296,0.0849
14397,2,2_2,0.3,0.0363,0.09467
14398,2,2_2,0.3,0.02934,0.0807
14399,2,2_2,0.3,0.01802,0.08514
14400,2,2_2,0.3,0.02805,0.10895
14401,2,2_2,0.3,0.02841,0.10486
14402,2,2_2,0.3,0.0213,0.08984
14403,2,2_2,0.3,0.02917,0.08905
14404,2,2_2,0.3,0.0327,0.1357
14405,2,2_2,0.3,0.052,0.1064
14406,2,2_2,0.3,0.04352,0.0983
14407,2,2_2,0.3,0.0298,0.0985
14408,2,2_2,0.3,0.03445,0.0889
14409,2,2_2,0.3,0.04102,0.09796
14410,2,2_2,0.3,0.02275,0.0991
14411,2,2_2,0.3,0.02133,0.094
14412,2,2_2,0.3,0.03296,0.0987
14413,2,2_2,0.3,0.02983,0.1056
14414,2,2_2,0.3,0.01654,0.0769
14415,2,2_2,0.3,0.02968,0.1048
14416,2,2_2,0.3,0.02074,0.0806
14417,2,2_2,0.3,0.0289,0.1039
14418,2,2_2,0.3,0.0338,0.09265
14419,2,2_2,0.3,0.0193,0.1043
14420,2,2_2,0.3,0.02708,0.1597
14421,2,2_2,0.3,0.0293,0.09827
14422,2,2_2,0.3,0.01877,0.0843
14423,2,2_2,0.3,0.02087,0.1176
14424,2,2_2,0.3,0.02437,0.10034
14425,2,2_2,0.3,0.02304,0.0894
14426,2,2_2,0.3,0.04065,0.1018
14427,2,2_2,0.3,0.02075,0.0957
14428,2,2_2,0.3,0.03035,0.1072
14429,2,2_2,0.3,0.02711,0.0745
14430,2,2_2,0.3,0.04395,0.08844
14431,2,2_2,0.3,0.01845,0.0956
14432,2,2_2,0.3,0.02905,0.08795
14433,2,2_2,0.3,0.02235,0.09143
14434,2,2_2,0.3,0.03235,0.1086
14435,2,2_2,0.3,0.03125,0.1042
14436,2,2_2,0.3,0.02501,0.1328
14437,2,2_2,0.3,0.02376,0.09094
14438,2,2_2,0.3,0.02696,0.0834
14439,2,2_2,0.3,0.03845,0.09406
14440,2,2_2,0.3,0.02232,0.07697
14441,2,2_2,0.3,0.04877,0.11615
14442,2,2_2,0.3,0.0351,0.09106
14443,2,2_2,0.3,0.02507,0.0823
14444,2,2_2,0.3,0.0504,0.09296
14445,2,2_2,0.3,0.04822,0.1107
14446,2,2_2,0.3,0.0382,0.0831
14447,2,2_2,0.3,0.03275,0.094
14448,2,2_2,0.3,0.03836,0.1109
14449,2,2_2,0.3,0.02452,0.1051
14450,2,2_2,0.3,0.043,0.1024
14451,2,2_2,0.3,0.04654,0.1115
14452,2,2_2,0.3,0.03653,0.0914
14453,2,2_2,0.3,0.02133,0.1105
14454,2,2_2,0.3,0.02924,0.1417
14455,2,2_2,0.3,0.03815,0.1058
14456,2,2_2,0.3,0.03525,0.0952
14457,2,2_2,0.3,0.03326,0.1027
14458,2,2_2,0.3,0.02737,0.1085
14459,2,2_2,0.3,0.0208,0.1128
14460,2,2_2,0.3,0.03192,0.08777
14461,2,2_2,0.3,0.042,0.0911
14462,2,2_2,0.3,0.0234,0.09827
14463,2,2_2,0.3,0.02086,0.1385
14464,2,2_2,0.3,0.0461,0.10516
14465,2,2_2,0.3,0.05194,0.11224
14466,2,2_2,0.3,0.03247,0.1088
14467,2,2_2,0.3,0.0345,0.09894
14468,2,2_2,0.3,0.03162,0.0931
14469,2,2_2,0.3,0.0318,0.1013
14470,2,2_2,0.3,0.04535,0.1065
14471,2,2_2,0.3,0.03745,0.08167
14472,2,2_2,0.3,0.03955,0.1067
14473,2,2_2,0.3,0.0265,0.09265
14474,2,2_2,0.3,0.03098,0.07916
14475,2,2_2,0.3,0.0326,0.0885
14476,2,2_2,0.3,0.02794,0.0904
14477,2,2_2,0.3,0.02583,0.1067
14478,2,2_2,0.3,0.03333,0.0926
14479,2,2_2,0.3,0.05157,0.08746
14480,2,2_2,0.3,0.0265,0.08356
14481,2,2_2,0.3,0.05148,0.08716
14482,2,2_2,0.3,0.0326,0.1652
14483,2,2_2,0.3,0.03546,0.09204
14484,2,2_2,0.3,0.04422,0.10187
14485,2,2_2,0.3,0.02165,0.08875
14486,2,2_2,0.3,0.03662,0.0938
14487,2,2_2,0.3,0.02917,0.091
14488,2,2_2,0.3,0.02638,0.1058
14489,2,2_2,0.3,0.0525,0.0968
14490,2,2_2,0.3,0.02399,0.0883
14491,2,2_2,0.3,0.02458,0.08923
14492,2,2_2,0.3,0.02359,0.09894
14493,2,2_2,0.3,0.02936,0.0763
14494,2,2_2,0.3,0.03302,0.0994
14495,2,2_2,0.3,0.02306,0.09296
14496,2,2_2,0.3,0.0477,0.1337
14497,2,2_2,0.3,0.04684,0.0936
14498,2,2_2,0.3,0.02654,0.11975
14499,2,2_2,0.3,0.02037,0.1074
14500,2,2_2,0.3,0.02805,0.1268
14501,2,2_2,0.3,0.03314,0.08325
14502,2,2_2,0.3,0.0342,0.0901
14503,2,2_2,0.3,0.04037,0.1082
14504,2,2_2,0.3,0.0293,0.0985
14505,2,2_2,0.3,0.0261,0.0768
14506,2,2_2,0.3,0.0401,0.10803
14507,2,2_2,0.3,0.02644,0.0869
14508,2,2_2,0.3,0.02808,0.0979
14509,2,2_2,0.3,0.03021,0.1085
14510,2,2_2,0.3,0.02933,0.08704
14511,2,2_2,0.3,0.02792,0.1119
14512,2,2_2,0.3,0.0347,0.0869
14513,2,2_2,0.3,0.04123,0.0911
14514,2,2_2,0.3,0.0243,0.07764
14515,2,2_2,0.3,0.02568,0.0943
14516,2,2_2,0.3,0.03638,0.1033
14517,2,2_2,0.3,0.02052,0.091
14518,2,2_2,0.3,0.02235,0.0987
14519,2,2_2,0.3,0.02353,0.1161
14520,2,2_2,0.3,0.02242,0.1062
14521,2,2_2,0.3,0.02538,0.1062
14522,2,2_2,0.3,0.03436,0.0884
14523,2,2_2,0.3,0.0349,0.104
14524,2,2_2,0.3,0.03592,0.0999
14525,2,2_2,0.3,0.02998,0.0918
14526,2,2_2,0.3,0.02258,0.0927
14527,2,2_2,0.3,0.02997,0.0947
14528,2,2_2,0.3,0.02727,0.0826
14529,2,2_2,0.3,0.02122,0.0803
14530,2,2_2,0.3,0.04315,0.1049
14531,2,2_2,0.3,0.02716,0.07666
14532,2,2_2,0.3,0.01875,0.1351
14533,2,2_2,0.3,0.05643,0.0818
14534,2,2_2,0.3,0.02856,0.09973
14535,2,2_2,0.3,0.02254,0.10474
14536,2,2_2,0.3,0.0268,0.111
14537,2,2_2,0.3,0.0271,0.1012
14538,2,2_2,0.3,0.02348,0.0933
14539,2,2_2,0.3,0.01938,0.0848
14540,2,2_2,0.3,0.0338,0.09686
14541,2,2_2,0.3,0.02373,0.101
14542,2,2_2,0.3,0.018,0.09015
14543,2,2_2,0.3,0.03078,0.1165
14544,2,2_2,0.3,0.03674,0.08325
14545,2,2_2,0.3,0.02202,0.1072
14546,2,2_2,0.3,0.02989,0.0845
14547,2,2_2,0.3,0.01797,0.07764
14548,2,2_2,0.3,0.03592,0.08167
14549,2,2_2,0.3,0.0465,0.0941
14550,2,2_2,0.3,0.02888,0.08685
14551,2,2_2,0.3,0.02364,0.08575
14552,2,2_2,0.3,0.02469,0.07715
14553,2,2_2,0.3,0.0414,0.1025
14554,2,2_2,0.3,0.02657,0.09216
14555,2,2_2,0.3,0.02881,0.0974
14556,2,2_2,0.3,0.03375,0.0774
14557,2,2_2,0.3,0.0354,0.1022
14558,2,2_2,0.3,0.02194,0.09
14559,2,2_2,0.3,0.02455,0.1229
14560,2,2_2,0.3,0.02464,0.0942
14561,2,2_2,0.3,0.03046,0.1094
14562,2,2_2,0.3,0.04602,0.099
14563,2,2_2,0.3,0.0423,0.1175
14564,2,2_2,0.3,0.03305,0.0968
14565,2,2_2,0.3,0.02356,0.0888
14566,2,2_2,0.3,0.0416,0.09595
14567,2,2_2,0.3,0.0293,0.10925
14568,2,2_2,0.3,0.02766,0.1549
14569,2,2_2,0.3,0.02296,0.0961
14570,2,2_2,0.3,0.02771,0.126
14571,2,2_2,0.3,0.04144,0.1249
14572,2,2_2,0.3,0.03104,0.1116
14573,2,2_2,0.3,0.0319,0.09033
14574,2,2_2,0.3,0.0582,0.1263
14575,2,2_2,0.3,0.0482,0.1076
14576,2,2_2,0.3,0.04742,0.08636
14577,2,2_2,0.3,0.03647,0.09796
14578,2,2_2,0.3,0.0422,0.0875
14579,2,2_2,0.3,0.02238,0.0964
14580,2,2_2,0.3,0.04233,0.1109
14581,2,2_2,0.3,0.02615,0.07837
14582,2,2_2,0.3,0.0164,0.0894
14583,2,2_2,0.3,0.02946,0.1005
14584,2,2_2,0.3,0.02376,0.1062
14585,2,2_2,0.3,0.0364,0.1263
14586,2,2_2,0.3,0.02565,0.07153
14587,2,2_2,0.3,0.03943,0.115
14588,2,2_2,0.3,0.03076,0.124
14589,2,2_2,0.3,0.04395,0.097
14590,2,2_2,0.3,0.04987,0.0969
14591,2,2_2,0.3,0.0331,0.0895
14592,2,2_2,0.3,0.0465,0.10297
14593,2,2_2,0.3,0.03001,0.1108
14594,2,2_2,0.3,0.02942,0.09125
14595,2,2_2,0.3,0.0246,0.08295
14596,2,2_2,0.3,0.02963,0.08813
14597,2,2_2,0.3,0.03473,0.09204
14598,2,2_2,0.3,0.0255,0.09393
14599,2,2_2,0.3,0.02821,0.0748
14600,2,2_2,0.3,0.02388,0.11005
14601,2,2_2,0.3,0.01637,0.0929
14602,2,2_2,0.3,0.0321,0.0871
14603,2,2_2,0.3,0.0277,0.11536
14604,2,2_2,0.3,0.04037,0.1318
14605,2,2_2,0.3,0.0243,0.0872
14606,2,2_2,0.3,0.04047,0.09247
14607,2,2_2,0.3,0.02383,0.0827
14608,2,2_2,0.3,0.02599,0.0959
14609,2,2_2,0.3,0.04214,0.0854
14610,2,2_2,0.3,0.02269,0.0837
14611,2,2_2,0.3,0.06055,0.0899
14612,2,2_2,0.3,0.02539,0.09265
14613,2,2_2,0.3,0.03958,0.09015
14614,2,2_2,0.3,0.02808,0.1157
14615,2,2_2,0.3,0.02008,0.0923
14616,2,2_2,0.3,0.02505,0.1055
14617,2,2_2,0.3,0.0376,0.1071
14618,2,2_2,0.3,0.04684,0.12256
14619,2,2_2,0.3,0.02103,0.11896
14620,2,2_2,0.3,0.01875,0.1421
14621,2,2_2,0.3,0.03522,0.07794
14622,2,2_2,0.3,0.03818,0.0899
14623,2,2_2,0.3,0.02094,0.0898
14624,2,2_2,0.3,0.04376,0.08923
14625,2,2_2,0.3,0.03198,0.08093
14626,2,2_2,0.3,0.043,0.0998
14627,2,2_2,0.3,0.03622,0.0877
14628,2,2_2,0.3,0.038,0.12476
14629,2,2_2,0.3,0.02998,0.0764
14630,2,2_2,0.3,0.02237,0.11176
14631,2,2_2,0.3,0.02187,0.083
14632,2,2_2,0.3,0.02924,0.0887
14633,2,2_2,0.3,0.03882,0.0879
14634,2,2_2,0.3,0.02267,0.09784
14635,2,2_2,0.3,0.02417,0.09485
14636,2,2_2,0.3,0.02214,0.07916
14637,2,2_2,0.3,0.04297,0.0929
14638,2,2_2,0.3,0.02968,0.0948
14639,2,2_2,0.3,0.02121,0.1042
14640,2,2_2,0.3,0.02351,0.0889
14641,2,2_2,0.3,0.0185,0.1034
14642,2,2_2,0.3,0.03041,0.0806
14643,2,2_2,0.3,0.03375,0.0922
14644,2,2_2,0.3,0.02286,0.1136
14645,2,2_2,0.3,0.03418,0.09265
14646,2,2_2,0.3,0.03452,0.0823
14647,2,2_2,0.3,0.03014,0.1029
14648,2,2_2,0.3,0.0288,0.09357
14649,2,2_2,0.3,0.04196,0.1265
14650,2,2_2,0.3,0.02254,0.08856
14651,2,2_2,0.3,0.01646,0.1271
14652,2,2_2,0.3,0.03067,0.1252
14653,2,2_2,0.3,0.0353,0.0934
14654,2,2_2,0.3,0.03232,0.09515
14655,2,2_2,0.3,0.03986,0.10175
14656,2,2_2,0.3,0.02539,0.1045
14657,2,2_2,0.3,0.0433,0.0953
14658,2,2_2,0.3,0.01729,0.08044
14659,2,2_2,0.3,0.02779,0.0953
14660,2,2_2,0.3,0.02846,0.0917
14661,2,2_2,0.3,0.02676,0.1112
14662,2,2_2,0.3,0.02069,0.0975
14663,2,2_2,0.3,0.02802,0.08563
14664,2,2_2,0.3,0.02643,0.1176
14665,2,2_2,0.3,0.02448,0.0969
14666,2,2_2,0.3,0.03757,0.09454
14667,2,2_2,0.3,0.03964,0.08484
14668,2,2_2,0.3,0.02335,0.0845
14669,2,2_2,0.3,0.04095,0.1096
14670,2,2_2,0.3,0.0364,0.1199
14671,2,2_2,0.3,0.03778,0.1
14672,2,2_2,0.3,0.0374,0.10657
14673,2,2_2,0.3,0.0406,0.10596
14674,2,2_2,0.3,0.0354,0.11414
14675,2,2_2,0.3,0.08026,0.08624
14676,2,2_2,0.3,0.03113,0.1149
14677,2,2_2,0.3,0.0289,0.09204
14678,2,2_2,0.3,0.0532,0.11237
14679,2,2_2,0.3,0.0478,0.09467
14680,2,2_2,0.3,0.02953,0.0808
14681,2,2_2,0.3,0.02164,0.08307
14682,2,2_2,0.3,0.02423,0.1071
14683,2,2_2,0.3,0.0385,0.0956
14684,2,2_2,0.3,0.0379,0.0894
14685,2,2_2,0.3,0.03308,0.0888
14686,2,2_2,0.3,0.02654,0.1017
14687,2,2_2,0.3,0.02522,0.10596
14688,2,2_2,0.3,0.01825,0.0917
14689,2,2_2,0.3,0.02913,0.1437
14690,2,2_2,0.3,0.02,0.0739
14691,2,2_2,0.3,0.02736,0.08325
14692,2,2_2,0.3,0.0364,0.1164
14693,2,2_2,0.3,0.0213,0.10504
14694,2,2_2,0.3,0.03714,0.12415
14695,2,2_2,0.3,0.02655,0.1096
14696,2,2_2,0.3,0.0252,0.0998
14697,2,2_2,0.3,0.04007,0.1356
14698,2,2_2,0.3,0.04214,0.1304
14699,2,2_2,0.3,0.03165,0.09106
14700,2,2_2,0.3,0.03543,0.1085
14701,2,2_2,0.3,0.03235,0.09845
14702,2,2_2,0.3,0.03986,0.09283
14703,2,2_2,0.3,0.03476,0.08826
14704,2,2_2,0.3,0.0235,0.0863
14705,2,2_2,0.3,0.03864,0.1004
14706,2,2_2,0.3,0.0405,0.0879
14707,2,2_2,0.3,0.03583,0.0886
14708,2,2_2,0.3,0.01845,0.0823
14709,2,2_2,0.3,0.03452,0.08765
14710,2,2_2,0.3,0.03099,0.0879
14711,2,2_2,0.3,0.03137,0.0915
14712,2,2_2,0.3,0.03012,0.1058
14713,2,2_2,0.3,0.0765,0.0981
14714,2,2_2,0.3,0.03088,0.0872
14715,2,2_2,0.3,0.03107,0.1209
14716,2,2_2,0.3,0.0374,0.0929
14717,2,2_2,0.3,0.03214,0.097
14718,2,2_2,0.3,0.02573,0.0925
14719,2,2_2,0.3,0.02673,0.08777
14720,2,2_2,0.3,0.02774,0.10144
14721,2,2_2,0.3,0.04257,0.096
14722,2,2_2,0.3,0.03497,0.082
14723,2,2_2,0.3,0.03442,0.11285
14724,2,2_2,0.3,0.03195,0.0982
14725,2,2_2,0.3,0.03,0.1164
14726,2,2_2,0.3,0.02621,0.08575
14727,2,2_2,0.3,0.02444,0.07605
14728,2,2_2,0.3,0.02373,0.09576
14729,2,2_2,0.3,0.02934,0.0797
14730,2,2_2,0.3,0.02626,0.0884
14731,2,2_2,0.3,0.02533,0.1328
14732,2,2_2,0.3,0.02797,0.09546
14733,2,2_2,0.3,0.0316,0.1461
14734,2,2_2,0.3,0.03214,0.10297
14735,2,2_2,0.3,0.01628,0.0853
14736,2,2_2,0.3,0.02237,0.1054
14737,2,2_2,0.3,0.02992,0.09094
14738,2,2_2,0.3,0.03253,0.09467
14739,2,2_2,0.3,0.03555,0.1189
14740,2,2_2,0.3,0.04178,0.0974
14741,2,2_2,0.3,0.05188,0.1078
14742,2,2_2,0.3,0.04636,0.1145
14743,2,2_2,0.3,0.0336,0.11487
14744,2,2_2,0.3,0.043,0.10004
14745,2,2_2,0.3,0.04526,0.09784
14746,2,2_2,0.3,0.02852,0.09686
14747,2,2_2,0.3,0.02841,0.10925
14748,2,2_2,0.3,0.02551,0.1035
14749,2,2_2,0.3,0.02551,0.1002
14750,2,2_2,0.3,0.0511,0.0955
14751,2,2_2,0.3,0.0415,0.1105
14752,2,2_2,0.3,0.03833,0.0935
14753,2,2_2,0.3,0.03464,0.0821
14754,2,2_2,0.3,0.04227,0.09424
14755,2,2_2,0.3,0.02661,0.09064
14756,2,2_2,0.3,0.0392,0.1066
14757,2,2_2,0.3,0.02773,0.0823
14758,2,2_2,0.3,0.02394,0.1086
14759,2,2_2,0.3,0.03622,0.10406
14760,2,2_2,0.3,0.0334,0.1019
14761,2,2_2,0.3,0.0448,0.09924
14762,2,2_2,0.3,0.0439,0.1469
14763,2,2_2,0.3,0.02933,0.0833
14764,2,2_2,0.3,0.02385,0.11383
14765,2,2_2,0.3,0.022,0.10425
14766,2,2_2,0.3,0.01971,0.0983
14767,2,2_2,0.3,0.0321,0.0787
14768,2,2_2,0.3,0.02325,0.0948
14769,2,2_2,0.3,0.02533,0.0924
14770,2,2_2,0.3,0.02853,0.1008
14771,2,2_2,0.3,0.02371,0.09814
14772,2,2_2,0.3,0.03656,0.0908
14773,2,2_2,0.3,0.0504,0.097
14774,2,2_2,0.3,0.03384,0.07855
14775,2,2_2,0.3,0.02536,0.089
14776,2,2_2,0.3,0.02924,0.0821
14777,2,2_2,0.3,0.02423,0.0831
14778,2,2_2,0.3,0.0249,0.08624
14779,2,2_2,0.3,0.0326,0.10254
14780,2,2_2,0.3,0.03357,0.1066
14781,2,2_2,0.3,0.02881,0.09503
14782,2,2_2,0.3,0.02867,0.0991
14783,2,2_2,0.3,0.03864,0.1057
14784,2,2_2,0.3,0.03714,0.09296
14785,2,2_2,0.3,0.02933,0.0958
14786,2,2_2,0.3,0.01749,0.10236
14787,2,2_2,0.3,0.03143,0.0988
14788,2,2_2,0.3,0.0435,0.091
14789,2,2_2,0.3,0.02394,0.0868
14790,2,2_2,0.3,0.02078,0.10266
14791,2,2_2,0.3,0.03604,0.1121
14792,2,2_2,0.3,0.03357,0.10254
14793,2,2_2,0.3,0.07336,0.10345
14794,2,2_2,0.3,0.0209,0.09796
14795,2,2_2,0.3,0.0475,0.10706
14796,2,2_2,0.3,0.03806,0.1004
14797,2,2_2,0.3,0.04547,0.0826
14798,2,2_2,0.3,0.03705,0.1
14799,2,2_2,0.3,0.02115,0.09735
14800,2,2_2,0.3,0.02051,0.08246
14801,2,2_2,0.3,0.03265,0.1077
14802,2,2_2,0.3,0.02988,0.0935
14803,2,2_2,0.3,0.02443,0.0781
14804,2,2_2,0.3,0.03464,0.0909
14805,2,2_2,0.3,0.02994,0.09717
14806,2,2_2,0.3,0.02316,0.07697
14807,2,2_2,0.3,0.0286,0.1046
14808,2,2_2,0.3,0.0415,0.09827
14809,2,2_2,0.3,0.0392,0.0961
14810,2,2_2,0.3,0.0373,0.0942
14811,2,2_2,0.3,0.04584,0.098
14812,2,2_2,0.3,0.04156,0.12354
14813,2,2_2,0.3,0.0222,0.0961
14814,2,2_2,0.3,0.01901,0.08014
14815,2,2_2,0.3,0.04272,0.1091
14816,2,2_2,0.3,0.02492,0.0929
14817,2,2_2,0.3,0.02357,0.10693
14818,2,2_2,0.3,0.02727,0.1152
14819,2,2_2,0.3,0.0322,0.0913
14820,2,2_2,0.3,0.03137,0.095
14821,2,2_2,0.3,0.03735,0.08075
14822,2,2_2,0.3,0.03253,0.08466
14823,2,2_2,0.3,0.03702,0.09326
14824,2,2_2,0.3,0.0399,0.0884
14825,2,2_2,0.3,0.02823,0.104
14826,2,2_2,0.3,0.03107,0.09607
14827,2,2_2,0.3,0.03069,0.1071
14828,2,2_2,0.3,0.01888,0.1293
14829,2,2_2,0.3,0.02275,0.0836
14830,2,2_2,0.3,0.05835,0.09796
14831,2,2_2,0.3,0.04446,0.0996
14832,2,2_2,0.3,0.0268,0.0911
14833,2,2_2,0.3,0.02794,0.1156
14834,2,2_2,0.3,0.01923,0.0912
14835,2,2_2,0.3,0.02527,0.0923
14836,2,2_2,0.3,0.0403,0.1035
14837,2,2_2,0.3,0.0177,0.1174
14838,2,2_2,0.3,0.05667,0.08624
14839,2,2_2,0.3,0.04077,0.0937
14840,2,2_2,0.3,0.02805,0.1105
14841,2,2_2,0.3,0.01569,0.105
14842,2,2_2,0.3,0.01191,0.08636
14843,2,2_2,0.3,0.0385,0.1134
14844,2,2_2,0.3,0.02925,0.0878
14845,2,2_2,0.3,0.0621,0.0906
14846,2,2_2,0.3,0.02548,0.1051
14847,2,2_2,0.3,0.02281,0.0771
14848,2,2_2,0.3,0.06216,0.09845
14849,2,2_2,0.3,0.04755,0.0892
14850,2,2_2,0.3,0.02965,0.094
14851,2,2_2,0.3,0.0443,0.1177
14852,2,2_2,0.3,0.02573,0.09686
14853,2,2_2,0.3,0.02403,0.1004
14854,2,2_2,0.3,0.03757,0.0814
14855,2,2_2,0.3,0.02682,0.1121
14856,2,2_2,0.3,0.02002,0.09186
14857,2,2_2,0.3,0.048,0.1193
14858,2,2_2,0.3,0.03876,0.09796
14859,2,2_2,0.3,0.02217,0.10236
14860,2,2_2,0.3,0.03528,0.0866
14861,2,2_2,0.3,0.06235,0.1076
14862,2,2_2,0.3,0.02568,0.1018
14863,2,2_2,0.3,0.02557,0.10724
14864,2,2_2,0.3,0.02356,0.11957
14865,2,2_2,0.3,0.02509,0.0762
14866,2,2_2,0.3,0.03017,0.0942
14867,2,2_2,0.3,0.02852,0.08154
14868,2,2_2,0.3,0.02611,0.0991
14869,2,2_2,0.3,0.02988,0.08966
14870,2,2_2,0.3,0.02896,0.1218
14871,2,2_2,0.3,0.04144,0.0988
14872,2,2_2,0.3,0.05286,0.1171
14873,2,2_2,0.3,0.02226,0.0924
14874,2,2_2,0.3,0.02641,0.0962
14875,2,2_2,0.3,0.02621,0.0891
14876,2,2_2,0.3,0.0335,0.08624
14877,2,2_2,0.3,0.02286,0.1183
14878,2,2_2,0.3,0.02982,0.09625
14879,2,2_2,0.3,0.02324,0.1072
14880,2,2_2,0.3,0.01765,0.09717
14881,2,2_2,0.3,0.03397,0.0831
14882,2,2_2,0.3,0.0301,0.0874
14883,2,2_2,0.3,0.02502,0.0825
14884,2,2_2,0.3,0.03168,0.1083
14885,2,2_2,0.3,0.0255,0.09845
14886,2,2_2,0.3,0.03494,0.0971
14887,2,2_2,0.3,0.0235,0.1
14888,2,2_2,0.3,0.02321,0.09125
14889,2,2_2,0.3,0.04398,0.09973
14890,2,2_2,0.3,0.0673,0.08636
14891,2,2_2,0.3,0.04715,0.0773
14892,2,2_2,0.3,0.04068,0.09973
14893,2,2_2,0.3,0.02791,0.111
14894,2,2_2,0.3,0.023,0.11017
14895,2,2_2,0.3,0.03784,0.096
14896,2,2_2,0.3,0.02583,0.1285
14897,2,2_2,0.3,0.03052,0.11017
14898,2,2_2,0.3,0.07074,0.0915
14899,2,2_2,0.3,0.03156,0.10034
14900,2,2_2,0.3,0.0337,0.1129
14901,2,2_2,0.3,0.01723,0.0862
14902,2,2_2,0.3,0.0519,0.1439
14903,2,2_2,0.3,0.02815,0.10376
14904,2,2_2,0.3,0.0264,0.0776
14905,2,2_2,0.3,0.0523,0.10486
14906,2,2_2,0.3,0.0292,0.0997
14907,2,2_2,0.3,0.01836,0.0965
14908,2,2_2,0.3,0.02684,0.10114
14909,2,2_2,0.3,0.03125,0.11206
14910,2,2_2,0.3,0.01607,0.1169
14911,2,2_2,0.3,0.02585,0.0967
14912,2,2_2,0.3,0.02199,0.0889
14913,2,2_2,0.3,0.03078,0.0877
14914,2,2_2,0.3,0.02536,0.08795
14915,2,2_2,0.3,0.0327,0.0851
14916,2,2_2,0.3,0.013504,0.08636
14917,2,2_2,0.3,0.0488,0.1061
14918,2,2_2,0.3,0.0436,0.08344
14919,2,2_2,0.3,0.03021,0.1091
14920,2,2_2,0.3,0.0411,0.1029
14921,2,2_2,0.3,0.05112,0.0916
14922,2,2_2,0.3,0.02744,0.10834
14923,2,2_2,0.3,0.02414,0.08264
14924,2,2_2,0.3,0.04282,0.0956
14925,2,2_2,0.3,0.04547,0.11615
14926,2,2_2,0.3,0.04303,0.1015
14927,2,2_2,0.3,0.0386,0.1187
14928,2,2_2,0.3,0.03003,0.0969
14929,2,2_2,0.3,0.03143,0.1309
14930,2,2_2,0.3,0.0353,0.09576
14931,2,2_2,0.3,0.0336,0.07806
14932,2,2_2,0.3,0.03638,0.141
14933,2,2_2,0.3,0.0354,0.0956
14934,2,2_2,0.3,0.0371,0.09906
14935,2,2_2,0.3,0.03348,0.09656
14936,2,2_2,0.3,0.03714,0.0871
14937,2,2_2,0.3,0.04373,0.09
14938,2,2_2,0.3,0.02788,0.1164
14939,2,2_2,0.3,0.02145,0.0997
14940,2,2_2,0.3,0.03317,0.0924
14941,2,2_2,0.3,0.0381,0.1024
14942,2,2_2,0.3,0.02588,0.09875
14943,2,2_2,0.3,0.02768,0.12274
14944,2,2_2,0.3,0.0349,0.1004
14945,2,2_2,0.3,0.02386,0.11615
14946,2,2_2,0.3,0.03986,0.11163
14947,2,2_2,0.3,0.0328,0.0996
14948,2,2_2,0.3,0.03137,0.08704
14949,2,2_2,0.3,0.03653,0.1344
14950,2,2_2,0.3,0.0299,0.0866
14951,2,2_2,0.3,0.03476,0.11
14952,2,2_2,0.3,0.04495,0.1018
14953,2,2_2,0.3,0.02884,0.10693
14954,2,2_2,0.3,0.01794,0.1276
14955,2,2_2,0.3,0.034,0.10803
14956,2,2_2,0.3,0.02513,0.0834
14957,2,2_2,0.3,0.03296,0.092
14958,2,2_2,0.3,0.02882,0.09406
14959,2,2_2,0.3,0.03114,0.0927
14960,2,2_2,0.3,0.03207,0.0815
14961,2,2_2,0.3,0.04733,0.0917
14962,2,2_2,0.3,0.0202,0.1405
14963,2,2_2,0.3,0.02768,0.09265
14964,2,2_2,0.3,0.02702,0.08795
14965,2,2_2,0.3,0.0327,0.0876
14966,2,2_2,0.3,0.02931,0.09973
14967,2,2_2,0.3,0.04486,0.12274
14968,2,2_2,0.3,0.03812,0.1011
14969,2,2_2,0.3,0.02629,0.0863
14970,2,2_2,0.3,0.02823,0.0812
14971,2,2_2,0.3,0.07324,0.1016
14972,2,2_2,0.3,0.0892,0.09515
14973,2,2_2,0.3,0.03622,0.10547
14974,2,2_2,0.3,0.04117,0.10455
14975,2,2_2,0.3,0.03152,0.0838
14976,2,2_2,0.3,0.0207,0.0941
14977,2,2_2,0.3,0.02432,0.0915
14978,2,2_2,0.3,0.02869,0.1218
14979,2,2_2,0.3,0.0274,0.0994
14980,2,2_2,0.3,0.07336,0.1318
14981,2,2_2,0.3,0.02351,0.0988
14982,2,2_2,0.3,0.02254,0.1118
14983,2,2_2,0.3,0.03287,0.09344
14984,2,2_2,0.3,0.02512,0.08405
14985,2,2_2,0.3,0.06183,0.1015
14986,2,2_2,0.3,0.04407,0.08466
14987,2,2_2,0.3,0.02367,0.07996
14988,2,2_2,0.3,0.0452,0.11694
14989,2,2_2,0.3,0.01945,0.07965
14990,2,2_2,0.3,0.05115,0.0873
14991,2,2_2,0.3,0.02428,0.1115
14992,2,2_2,0.3,0.01852,0.09064
14993,2,2_2,0.3,0.0432,0.0964
14994,2,2_2,0.3,0.03232,0.09033
14995,2,2_2,0.3,0.04382,0.11096
14996,2,2_2,0.3,0.04694,0.0815
14997,2,2_2,0.3,0.02344,0.1011
14998,2,2_2,0.3,0.04382,0.108
14999,2,2_2,0.3,0.0298,0.0959
15000,2,2_3,0.1,0.01796,0.07007
15001,2,2_3,0.1,0.01514,0.0705
15002,2,2_3,0.1,0.02016,0.06824
15003,2,2_3,0.1,0.01695,0.06976
15004,2,2_3,0.1,0.01936,0.0672
15005,2,2_3,0.1,0.09607,0.0704
15006,2,2_3,0.1,0.014984,0.06934
15007,2,2_3,0.1,0.0983,0.07074
15008,2,2_3,0.1,0.02148,0.0688
15009,2,2_3,0.1,0.01947,0.0657
15010,2,2_3,0.1,0.02045,0.0883
15011,2,2_3,0.1,0.01817,0.0721
15012,2,2_3,0.1,0.0882,0.06744
15013,2,2_3,0.1,0.01968,0.07855
15014,2,2_3,0.1,0.0176,0.075
15015,2,2_3,0.1,0.02441,0.06903
15016,2,2_3,0.1,0.01863,0.0686
15017,2,2_3,0.1,0.04163,0.0676
15018,2,2_3,0.1,0.02745,0.07794
15019,2,2_3,0.1,0.01901,0.0698
15020,2,2_3,0.1,0.01952,0.077
15021,2,2_3,0.1,0.01978,0.0773
15022,2,2_3,0.1,0.03577,0.0694
15023,2,2_3,0.1,0.0953,0.07043
15024,2,2_3,0.1,0.02704,0.0711
15025,2,2_3,0.1,0.01582,0.0688
15026,2,2_3,0.1,0.0256,0.0725
15027,2,2_3,0.1,0.01917,0.06885
15028,2,2_3,0.1,0.02046,0.0678
15029,2,2_3,0.1,0.093,0.07697
15030,2,2_3,0.1,0.02823,0.068
15031,2,2_3,0.1,0.01715,0.0727
15032,2,2_3,0.1,0.01912,0.072
15033,2,2_3,0.1,0.01733,0.0688
15034,2,2_3,0.1,0.01826,0.08704
15035,2,2_3,0.1,0.09894,0.077
15036,2,2_3,0.1,0.02069,0.0731
15037,2,2_3,0.1,0.0991,0.0722
15038,2,2_3,0.1,0.0978,0.06903
15039,2,2_3,0.1,0.01724,0.0718
15040,2,2_3,0.1,0.01791,0.0733
15041,2,2_3,0.1,0.097,0.07306
15042,2,2_3,0.1,0.0994,0.0746
15043,2,2_3,0.1,0.014465,0.06934
15044,2,2_3,0.1,0.0226,0.07117
15045,2,2_3,0.1,0.01576,0.07715
15046,2,2_3,0.1,0.02162,0.0701
15047,2,2_3,0.1,0.02347,0.0698
15048,2,2_3,0.1,0.0984,0.0828
15049,2,2_3,0.1,0.02669,0.0708
15050,2,2_3,0.1,0.0226,0.0808
15051,2,2_3,0.1,0.01892,0.08185
15052,2,2_3,0.1,0.01587,0.07355
15053,2,2_3,0.1,0.02037,0.0746
15054,2,2_3,0.1,0.01859,0.0765
15055,2,2_3,0.1,0.01704,0.0868
15056,2,2_3,0.1,0.01671,0.0682
15057,2,2_3,0.1,0.02435,0.0701
15058,2,2_3,0.1,0.01971,0.0797
15059,2,2_3,0.1,0.07794,0.08923
15060,2,2_3,0.1,0.01952,0.07007
15061,2,2_3,0.1,0.03223,0.07495
15062,2,2_3,0.1,0.0952,0.0679
15063,2,2_3,0.1,0.0192,0.06793
15064,2,2_3,0.1,0.02126,0.0673
15065,2,2_3,0.1,0.0426,0.0703
15066,2,2_3,0.1,0.07306,0.07666
15067,2,2_3,0.1,0.01855,0.07196
15068,2,2_3,0.1,0.09686,0.0735
15069,2,2_3,0.1,0.02394,0.09424
15070,2,2_3,0.1,0.02307,0.0727
15071,2,2_3,0.1,0.02448,0.06976
15072,2,2_3,0.1,0.02174,0.07056
15073,2,2_3,0.1,0.01877,0.0713
15074,2,2_3,0.1,0.02492,0.06775
15075,2,2_3,0.1,0.02008,0.0722
15076,2,2_3,0.1,0.0961,0.0768
15077,2,2_3,0.1,0.02072,0.0755
15078,2,2_3,0.1,0.01423,0.0697
15079,2,2_3,0.1,0.01988,0.0788
15080,2,2_3,0.1,0.02448,0.07587
15081,2,2_3,0.1,0.02124,0.07043
15082,2,2_3,0.1,0.01707,0.07007
15083,2,2_3,0.1,0.0961,0.0714
15084,2,2_3,0.1,0.0175,0.0696
15085,2,2_3,0.1,0.0948,0.0678
15086,2,2_3,0.1,0.03336,0.0721
15087,2,2_3,0.1,0.02151,0.07074
15088,2,2_3,0.1,0.0983,0.0831
15089,2,2_3,0.1,0.01548,0.07764
15090,2,2_3,0.1,0.0878,0.0691
15091,2,2_3,0.1,0.06335,0.07697
15092,2,2_3,0.1,0.0743,0.08185
15093,2,2_3,0.1,0.02046,0.0735
15094,2,2_3,0.1,0.02278,0.0757
15095,2,2_3,0.1,0.02026,0.073
15096,2,2_3,0.1,0.03143,0.07196
15097,2,2_3,0.1,0.0917,0.0708
15098,2,2_3,0.1,0.01875,0.0725
15099,2,2_3,0.1,0.01938,0.0676
15100,2,2_3,0.1,0.09906,0.0743
15101,2,2_3,0.1,0.01633,0.06824
15102,2,2_3,0.1,0.04218,0.06885
15103,2,2_3,0.1,0.01643,0.0731
15104,2,2_3,0.1,0.05383,0.0728
15105,2,2_3,0.1,0.02884,0.07025
15106,2,2_3,0.1,0.02367,0.0811
15107,2,2_3,0.1,0.02177,0.0724
15108,2,2_3,0.1,0.01528,0.072
15109,2,2_3,0.1,0.01743,0.07
15110,2,2_3,0.1,0.02495,0.07904
15111,2,2_3,0.1,0.02661,0.07404
15112,2,2_3,0.1,0.02371,0.072
15113,2,2_3,0.1,0.0206,0.06995
15114,2,2_3,0.1,0.02599,0.0784
15115,2,2_3,0.1,0.02727,0.08636
15116,2,2_3,0.1,0.01814,0.075
15117,2,2_3,0.1,0.02368,0.07227
15118,2,2_3,0.1,0.08887,0.07904
15119,2,2_3,0.1,0.02434,0.06805
15120,2,2_3,0.1,0.07733,0.0747
15121,2,2_3,0.1,0.02534,0.06934
15122,2,2_3,0.1,0.01901,0.07404
15123,2,2_3,0.1,0.02867,0.0745
15124,2,2_3,0.1,0.0924,0.08075
15125,2,2_3,0.1,0.02559,0.0697
15126,2,2_3,0.1,0.01578,0.0768
15127,2,2_3,0.1,0.09845,0.0781
15128,2,2_3,0.1,0.0884,0.06824
15129,2,2_3,0.1,0.01881,0.0692
15130,2,2_3,0.1,0.01596,0.0723
15131,2,2_3,0.1,0.02637,0.06683
15132,2,2_3,0.1,0.0989,0.0672
15133,2,2_3,0.1,0.0972,0.07074
15134,2,2_3,0.1,0.0895,0.06836
15135,2,2_3,0.1,0.01747,0.07855
15136,2,2_3,0.1,0.01768,0.0728
15137,2,2_3,0.1,0.0722,0.06726
15138,2,2_3,0.1,0.01883,0.08417
15139,2,2_3,0.1,0.02042,0.0725
15140,2,2_3,0.1,0.01628,0.07117
15141,2,2_3,0.1,0.0994,0.06885
15142,2,2_3,0.1,0.07367,0.0768
15143,2,2_3,0.1,0.02254,0.0679
15144,2,2_3,0.1,0.02072,0.07513
15145,2,2_3,0.1,0.01917,0.093
15146,2,2_3,0.1,0.02478,0.0782
15147,2,2_3,0.1,0.02455,0.0765
15148,2,2_3,0.1,0.01921,0.0811
15149,2,2_3,0.1,0.08673,0.0689
15150,2,2_3,0.1,0.02634,0.0733
15151,2,2_3,0.1,0.02618,0.072
15152,2,2_3,0.1,0.09827,0.0669
15153,2,2_3,0.1,0.02031,0.0688
15154,2,2_3,0.1,0.01804,0.07
15155,2,2_3,0.1,0.02272,0.0744
15156,2,2_3,0.1,0.02312,0.08167
15157,2,2_3,0.1,0.0906,0.07263
15158,2,2_3,0.1,0.02118,0.08124
15159,2,2_3,0.1,0.02089,0.0756
15160,2,2_3,0.1,0.01403,0.0769
15161,2,2_3,0.1,0.01967,0.08496
15162,2,2_3,0.1,0.096,0.0758
15163,2,2_3,0.1,0.01297,0.0721
15164,2,2_3,0.1,0.02263,0.0749
15165,2,2_3,0.1,0.01854,0.077
15166,2,2_3,0.1,0.01753,0.0699
15167,2,2_3,0.1,0.01478,0.08185
15168,2,2_3,0.1,0.02394,0.0783
15169,2,2_3,0.1,0.04453,0.07404
15170,2,2_3,0.1,0.02132,0.06976
15171,2,2_3,0.1,0.01956,0.07056
15172,2,2_3,0.1,0.0998,0.0687
15173,2,2_3,0.1,0.04016,0.0821
15174,2,2_3,0.1,0.01952,0.07935
15175,2,2_3,0.1,0.01805,0.06915
15176,2,2_3,0.1,0.0198,0.0913
15177,2,2_3,0.1,0.01692,0.09143
15178,2,2_3,0.1,0.02345,0.0744
15179,2,2_3,0.1,0.02032,0.0774
15180,2,2_3,0.1,0.02074,0.06903
15181,2,2_3,0.1,0.0163,0.0738
15182,2,2_3,0.1,0.02008,0.07086
15183,2,2_3,0.1,0.02576,0.069
15184,2,2_3,0.1,0.02118,0.0771
15185,2,2_3,0.1,0.0187,0.06885
15186,2,2_3,0.1,0.0822,0.0764
15187,2,2_3,0.1,0.02301,0.081
15188,2,2_3,0.1,0.01932,0.07117
15189,2,2_3,0.1,0.0168,0.07446
15190,2,2_3,0.1,0.02037,0.07574
15191,2,2_3,0.1,0.01842,0.0817
15192,2,2_3,0.1,0.0173,0.0803
15193,2,2_3,0.1,0.014206,0.0713
15194,2,2_3,0.1,0.097,0.07385
15195,2,2_3,0.1,0.021,0.0672
15196,2,2_3,0.1,0.0559,0.0742
15197,2,2_3,0.1,0.02255,0.0685
15198,2,2_3,0.1,0.01866,0.0702
15199,2,2_3,0.1,0.01982,0.0739
15200,2,2_3,0.1,0.0189,0.0697
15201,2,2_3,0.1,0.09125,0.0724
15202,2,2_3,0.1,0.0948,0.084
15203,2,2_3,0.1,0.0904,0.06934
15204,2,2_3,0.1,0.01472,0.069
15205,2,2_3,0.1,0.02666,0.07904
15206,2,2_3,0.1,0.01999,0.07086
15207,2,2_3,0.1,0.02873,0.0728
15208,2,2_3,0.1,0.02773,0.0802
15209,2,2_3,0.1,0.02022,0.07227
15210,2,2_3,0.1,0.0203,0.0714
15211,2,2_3,0.1,0.02621,0.06934
15212,2,2_3,0.1,0.01913,0.08264
15213,2,2_3,0.1,0.02338,0.08527
15214,2,2_3,0.1,0.01712,0.07135
15215,2,2_3,0.1,0.01525,0.0743
15216,2,2_3,0.1,0.0983,0.0704
15217,2,2_3,0.1,0.02443,0.0687
15218,2,2_3,0.1,0.0156,0.07245
15219,2,2_3,0.1,0.02463,0.07245
15220,2,2_3,0.1,0.05948,0.0732
15221,2,2_3,0.1,0.0199,0.0692
15222,2,2_3,0.1,0.02257,0.06903
15223,2,2_3,0.1,0.02258,0.0814
15224,2,2_3,0.1,0.0234,0.0692
15225,2,2_3,0.1,0.02281,0.0761
15226,2,2_3,0.1,0.0139,0.0741
15227,2,2_3,0.1,0.02652,0.09814
15228,2,2_3,0.1,0.02429,0.0754
15229,2,2_3,0.1,0.01869,0.0674
15230,2,2_3,0.1,0.02191,0.07416
15231,2,2_3,0.1,0.01732,0.07025
15232,2,2_3,0.1,0.0787,0.0749
15233,2,2_3,0.1,0.0966,0.08246
15234,2,2_3,0.1,0.0203,0.06934
15235,2,2_3,0.1,0.02931,0.0721
15236,2,2_3,0.1,0.01912,0.07654
15237,2,2_3,0.1,0.09937,0.0798
15238,2,2_3,0.1,0.01659,0.0887
15239,2,2_3,0.1,0.01833,0.06995
15240,2,2_3,0.1,0.02594,0.07855
15241,2,2_3,0.1,0.04987,0.07166
15242,2,2_3,0.1,0.02315,0.08887
15243,2,2_3,0.1,0.0793,0.0739
15244,2,2_3,0.1,0.02586,0.0774
15245,2,2_3,0.1,0.02255,0.08203
15246,2,2_3,0.1,0.01854,0.07587
15247,2,2_3,0.1,0.0933,0.0706
15248,2,2_3,0.1,0.01918,0.0695
15249,2,2_3,0.1,0.01994,0.0738
15250,2,2_3,0.1,0.06125,0.07324
15251,2,2_3,0.1,0.06824,0.0837
15252,2,2_3,0.1,0.01313,0.0728
15253,2,2_3,0.1,0.0693,0.0713
15254,2,2_3,0.1,0.01842,0.0701
15255,2,2_3,0.1,0.02437,0.068
15256,2,2_3,0.1,0.02254,0.0756
15257,2,2_3,0.1,0.02138,0.07086
15258,2,2_3,0.1,0.0195,0.06964
15259,2,2_3,0.1,0.0937,0.0792
15260,2,2_3,0.1,0.02148,0.0777
15261,2,2_3,0.1,0.02386,0.07104
15262,2,2_3,0.1,0.02142,0.0696
15263,2,2_3,0.1,0.02283,0.07
15264,2,2_3,0.1,0.02808,0.0751
15265,2,2_3,0.1,0.01735,0.0745
15266,2,2_3,0.1,0.01677,0.0719
15267,2,2_3,0.1,0.01884,0.0728
15268,2,2_3,0.1,0.01953,0.0787
15269,2,2_3,0.1,0.02165,0.07965
15270,2,2_3,0.1,0.02328,0.07605
15271,2,2_3,0.1,0.09894,0.0719
15272,2,2_3,0.1,0.02533,0.0768
15273,2,2_3,0.1,0.01747,0.06775
15274,2,2_3,0.1,0.01602,0.0682
15275,2,2_3,0.1,0.01541,0.07947
15276,2,2_3,0.1,0.01662,0.0772
15277,2,2_3,0.1,0.02527,0.0753
15278,2,2_3,0.1,0.02489,0.1001
15279,2,2_3,0.1,0.0157,0.0775
15280,2,2_3,0.1,0.09607,0.0695
15281,2,2_3,0.1,0.087,0.07086
15282,2,2_3,0.1,0.0948,0.0707
15283,2,2_3,0.1,0.02098,0.0694
15284,2,2_3,0.1,0.02536,0.07404
15285,2,2_3,0.1,0.01761,0.07605
15286,2,2_3,0.1,0.0399,0.06946
15287,2,2_3,0.1,0.02019,0.07
15288,2,2_3,0.1,0.02205,0.0698
15289,2,2_3,0.1,0.02005,0.07764
15290,2,2_3,0.1,0.01791,0.0762
15291,2,2_3,0.1,0.0168,0.07166
15292,2,2_3,0.1,0.01857,0.07574
15293,2,2_3,0.1,0.01622,0.07336
15294,2,2_3,0.1,0.01968,0.0776
15295,2,2_3,0.1,0.0973,0.069
15296,2,2_3,0.1,0.01342,0.07135
15297,2,2_3,0.1,0.09796,0.07794
15298,2,2_3,0.1,0.0231,0.0711
15299,2,2_3,0.1,0.01613,0.0822
15300,2,2_3,0.1,0.09717,0.07
15301,2,2_3,0.1,0.0207,0.0841
15302,2,2_3,0.1,0.02863,0.0923
15303,2,2_3,0.1,0.02307,0.0829
15304,2,2_3,0.1,0.08966,0.07227
15305,2,2_3,0.1,0.02237,0.07227
15306,2,2_3,0.1,0.01685,0.08417
15307,2,2_3,0.1,0.01573,0.0795
15308,2,2_3,0.1,0.02417,0.08374
15309,2,2_3,0.1,0.01949,0.0683
15310,2,2_3,0.1,0.01959,0.07385
15311,2,2_3,0.1,0.0973,0.0741
15312,2,2_3,0.1,0.0169,0.0707
15313,2,2_3,0.1,0.0936,0.07227
15314,2,2_3,0.1,0.0833,0.0723
15315,2,2_3,0.1,0.0977,0.10443
15316,2,2_3,0.1,0.01701,0.0727
15317,2,2_3,0.1,0.01784,0.0711
15318,2,2_3,0.1,0.01915,0.08594
15319,2,2_3,0.1,0.09326,0.07214
15320,2,2_3,0.1,0.0166,0.07776
15321,2,2_3,0.1,0.01797,0.0736
15322,2,2_3,0.1,0.0225,0.0706
15323,2,2_3,0.1,0.01865,0.0821
15324,2,2_3,0.1,0.0986,0.07574
15325,2,2_3,0.1,0.01982,0.076
15326,2,2_3,0.1,0.01974,0.07227
15327,2,2_3,0.1,0.01611,0.07007
15328,2,2_3,0.1,0.0276,0.08167
15329,2,2_3,0.1,0.02243,0.0684
15330,2,2_3,0.1,0.0231,0.0684
15331,2,2_3,0.1,0.01889,0.07294
15332,2,2_3,0.1,0.0151,0.0878
15333,2,2_3,0.1,0.09875,0.0903
15334,2,2_3,0.1,0.0188,0.0691
15335,2,2_3,0.1,0.02525,0.0888
15336,2,2_3,0.1,0.01697,0.06885
15337,2,2_3,0.1,0.01683,0.0798
15338,2,2_3,0.1,0.02113,0.07074
15339,2,2_3,0.1,0.0975,0.07086
15340,2,2_3,0.1,0.02965,0.0756
15341,2,2_3,0.1,0.01642,0.07544
15342,2,2_3,0.1,0.02138,0.0733
15343,2,2_3,0.1,0.09235,0.07465
15344,2,2_3,0.1,0.07715,0.07245
15345,2,2_3,0.1,0.01549,0.07153
15346,2,2_3,0.1,0.01872,0.0703
15347,2,2_3,0.1,0.01694,0.07544
15348,2,2_3,0.1,0.02043,0.0723
15349,2,2_3,0.1,0.02603,0.0762
15350,2,2_3,0.1,0.01534,0.0718
15351,2,2_3,0.1,0.0243,0.0926
15352,2,2_3,0.1,0.02032,0.0725
15353,2,2_3,0.1,0.0966,0.0701
15354,2,2_3,0.1,0.02365,0.0712
15355,2,2_3,0.1,0.02248,0.072
15356,2,2_3,0.1,0.0918,0.0736
15357,2,2_3,0.1,0.0191,0.07245
15358,2,2_3,0.1,0.0192,0.07855
15359,2,2_3,0.1,0.02179,0.0771
15360,2,2_3,0.1,0.02138,0.0782
15361,2,2_3,0.1,0.01927,0.0676
15362,2,2_3,0.1,0.03186,0.07324
15363,2,2_3,0.1,0.0864,0.09955
15364,2,2_3,0.1,0.0153,0.07
15365,2,2_3,0.1,0.0171,0.0682
15366,2,2_3,0.1,0.01768,0.0746
15367,2,2_3,0.1,0.02257,0.072
15368,2,2_3,0.1,0.01616,0.0932
15369,2,2_3,0.1,0.0204,0.0715
15370,2,2_3,0.1,0.02458,0.074
15371,2,2_3,0.1,0.01877,0.08026
15372,2,2_3,0.1,0.01926,0.06866
15373,2,2_3,0.1,0.0171,0.074
15374,2,2_3,0.1,0.02036,0.0776
15375,2,2_3,0.1,0.02483,0.0752
15376,2,2_3,0.1,0.0194,0.08325
15377,2,2_3,0.1,0.07837,0.0704
15378,2,2_3,0.1,0.02483,0.0702
15379,2,2_3,0.1,0.02327,0.0699
15380,2,2_3,0.1,0.02022,0.0739
15381,2,2_3,0.1,0.0946,0.0879
15382,2,2_3,0.1,0.09546,0.0758
15383,2,2_3,0.1,0.09644,0.07245
15384,2,2_3,0.1,0.02248,0.06866
15385,2,2_3,0.1,0.01866,0.0736
15386,2,2_3,0.1,0.02168,0.0785
15387,2,2_3,0.1,0.0723,0.1131
15388,2,2_3,0.1,0.02257,0.0691
15389,2,2_3,0.1,0.01417,0.07635
15390,2,2_3,0.1,0.01556,0.07025
15391,2,2_3,0.1,0.02089,0.0778
15392,2,2_3,0.1,0.0199,0.0713
15393,2,2_3,0.1,0.02116,0.071
15394,2,2_3,0.1,0.0787,0.09595
15395,2,2_3,0.1,0.015526,0.0688
15396,2,2_3,0.1,0.02083,0.07526
15397,2,2_3,0.1,0.0277,0.07117
15398,2,2_3,0.1,0.0918,0.07764
15399,2,2_3,0.1,0.01547,0.071
15400,2,2_3,0.1,0.02287,0.07104
15401,2,2_3,0.1,0.02567,0.0706
15402,2,2_3,0.1,0.01617,0.0711
15403,2,2_3,0.1,0.08093,0.0706
15404,2,2_3,0.1,0.0916,0.0727
15405,2,2_3,0.1,0.02347,0.06836
15406,2,2_3,0.1,0.02356,0.0702
15407,2,2_3,0.1,0.02176,0.0713
15408,2,2_3,0.1,0.01678,0.0749
15409,2,2_3,0.1,0.0427,0.0704
15410,2,2_3,0.1,0.01863,0.06866
15411,2,2_3,0.1,0.01672,0.07623
15412,2,2_3,0.1,0.02022,0.0786
15413,2,2_3,0.1,0.0851,0.08594
15414,2,2_3,0.1,0.01349,0.07764
15415,2,2_3,0.1,0.02031,0.06903
15416,2,2_3,0.1,0.0174,0.07196
15417,2,2_3,0.1,0.02174,0.072
15418,2,2_3,0.1,0.02103,0.07697
15419,2,2_3,0.1,0.0197,0.07104
15420,2,2_3,0.1,0.08563,0.07526
15421,2,2_3,0.1,0.0974,0.0752
15422,2,2_3,0.1,0.01258,0.0753
15423,2,2_3,0.1,0.01678,0.07166
15424,2,2_3,0.1,0.01993,0.0758
15425,2,2_3,0.1,0.01863,0.0745
15426,2,2_3,0.1,0.0826,0.0701
15427,2,2_3,0.1,0.01866,0.0784
15428,2,2_3,0.1,0.01646,0.0711
15429,2,2_3,0.1,0.01997,0.0682
15430,2,2_3,0.1,0.02785,0.0765
15431,2,2_3,0.1,0.0192,0.07837
15432,2,2_3,0.1,0.02296,0.0766
15433,2,2_3,0.1,0.01852,0.0717
15434,2,2_3,0.1,0.01709,0.0707
15435,2,2_3,0.1,0.02031,0.07367
15436,2,2_3,0.1,0.02106,0.0737
15437,2,2_3,0.1,0.01973,0.0693
15438,2,2_3,0.1,0.0183,0.0779
15439,2,2_3,0.1,0.02246,0.0779
15440,2,2_3,0.1,0.01993,0.0774
15441,2,2_3,0.1,0.04028,0.07306
15442,2,2_3,0.1,0.01744,0.0903
15443,2,2_3,0.1,0.02193,0.0745
15444,2,2_3,0.1,0.02835,0.08026
15445,2,2_3,0.1,0.02054,0.0731
15446,2,2_3,0.1,0.02676,0.0811
15447,2,2_3,0.1,0.01523,0.0713
15448,2,2_3,0.1,0.02617,0.0712
15449,2,2_3,0.1,0.02196,0.07635
15450,2,2_3,0.1,0.03842,0.07385
15451,2,2_3,0.1,0.0976,0.0695
15452,2,2_3,0.1,0.0981,0.07996
15453,2,2_3,0.1,0.019,0.08606
15454,2,2_3,0.1,0.0319,0.0679
15455,2,2_3,0.1,0.02495,0.07776
15456,2,2_3,0.1,0.0342,0.07306
15457,2,2_3,0.1,0.021,0.07227
15458,2,2_3,0.1,0.01591,0.08246
15459,2,2_3,0.1,0.02063,0.07605
15460,2,2_3,0.1,0.02502,0.07404
15461,2,2_3,0.1,0.02223,0.07965
15462,2,2_3,0.1,0.01971,0.0742
15463,2,2_3,0.1,0.02098,0.0787
15464,2,2_3,0.1,0.02898,0.07196
15465,2,2_3,0.1,0.08594,0.06976
15466,2,2_3,0.1,0.02296,0.0691
15467,2,2_3,0.1,0.01723,0.07324
15468,2,2_3,0.1,0.03296,0.0769
15469,2,2_3,0.1,0.02106,0.083
15470,2,2_3,0.1,0.07513,0.0759
15471,2,2_3,0.1,0.0968,0.07025
15472,2,2_3,0.1,0.09937,0.0891
15473,2,2_3,0.1,0.02046,0.07196
15474,2,2_3,0.1,0.0318,0.0798
15475,2,2_3,0.1,0.02658,0.0773
15476,2,2_3,0.1,0.02219,0.0724
15477,2,2_3,0.1,0.02448,0.0801
15478,2,2_3,0.1,0.0849,0.0703
15479,2,2_3,0.1,0.0856,0.078
15480,2,2_3,0.1,0.02107,0.0725
15481,2,2_3,0.1,0.02481,0.0762
15482,2,2_3,0.1,0.02919,0.0733
15483,2,2_3,0.1,0.01881,0.0711
15484,2,2_3,0.1,0.02444,0.074
15485,2,2_3,0.1,0.0185,0.0709
15486,2,2_3,0.1,0.01978,0.08655
15487,2,2_3,0.1,0.01804,0.0734
15488,2,2_3,0.1,0.02382,0.07214
15489,2,2_3,0.1,0.0818,0.07336
15490,2,2_3,0.1,0.01953,0.0741
15491,2,2_3,0.1,0.09656,0.0789
15492,2,2_3,0.1,0.02007,0.076
15493,2,2_3,0.1,0.021,0.07025
15494,2,2_3,0.1,0.03754,0.0732
15495,2,2_3,0.1,0.02089,0.0761
15496,2,2_3,0.1,0.02083,0.06885
15497,2,2_3,0.1,0.0428,0.0857
15498,2,2_3,0.1,0.01875,0.06964
15499,2,2_3,0.1,0.01762,0.077
15500,2,2_3,0.1,0.02246,0.0782
15501,2,2_3,0.1,0.02406,0.07056
15502,2,2_3,0.1,0.02406,0.0717
15503,2,2_3,0.1,0.02211,0.07385
15504,2,2_3,0.1,0.0189,0.08026
15505,2,2_3,0.1,0.0193,0.08215
15506,2,2_3,0.1,0.02956,0.0794
15507,2,2_3,0.1,0.0976,0.0751
15508,2,2_3,0.1,0.01534,0.0684
15509,2,2_3,0.1,0.0198,0.0732
15510,2,2_3,0.1,0.09247,0.0926
15511,2,2_3,0.1,0.01828,0.0726
15512,2,2_3,0.1,0.096,0.07837
15513,2,2_3,0.1,0.01839,0.07104
15514,2,2_3,0.1,0.02237,0.078
15515,2,2_3,0.1,0.09875,0.07263
15516,2,2_3,0.1,0.01608,0.09033
15517,2,2_3,0.1,0.01639,0.0837
15518,2,2_3,0.1,0.01857,0.0696
15519,2,2_3,0.1,0.02232,0.07385
15520,2,2_3,0.1,0.0252,0.0732
15521,2,2_3,0.1,0.0179,0.0873
15522,2,2_3,0.1,0.02036,0.0874
15523,2,2_3,0.1,0.09576,0.0866
15524,2,2_3,0.1,0.03802,0.0885
15525,2,2_3,0.1,0.0856,0.0712
15526,2,2_3,0.1,0.09796,0.071
15527,2,2_3,0.1,0.09607,0.086
15528,2,2_3,0.1,0.02893,0.0742
15529,2,2_3,0.1,0.01854,0.0726
15530,2,2_3,0.1,0.01872,0.0702
15531,2,2_3,0.1,0.0387,0.0764
15532,2,2_3,0.1,0.0201,0.07263
15533,2,2_3,0.1,0.04303,0.0958
15534,2,2_3,0.1,0.0955,0.0731
15535,2,2_3,0.1,0.02376,0.07495
15536,2,2_3,0.1,0.0873,0.06934
15537,2,2_3,0.1,0.0203,0.0778
15538,2,2_3,0.1,0.01956,0.07294
15539,2,2_3,0.1,0.01855,0.07
15540,2,2_3,0.1,0.01776,0.07544
15541,2,2_3,0.1,0.01994,0.0724
15542,2,2_3,0.1,0.014656,0.0732
15543,2,2_3,0.1,0.01842,0.07324
15544,2,2_3,0.1,0.01923,0.0892
15545,2,2_3,0.1,0.01816,0.06976
15546,2,2_3,0.1,0.0176,0.0747
15547,2,2_3,0.1,0.01544,0.0708
15548,2,2_3,0.1,0.02548,0.0807
15549,2,2_3,0.1,0.04556,0.07654
15550,2,2_3,0.1,0.02087,0.0929
15551,2,2_3,0.1,0.0167,0.0747
15552,2,2_3,0.1,0.01645,0.07794
15553,2,2_3,0.1,0.02377,0.07947
15554,2,2_3,0.1,0.02197,0.0777
15555,2,2_3,0.1,0.02026,0.0768
15556,2,2_3,0.1,0.0869,0.0808
15557,2,2_3,0.1,0.01883,0.0758
15558,2,2_3,0.1,0.01857,0.084
15559,2,2_3,0.1,0.02551,0.0716
15560,2,2_3,0.1,0.04446,0.07196
15561,2,2_3,0.1,0.0888,0.0723
15562,2,2_3,0.1,0.0283,0.07916
15563,2,2_3,0.1,0.02232,0.0843
15564,2,2_3,0.1,0.01904,0.0758
15565,2,2_3,0.1,0.09143,0.07574
15566,2,2_3,0.1,0.02234,0.0743
15567,2,2_3,0.1,0.09393,0.07263
15568,2,2_3,0.1,0.0282,0.0725
15569,2,2_3,0.1,0.01409,0.0722
15570,2,2_3,0.1,0.02254,0.0942
15571,2,2_3,0.1,0.02342,0.07245
15572,2,2_3,0.1,0.0911,0.07556
15573,2,2_3,0.1,0.02095,0.0747
15574,2,2_3,0.1,0.0353,0.0755
15575,2,2_3,0.1,0.031,0.0723
15576,2,2_3,0.1,0.02124,0.072
15577,2,2_3,0.1,0.0964,0.0754
15578,2,2_3,0.1,0.0858,0.0741
15579,2,2_3,0.1,0.01509,0.07874
15580,2,2_3,0.1,0.0227,0.06946
15581,2,2_3,0.1,0.02,0.077
15582,2,2_3,0.1,0.01642,0.0751
15583,2,2_3,0.1,0.01979,0.0812
15584,2,2_3,0.1,0.02719,0.07477
15585,2,2_3,0.1,0.0599,0.0767
15586,2,2_3,0.1,0.02243,0.07434
15587,2,2_3,0.1,0.02011,0.07654
15588,2,2_3,0.1,0.01773,0.07385
15589,2,2_3,0.1,0.02783,0.072
15590,2,2_3,0.1,0.0218,0.0694
15591,2,2_3,0.1,0.02734,0.07605
15592,2,2_3,0.1,0.0419,0.0737
15593,2,2_3,0.1,0.0989,0.07574
15594,2,2_3,0.1,0.02238,0.07355
15595,2,2_3,0.1,0.01697,0.0932
15596,2,2_3,0.1,0.01462,0.0809
15597,2,2_3,0.1,0.0912,0.07153
15598,2,2_3,0.1,0.0985,0.0752
15599,2,2_3,0.1,0.02107,0.07745
15600,2,2_3,0.1,0.02147,0.07745
15601,2,2_3,0.1,0.02354,0.0741
15602,2,2_3,0.1,0.02583,0.0728
15603,2,2_3,0.1,0.01964,0.0735
15604,2,2_3,0.1,0.02783,0.0725
15605,2,2_3,0.1,0.09247,0.0716
15606,2,2_3,0.1,0.02348,0.07074
15607,2,2_3,0.1,0.0209,0.07764
15608,2,2_3,0.1,0.09296,0.07654
15609,2,2_3,0.1,0.0849,0.0912
15610,2,2_3,0.1,0.02182,0.06934
15611,2,2_3,0.1,0.0271,0.0824
15612,2,2_3,0.1,0.01869,0.0739
15613,2,2_3,0.1,0.02356,0.0726
15614,2,2_3,0.1,0.0849,0.0707
15615,2,2_3,0.1,0.01611,0.08325
15616,2,2_3,0.1,0.0205,0.07355
15617,2,2_3,0.1,0.02019,0.0847
15618,2,2_3,0.1,0.02133,0.0767
15619,2,2_3,0.1,0.02019,0.07275
15620,2,2_3,0.1,0.02203,0.0698
15621,2,2_3,0.1,0.0502,0.0767
15622,2,2_3,0.1,0.02437,0.0742
15623,2,2_3,0.1,0.0184,0.0736
15624,2,2_3,0.1,0.0948,0.0959
15625,2,2_3,0.1,0.0193,0.0742
15626,2,2_3,0.1,0.0826,0.07697
15627,2,2_3,0.1,0.02615,0.0789
15628,2,2_3,0.1,0.0231,0.0743
15629,2,2_3,0.1,0.015366,0.07056
15630,2,2_3,0.1,0.01588,0.0745
15631,2,2_3,0.1,0.02332,0.0701
15632,2,2_3,0.1,0.01907,0.0748
15633,2,2_3,0.1,0.02104,0.07007
15634,2,2_3,0.1,0.0172,0.09894
15635,2,2_3,0.1,0.02023,0.0716
15636,2,2_3,0.1,0.02222,0.0726
15637,2,2_3,0.1,0.02473,0.0714
15638,2,2_3,0.1,0.01883,0.0693
15639,2,2_3,0.1,0.01903,0.07513
15640,2,2_3,0.1,0.06976,0.09045
15641,2,2_3,0.1,0.01411,0.08075
15642,2,2_3,0.1,0.04382,0.0884
15643,2,2_3,0.1,0.01865,0.07526
15644,2,2_3,0.1,0.02008,0.0755
15645,2,2_3,0.1,0.01776,0.0735
15646,2,2_3,0.1,0.02109,0.0723
15647,2,2_3,0.1,0.02606,0.0733
15648,2,2_3,0.1,0.01884,0.07214
15649,2,2_3,0.1,0.01808,0.0875
15650,2,2_3,0.1,0.015564,0.0767
15651,2,2_3,0.1,0.015076,0.0809
15652,2,2_3,0.1,0.01974,0.0933
15653,2,2_3,0.1,0.0139,0.0736
15654,2,2_3,0.1,0.098,0.0703
15655,2,2_3,0.1,0.02452,0.0717
15656,2,2_3,0.1,0.01991,0.0728
15657,2,2_3,0.1,0.02296,0.0721
15658,2,2_3,0.1,0.01624,0.07513
15659,2,2_3,0.1,0.01855,0.0747
15660,2,2_3,0.1,0.0181,0.0781
15661,2,2_3,0.1,0.0178,0.08405
15662,2,2_3,0.1,0.01953,0.076
15663,2,2_3,0.1,0.01907,0.07184
15664,2,2_3,0.1,0.0263,0.08234
15665,2,2_3,0.1,0.02196,0.0742
15666,2,2_3,0.1,0.0626,0.07275
15667,2,2_3,0.1,0.02193,0.075
15668,2,2_3,0.1,0.02016,0.07153
15669,2,2_3,0.1,0.09174,0.09247
15670,2,2_3,0.1,0.08923,0.07574
15671,2,2_3,0.1,0.09595,0.0941
15672,2,2_3,0.1,0.095,0.07434
15673,2,2_3,0.1,0.02693,0.0729
15674,2,2_3,0.1,0.0187,0.0762
15675,2,2_3,0.1,0.0804,0.077
15676,2,2_3,0.1,0.02246,0.0719
15677,2,2_3,0.1,0.08716,0.07294
15678,2,2_3,0.1,0.09424,0.0709
15679,2,2_3,0.1,0.0202,0.07196
15680,2,2_3,0.1,0.0214,0.0755
15681,2,2_3,0.1,0.01851,0.07404
15682,2,2_3,0.1,0.02127,0.0811
15683,2,2_3,0.1,0.02463,0.0694
15684,2,2_3,0.1,0.03009,0.08386
15685,2,2_3,0.1,0.02475,0.069
15686,2,2_3,0.1,0.01576,0.07135
15687,2,2_3,0.1,0.02176,0.0729
15688,2,2_3,0.1,0.01495,0.07666
15689,2,2_3,0.1,0.01793,0.06995
15690,2,2_3,0.1,0.0234,0.0711
15691,2,2_3,0.1,0.01965,0.0829
15692,2,2_3,0.1,0.0986,0.07556
15693,2,2_3,0.1,0.01863,0.0713
15694,2,2_3,0.1,0.02234,0.0769
15695,2,2_3,0.1,0.015274,0.0949
15696,2,2_3,0.1,0.01703,0.07306
15697,2,2_3,0.1,0.0626,0.08545
15698,2,2_3,0.1,0.0793,0.0787
15699,2,2_3,0.1,0.02638,0.074
15700,2,2_3,0.1,0.01938,0.07074
15701,2,2_3,0.1,0.0267,0.07416
15702,2,2_3,0.1,0.09155,0.06964
15703,2,2_3,0.1,0.03702,0.075
15704,2,2_3,0.1,0.01805,0.07556
15705,2,2_3,0.1,0.02608,0.0738
15706,2,2_3,0.1,0.02971,0.07477
15707,2,2_3,0.1,0.02066,0.07294
15708,2,2_3,0.1,0.01645,0.0708
15709,2,2_3,0.1,0.01726,0.0733
15710,2,2_3,0.1,0.02716,0.07715
15711,2,2_3,0.1,0.02063,0.0739
15712,2,2_3,0.1,0.01744,0.08075
15713,2,2_3,0.1,0.05792,0.0701
15714,2,2_3,0.1,0.02066,0.08673
15715,2,2_3,0.1,0.0921,0.0721
15716,2,2_3,0.1,0.01802,0.07465
15717,2,2_3,0.1,0.0211,0.0884
15718,2,2_3,0.1,0.02505,0.07745
15719,2,2_3,0.1,0.02487,0.0728
15720,2,2_3,0.1,0.0162,0.07947
15721,2,2_3,0.1,0.01869,0.09216
15722,2,2_3,0.1,0.03232,0.0743
15723,2,2_3,0.1,0.02602,0.08734
15724,2,2_3,0.1,0.01845,0.0868
15725,2,2_3,0.1,0.01764,0.07367
15726,2,2_3,0.1,0.01865,0.09485
15727,2,2_3,0.1,0.019,0.06915
15728,2,2_3,0.1,0.01898,0.0808
15729,2,2_3,0.1,0.02713,0.0815
15730,2,2_3,0.1,0.02014,0.07263
15731,2,2_3,0.1,0.01519,0.087
15732,2,2_3,0.1,0.0878,0.07635
15733,2,2_3,0.1,0.08734,0.0761
15734,2,2_3,0.1,0.06396,0.0719
15735,2,2_3,0.1,0.015045,0.0749
15736,2,2_3,0.1,0.01842,0.0689
15737,2,2_3,0.1,0.02348,0.07544
15738,2,2_3,0.1,0.0976,0.08624
15739,2,2_3,0.1,0.015564,0.0773
15740,2,2_3,0.1,0.02325,0.072
15741,2,2_3,0.1,0.0171,0.07104
15742,2,2_3,0.1,0.02318,0.08777
15743,2,2_3,0.1,0.0963,0.0732
15744,2,2_3,0.1,0.0321,0.07166
15745,2,2_3,0.1,0.01782,0.07007
15746,2,2_3,0.1,0.0178,0.0706
15747,2,2_3,0.1,0.02513,0.07367
15748,2,2_3,0.1,0.02132,0.07086
15749,2,2_3,0.1,0.0967,0.0715
15750,2,2_3,0.1,0.08093,0.0714
15751,2,2_3,0.1,0.02673,0.0784
15752,2,2_3,0.1,0.0412,0.07806
15753,2,2_3,0.1,0.05945,0.0753
15754,2,2_3,0.1,0.0744,0.076
15755,2,2_3,0.1,0.01718,0.07495
15756,2,2_3,0.1,0.04657,0.07526
15757,2,2_3,0.1,0.01929,0.0742
15758,2,2_3,0.1,0.01761,0.07556
15759,2,2_3,0.1,0.0191,0.0822
15760,2,2_3,0.1,0.0184,0.0702
15761,2,2_3,0.1,0.02296,0.0751
15762,2,2_3,0.1,0.0289,0.09686
15763,2,2_3,0.1,0.03058,0.09644
15764,2,2_3,0.1,0.01964,0.073
15765,2,2_3,0.1,0.02089,0.0905
15766,2,2_3,0.1,0.01651,0.0737
15767,2,2_3,0.1,0.03217,0.0853
15768,2,2_3,0.1,0.02219,0.08154
15769,2,2_3,0.1,0.02429,0.0724
15770,2,2_3,0.1,0.02965,0.07306
15771,2,2_3,0.1,0.01596,0.0805
15772,2,2_3,0.1,0.01979,0.07324
15773,2,2_3,0.1,0.03293,0.07697
15774,2,2_3,0.1,0.0189,0.0714
15775,2,2_3,0.1,0.02596,0.08057
15776,2,2_3,0.1,0.02376,0.0735
15777,2,2_3,0.1,0.0352,0.0714
15778,2,2_3,0.1,0.01744,0.07666
15779,2,2_3,0.1,0.02316,0.07465
15780,2,2_3,0.1,0.01509,0.07965
15781,2,2_3,0.1,0.01965,0.08124
15782,2,2_3,0.1,0.0274,0.0768
15783,2,2_3,0.1,0.02701,0.0728
15784,2,2_3,0.1,0.0862,0.089
15785,2,2_3,0.1,0.01817,0.07355
15786,2,2_3,0.1,0.01898,0.079
15787,2,2_3,0.1,0.02296,0.0791
15788,2,2_3,0.1,0.04285,0.0736
15789,2,2_3,0.1,0.04147,0.0764
15790,2,2_3,0.1,0.02043,0.06934
15791,2,2_3,0.1,0.01904,0.0725
15792,2,2_3,0.1,0.02208,0.0843
15793,2,2_3,0.1,0.0756,0.07587
15794,2,2_3,0.1,0.01793,0.07666
15795,2,2_3,0.1,0.0633,0.07416
15796,2,2_3,0.1,0.08984,0.07574
15797,2,2_3,0.1,0.025,0.0806
15798,2,2_3,0.1,0.01738,0.07135
15799,2,2_3,0.1,0.02296,0.079
15800,2,2_3,0.1,0.0182,0.07745
15801,2,2_3,0.1,0.02176,0.0712
15802,2,2_3,0.1,0.01883,0.0747
15803,2,2_3,0.1,0.0203,0.08575
15804,2,2_3,0.1,0.02872,0.07166
15805,2,2_3,0.1,0.01903,0.0715
15806,2,2_3,0.1,0.09796,0.0731
15807,2,2_3,0.1,0.02194,0.0712
15808,2,2_3,0.1,0.01724,0.0718
15809,2,2_3,0.1,0.01811,0.0818
15810,2,2_3,0.1,0.0218,0.0851
15811,2,2_3,0.1,0.02322,0.0755
15812,2,2_3,0.1,0.03056,0.0788
15813,2,2_3,0.1,0.0216,0.069
15814,2,2_3,0.1,0.01952,0.0713
15815,2,2_3,0.1,0.02966,0.0703
15816,2,2_3,0.1,0.01826,0.10236
15817,2,2_3,0.1,0.01445,0.0743
15818,2,2_3,0.1,0.0203,0.0773
15819,2,2_3,0.1,0.02849,0.09644
15820,2,2_3,0.1,0.02504,0.07367
15821,2,2_3,0.1,0.02563,0.09076
15822,2,2_3,0.1,0.0261,0.08923
15823,2,2_3,0.1,0.0219,0.0772
15824,2,2_3,0.1,0.0561,0.0763
15825,2,2_3,0.1,0.01955,0.0943
15826,2,2_3,0.1,0.01865,0.074
15827,2,2_3,0.1,0.02516,0.0793
15828,2,2_3,0.1,0.01372,0.0722
15829,2,2_3,0.1,0.01756,0.07214
15830,2,2_3,0.1,0.02805,0.07465
15831,2,2_3,0.1,0.0887,0.07166
15832,2,2_3,0.1,0.02408,0.09515
15833,2,2_3,0.1,0.02702,0.0723
15834,2,2_3,0.1,0.01761,0.0769
15835,2,2_3,0.1,0.04675,0.0691
15836,2,2_3,0.1,0.02066,0.08136
15837,2,2_3,0.1,0.01532,0.0704
15838,2,2_3,0.1,0.029,0.0686
15839,2,2_3,0.1,0.02779,0.0785
15840,2,2_3,0.1,0.092,0.0706
15841,2,2_3,0.1,0.0147,0.0761
15842,2,2_3,0.1,0.01395,0.08856
15843,2,2_3,0.1,0.02113,0.07025
15844,2,2_3,0.1,0.01697,0.0786
15845,2,2_3,0.1,0.0262,0.077
15846,2,2_3,0.1,0.0163,0.07263
15847,2,2_3,0.1,0.01808,0.0873
15848,2,2_3,0.1,0.03348,0.0733
15849,2,2_3,0.1,0.09143,0.0729
15850,2,2_3,0.1,0.02412,0.08765
15851,2,2_3,0.1,0.02594,0.07086
15852,2,2_3,0.1,0.02127,0.075
15853,2,2_3,0.1,0.01816,0.07245
15854,2,2_3,0.1,0.03363,0.0815
15855,2,2_3,0.1,0.02257,0.0748
15856,2,2_3,0.1,0.02563,0.084
15857,2,2_3,0.1,0.09784,0.0838
15858,2,2_3,0.1,0.01775,0.0733
15859,2,2_3,0.1,0.0159,0.08325
15860,2,2_3,0.1,0.02203,0.07465
15861,2,2_3,0.1,0.03104,0.071
15862,2,2_3,0.1,0.0191,0.0704
15863,2,2_3,0.1,0.09094,0.0701
15864,2,2_3,0.1,0.02545,0.0734
15865,2,2_3,0.1,0.02559,0.07336
15866,2,2_3,0.1,0.01743,0.08124
15867,2,2_3,0.1,0.01817,0.07916
15868,2,2_3,0.1,0.01866,0.074
15869,2,2_3,0.1,0.01839,0.0763
15870,2,2_3,0.1,0.02367,0.07336
15871,2,2_3,0.1,0.0946,0.07684
15872,2,2_3,0.1,0.0914,0.0795
15873,2,2_3,0.1,0.02971,0.072
15874,2,2_3,0.1,0.01625,0.0723
15875,2,2_3,0.1,0.01445,0.0784
15876,2,2_3,0.1,0.02322,0.0718
15877,2,2_3,0.1,0.01598,0.0731
15878,2,2_3,0.1,0.0198,0.072
15879,2,2_3,0.1,0.02107,0.07086
15880,2,2_3,0.1,0.02121,0.07025
15881,2,2_3,0.1,0.01894,0.0795
15882,2,2_3,0.1,0.01775,0.0768
15883,2,2_3,0.1,0.02168,0.08154
15884,2,2_3,0.1,0.0214,0.0763
15885,2,2_3,0.1,0.01811,0.0741
15886,2,2_3,0.1,0.01865,0.07434
15887,2,2_3,0.1,0.0219,0.0774
15888,2,2_3,0.1,0.02193,0.0737
15889,2,2_3,0.1,0.01855,0.0706
15890,2,2_3,0.1,0.07465,0.0853
15891,2,2_3,0.1,0.02385,0.06976
15892,2,2_3,0.1,0.02733,0.0874
15893,2,2_3,0.1,0.01959,0.0779
15894,2,2_3,0.1,0.0928,0.07104
15895,2,2_3,0.1,0.01773,0.0707
15896,2,2_3,0.1,0.01901,0.0769
15897,2,2_3,0.1,0.0184,0.06976
15898,2,2_3,0.1,0.0914,0.06866
15899,2,2_3,0.1,0.02673,0.07196
15900,2,2_3,0.1,0.01837,0.0725
15901,2,2_3,0.1,0.01874,0.0728
15902,2,2_3,0.1,0.02408,0.0745
15903,2,2_3,0.1,0.08606,0.09607
15904,2,2_3,0.1,0.0972,0.0705
15905,2,2_3,0.1,0.02443,0.07043
15906,2,2_3,0.1,0.02135,0.0747
15907,2,2_3,0.1,0.01645,0.0736
15908,2,2_3,0.1,0.01834,0.07275
15909,2,2_3,0.1,0.05566,0.0739
15910,2,2_3,0.1,0.01588,0.078
15911,2,2_3,0.1,0.01617,0.0733
15912,2,2_3,0.1,0.015305,0.07776
15913,2,2_3,0.1,0.02011,0.07904
15914,2,2_3,0.1,0.0193,0.0727
15915,2,2_3,0.1,0.02994,0.0864
15916,2,2_3,0.1,0.01915,0.0723
15917,2,2_3,0.1,0.02171,0.07965
15918,2,2_3,0.1,0.0199,0.0722
15919,2,2_3,0.1,0.09766,0.0746
15920,2,2_3,0.1,0.02132,0.07874
15921,2,2_3,0.1,0.02455,0.07
15922,2,2_3,0.1,0.02403,0.07214
15923,2,2_3,0.1,0.02019,0.07715
15924,2,2_3,0.1,0.0832,0.0846
15925,2,2_3,0.1,0.01707,0.07355
15926,2,2_3,0.1,0.01993,0.08655
15927,2,2_3,0.1,0.0264,0.08936
15928,2,2_3,0.1,0.018,0.0702
15929,2,2_3,0.1,0.02606,0.07043
15930,2,2_3,0.1,0.01973,0.0738
15931,2,2_3,0.1,0.03918,0.0699
15932,2,2_3,0.1,0.02087,0.0753
15933,2,2_3,0.1,0.02637,0.0755
15934,2,2_3,0.1,0.05463,0.0702
15935,2,2_3,0.1,0.03867,0.0731
15936,2,2_3,0.1,0.02666,0.0835
15937,2,2_3,0.1,0.0857,0.08453
15938,2,2_3,0.1,0.02213,0.0704
15939,2,2_3,0.1,0.01674,0.0716
15940,2,2_3,0.1,0.02112,0.07404
15941,2,2_3,0.1,0.01836,0.0739
15942,2,2_3,0.1,0.01772,0.0825
15943,2,2_3,0.1,0.02948,0.0801
15944,2,2_3,0.1,0.09625,0.07056
15945,2,2_3,0.1,0.01933,0.0736
15946,2,2_3,0.1,0.02747,0.07367
15947,2,2_3,0.1,0.0354,0.0706
15948,2,2_3,0.1,0.02975,0.0701
15949,2,2_3,0.1,0.01881,0.0778
15950,2,2_3,0.1,0.01913,0.0785
15951,2,2_3,0.1,0.05902,0.07043
15952,2,2_3,0.1,0.02242,0.0757
15953,2,2_3,0.1,0.0187,0.0722
15954,2,2_3,0.1,0.01329,0.0765
15955,2,2_3,0.1,0.01572,0.08105
15956,2,2_3,0.1,0.01857,0.07104
15957,2,2_3,0.1,0.02289,0.0739
15958,2,2_3,0.1,0.01613,0.0737
15959,2,2_3,0.1,0.02347,0.07684
15960,2,2_3,0.1,0.01675,0.0731
15961,2,2_3,0.1,0.03976,0.0694
15962,2,2_3,0.1,0.01542,0.07214
15963,2,2_3,0.1,0.01747,0.0767
15964,2,2_3,0.1,0.03,0.07355
15965,2,2_3,0.1,0.0243,0.0806
15966,2,2_3,0.1,0.02916,0.0701
15967,2,2_3,0.1,0.01811,0.07043
15968,2,2_3,0.1,0.03,0.098
15969,2,2_3,0.1,0.02669,0.0707
15970,2,2_3,0.1,0.02634,0.0761
15971,2,2_3,0.1,0.0722,0.0816
15972,2,2_3,0.1,0.02338,0.0706
15973,2,2_3,0.1,0.01776,0.0747
15974,2,2_3,0.1,0.02061,0.07184
15975,2,2_3,0.1,0.02048,0.0698
15976,2,2_3,0.1,0.01878,0.0823
15977,2,2_3,0.1,0.01901,0.0735
15978,2,2_3,0.1,0.02148,0.0818
15979,2,2_3,0.1,0.0871,0.0718
15980,2,2_3,0.1,0.04974,0.0865
15981,2,2_3,0.1,0.0172,0.0725
15982,2,2_3,0.1,0.01755,0.0856
15983,2,2_3,0.1,0.01802,0.0715
15984,2,2_3,0.1,0.09546,0.07056
15985,2,2_3,0.1,0.02945,0.08215
15986,2,2_3,0.1,0.02332,0.0732
15987,2,2_3,0.1,0.02133,0.07544
15988,2,2_3,0.1,0.01924,0.0714
15989,2,2_3,0.1,0.01531,0.09595
15990,2,2_3,0.1,0.0323,0.0725
15991,2,2_3,0.1,0.0227,0.0891
15992,2,2_3,0.1,0.01659,0.07245
15993,2,2_3,0.1,0.01884,0.08484
15994,2,2_3,0.1,0.02287,0.0891
15995,2,2_3,0.1,0.0885,0.0894
15996,2,2_3,0.1,0.02856,0.07495
15997,2,2_3,0.1,0.01839,0.0696
15998,2,2_3,0.1,0.02922,0.07275
15999,2,2_3,0.1,0.02606,0.0771
16000,2,2_3,0.2,0.03014,0.0824
16001,2,2_3,0.2,0.02559,0.0751
16002,2,2_3,0.2,0.02852,0.09674
16003,2,2_3,0.2,0.02551,0.0796
16004,2,2_3,0.2,0.02368,0.07886
16005,2,2_3,0.2,0.193,0.08295
16006,2,2_3,0.2,0.02304,0.1266
16007,2,2_3,0.2,0.1948,0.0723
16008,2,2_3,0.2,0.02051,0.0972
16009,2,2_3,0.2,0.02028,0.0807
16010,2,2_3,0.2,0.02084,0.06696
16011,2,2_3,0.2,0.02692,0.1083
16012,2,2_3,0.2,0.1755,0.0872
16013,2,2_3,0.2,0.0259,0.07324
16014,2,2_3,0.2,0.02275,0.07184
16015,2,2_3,0.2,0.0274,0.06964
16016,2,2_3,0.2,0.02335,0.0722
16017,2,2_3,0.2,0.05328,0.08844
16018,2,2_3,0.2,0.07245,0.08826
16019,2,2_3,0.2,0.02208,0.0747
16020,2,2_3,0.2,0.02538,0.07306
16021,2,2_3,0.2,0.02644,0.0719
16022,2,2_3,0.2,0.05634,0.0751
16023,2,2_3,0.2,0.1876,0.0813
16024,2,2_3,0.2,0.0309,0.0764
16025,2,2_3,0.2,0.01979,0.0789
16026,2,2_3,0.2,0.063,0.0983
16027,2,2_3,0.2,0.02287,0.077
16028,2,2_3,0.2,0.0378,0.07996
16029,2,2_3,0.2,0.1821,0.07355
16030,2,2_3,0.2,0.03467,0.07007
16031,2,2_3,0.2,0.02534,0.0975
16032,2,2_3,0.2,0.02744,0.0819
16033,2,2_3,0.2,0.01839,0.07434
16034,2,2_3,0.2,0.0264,0.0746
16035,2,2_3,0.2,0.1926,0.0857
16036,2,2_3,0.2,0.02243,0.0708
16037,2,2_3,0.2,0.1956,0.0913
16038,2,2_3,0.2,0.1901,0.09033
16039,2,2_3,0.2,0.02423,0.07733
16040,2,2_3,0.2,0.02664,0.0921
16041,2,2_3,0.2,0.1882,0.06805
16042,2,2_3,0.2,0.1989,0.0868
16043,2,2_3,0.2,0.02672,0.0751
16044,2,2_3,0.2,0.02534,0.0833
16045,2,2_3,0.2,0.02528,0.08875
16046,2,2_3,0.2,0.03415,0.0878
16047,2,2_3,0.2,0.0241,0.0889
16048,2,2_3,0.2,0.1921,0.099
16049,2,2_3,0.2,0.02823,0.0852
16050,2,2_3,0.2,0.02443,0.0806
16051,2,2_3,0.2,0.02402,0.07434
16052,2,2_3,0.2,0.0238,0.0801
16053,2,2_3,0.2,0.03812,0.0869
16054,2,2_3,0.2,0.0309,0.0819
16055,2,2_3,0.2,0.03644,0.085
16056,2,2_3,0.2,0.02992,0.0874
16057,2,2_3,0.2,0.02145,0.0803
16058,2,2_3,0.2,0.02534,0.10547
16059,2,2_3,0.2,0.144,0.08057
16060,2,2_3,0.2,0.02425,0.08563
16061,2,2_3,0.2,0.05008,0.0836
16062,2,2_3,0.2,0.1924,0.09955
16063,2,2_3,0.2,0.03458,0.0798
16064,2,2_3,0.2,0.02328,0.0769
16065,2,2_3,0.2,0.0337,0.084
16066,2,2_3,0.2,0.1208,0.0892
16067,2,2_3,0.2,0.02107,0.07623
16068,2,2_3,0.2,0.1754,0.07825
16069,2,2_3,0.2,0.03604,0.0769
16070,2,2_3,0.2,0.03098,0.0866
16071,2,2_3,0.2,0.0292,0.1115
16072,2,2_3,0.2,0.02298,0.0787
16073,2,2_3,0.2,0.02469,0.0708
16074,2,2_3,0.2,0.03934,0.0768
16075,2,2_3,0.2,0.03064,0.0771
16076,2,2_3,0.2,0.1919,0.0886
16077,2,2_3,0.2,0.02713,0.0725
16078,2,2_3,0.2,0.02129,0.11993
16079,2,2_3,0.2,0.02286,0.07544
16080,2,2_3,0.2,0.02983,0.0828
16081,2,2_3,0.2,0.0464,0.07874
16082,2,2_3,0.2,0.02829,0.07886
16083,2,2_3,0.2,0.1793,0.0833
16084,2,2_3,0.2,0.02039,0.0756
16085,2,2_3,0.2,0.1727,0.0742
16086,2,2_3,0.2,0.04434,0.08057
16087,2,2_3,0.2,0.03275,0.10706
16088,2,2_3,0.2,0.197,0.103
16089,2,2_3,0.2,0.03275,0.08923
16090,2,2_3,0.2,0.1715,0.0846
16091,2,2_3,0.2,0.1307,0.07153
16092,2,2_3,0.2,0.1619,0.074
16093,2,2_3,0.2,0.03897,0.0834
16094,2,2_3,0.2,0.04324,0.0988
16095,2,2_3,0.2,0.02048,0.0836
16096,2,2_3,0.2,0.02892,0.0895
16097,2,2_3,0.2,0.1827,0.07947
16098,2,2_3,0.2,0.02017,0.0734
16099,2,2_3,0.2,0.02667,0.08887
16100,2,2_3,0.2,0.1986,0.08093
16101,2,2_3,0.2,0.02869,0.08527
16102,2,2_3,0.2,0.06775,0.07214
16103,2,2_3,0.2,0.02391,0.08246
16104,2,2_3,0.2,0.0931,0.09296
16105,2,2_3,0.2,0.03375,0.07886
16106,2,2_3,0.2,0.03354,0.0741
16107,2,2_3,0.2,0.02675,0.07556
16108,2,2_3,0.2,0.02068,0.0836
16109,2,2_3,0.2,0.02425,0.07166
16110,2,2_3,0.2,0.0338,0.0737
16111,2,2_3,0.2,0.02576,0.0759
16112,2,2_3,0.2,0.02545,0.0732
16113,2,2_3,0.2,0.03226,0.0765
16114,2,2_3,0.2,0.0278,0.07184
16115,2,2_3,0.2,0.03244,0.08374
16116,2,2_3,0.2,0.0425,0.08093
16117,2,2_3,0.2,0.02296,0.0756
16118,2,2_3,0.2,0.1819,0.0992
16119,2,2_3,0.2,0.03735,0.0857
16120,2,2_3,0.2,0.1301,0.083
16121,2,2_3,0.2,0.02707,0.0905
16122,2,2_3,0.2,0.03766,0.0747
16123,2,2_3,0.2,0.02075,0.08826
16124,2,2_3,0.2,0.1904,0.0877
16125,2,2_3,0.2,0.02847,0.0786
16126,2,2_3,0.2,0.01991,0.08246
16127,2,2_3,0.2,0.1957,0.0835
16128,2,2_3,0.2,0.1498,0.0725
16129,2,2_3,0.2,0.06082,0.07983
16130,2,2_3,0.2,0.02603,0.07837
16131,2,2_3,0.2,0.03976,0.0809
16132,2,2_3,0.2,0.1914,0.10925
16133,2,2_3,0.2,0.1897,0.07654
16134,2,2_3,0.2,0.1702,0.1068
16135,2,2_3,0.2,0.03021,0.0875
16136,2,2_3,0.2,0.03357,0.0827
16137,2,2_3,0.2,0.1558,0.07526
16138,2,2_3,0.2,0.02634,0.0759
16139,2,2_3,0.2,0.03476,0.0809
16140,2,2_3,0.2,0.02267,0.09155
16141,2,2_3,0.2,0.1986,0.0945
16142,2,2_3,0.2,0.0896,0.0733
16143,2,2_3,0.2,0.03387,0.099
16144,2,2_3,0.2,0.0328,0.077
16145,2,2_3,0.2,0.02318,0.10254
16146,2,2_3,0.2,0.02943,0.0881
16147,2,2_3,0.2,0.0314,0.0715
16148,2,2_3,0.2,0.02338,0.07745
16149,2,2_3,0.2,0.1565,0.09607
16150,2,2_3,0.2,0.04773,0.0782
16151,2,2_3,0.2,0.02684,0.0725
16152,2,2_3,0.2,0.1886,0.1051
16153,2,2_3,0.2,0.02342,0.0743
16154,2,2_3,0.2,0.03192,0.09576
16155,2,2_3,0.2,0.0298,0.0854
16156,2,2_3,0.2,0.02562,0.0829
16157,2,2_3,0.2,0.1898,0.07874
16158,2,2_3,0.2,0.02898,0.08923
16159,2,2_3,0.2,0.02701,0.07477
16160,2,2_3,0.2,0.03152,0.0982
16161,2,2_3,0.2,0.02121,0.0908
16162,2,2_3,0.2,0.166,0.0696
16163,2,2_3,0.2,0.0162,0.0752
16164,2,2_3,0.2,0.0333,0.09155
16165,2,2_3,0.2,0.02551,0.07227
16166,2,2_3,0.2,0.03076,0.0928
16167,2,2_3,0.2,0.02904,0.087
16168,2,2_3,0.2,0.03223,0.0762
16169,2,2_3,0.2,0.07623,0.07544
16170,2,2_3,0.2,0.0245,0.08234
16171,2,2_3,0.2,0.02168,0.074
16172,2,2_3,0.2,0.1991,0.08655
16173,2,2_3,0.2,0.0757,0.08325
16174,2,2_3,0.2,0.036,0.0901
16175,2,2_3,0.2,0.03473,0.1019
16176,2,2_3,0.2,0.03458,0.07623
16177,2,2_3,0.2,0.03287,0.09106
16178,2,2_3,0.2,0.03513,0.07947
16179,2,2_3,0.2,0.02917,0.075
16180,2,2_3,0.2,0.02774,0.08167
16181,2,2_3,0.2,0.02185,0.07587
16182,2,2_3,0.2,0.02913,0.0896
16183,2,2_3,0.2,0.03026,0.08344
16184,2,2_3,0.2,0.02385,0.0774
16185,2,2_3,0.2,0.02232,0.0732
16186,2,2_3,0.2,0.1697,0.0804
16187,2,2_3,0.2,0.02768,0.08276
16188,2,2_3,0.2,0.02415,0.0792
16189,2,2_3,0.2,0.0243,0.08026
16190,2,2_3,0.2,0.0255,0.0898
16191,2,2_3,0.2,0.02562,0.1157
16192,2,2_3,0.2,0.02502,0.0795
16193,2,2_3,0.2,0.01936,0.08856
16194,2,2_3,0.2,0.1967,0.07336
16195,2,2_3,0.2,0.02461,0.1043
16196,2,2_3,0.2,0.08765,0.07294
16197,2,2_3,0.2,0.02393,0.08795
16198,2,2_3,0.2,0.02629,0.07263
16199,2,2_3,0.2,0.0223,0.09595
16200,2,2_3,0.2,0.04752,0.0814
16201,2,2_3,0.2,0.185,0.0788
16202,2,2_3,0.2,0.1919,0.09106
16203,2,2_3,0.2,0.16,0.07196
16204,2,2_3,0.2,0.02293,0.08746
16205,2,2_3,0.2,0.04407,0.0938
16206,2,2_3,0.2,0.03186,0.085
16207,2,2_3,0.2,0.03067,0.08167
16208,2,2_3,0.2,0.0316,0.075
16209,2,2_3,0.2,0.02853,0.0736
16210,2,2_3,0.2,0.02553,0.08765
16211,2,2_3,0.2,0.05005,0.08325
16212,2,2_3,0.2,0.02925,0.09265
16213,2,2_3,0.2,0.02966,0.0751
16214,2,2_3,0.2,0.01971,0.0882
16215,2,2_3,0.2,0.02606,0.0752
16216,2,2_3,0.2,0.1906,0.0855
16217,2,2_3,0.2,0.02637,0.0719
16218,2,2_3,0.2,0.01776,0.07043
16219,2,2_3,0.2,0.0359,0.0804
16220,2,2_3,0.2,0.1339,0.07434
16221,2,2_3,0.2,0.0265,0.07544
16222,2,2_3,0.2,0.04465,0.08685
16223,2,2_3,0.2,0.0333,0.0731
16224,2,2_3,0.2,0.04425,0.0984
16225,2,2_3,0.2,0.03445,0.0948
16226,2,2_3,0.2,0.02055,0.0828
16227,2,2_3,0.2,0.04086,0.0761
16228,2,2_3,0.2,0.04333,0.07
16229,2,2_3,0.2,0.02203,0.0759
16230,2,2_3,0.2,0.03403,0.0822
16231,2,2_3,0.2,0.03696,0.0825
16232,2,2_3,0.2,0.154,0.0903
16233,2,2_3,0.2,0.1842,0.0745
16234,2,2_3,0.2,0.02946,0.0717
16235,2,2_3,0.2,0.0335,0.07745
16236,2,2_3,0.2,0.02974,0.0743
16237,2,2_3,0.2,0.1965,0.0788
16238,2,2_3,0.2,0.019,0.07904
16239,2,2_3,0.2,0.02454,0.08246
16240,2,2_3,0.2,0.02513,0.08795
16241,2,2_3,0.2,0.1091,0.0922
16242,2,2_3,0.2,0.02815,0.073
16243,2,2_3,0.2,0.1152,0.07654
16244,2,2_3,0.2,0.04626,0.0759
16245,2,2_3,0.2,0.03647,0.0953
16246,2,2_3,0.2,0.0191,0.0771
16247,2,2_3,0.2,0.1737,0.0717
16248,2,2_3,0.2,0.03217,0.0746
16249,2,2_3,0.2,0.02733,0.107
16250,2,2_3,0.2,0.1138,0.09766
16251,2,2_3,0.2,0.06476,0.08044
16252,2,2_3,0.2,0.01588,0.08954
16253,2,2_3,0.2,0.1188,0.07806
16254,2,2_3,0.2,0.02515,0.0864
16255,2,2_3,0.2,0.0365,0.0824
16256,2,2_3,0.2,0.0368,0.07697
16257,2,2_3,0.2,0.03314,0.0857
16258,2,2_3,0.2,0.0225,0.117
16259,2,2_3,0.2,0.1947,0.07684
16260,2,2_3,0.2,0.02818,0.0785
16261,2,2_3,0.2,0.0569,0.0827
16262,2,2_3,0.2,0.02792,0.073
16263,2,2_3,0.2,0.04135,0.0799
16264,2,2_3,0.2,0.0386,0.09314
16265,2,2_3,0.2,0.02734,0.0795
16266,2,2_3,0.2,0.0204,0.0788
16267,2,2_3,0.2,0.03053,0.0974
16268,2,2_3,0.2,0.02475,0.08356
16269,2,2_3,0.2,0.03165,0.08093
16270,2,2_3,0.2,0.0291,0.10614
16271,2,2_3,0.2,0.1866,0.0793
16272,2,2_3,0.2,0.034,0.08606
16273,2,2_3,0.2,0.03214,0.0835
16274,2,2_3,0.2,0.02232,0.07404
16275,2,2_3,0.2,0.02454,0.07764
16276,2,2_3,0.2,0.02574,0.0817
16277,2,2_3,0.2,0.03372,0.08215
16278,2,2_3,0.2,0.02852,0.1234
16279,2,2_3,0.2,0.02274,0.0706
16280,2,2_3,0.2,0.1877,0.1059
16281,2,2_3,0.2,0.1901,0.07715
16282,2,2_3,0.2,0.1868,0.0803
16283,2,2_3,0.2,0.02995,0.0706
16284,2,2_3,0.2,0.03723,0.081
16285,2,2_3,0.2,0.0325,0.0814
16286,2,2_3,0.2,0.03958,0.08905
16287,2,2_3,0.2,0.02841,0.07855
16288,2,2_3,0.2,0.0277,0.0897
16289,2,2_3,0.2,0.02063,0.0718
16290,2,2_3,0.2,0.0227,0.08704
16291,2,2_3,0.2,0.03275,0.0715
16292,2,2_3,0.2,0.0315,0.0899
16293,2,2_3,0.2,0.02672,0.0766
16294,2,2_3,0.2,0.03302,0.0839
16295,2,2_3,0.2,0.193,0.0931
16296,2,2_3,0.2,0.0168,0.0788
16297,2,2_3,0.2,0.1906,0.0745
16298,2,2_3,0.2,0.0375,0.1081
16299,2,2_3,0.2,0.03029,0.1432
16300,2,2_3,0.2,0.1915,0.09125
16301,2,2_3,0.2,0.03506,0.0822
16302,2,2_3,0.2,0.03802,0.1005
16303,2,2_3,0.2,0.02382,0.09467
16304,2,2_3,0.2,0.1678,0.0816
16305,2,2_3,0.2,0.03027,0.0817
16306,2,2_3,0.2,0.01979,0.07556
16307,2,2_3,0.2,0.0199,0.07324
16308,2,2_3,0.2,0.04044,0.0886
16309,2,2_3,0.2,0.02571,0.08264
16310,2,2_3,0.2,0.02856,0.0971
16311,2,2_3,0.2,0.1962,0.07416
16312,2,2_3,0.2,0.0353,0.08777
16313,2,2_3,0.2,0.187,0.07935
16314,2,2_3,0.2,0.1304,0.09326
16315,2,2_3,0.2,0.19,0.0722
16316,2,2_3,0.2,0.02495,0.0853
16317,2,2_3,0.2,0.03006,0.0797
16318,2,2_3,0.2,0.03027,0.0917
16319,2,2_3,0.2,0.1517,0.0941
16320,2,2_3,0.2,0.02234,0.08704
16321,2,2_3,0.2,0.02724,0.0752
16322,2,2_3,0.2,0.02046,0.0698
16323,2,2_3,0.2,0.02336,0.07855
16324,2,2_3,0.2,0.1953,0.0801
16325,2,2_3,0.2,0.02765,0.1011
16326,2,2_3,0.2,0.02562,0.07886
16327,2,2_3,0.2,0.03317,0.08887
16328,2,2_3,0.2,0.02713,0.0797
16329,2,2_3,0.2,0.03732,0.07855
16330,2,2_3,0.2,0.02592,0.0919
16331,2,2_3,0.2,0.03027,0.08185
16332,2,2_3,0.2,0.02327,0.08295
16333,2,2_3,0.2,0.1971,0.0806
16334,2,2_3,0.2,0.02391,0.11334
16335,2,2_3,0.2,0.02625,0.08887
16336,2,2_3,0.2,0.0318,0.08167
16337,2,2_3,0.2,0.02115,0.0769
16338,2,2_3,0.2,0.0276,0.0876
16339,2,2_3,0.2,0.1896,0.10016
16340,2,2_3,0.2,0.03375,0.0803
16341,2,2_3,0.2,0.01807,0.10034
16342,2,2_3,0.2,0.037,0.08844
16343,2,2_3,0.2,0.1696,0.0812
16344,2,2_3,0.2,0.1545,0.0841
16345,2,2_3,0.2,0.02284,0.0946
16346,2,2_3,0.2,0.02945,0.07544
16347,2,2_3,0.2,0.02094,0.07196
16348,2,2_3,0.2,0.0347,0.07745
16349,2,2_3,0.2,0.03897,0.08765
16350,2,2_3,0.2,0.02336,0.0836
16351,2,2_3,0.2,0.02946,0.08154
16352,2,2_3,0.2,0.02083,0.08905
16353,2,2_3,0.2,0.1847,0.08795
16354,2,2_3,0.2,0.03528,0.07764
16355,2,2_3,0.2,0.03534,0.0903
16356,2,2_3,0.2,0.1787,0.0786
16357,2,2_3,0.2,0.03848,0.0874
16358,2,2_3,0.2,0.0337,0.0803
16359,2,2_3,0.2,0.03464,0.09235
16360,2,2_3,0.2,0.01869,0.0844
16361,2,2_3,0.2,0.03107,0.0916
16362,2,2_3,0.2,0.06445,0.085
16363,2,2_3,0.2,0.187,0.08496
16364,2,2_3,0.2,0.02325,0.09296
16365,2,2_3,0.2,0.02464,0.0927
16366,2,2_3,0.2,0.02286,0.09375
16367,2,2_3,0.2,0.0359,0.0793
16368,2,2_3,0.2,0.01845,0.09155
16369,2,2_3,0.2,0.03903,0.09314
16370,2,2_3,0.2,0.03857,0.08026
16371,2,2_3,0.2,0.02296,0.08167
16372,2,2_3,0.2,0.02512,0.08954
16373,2,2_3,0.2,0.02032,0.08545
16374,2,2_3,0.2,0.02666,0.0731
16375,2,2_3,0.2,0.03096,0.092
16376,2,2_3,0.2,0.03111,0.0854
16377,2,2_3,0.2,0.1344,0.07623
16378,2,2_3,0.2,0.02484,0.07245
16379,2,2_3,0.2,0.05423,0.09436
16380,2,2_3,0.2,0.03778,0.09015
16381,2,2_3,0.2,0.1686,0.0803
16382,2,2_3,0.2,0.1764,0.1132
16383,2,2_3,0.2,0.1937,0.07697
16384,2,2_3,0.2,0.02515,0.0702
16385,2,2_3,0.2,0.02373,0.0821
16386,2,2_3,0.2,0.02303,0.0755
16387,2,2_3,0.2,0.1559,0.0842
16388,2,2_3,0.2,0.02525,0.11304
16389,2,2_3,0.2,0.01953,0.0802
16390,2,2_3,0.2,0.02553,0.0784
16391,2,2_3,0.2,0.02856,0.0915
16392,2,2_3,0.2,0.02654,0.07477
16393,2,2_3,0.2,0.02249,0.0819
16394,2,2_3,0.2,0.1608,0.0768
16395,2,2_3,0.2,0.0199,0.0713
16396,2,2_3,0.2,0.02766,0.0877
16397,2,2_3,0.2,0.03717,0.10236
16398,2,2_3,0.2,0.178,0.116
16399,2,2_3,0.2,0.02745,0.0913
16400,2,2_3,0.2,0.0321,0.1044
16401,2,2_3,0.2,0.04684,0.1065
16402,2,2_3,0.2,0.0201,0.07275
16403,2,2_3,0.2,0.1729,0.0724
16404,2,2_3,0.2,0.1525,0.0891
16405,2,2_3,0.2,0.03378,0.0956
16406,2,2_3,0.2,0.0228,0.07855
16407,2,2_3,0.2,0.02814,0.0791
16408,2,2_3,0.2,0.02782,0.08386
16409,2,2_3,0.2,0.0981,0.0798
16410,2,2_3,0.2,0.0182,0.07837
16411,2,2_3,0.2,0.03004,0.0806
16412,2,2_3,0.2,0.03583,0.08105
16413,2,2_3,0.2,0.1755,0.1076
16414,2,2_3,0.2,0.01913,0.09625
16415,2,2_3,0.2,0.03598,0.07764
16416,2,2_3,0.2,0.02083,0.0704
16417,2,2_3,0.2,0.05783,0.09076
16418,2,2_3,0.2,0.04507,0.0871
16419,2,2_3,0.2,0.02338,0.06995
16420,2,2_3,0.2,0.1815,0.0801
16421,2,2_3,0.2,0.1841,0.086
16422,2,2_3,0.2,0.01675,0.07764
16423,2,2_3,0.2,0.02124,0.07886
16424,2,2_3,0.2,0.02771,0.0821
16425,2,2_3,0.2,0.02164,0.08124
16426,2,2_3,0.2,0.146,0.0963
16427,2,2_3,0.2,0.0304,0.0729
16428,2,2_3,0.2,0.02626,0.10376
16429,2,2_3,0.2,0.0333,0.0781
16430,2,2_3,0.2,0.04367,0.0845
16431,2,2_3,0.2,0.02275,0.1195
16432,2,2_3,0.2,0.0328,0.078
16433,2,2_3,0.2,0.02495,0.07477
16434,2,2_3,0.2,0.02507,0.08057
16435,2,2_3,0.2,0.03534,0.0882
16436,2,2_3,0.2,0.02808,0.0979
16437,2,2_3,0.2,0.02423,0.08356
16438,2,2_3,0.2,0.02972,0.07355
16439,2,2_3,0.2,0.03668,0.09515
16440,2,2_3,0.2,0.02994,0.11395
16441,2,2_3,0.2,0.0914,0.0922
16442,2,2_3,0.2,0.02692,0.08136
16443,2,2_3,0.2,0.02692,0.0802
16444,2,2_3,0.2,0.05185,0.08795
16445,2,2_3,0.2,0.0394,0.08575
16446,2,2_3,0.2,0.03056,0.1111
16447,2,2_3,0.2,0.0226,0.07336
16448,2,2_3,0.2,0.04538,0.08466
16449,2,2_3,0.2,0.04694,0.07666
16450,2,2_3,0.2,0.0721,0.115
16451,2,2_3,0.2,0.192,0.0995
16452,2,2_3,0.2,0.186,0.07574
16453,2,2_3,0.2,0.02426,0.072
16454,2,2_3,0.2,0.05377,0.0868
16455,2,2_3,0.2,0.02545,0.09863
16456,2,2_3,0.2,0.04996,0.09955
16457,2,2_3,0.2,0.04205,0.08386
16458,2,2_3,0.2,0.02724,0.0768
16459,2,2_3,0.2,0.02734,0.08496
16460,2,2_3,0.2,0.03546,0.086
16461,2,2_3,0.2,0.02802,0.07874
16462,2,2_3,0.2,0.0333,0.0857
16463,2,2_3,0.2,0.0305,0.08954
16464,2,2_3,0.2,0.04816,0.07697
16465,2,2_3,0.2,0.1583,0.0804
16466,2,2_3,0.2,0.02644,0.08844
16467,2,2_3,0.2,0.03065,0.07495
16468,2,2_3,0.2,0.02855,0.07587
16469,2,2_3,0.2,0.02975,0.08124
16470,2,2_3,0.2,0.09875,0.0776
16471,2,2_3,0.2,0.1943,0.076
16472,2,2_3,0.2,0.1965,0.0708
16473,2,2_3,0.2,0.0373,0.09045
16474,2,2_3,0.2,0.0762,0.08075
16475,2,2_3,0.2,0.0267,0.097
16476,2,2_3,0.2,0.04086,0.0739
16477,2,2_3,0.2,0.03293,0.0947
16478,2,2_3,0.2,0.1217,0.0823
16479,2,2_3,0.2,0.1428,0.0711
16480,2,2_3,0.2,0.02267,0.08484
16481,2,2_3,0.2,0.03967,0.07404
16482,2,2_3,0.2,0.063,0.0848
16483,2,2_3,0.2,0.0416,0.078
16484,2,2_3,0.2,0.0494,0.09143
16485,2,2_3,0.2,0.02829,0.08154
16486,2,2_3,0.2,0.03366,0.0766
16487,2,2_3,0.2,0.02676,0.0933
16488,2,2_3,0.2,0.02527,0.0962
16489,2,2_3,0.2,0.114,0.08624
16490,2,2_3,0.2,0.02094,0.08356
16491,2,2_3,0.2,0.1819,0.0816
16492,2,2_3,0.2,0.0246,0.0842
16493,2,2_3,0.2,0.02667,0.07666
16494,2,2_3,0.2,0.07513,0.07495
16495,2,2_3,0.2,0.02045,0.0785
16496,2,2_3,0.2,0.02902,0.121
16497,2,2_3,0.2,0.0707,0.0847
16498,2,2_3,0.2,0.02301,0.08264
16499,2,2_3,0.2,0.02179,0.09235
16500,2,2_3,0.2,0.02116,0.0743
16501,2,2_3,0.2,0.03543,0.0832
16502,2,2_3,0.2,0.02382,0.07837
16503,2,2_3,0.2,0.03708,0.0762
16504,2,2_3,0.2,0.02463,0.08307
16505,2,2_3,0.2,0.02312,0.07806
16506,2,2_3,0.2,0.0383,0.07574
16507,2,2_3,0.2,0.1913,0.1008
16508,2,2_3,0.2,0.02911,0.08295
16509,2,2_3,0.2,0.02895,0.0981
16510,2,2_3,0.2,0.1766,0.0897
16511,2,2_3,0.2,0.01741,0.07806
16512,2,2_3,0.2,0.186,0.09235
16513,2,2_3,0.2,0.028,0.0714
16514,2,2_3,0.2,0.02875,0.0802
16515,2,2_3,0.2,0.1984,0.1126
16516,2,2_3,0.2,0.01927,0.0757
16517,2,2_3,0.2,0.023,0.104
16518,2,2_3,0.2,0.02197,0.093
16519,2,2_3,0.2,0.03152,0.1027
16520,2,2_3,0.2,0.03778,0.0842
16521,2,2_3,0.2,0.02278,0.0974
16522,2,2_3,0.2,0.0275,0.0885
16523,2,2_3,0.2,0.1912,0.09106
16524,2,2_3,0.2,0.06757,0.0805
16525,2,2_3,0.2,0.1443,0.08673
16526,2,2_3,0.2,0.1895,0.0837
16527,2,2_3,0.2,0.1864,0.0733
16528,2,2_3,0.2,0.0562,0.087
16529,2,2_3,0.2,0.03134,0.101
16530,2,2_3,0.2,0.03268,0.0809
16531,2,2_3,0.2,0.05255,0.08167
16532,2,2_3,0.2,0.0459,0.0803
16533,2,2_3,0.2,0.092,0.1051
16534,2,2_3,0.2,0.1765,0.1232
16535,2,2_3,0.2,0.0333,0.0825
16536,2,2_3,0.2,0.1719,0.0796
16537,2,2_3,0.2,0.0326,0.0857
16538,2,2_3,0.2,0.03857,0.0777
16539,2,2_3,0.2,0.02858,0.08997
16540,2,2_3,0.2,0.0325,0.0954
16541,2,2_3,0.2,0.02838,0.0862
16542,2,2_3,0.2,0.02022,0.07465
16543,2,2_3,0.2,0.02199,0.0982
16544,2,2_3,0.2,0.03455,0.0739
16545,2,2_3,0.2,0.02754,0.0803
16546,2,2_3,0.2,0.03026,0.08057
16547,2,2_3,0.2,0.02077,0.0983
16548,2,2_3,0.2,0.0434,0.08954
16549,2,2_3,0.2,0.0747,0.0966
16550,2,2_3,0.2,0.03824,0.07587
16551,2,2_3,0.2,0.0236,0.0719
16552,2,2_3,0.2,0.03525,0.0826
16553,2,2_3,0.2,0.0277,0.07513
16554,2,2_3,0.2,0.04663,0.08514
16555,2,2_3,0.2,0.03647,0.07983
16556,2,2_3,0.2,0.1693,0.0829
16557,2,2_3,0.2,0.0233,0.07623
16558,2,2_3,0.2,0.02312,0.08685
16559,2,2_3,0.2,0.03732,0.0824
16560,2,2_3,0.2,0.06445,0.0834
16561,2,2_3,0.2,0.1621,0.0786
16562,2,2_3,0.2,0.05847,0.0833
16563,2,2_3,0.2,0.02477,0.0799
16564,2,2_3,0.2,0.0307,0.10065
16565,2,2_3,0.2,0.136,0.09265
16566,2,2_3,0.2,0.04126,0.0792
16567,2,2_3,0.2,0.1681,0.0823
16568,2,2_3,0.2,0.0482,0.0932
16569,2,2_3,0.2,0.02887,0.0895
16570,2,2_3,0.2,0.0247,0.07605
16571,2,2_3,0.2,0.03525,0.0877
16572,2,2_3,0.2,0.1664,0.08344
16573,2,2_3,0.2,0.0382,0.0782
16574,2,2_3,0.2,0.0652,0.079
16575,2,2_3,0.2,0.03976,0.08057
16576,2,2_3,0.2,0.0419,0.0797
16577,2,2_3,0.2,0.1787,0.08154
16578,2,2_3,0.2,0.1519,0.08057
16579,2,2_3,0.2,0.01997,0.07605
16580,2,2_3,0.2,0.04166,0.0788
16581,2,2_3,0.2,0.02483,0.07153
16582,2,2_3,0.2,0.01738,0.07434
16583,2,2_3,0.2,0.03296,0.0933
16584,2,2_3,0.2,0.03058,0.0923
16585,2,2_3,0.2,0.11926,0.0826
16586,2,2_3,0.2,0.0366,0.095
16587,2,2_3,0.2,0.03497,0.0744
16588,2,2_3,0.2,0.02548,0.103
16589,2,2_3,0.2,0.03192,0.10095
16590,2,2_3,0.2,0.03983,0.07416
16591,2,2_3,0.2,0.0305,0.0772
16592,2,2_3,0.2,0.08075,0.10004
16593,2,2_3,0.2,0.1938,0.09
16594,2,2_3,0.2,0.03009,0.0784
16595,2,2_3,0.2,0.02264,0.07697
16596,2,2_3,0.2,0.02008,0.0738
16597,2,2_3,0.2,0.1356,0.0987
16598,2,2_3,0.2,0.1835,0.07404
16599,2,2_3,0.2,0.0382,0.0931
16600,2,2_3,0.2,0.02977,0.0848
16601,2,2_3,0.2,0.02184,0.0817
16602,2,2_3,0.2,0.03864,0.08624
16603,2,2_3,0.2,0.02448,0.0765
16604,2,2_3,0.2,0.04465,0.0745
16605,2,2_3,0.2,0.1627,0.07764
16606,2,2_3,0.2,0.03992,0.07697
16607,2,2_3,0.2,0.02368,0.08325
16608,2,2_3,0.2,0.1804,0.0819
16609,2,2_3,0.2,0.1302,0.1345
16610,2,2_3,0.2,0.02086,0.0725
16611,2,2_3,0.2,0.0443,0.08374
16612,2,2_3,0.2,0.0234,0.0832
16613,2,2_3,0.2,0.04788,0.081
16614,2,2_3,0.2,0.1731,0.086
16615,2,2_3,0.2,0.01768,0.0841
16616,2,2_3,0.2,0.02113,0.0824
16617,2,2_3,0.2,0.02637,0.0832
16618,2,2_3,0.2,0.02689,0.0711
16619,2,2_3,0.2,0.02837,0.08386
16620,2,2_3,0.2,0.03049,0.0788
16621,2,2_3,0.2,0.07477,0.106
16622,2,2_3,0.2,0.02832,0.1064
16623,2,2_3,0.2,0.02296,0.07855
16624,2,2_3,0.2,0.189,0.0808
16625,2,2_3,0.2,0.03183,0.0813
16626,2,2_3,0.2,0.1328,0.07416
16627,2,2_3,0.2,0.0332,0.09393
16628,2,2_3,0.2,0.03137,0.08124
16629,2,2_3,0.2,0.02267,0.0817
16630,2,2_3,0.2,0.02667,0.0739
16631,2,2_3,0.2,0.02457,0.0767
16632,2,2_3,0.2,0.02127,0.08624
16633,2,2_3,0.2,0.038,0.083
16634,2,2_3,0.2,0.02577,0.0792
16635,2,2_3,0.2,0.03763,0.10706
16636,2,2_3,0.2,0.0245,0.084
16637,2,2_3,0.2,0.03195,0.09424
16638,2,2_3,0.2,0.02074,0.07367
16639,2,2_3,0.2,0.02199,0.1031
16640,2,2_3,0.2,0.1464,0.09424
16641,2,2_3,0.2,0.01805,0.07886
16642,2,2_3,0.2,0.0928,0.08954
16643,2,2_3,0.2,0.03018,0.072
16644,2,2_3,0.2,0.03723,0.0744
16645,2,2_3,0.2,0.0452,0.08405
16646,2,2_3,0.2,0.04092,0.09
16647,2,2_3,0.2,0.04495,0.0969
16648,2,2_3,0.2,0.02429,0.0785
16649,2,2_3,0.2,0.03363,0.07355
16650,2,2_3,0.2,0.02321,0.0758
16651,2,2_3,0.2,0.01855,0.0717
16652,2,2_3,0.2,0.0471,0.084
16653,2,2_3,0.2,0.0249,0.08563
16654,2,2_3,0.2,0.184,0.0748
16655,2,2_3,0.2,0.02686,0.08905
16656,2,2_3,0.2,0.0231,0.0796
16657,2,2_3,0.2,0.02899,0.08057
16658,2,2_3,0.2,0.03558,0.07495
16659,2,2_3,0.2,0.0304,0.0938
16660,2,2_3,0.2,0.03107,0.07355
16661,2,2_3,0.2,0.0273,0.0918
16662,2,2_3,0.2,0.02318,0.08563
16663,2,2_3,0.2,0.02681,0.0828
16664,2,2_3,0.2,0.03693,0.07947
16665,2,2_3,0.2,0.02824,0.0803
16666,2,2_3,0.2,0.0859,0.10315
16667,2,2_3,0.2,0.06384,0.07916
16668,2,2_3,0.2,0.0257,0.0914
16669,2,2_3,0.2,0.1803,0.0803
16670,2,2_3,0.2,0.1658,0.0894
16671,2,2_3,0.2,0.178,0.0729
16672,2,2_3,0.2,0.1809,0.0785
16673,2,2_3,0.2,0.03497,0.10034
16674,2,2_3,0.2,0.0282,0.07996
16675,2,2_3,0.2,0.1471,0.0764
16676,2,2_3,0.2,0.03433,0.0879
16677,2,2_3,0.2,0.1646,0.0747
16678,2,2_3,0.2,0.1647,0.10614
16679,2,2_3,0.2,0.0391,0.0826
16680,2,2_3,0.2,0.0345,0.0879
16681,2,2_3,0.2,0.02196,0.0756
16682,2,2_3,0.2,0.03041,0.09973
16683,2,2_3,0.2,0.0392,0.08093
16684,2,2_3,0.2,0.03632,0.07404
16685,2,2_3,0.2,0.04425,0.09326
16686,2,2_3,0.2,0.02043,0.0888
16687,2,2_3,0.2,0.04193,0.0811
16688,2,2_3,0.2,0.02243,0.08203
16689,2,2_3,0.2,0.0315,0.07544
16690,2,2_3,0.2,0.02545,0.0787
16691,2,2_3,0.2,0.03458,0.0737
16692,2,2_3,0.2,0.1965,0.08936
16693,2,2_3,0.2,0.0242,0.08344
16694,2,2_3,0.2,0.02574,0.0753
16695,2,2_3,0.2,0.03018,0.08234
16696,2,2_3,0.2,0.02237,0.08997
16697,2,2_3,0.2,0.1459,0.0833
16698,2,2_3,0.2,0.12103,0.0847
16699,2,2_3,0.2,0.03906,0.0809
16700,2,2_3,0.2,0.0202,0.0784
16701,2,2_3,0.2,0.02855,0.0754
16702,2,2_3,0.2,0.132,0.0952
16703,2,2_3,0.2,0.03995,0.0838
16704,2,2_3,0.2,0.02937,0.1054
16705,2,2_3,0.2,0.0472,0.1025
16706,2,2_3,0.2,0.06854,0.09357
16707,2,2_3,0.2,0.03574,0.1047
16708,2,2_3,0.2,0.0302,0.105
16709,2,2_3,0.2,0.03445,0.0799
16710,2,2_3,0.2,0.04416,0.08905
16711,2,2_3,0.2,0.0294,0.083
16712,2,2_3,0.2,0.02345,0.08136
16713,2,2_3,0.2,0.10345,0.07104
16714,2,2_3,0.2,0.0347,0.08136
16715,2,2_3,0.2,0.1873,0.09625
16716,2,2_3,0.2,0.02666,0.07825
16717,2,2_3,0.2,0.02567,0.0877
16718,2,2_3,0.2,0.02802,0.0925
16719,2,2_3,0.2,0.03053,0.0887
16720,2,2_3,0.2,0.02788,0.08167
16721,2,2_3,0.2,0.02971,0.0873
16722,2,2_3,0.2,0.03262,0.0737
16723,2,2_3,0.2,0.04193,0.0891
16724,2,2_3,0.2,0.02628,0.07336
16725,2,2_3,0.2,0.02708,0.08484
16726,2,2_3,0.2,0.03424,0.0739
16727,2,2_3,0.2,0.0304,0.0931
16728,2,2_3,0.2,0.02446,0.0782
16729,2,2_3,0.2,0.04938,0.1007
16730,2,2_3,0.2,0.02913,0.0881
16731,2,2_3,0.2,0.03217,0.0778
16732,2,2_3,0.2,0.1748,0.0824
16733,2,2_3,0.2,0.1484,0.10474
16734,2,2_3,0.2,0.0915,0.0792
16735,2,2_3,0.2,0.01648,0.07355
16736,2,2_3,0.2,0.02612,0.0774
16737,2,2_3,0.2,0.0302,0.0884
16738,2,2_3,0.2,0.1906,0.10803
16739,2,2_3,0.2,0.02428,0.07965
16740,2,2_3,0.2,0.04623,0.11017
16741,2,2_3,0.2,0.02798,0.0866
16742,2,2_3,0.2,0.04175,0.0755
16743,2,2_3,0.2,0.1854,0.0967
16744,2,2_3,0.2,0.08093,0.0886
16745,2,2_3,0.2,0.0399,0.10364
16746,2,2_3,0.2,0.02676,0.09357
16747,2,2_3,0.2,0.05594,0.08826
16748,2,2_3,0.2,0.0357,0.08484
16749,2,2_3,0.2,0.1924,0.0905
16750,2,2_3,0.2,0.1302,0.087
16751,2,2_3,0.2,0.02966,0.07935
16752,2,2_3,0.2,0.0414,0.0892
16753,2,2_3,0.2,0.1262,0.1058
16754,2,2_3,0.2,0.1262,0.107
16755,2,2_3,0.2,0.01918,0.0758
16756,2,2_3,0.2,0.0947,0.0788
16757,2,2_3,0.2,0.03102,0.1078
16758,2,2_3,0.2,0.02759,0.0744
16759,2,2_3,0.2,0.0248,0.0802
16760,2,2_3,0.2,0.03452,0.08606
16761,2,2_3,0.2,0.04037,0.1009
16762,2,2_3,0.2,0.02522,0.07166
16763,2,2_3,0.2,0.03247,0.07184
16764,2,2_3,0.2,0.01842,0.0724
16765,2,2_3,0.2,0.02719,0.08514
16766,2,2_3,0.2,0.03023,0.0872
16767,2,2_3,0.2,0.07513,0.07825
16768,2,2_3,0.2,0.02795,0.0831
16769,2,2_3,0.2,0.02592,0.0728
16770,2,2_3,0.2,0.05545,0.0805
16771,2,2_3,0.2,0.02065,0.0751
16772,2,2_3,0.2,0.03162,0.0968
16773,2,2_3,0.2,0.04218,0.08325
16774,2,2_3,0.2,0.02557,0.08484
16775,2,2_3,0.2,0.04578,0.0855
16776,2,2_3,0.2,0.02957,0.07947
16777,2,2_3,0.2,0.04327,0.0787
16778,2,2_3,0.2,0.0256,0.0773
16779,2,2_3,0.2,0.03964,0.0849
16780,2,2_3,0.2,0.02306,0.0821
16781,2,2_3,0.2,0.0369,0.09015
16782,2,2_3,0.2,0.063,0.09393
16783,2,2_3,0.2,0.03357,0.07446
16784,2,2_3,0.2,0.1694,0.0828
16785,2,2_3,0.2,0.0438,0.08405
16786,2,2_3,0.2,0.02458,0.0885
16787,2,2_3,0.2,0.02585,0.0876
16788,2,2_3,0.2,0.04373,0.07947
16789,2,2_3,0.2,0.07794,0.1068
16790,2,2_3,0.2,0.02562,0.08704
16791,2,2_3,0.2,0.03207,0.0846
16792,2,2_3,0.2,0.04233,0.09717
16793,2,2_3,0.2,0.1317,0.07166
16794,2,2_3,0.2,0.02452,0.06915
16795,2,2_3,0.2,0.1278,0.0894
16796,2,2_3,0.2,0.1519,0.1132
16797,2,2_3,0.2,0.04852,0.10223
16798,2,2_3,0.2,0.02576,0.0907
16799,2,2_3,0.2,0.0325,0.0934
16800,2,2_3,0.2,0.02113,0.0819
16801,2,2_3,0.2,0.03044,0.0915
16802,2,2_3,0.2,0.02565,0.0853
16803,2,2_3,0.2,0.02164,0.08417
16804,2,2_3,0.2,0.03864,0.09717
16805,2,2_3,0.2,0.02159,0.108
16806,2,2_3,0.2,0.1747,0.0794
16807,2,2_3,0.2,0.03023,0.0764
16808,2,2_3,0.2,0.0292,0.09375
16809,2,2_3,0.2,0.0379,0.0823
16810,2,2_3,0.2,0.0361,0.10516
16811,2,2_3,0.2,0.03314,0.0768
16812,2,2_3,0.2,0.0747,0.0814
16813,2,2_3,0.2,0.028,0.0883
16814,2,2_3,0.2,0.02577,0.0907
16815,2,2_3,0.2,0.03693,0.0891
16816,2,2_3,0.2,0.02829,0.073
16817,2,2_3,0.2,0.03305,0.0856
16818,2,2_3,0.2,0.03867,0.0844
16819,2,2_3,0.2,0.10016,0.0819
16820,2,2_3,0.2,0.04916,0.09357
16821,2,2_3,0.2,0.02261,0.07434
16822,2,2_3,0.2,0.04602,0.114
16823,2,2_3,0.2,0.0354,0.08325
16824,2,2_3,0.2,0.1287,0.10095
16825,2,2_3,0.2,0.02003,0.128
16826,2,2_3,0.2,0.03099,0.08075
16827,2,2_3,0.2,0.03873,0.10095
16828,2,2_3,0.2,0.02206,0.09906
16829,2,2_3,0.2,0.02283,0.08075
16830,2,2_3,0.2,0.04172,0.08435
16831,2,2_3,0.2,0.1437,0.0705
16832,2,2_3,0.2,0.02332,0.08514
16833,2,2_3,0.2,0.02907,0.0857
16834,2,2_3,0.2,0.02446,0.1028
16835,2,2_3,0.2,0.07996,0.0839
16836,2,2_3,0.2,0.02151,0.08734
16837,2,2_3,0.2,0.0315,0.0756
16838,2,2_3,0.2,0.0728,0.09534
16839,2,2_3,0.2,0.03111,0.0814
16840,2,2_3,0.2,0.1827,0.07336
16841,2,2_3,0.2,0.01481,0.08295
16842,2,2_3,0.2,0.013466,0.0776
16843,2,2_3,0.2,0.02393,0.0722
16844,2,2_3,0.2,0.01913,0.0884
16845,2,2_3,0.2,0.03946,0.0772
16846,2,2_3,0.2,0.02557,0.07635
16847,2,2_3,0.2,0.02948,0.0765
16848,2,2_3,0.2,0.0447,0.07794
16849,2,2_3,0.2,0.1805,0.0789
16850,2,2_3,0.2,0.03687,0.07513
16851,2,2_3,0.2,0.04474,0.0839
16852,2,2_3,0.2,0.0259,0.0883
16853,2,2_3,0.2,0.02858,0.08167
16854,2,2_3,0.2,0.03114,0.0878
16855,2,2_3,0.2,0.02176,0.1065
16856,2,2_3,0.2,0.02606,0.0944
16857,2,2_3,0.2,0.1913,0.08685
16858,2,2_3,0.2,0.02934,0.1013
16859,2,2_3,0.2,0.0329,0.1432
16860,2,2_3,0.2,0.0275,0.0814
16861,2,2_3,0.2,0.03186,0.07654
16862,2,2_3,0.2,0.02405,0.08325
16863,2,2_3,0.2,0.127,0.09735
16864,2,2_3,0.2,0.02245,0.0798
16865,2,2_3,0.2,0.03674,0.0762
16866,2,2_3,0.2,0.03302,0.0918
16867,2,2_3,0.2,0.02722,0.0759
16868,2,2_3,0.2,0.02646,0.07965
16869,2,2_3,0.2,0.02539,0.0956
16870,2,2_3,0.2,0.02379,0.07434
16871,2,2_3,0.2,0.1741,0.07837
16872,2,2_3,0.2,0.1423,0.1156
16873,2,2_3,0.2,0.02753,0.08984
16874,2,2_3,0.2,0.02652,0.0805
16875,2,2_3,0.2,0.01906,0.09814
16876,2,2_3,0.2,0.0244,0.093
16877,2,2_3,0.2,0.0236,0.08344
16878,2,2_3,0.2,0.02296,0.0764
16879,2,2_3,0.2,0.0259,0.08344
16880,2,2_3,0.2,0.0289,0.0999
16881,2,2_3,0.2,0.03314,0.0742
16882,2,2_3,0.2,0.03348,0.0954
16883,2,2_3,0.2,0.03387,0.07306
16884,2,2_3,0.2,0.03342,0.1201
16885,2,2_3,0.2,0.03006,0.0965
16886,2,2_3,0.2,0.03122,0.0901
16887,2,2_3,0.2,0.02783,0.0798
16888,2,2_3,0.2,0.01915,0.0709
16889,2,2_3,0.2,0.03717,0.0782
16890,2,2_3,0.2,0.1593,0.1134
16891,2,2_3,0.2,0.05844,0.0778
16892,2,2_3,0.2,0.0283,0.0801
16893,2,2_3,0.2,0.02286,0.1038
16894,2,2_3,0.2,0.1775,0.0823
16895,2,2_3,0.2,0.02443,0.0742
16896,2,2_3,0.2,0.02383,0.0865
16897,2,2_3,0.2,0.03348,0.09033
16898,2,2_3,0.2,0.1781,0.07513
16899,2,2_3,0.2,0.0924,0.09796
16900,2,2_3,0.2,0.02374,0.0899
16901,2,2_3,0.2,0.01903,0.0898
16902,2,2_3,0.2,0.04425,0.1576
16903,2,2_3,0.2,0.185,0.0887
16904,2,2_3,0.2,0.1927,0.08563
16905,2,2_3,0.2,0.0255,0.07526
16906,2,2_3,0.2,0.02057,0.07166
16907,2,2_3,0.2,0.0198,0.0738
16908,2,2_3,0.2,0.02571,0.0742
16909,2,2_3,0.2,0.06247,0.1112
16910,2,2_3,0.2,0.01689,0.0936
16911,2,2_3,0.2,0.0217,0.075
16912,2,2_3,0.2,0.01593,0.0946
16913,2,2_3,0.2,0.0257,0.08234
16914,2,2_3,0.2,0.02536,0.07965
16915,2,2_3,0.2,0.0354,0.0757
16916,2,2_3,0.2,0.01968,0.09393
16917,2,2_3,0.2,0.03424,0.07715
16918,2,2_3,0.2,0.02477,0.1025
16919,2,2_3,0.2,0.1831,0.0894
16920,2,2_3,0.2,0.05148,0.09283
16921,2,2_3,0.2,0.0576,0.0959
16922,2,2_3,0.2,0.02332,0.0852
16923,2,2_3,0.2,0.03314,0.1026
16924,2,2_3,0.2,0.1538,0.10815
16925,2,2_3,0.2,0.02339,0.0818
16926,2,2_3,0.2,0.02415,0.0975
16927,2,2_3,0.2,0.02682,0.0875
16928,2,2_3,0.2,0.02977,0.1099
16929,2,2_3,0.2,0.02882,0.07245
16930,2,2_3,0.2,0.02766,0.0838
16931,2,2_3,0.2,0.05945,0.07294
16932,2,2_3,0.2,0.0299,0.0826
16933,2,2_3,0.2,0.08813,0.08154
16934,2,2_3,0.2,0.0672,0.086
16935,2,2_3,0.2,0.05493,0.08685
16936,2,2_3,0.2,0.02773,0.0778
16937,2,2_3,0.2,0.17,0.0825
16938,2,2_3,0.2,0.04218,0.0824
16939,2,2_3,0.2,0.02126,0.0781
16940,2,2_3,0.2,0.03787,0.1038
16941,2,2_3,0.2,0.0289,0.0795
16942,2,2_3,0.2,0.02681,0.08295
16943,2,2_3,0.2,0.03113,0.07764
16944,2,2_3,0.2,0.1879,0.11383
16945,2,2_3,0.2,0.02527,0.0721
16946,2,2_3,0.2,0.05792,0.0887
16947,2,2_3,0.2,0.04492,0.0775
16948,2,2_3,0.2,0.04425,0.09094
16949,2,2_3,0.2,0.03915,0.0906
16950,2,2_3,0.2,0.0349,0.07947
16951,2,2_3,0.2,0.098,0.09436
16952,2,2_3,0.2,0.05505,0.0811
16953,2,2_3,0.2,0.026,0.09155
16954,2,2_3,0.2,0.0166,0.0753
16955,2,2_3,0.2,0.03113,0.0809
16956,2,2_3,0.2,0.02414,0.0929
16957,2,2_3,0.2,0.03078,0.11273
16958,2,2_3,0.2,0.02414,0.0761
16959,2,2_3,0.2,0.03256,0.08685
16960,2,2_3,0.2,0.02121,0.0925
16961,2,2_3,0.2,0.04333,0.07965
16962,2,2_3,0.2,0.03116,0.07605
16963,2,2_3,0.2,0.01892,0.08704
16964,2,2_3,0.2,0.06158,0.09247
16965,2,2_3,0.2,0.03757,0.08
16966,2,2_3,0.2,0.02762,0.09937
16967,2,2_3,0.2,0.04532,0.0944
16968,2,2_3,0.2,0.03854,0.08655
16969,2,2_3,0.2,0.03087,0.0929
16970,2,2_3,0.2,0.0319,0.0978
16971,2,2_3,0.2,0.147,0.0797
16972,2,2_3,0.2,0.03973,0.0857
16973,2,2_3,0.2,0.02147,0.08527
16974,2,2_3,0.2,0.0465,0.0817
16975,2,2_3,0.2,0.02422,0.082
16976,2,2_3,0.2,0.02274,0.0796
16977,2,2_3,0.2,0.02481,0.0822
16978,2,2_3,0.2,0.0323,0.0946
16979,2,2_3,0.2,0.1558,0.0945
16980,2,2_3,0.2,0.1034,0.0833
16981,2,2_3,0.2,0.02263,0.1302
16982,2,2_3,0.2,0.02275,0.0754
16983,2,2_3,0.2,0.0273,0.08606
16984,2,2_3,0.2,0.1884,0.1072
16985,2,2_3,0.2,0.0496,0.09894
16986,2,2_3,0.2,0.03226,0.07794
16987,2,2_3,0.2,0.03577,0.0858
16988,2,2_3,0.2,0.03876,0.07886
16989,2,2_3,0.2,0.02324,0.0725
16990,2,2_3,0.2,0.0648,0.0852
16991,2,2_3,0.2,0.0382,0.0819
16992,2,2_3,0.2,0.0189,0.0715
16993,2,2_3,0.2,0.0243,0.0766
16994,2,2_3,0.2,0.04272,0.0934
16995,2,2_3,0.2,0.1545,0.0907
16996,2,2_3,0.2,0.0311,0.07306
16997,2,2_3,0.2,0.02888,0.0738
16998,2,2_3,0.2,0.04318,0.1092
16999,2,2_3,0.2,0.04147,0.0786
17000,2,2_3,0.3,0.03595,0.08624
17001,2,2_3,0.3,0.02635,0.10175
17002,2,2_3,0.3,0.03143,0.0814
17003,2,2_3,0.3,0.03278,0.09546
17004,2,2_3,0.3,0.0364,0.10925
17005,2,2_3,0.3,0.2903,0.08215
17006,2,2_3,0.3,0.03192,0.0774
17007,2,2_3,0.3,0.2898,0.086
17008,2,2_3,0.3,0.02606,0.08997
17009,2,2_3,0.3,0.02983,0.09033
17010,2,2_3,0.3,0.03497,0.0915
17011,2,2_3,0.3,0.04187,0.0943
17012,2,2_3,0.3,0.2803,0.0794
17013,2,2_3,0.3,0.0209,0.08203
17014,2,2_3,0.3,0.02652,0.0839
17015,2,2_3,0.3,0.02742,0.0969
17016,2,2_3,0.3,0.04434,0.09064
17017,2,2_3,0.3,0.06006,0.12067
17018,2,2_3,0.3,0.0452,0.08154
17019,2,2_3,0.3,0.03732,0.104
17020,2,2_3,0.3,0.0308,0.10425
17021,2,2_3,0.3,0.0327,0.1
17022,2,2_3,0.3,0.0719,0.08673
17023,2,2_3,0.3,0.255,0.0871
17024,2,2_3,0.3,0.04675,0.09906
17025,2,2_3,0.3,0.02817,0.09
17026,2,2_3,0.3,0.06445,0.0872
17027,2,2_3,0.3,0.02875,0.0974
17028,2,2_3,0.3,0.03114,0.08716
17029,2,2_3,0.3,0.2084,0.102
17030,2,2_3,0.3,0.04828,0.09827
17031,2,2_3,0.3,0.02773,0.07874
17032,2,2_3,0.3,0.0392,0.0863
17033,2,2_3,0.3,0.02594,0.09827
17034,2,2_3,0.3,0.0418,0.12305
17035,2,2_3,0.3,0.2874,0.1172
17036,2,2_3,0.3,0.05032,0.104
17037,2,2_3,0.3,0.286,0.08624
17038,2,2_3,0.3,0.2903,0.1142
17039,2,2_3,0.3,0.03314,0.0827
17040,2,2_3,0.3,0.0414,0.08514
17041,2,2_3,0.3,0.2627,0.095
17042,2,2_3,0.3,0.2979,0.107
17043,2,2_3,0.3,0.02985,0.1217
17044,2,2_3,0.3,0.0405,0.09534
17045,2,2_3,0.3,0.0324,0.0771
17046,2,2_3,0.3,0.0367,0.0881
17047,2,2_3,0.3,0.04263,0.10583
17048,2,2_3,0.3,0.2715,0.08966
17049,2,2_3,0.3,0.05576,0.08655
17050,2,2_3,0.3,0.04117,0.1097
17051,2,2_3,0.3,0.03442,0.1033
17052,2,2_3,0.3,0.02675,0.0766
17053,2,2_3,0.3,0.0282,0.0962
17054,2,2_3,0.3,0.03848,0.087
17055,2,2_3,0.3,0.03284,0.0822
17056,2,2_3,0.3,0.03455,0.09766
17057,2,2_3,0.3,0.0265,0.11053
17058,2,2_3,0.3,0.0275,0.1398
17059,2,2_3,0.3,0.2544,0.098
17060,2,2_3,0.3,0.03055,0.10486
17061,2,2_3,0.3,0.0804,0.1147
17062,2,2_3,0.3,0.2666,0.0939
17063,2,2_3,0.3,0.0307,0.0867
17064,2,2_3,0.3,0.03397,0.08234
17065,2,2_3,0.3,0.03687,0.0818
17066,2,2_3,0.3,0.1554,0.0898
17067,2,2_3,0.3,0.04037,0.08563
17068,2,2_3,0.3,0.283,0.09076
17069,2,2_3,0.3,0.0469,0.1257
17070,2,2_3,0.3,0.0428,0.09393
17071,2,2_3,0.3,0.04065,0.0943
17072,2,2_3,0.3,0.02367,0.10114
17073,2,2_3,0.3,0.0327,0.11444
17074,2,2_3,0.3,0.0328,0.08594
17075,2,2_3,0.3,0.02927,0.09375
17076,2,2_3,0.3,0.2915,0.10834
17077,2,2_3,0.3,0.03023,0.08527
17078,2,2_3,0.3,0.02083,0.11
17079,2,2_3,0.3,0.03653,0.09534
17080,2,2_3,0.3,0.03644,0.0995
17081,2,2_3,0.3,0.04712,0.09766
17082,2,2_3,0.3,0.02684,0.07574
17083,2,2_3,0.3,0.278,0.1008
17084,2,2_3,0.3,0.02344,0.0936
17085,2,2_3,0.3,0.2654,0.09796
17086,2,2_3,0.3,0.0699,0.09814
17087,2,2_3,0.3,0.03668,0.1014
17088,2,2_3,0.3,0.2893,0.0862
17089,2,2_3,0.3,0.02614,0.1075
17090,2,2_3,0.3,0.2179,0.09644
17091,2,2_3,0.3,0.151,0.0863
17092,2,2_3,0.3,0.2522,0.1271
17093,2,2_3,0.3,0.0524,0.09216
17094,2,2_3,0.3,0.02695,0.089
17095,2,2_3,0.3,0.02504,0.08246
17096,2,2_3,0.3,0.04535,0.1248
17097,2,2_3,0.3,0.2756,0.07715
17098,2,2_3,0.3,0.04367,0.1113
17099,2,2_3,0.3,0.03223,0.08026
17100,2,2_3,0.3,0.2954,0.0974
17101,2,2_3,0.3,0.03137,0.0947
17102,2,2_3,0.3,0.1194,0.12396
17103,2,2_3,0.3,0.0342,0.0961
17104,2,2_3,0.3,0.1224,0.0961
17105,2,2_3,0.3,0.03317,0.0744
17106,2,2_3,0.3,0.04236,0.0808
17107,2,2_3,0.3,0.03262,0.0853
17108,2,2_3,0.3,0.02788,0.0765
17109,2,2_3,0.3,0.0361,0.0914
17110,2,2_3,0.3,0.04056,0.12427
17111,2,2_3,0.3,0.0397,0.1211
17112,2,2_3,0.3,0.0458,0.09717
17113,2,2_3,0.3,0.04114,0.0825
17114,2,2_3,0.3,0.03934,0.0986
17115,2,2_3,0.3,0.03592,0.08234
17116,2,2_3,0.3,0.03046,0.1066
17117,2,2_3,0.3,0.04544,0.10535
17118,2,2_3,0.3,0.281,0.09106
17119,2,2_3,0.3,0.0623,0.0984
17120,2,2_3,0.3,0.213,0.0998
17121,2,2_3,0.3,0.03717,0.1252
17122,2,2_3,0.3,0.06586,0.1094
17123,2,2_3,0.3,0.04346,0.0819
17124,2,2_3,0.3,0.275,0.11383
17125,2,2_3,0.3,0.04245,0.0998
17126,2,2_3,0.3,0.02782,0.09393
17127,2,2_3,0.3,0.2861,0.1274
17128,2,2_3,0.3,0.175,0.084
17129,2,2_3,0.3,0.05585,0.1033
17130,2,2_3,0.3,0.02675,0.1142
17131,2,2_3,0.3,0.05148,0.0856
17132,2,2_3,0.3,0.2947,0.0735
17133,2,2_3,0.3,0.2861,0.0941
17134,2,2_3,0.3,0.239,0.1252
17135,2,2_3,0.3,0.0462,0.12164
17136,2,2_3,0.3,0.0378,0.084
17137,2,2_3,0.3,0.2009,0.0841
17138,2,2_3,0.3,0.03043,0.10394
17139,2,2_3,0.3,0.044,0.098
17140,2,2_3,0.3,0.03583,0.1084
17141,2,2_3,0.3,0.2925,0.096
17142,2,2_3,0.3,0.1594,0.0996
17143,2,2_3,0.3,0.0497,0.1055
17144,2,2_3,0.3,0.03177,0.0745
17145,2,2_3,0.3,0.03128,0.0996
17146,2,2_3,0.3,0.041,0.1132
17147,2,2_3,0.3,0.06274,0.0923
17148,2,2_3,0.3,0.04303,0.1106
17149,2,2_3,0.3,0.2603,0.08655
17150,2,2_3,0.3,0.0672,0.1161
17151,2,2_3,0.3,0.03763,0.09686
17152,2,2_3,0.3,0.2905,0.0923
17153,2,2_3,0.3,0.05475,0.09186
17154,2,2_3,0.3,0.03885,0.1087
17155,2,2_3,0.3,0.037,0.0932
17156,2,2_3,0.3,0.0447,0.1035
17157,2,2_3,0.3,0.25,0.08594
17158,2,2_3,0.3,0.0444,0.0901
17159,2,2_3,0.3,0.0361,0.0836
17160,2,2_3,0.3,0.0253,0.077
17161,2,2_3,0.3,0.0255,0.0858
17162,2,2_3,0.3,0.2463,0.11523
17163,2,2_3,0.3,0.02519,0.0998
17164,2,2_3,0.3,0.03305,0.1152
17165,2,2_3,0.3,0.0394,0.10767
17166,2,2_3,0.3,0.03357,0.0778
17167,2,2_3,0.3,0.02467,0.078
17168,2,2_3,0.3,0.0581,0.08514
17169,2,2_3,0.3,0.0751,0.1793
17170,2,2_3,0.3,0.02882,0.0933
17171,2,2_3,0.3,0.02994,0.0903
17172,2,2_3,0.3,0.2988,0.086
17173,2,2_3,0.3,0.0923,0.08923
17174,2,2_3,0.3,0.04257,0.08826
17175,2,2_3,0.3,0.03632,0.08264
17176,2,2_3,0.3,0.03607,0.10504
17177,2,2_3,0.3,0.03053,0.1064
17178,2,2_3,0.3,0.04022,0.09607
17179,2,2_3,0.3,0.0303,0.0827
17180,2,2_3,0.3,0.04553,0.0952
17181,2,2_3,0.3,0.0372,0.08795
17182,2,2_3,0.3,0.04712,0.1006
17183,2,2_3,0.3,0.04526,0.09393
17184,2,2_3,0.3,0.0411,0.1043
17185,2,2_3,0.3,0.03323,0.08563
17186,2,2_3,0.3,0.1898,0.1128
17187,2,2_3,0.3,0.0351,0.1052
17188,2,2_3,0.3,0.02924,0.1019
17189,2,2_3,0.3,0.04086,0.0947
17190,2,2_3,0.3,0.0323,0.10315
17191,2,2_3,0.3,0.02736,0.07965
17192,2,2_3,0.3,0.0362,0.10474
17193,2,2_3,0.3,0.02202,0.07196
17194,2,2_3,0.3,0.2944,0.08716
17195,2,2_3,0.3,0.055,0.10254
17196,2,2_3,0.3,0.1313,0.10236
17197,2,2_3,0.3,0.03534,0.0893
17198,2,2_3,0.3,0.03226,0.08875
17199,2,2_3,0.3,0.02568,0.11456
17200,2,2_3,0.3,0.05176,0.1141
17201,2,2_3,0.3,0.2683,0.0883
17202,2,2_3,0.3,0.2534,0.1002
17203,2,2_3,0.3,0.248,0.08746
17204,2,2_3,0.3,0.0274,0.0831
17205,2,2_3,0.3,0.0801,0.0908
17206,2,2_3,0.3,0.03061,0.07764
17207,2,2_3,0.3,0.03958,0.0893
17208,2,2_3,0.3,0.0328,0.1059
17209,2,2_3,0.3,0.04095,0.10486
17210,2,2_3,0.3,0.02693,0.09924
17211,2,2_3,0.3,0.0418,0.1099
17212,2,2_3,0.3,0.03677,0.0869
17213,2,2_3,0.3,0.03946,0.1057
17214,2,2_3,0.3,0.02214,0.0827
17215,2,2_3,0.3,0.03653,0.09375
17216,2,2_3,0.3,0.2856,0.08575
17217,2,2_3,0.3,0.03497,0.1284
17218,2,2_3,0.3,0.0369,0.1272
17219,2,2_3,0.3,0.04358,0.104
17220,2,2_3,0.3,0.2173,0.10944
17221,2,2_3,0.3,0.04236,0.0858
17222,2,2_3,0.3,0.0365,0.07874
17223,2,2_3,0.3,0.04645,0.1054
17224,2,2_3,0.3,0.0421,0.10834
17225,2,2_3,0.3,0.04352,0.1011
17226,2,2_3,0.3,0.02724,0.0959
17227,2,2_3,0.3,0.0892,0.0869
17228,2,2_3,0.3,0.0758,0.0861
17229,2,2_3,0.3,0.03256,0.11334
17230,2,2_3,0.3,0.0607,0.1367
17231,2,2_3,0.3,0.02571,0.0981
17232,2,2_3,0.3,0.1763,0.1068
17233,2,2_3,0.3,0.259,0.1084
17234,2,2_3,0.3,0.03485,0.0834
17235,2,2_3,0.3,0.0494,0.1235
17236,2,2_3,0.3,0.03253,0.0822
17237,2,2_3,0.3,0.2893,0.0779
17238,2,2_3,0.3,0.03867,0.09283
17239,2,2_3,0.3,0.02853,0.0959
17240,2,2_3,0.3,0.04108,0.0899
17241,2,2_3,0.3,0.137,0.0897
17242,2,2_3,0.3,0.04395,0.1037
17243,2,2_3,0.3,0.132,0.07666
17244,2,2_3,0.3,0.0843,0.087
17245,2,2_3,0.3,0.05038,0.09576
17246,2,2_3,0.3,0.03268,0.10187
17247,2,2_3,0.3,0.2659,0.08813
17248,2,2_3,0.3,0.03616,0.0805
17249,2,2_3,0.3,0.04797,0.0872
17250,2,2_3,0.3,0.0893,0.105
17251,2,2_3,0.3,0.125,0.10156
17252,2,2_3,0.3,0.01817,0.0766
17253,2,2_3,0.3,0.1548,0.0979
17254,2,2_3,0.3,0.03528,0.0973
17255,2,2_3,0.3,0.07434,0.0874
17256,2,2_3,0.3,0.05984,0.0939
17257,2,2_3,0.3,0.02824,0.10706
17258,2,2_3,0.3,0.04565,0.093
17259,2,2_3,0.3,0.2703,0.0952
17260,2,2_3,0.3,0.03021,0.09973
17261,2,2_3,0.3,0.0661,0.11475
17262,2,2_3,0.3,0.0242,0.10474
17263,2,2_3,0.3,0.08905,0.08295
17264,2,2_3,0.3,0.05106,0.1039
17265,2,2_3,0.3,0.01865,0.10156
17266,2,2_3,0.3,0.02107,0.0838
17267,2,2_3,0.3,0.03067,0.0889
17268,2,2_3,0.3,0.03925,0.082
17269,2,2_3,0.3,0.0407,0.12244
17270,2,2_3,0.3,0.045,0.12463
17271,2,2_3,0.3,0.289,0.09656
17272,2,2_3,0.3,0.0368,0.0809
17273,2,2_3,0.3,0.04135,0.12103
17274,2,2_3,0.3,0.02538,0.0739
17275,2,2_3,0.3,0.04852,0.1041
17276,2,2_3,0.3,0.03513,0.09656
17277,2,2_3,0.3,0.0369,0.1105
17278,2,2_3,0.3,0.03647,0.11383
17279,2,2_3,0.3,0.0289,0.0968
17280,2,2_3,0.3,0.2847,0.10535
17281,2,2_3,0.3,0.276,0.09467
17282,2,2_3,0.3,0.2734,0.1179
17283,2,2_3,0.3,0.04587,0.0788
17284,2,2_3,0.3,0.02876,0.1015
17285,2,2_3,0.3,0.0418,0.0939
17286,2,2_3,0.3,0.12244,0.1405
17287,2,2_3,0.3,0.05798,0.104
17288,2,2_3,0.3,0.0512,0.0893
17289,2,2_3,0.3,0.02687,0.0781
17290,2,2_3,0.3,0.02948,0.1135
17291,2,2_3,0.3,0.03662,0.0791
17292,2,2_3,0.3,0.035,0.0893
17293,2,2_3,0.3,0.0364,0.10315
17294,2,2_3,0.3,0.02924,0.09204
17295,2,2_3,0.3,0.2737,0.0895
17296,2,2_3,0.3,0.01955,0.0777
17297,2,2_3,0.3,0.2898,0.0801
17298,2,2_3,0.3,0.0383,0.0844
17299,2,2_3,0.3,0.02936,0.07837
17300,2,2_3,0.3,0.265,0.0878
17301,2,2_3,0.3,0.03683,0.1235
17302,2,2_3,0.3,0.0436,0.0933
17303,2,2_3,0.3,0.04132,0.1016
17304,2,2_3,0.3,0.267,0.1251
17305,2,2_3,0.3,0.0305,0.08673
17306,2,2_3,0.3,0.02602,0.0879
17307,2,2_3,0.3,0.02635,0.1371
17308,2,2_3,0.3,0.0351,0.0881
17309,2,2_3,0.3,0.04742,0.1137
17310,2,2_3,0.3,0.02303,0.08716
17311,2,2_3,0.3,0.282,0.10754
17312,2,2_3,0.3,0.03943,0.091
17313,2,2_3,0.3,0.2588,0.11536
17314,2,2_3,0.3,0.1467,0.1102
17315,2,2_3,0.3,0.281,0.07416
17316,2,2_3,0.3,0.044,0.0786
17317,2,2_3,0.3,0.0293,0.07837
17318,2,2_3,0.3,0.02568,0.09436
17319,2,2_3,0.3,0.2827,0.0915
17320,2,2_3,0.3,0.03812,0.10785
17321,2,2_3,0.3,0.0523,0.09247
17322,2,2_3,0.3,0.02571,0.08484
17323,2,2_3,0.3,0.02461,0.127
17324,2,2_3,0.3,0.2847,0.1032
17325,2,2_3,0.3,0.02834,0.08826
17326,2,2_3,0.3,0.03925,0.1058
17327,2,2_3,0.3,0.04398,0.1146
17328,2,2_3,0.3,0.05267,0.10004
17329,2,2_3,0.3,0.05,0.10034
17330,2,2_3,0.3,0.04395,0.08936
17331,2,2_3,0.3,0.0395,0.10846
17332,2,2_3,0.3,0.02596,0.104
17333,2,2_3,0.3,0.2979,0.07874
17334,2,2_3,0.3,0.0349,0.0879
17335,2,2_3,0.3,0.04965,0.094
17336,2,2_3,0.3,0.04135,0.0793
17337,2,2_3,0.3,0.02867,0.1147
17338,2,2_3,0.3,0.04636,0.1139
17339,2,2_3,0.3,0.272,0.0823
17340,2,2_3,0.3,0.0604,0.08777
17341,2,2_3,0.3,0.03336,0.1213
17342,2,2_3,0.3,0.04996,0.08905
17343,2,2_3,0.3,0.2742,0.08154
17344,2,2_3,0.3,0.2124,0.1251
17345,2,2_3,0.3,0.03857,0.10205
17346,2,2_3,0.3,0.02638,0.0878
17347,2,2_3,0.3,0.03253,0.08856
17348,2,2_3,0.3,0.0334,0.1246
17349,2,2_3,0.3,0.0839,0.08405
17350,2,2_3,0.3,0.02495,0.0945
17351,2,2_3,0.3,0.03537,0.0956
17352,2,2_3,0.3,0.02568,0.0847
17353,2,2_3,0.3,0.2761,0.0861
17354,2,2_3,0.3,0.0396,0.07764
17355,2,2_3,0.3,0.03268,0.08856
17356,2,2_3,0.3,0.252,0.1232
17357,2,2_3,0.3,0.0629,0.0795
17358,2,2_3,0.3,0.0318,0.0902
17359,2,2_3,0.3,0.03665,0.1027
17360,2,2_3,0.3,0.0324,0.0879
17361,2,2_3,0.3,0.02751,0.10986
17362,2,2_3,0.3,0.04227,0.0761
17363,2,2_3,0.3,0.2487,0.09033
17364,2,2_3,0.3,0.02968,0.0981
17365,2,2_3,0.3,0.0363,0.0881
17366,2,2_3,0.3,0.04236,0.1095
17367,2,2_3,0.3,0.0315,0.09436
17368,2,2_3,0.3,0.02312,0.0842
17369,2,2_3,0.3,0.04514,0.1141
17370,2,2_3,0.3,0.03864,0.1157
17371,2,2_3,0.3,0.03992,0.0956
17372,2,2_3,0.3,0.02966,0.0877
17373,2,2_3,0.3,0.02927,0.0982
17374,2,2_3,0.3,0.03873,0.1084
17375,2,2_3,0.3,0.0653,0.08704
17376,2,2_3,0.3,0.05988,0.09784
17377,2,2_3,0.3,0.2369,0.08765
17378,2,2_3,0.3,0.04333,0.10767
17379,2,2_3,0.3,0.05856,0.0833
17380,2,2_3,0.3,0.03696,0.09045
17381,2,2_3,0.3,0.2615,0.1309
17382,2,2_3,0.3,0.2537,0.0955
17383,2,2_3,0.3,0.2664,0.0985
17384,2,2_3,0.3,0.03085,0.1104
17385,2,2_3,0.3,0.0381,0.0834
17386,2,2_3,0.3,0.04684,0.1006
17387,2,2_3,0.3,0.2292,0.10223
17388,2,2_3,0.3,0.04678,0.08704
17389,2,2_3,0.3,0.01949,0.0972
17390,2,2_3,0.3,0.03586,0.09906
17391,2,2_3,0.3,0.03223,0.08624
17392,2,2_3,0.3,0.03296,0.1522
17393,2,2_3,0.3,0.03693,0.11395
17394,2,2_3,0.3,0.2288,0.1147
17395,2,2_3,0.3,0.02417,0.11
17396,2,2_3,0.3,0.02281,0.0986
17397,2,2_3,0.3,0.06006,0.09283
17398,2,2_3,0.3,0.2656,0.1097
17399,2,2_3,0.3,0.03644,0.0962
17400,2,2_3,0.3,0.03915,0.0933
17401,2,2_3,0.3,0.03595,0.0925
17402,2,2_3,0.3,0.02202,0.1179
17403,2,2_3,0.3,0.1824,0.0958
17404,2,2_3,0.3,0.278,0.09894
17405,2,2_3,0.3,0.0363,0.0823
17406,2,2_3,0.3,0.04636,0.0955
17407,2,2_3,0.3,0.04034,0.1106
17408,2,2_3,0.3,0.03598,0.08356
17409,2,2_3,0.3,0.1316,0.0951
17410,2,2_3,0.3,0.03214,0.09375
17411,2,2_3,0.3,0.03455,0.07837
17412,2,2_3,0.3,0.02713,0.10657
17413,2,2_3,0.3,0.25,0.10315
17414,2,2_3,0.3,0.02101,0.0871
17415,2,2_3,0.3,0.02798,0.08136
17416,2,2_3,0.3,0.02971,0.09326
17417,2,2_3,0.3,0.1,0.1124
17418,2,2_3,0.3,0.06934,0.10406
17419,2,2_3,0.3,0.03105,0.07776
17420,2,2_3,0.3,0.2515,0.10095
17421,2,2_3,0.3,0.271,0.08563
17422,2,2_3,0.3,0.02046,0.0953
17423,2,2_3,0.3,0.02992,0.1061
17424,2,2_3,0.3,0.03607,0.1031
17425,2,2_3,0.3,0.02934,0.0837
17426,2,2_3,0.3,0.1731,0.08276
17427,2,2_3,0.3,0.023,0.08887
17428,2,2_3,0.3,0.03497,0.0845
17429,2,2_3,0.3,0.06207,0.1077
17430,2,2_3,0.3,0.04034,0.0984
17431,2,2_3,0.3,0.0253,0.1058
17432,2,2_3,0.3,0.071,0.08545
17433,2,2_3,0.3,0.02647,0.122
17434,2,2_3,0.3,0.02762,0.1027
17435,2,2_3,0.3,0.05634,0.08466
17436,2,2_3,0.3,0.06256,0.08875
17437,2,2_3,0.3,0.0483,0.1256
17438,2,2_3,0.3,0.03802,0.08527
17439,2,2_3,0.3,0.04593,0.09766
17440,2,2_3,0.3,0.02718,0.0781
17441,2,2_3,0.3,0.1455,0.10767
17442,2,2_3,0.3,0.04813,0.1304
17443,2,2_3,0.3,0.0303,0.1171
17444,2,2_3,0.3,0.04593,0.0822
17445,2,2_3,0.3,0.07263,0.09845
17446,2,2_3,0.3,0.038,0.0853
17447,2,2_3,0.3,0.02422,0.0785
17448,2,2_3,0.3,0.05566,0.086
17449,2,2_3,0.3,0.0748,0.0855
17450,2,2_3,0.3,0.09894,0.0972
17451,2,2_3,0.3,0.2898,0.1081
17452,2,2_3,0.3,0.29,0.08746
17453,2,2_3,0.3,0.03772,0.10986
17454,2,2_3,0.3,0.0686,0.11084
17455,2,2_3,0.3,0.03665,0.12024
17456,2,2_3,0.3,0.0715,0.09796
17457,2,2_3,0.3,0.0447,0.12115
17458,2,2_3,0.3,0.02608,0.0892
17459,2,2_3,0.3,0.07,0.10913
17460,2,2_3,0.3,0.067,0.1144
17461,2,2_3,0.3,0.05518,0.0972
17462,2,2_3,0.3,0.0308,0.0888
17463,2,2_3,0.3,0.0401,0.08746
17464,2,2_3,0.3,0.06323,0.11334
17465,2,2_3,0.3,0.2002,0.09094
17466,2,2_3,0.3,0.04987,0.08875
17467,2,2_3,0.3,0.04416,0.1465
17468,2,2_3,0.3,0.09155,0.11676
17469,2,2_3,0.3,0.03128,0.1012
17470,2,2_3,0.3,0.2079,0.1266
17471,2,2_3,0.3,0.2874,0.1231
17472,2,2_3,0.3,0.2964,0.1058
17473,2,2_3,0.3,0.0466,0.0817
17474,2,2_3,0.3,0.06824,0.11945
17475,2,2_3,0.3,0.0458,0.11804
17476,2,2_3,0.3,0.06323,0.1392
17477,2,2_3,0.3,0.0383,0.08344
17478,2,2_3,0.3,0.2247,0.0936
17479,2,2_3,0.3,0.2612,0.09
17480,2,2_3,0.3,0.0436,0.09344
17481,2,2_3,0.3,0.0811,0.11584
17482,2,2_3,0.3,0.08105,0.11725
17483,2,2_3,0.3,0.06042,0.0804
17484,2,2_3,0.3,0.05478,0.0845
17485,2,2_3,0.3,0.02351,0.0794
17486,2,2_3,0.3,0.0442,0.08234
17487,2,2_3,0.3,0.02655,0.08514
17488,2,2_3,0.3,0.05515,0.10626
17489,2,2_3,0.3,0.2277,0.1244
17490,2,2_3,0.3,0.0457,0.1088
17491,2,2_3,0.3,0.277,0.07904
17492,2,2_3,0.3,0.03192,0.09393
17493,2,2_3,0.3,0.02933,0.0876
17494,2,2_3,0.3,0.05273,0.12177
17495,2,2_3,0.3,0.03262,0.09265
17496,2,2_3,0.3,0.0313,0.1236
17497,2,2_3,0.3,0.1047,0.09607
17498,2,2_3,0.3,0.0492,0.1368
17499,2,2_3,0.3,0.02275,0.08014
17500,2,2_3,0.3,0.0329,0.1021
17501,2,2_3,0.3,0.03882,0.10095
17502,2,2_3,0.3,0.0422,0.08984
17503,2,2_3,0.3,0.03314,0.0862
17504,2,2_3,0.3,0.02864,0.07214
17505,2,2_3,0.3,0.02777,0.0967
17506,2,2_3,0.3,0.0762,0.09216
17507,2,2_3,0.3,0.274,0.0867
17508,2,2_3,0.3,0.03093,0.0896
17509,2,2_3,0.3,0.03967,0.088
17510,2,2_3,0.3,0.2386,0.09607
17511,2,2_3,0.3,0.02464,0.08356
17512,2,2_3,0.3,0.2825,0.084
17513,2,2_3,0.3,0.03976,0.10974
17514,2,2_3,0.3,0.03049,0.09576
17515,2,2_3,0.3,0.2964,0.09406
17516,2,2_3,0.3,0.03094,0.08417
17517,2,2_3,0.3,0.02597,0.08295
17518,2,2_3,0.3,0.02567,0.0955
17519,2,2_3,0.3,0.0377,0.09106
17520,2,2_3,0.3,0.0533,0.10474
17521,2,2_3,0.3,0.038,0.103
17522,2,2_3,0.3,0.04224,0.08704
17523,2,2_3,0.3,0.2766,0.08746
17524,2,2_3,0.3,0.0745,0.0869
17525,2,2_3,0.3,0.1626,0.12036
17526,2,2_3,0.3,0.2874,0.10944
17527,2,2_3,0.3,0.28,0.1143
17528,2,2_3,0.3,0.0654,0.08203
17529,2,2_3,0.3,0.02795,0.08765
17530,2,2_3,0.3,0.03345,0.0836
17531,2,2_3,0.3,0.0544,0.1099
17532,2,2_3,0.3,0.05606,0.1165
17533,2,2_3,0.3,0.08984,0.11383
17534,2,2_3,0.3,0.235,0.084
17535,2,2_3,0.3,0.06024,0.08545
17536,2,2_3,0.3,0.246,0.10364
17537,2,2_3,0.3,0.03513,0.0891
17538,2,2_3,0.3,0.02919,0.09106
17539,2,2_3,0.3,0.04196,0.0788
17540,2,2_3,0.3,0.03943,0.085
17541,2,2_3,0.3,0.0357,0.0928
17542,2,2_3,0.3,0.03108,0.0775
17543,2,2_3,0.3,0.05127,0.0909
17544,2,2_3,0.3,0.03052,0.08887
17545,2,2_3,0.3,0.02628,0.1035
17546,2,2_3,0.3,0.03128,0.07886
17547,2,2_3,0.3,0.02208,0.08685
17548,2,2_3,0.3,0.03818,0.09875
17549,2,2_3,0.3,0.07697,0.08417
17550,2,2_3,0.3,0.04724,0.08746
17551,2,2_3,0.3,0.02141,0.0945
17552,2,2_3,0.3,0.0337,0.07587
17553,2,2_3,0.3,0.05048,0.1093
17554,2,2_3,0.3,0.0426,0.12317
17555,2,2_3,0.3,0.0663,0.0939
17556,2,2_3,0.3,0.2345,0.097
17557,2,2_3,0.3,0.03983,0.0886
17558,2,2_3,0.3,0.02977,0.08936
17559,2,2_3,0.3,0.03192,0.09326
17560,2,2_3,0.3,0.05588,0.09955
17561,2,2_3,0.3,0.2417,0.09314
17562,2,2_3,0.3,0.1069,0.0914
17563,2,2_3,0.3,0.04324,0.1159
17564,2,2_3,0.3,0.04532,0.1089
17565,2,2_3,0.3,0.1996,0.09766
17566,2,2_3,0.3,0.0529,0.10065
17567,2,2_3,0.3,0.2389,0.0733
17568,2,2_3,0.3,0.08704,0.1121
17569,2,2_3,0.3,0.02615,0.09753
17570,2,2_3,0.3,0.02959,0.1095
17571,2,2_3,0.3,0.05148,0.10535
17572,2,2_3,0.3,0.2683,0.08295
17573,2,2_3,0.3,0.0567,0.0937
17574,2,2_3,0.3,0.11237,0.10345
17575,2,2_3,0.3,0.0984,0.0768
17576,2,2_3,0.3,0.05585,0.0975
17577,2,2_3,0.3,0.2793,0.0924
17578,2,2_3,0.3,0.2169,0.0928
17579,2,2_3,0.3,0.02779,0.09644
17580,2,2_3,0.3,0.07446,0.09845
17581,2,2_3,0.3,0.0483,0.1145
17582,2,2_3,0.3,0.02316,0.08966
17583,2,2_3,0.3,0.03867,0.1007
17584,2,2_3,0.3,0.0311,0.09106
17585,2,2_3,0.3,0.1508,0.1057
17586,2,2_3,0.3,0.05875,0.09625
17587,2,2_3,0.3,0.03177,0.09845
17588,2,2_3,0.3,0.04523,0.10236
17589,2,2_3,0.3,0.05542,0.12415
17590,2,2_3,0.3,0.04785,0.09766
17591,2,2_3,0.3,0.0421,0.09674
17592,2,2_3,0.3,0.06696,0.1287
17593,2,2_3,0.3,0.2864,0.0838
17594,2,2_3,0.3,0.0346,0.1235
17595,2,2_3,0.3,0.02432,0.0941
17596,2,2_3,0.3,0.02454,0.08295
17597,2,2_3,0.3,0.1763,0.1038
17598,2,2_3,0.3,0.283,0.0973
17599,2,2_3,0.3,0.04562,0.0989
17600,2,2_3,0.3,0.03003,0.1102
17601,2,2_3,0.3,0.0341,0.09827
17602,2,2_3,0.3,0.03857,0.09796
17603,2,2_3,0.3,0.02458,0.0844
17604,2,2_3,0.3,0.0844,0.1068
17605,2,2_3,0.3,0.2769,0.0912
17606,2,2_3,0.3,0.0562,0.10614
17607,2,2_3,0.3,0.03857,0.1093
17608,2,2_3,0.3,0.2886,0.0853
17609,2,2_3,0.3,0.2251,0.0985
17610,2,2_3,0.3,0.02332,0.0866
17611,2,2_3,0.3,0.0874,0.1215
17612,2,2_3,0.3,0.03026,0.0796
17613,2,2_3,0.3,0.05658,0.10345
17614,2,2_3,0.3,0.2227,0.1118
17615,2,2_3,0.3,0.0333,0.1172
17616,2,2_3,0.3,0.02435,0.09375
17617,2,2_3,0.3,0.03207,0.1289
17618,2,2_3,0.3,0.06198,0.0898
17619,2,2_3,0.3,0.02837,0.1019
17620,2,2_3,0.3,0.04398,0.11066
17621,2,2_3,0.3,0.09216,0.09393
17622,2,2_3,0.3,0.04987,0.08856
17623,2,2_3,0.3,0.03696,0.1106
17624,2,2_3,0.3,0.285,0.08826
17625,2,2_3,0.3,0.05045,0.1094
17626,2,2_3,0.3,0.208,0.1254
17627,2,2_3,0.3,0.06064,0.0966
17628,2,2_3,0.3,0.05038,0.0933
17629,2,2_3,0.3,0.03546,0.09973
17630,2,2_3,0.3,0.03827,0.0834
17631,2,2_3,0.3,0.03506,0.0889
17632,2,2_3,0.3,0.03256,0.1279
17633,2,2_3,0.3,0.0352,0.09705
17634,2,2_3,0.3,0.02586,0.1136
17635,2,2_3,0.3,0.0317,0.116
17636,2,2_3,0.3,0.03032,0.1378
17637,2,2_3,0.3,0.0451,0.1425
17638,2,2_3,0.3,0.0363,0.092
17639,2,2_3,0.3,0.03625,0.10144
17640,2,2_3,0.3,0.2275,0.1307
17641,2,2_3,0.3,0.02414,0.08655
17642,2,2_3,0.3,0.067,0.1094
17643,2,2_3,0.3,0.05914,0.1221
17644,2,2_3,0.3,0.05325,0.10596
17645,2,2_3,0.3,0.0651,0.1123
17646,2,2_3,0.3,0.03464,0.10785
17647,2,2_3,0.3,0.08655,0.0966
17648,2,2_3,0.3,0.04984,0.08936
17649,2,2_3,0.3,0.0451,0.108
17650,2,2_3,0.3,0.04126,0.0864
17651,2,2_3,0.3,0.01712,0.0971
17652,2,2_3,0.3,0.04495,0.0911
17653,2,2_3,0.3,0.02222,0.10596
17654,2,2_3,0.3,0.2815,0.08954
17655,2,2_3,0.3,0.03284,0.09344
17656,2,2_3,0.3,0.03308,0.08673
17657,2,2_3,0.3,0.03964,0.10376
17658,2,2_3,0.3,0.03812,0.0897
17659,2,2_3,0.3,0.04108,0.08777
17660,2,2_3,0.3,0.05075,0.1428
17661,2,2_3,0.3,0.0459,0.1035
17662,2,2_3,0.3,0.03967,0.1157
17663,2,2_3,0.3,0.03345,0.0872
17664,2,2_3,0.3,0.04474,0.1118
17665,2,2_3,0.3,0.06012,0.119
17666,2,2_3,0.3,0.1077,0.10754
17667,2,2_3,0.3,0.05087,0.10474
17668,2,2_3,0.3,0.05875,0.11145
17669,2,2_3,0.3,0.2761,0.11804
17670,2,2_3,0.3,0.2081,0.11035
17671,2,2_3,0.3,0.2744,0.1262
17672,2,2_3,0.3,0.2744,0.0769
17673,2,2_3,0.3,0.05417,0.10443
17674,2,2_3,0.3,0.0373,0.0764
17675,2,2_3,0.3,0.199,0.08905
17676,2,2_3,0.3,0.03113,0.1335
17677,2,2_3,0.3,0.2227,0.0968
17678,2,2_3,0.3,0.2605,0.08344
17679,2,2_3,0.3,0.04657,0.09265
17680,2,2_3,0.3,0.04437,0.0892
17681,2,2_3,0.3,0.03363,0.0983
17682,2,2_3,0.3,0.02516,0.105
17683,2,2_3,0.3,0.03235,0.1154
17684,2,2_3,0.3,0.0641,0.0821
17685,2,2_3,0.3,0.0397,0.1105
17686,2,2_3,0.3,0.0249,0.1357
17687,2,2_3,0.3,0.05795,0.1644
17688,2,2_3,0.3,0.02823,0.09485
17689,2,2_3,0.3,0.0452,0.09326
17690,2,2_3,0.3,0.03244,0.1212
17691,2,2_3,0.3,0.04062,0.101
17692,2,2_3,0.3,0.2854,0.0996
17693,2,2_3,0.3,0.04202,0.0903
17694,2,2_3,0.3,0.04755,0.10443
17695,2,2_3,0.3,0.02989,0.07574
17696,2,2_3,0.3,0.02423,0.1004
17697,2,2_3,0.3,0.193,0.1133
17698,2,2_3,0.3,0.2157,0.0776
17699,2,2_3,0.3,0.0462,0.106
17700,2,2_3,0.3,0.03152,0.1005
17701,2,2_3,0.3,0.04633,0.07947
17702,2,2_3,0.3,0.1923,0.10583
17703,2,2_3,0.3,0.05283,0.1255
17704,2,2_3,0.3,0.0417,0.0978
17705,2,2_3,0.3,0.0871,0.0804
17706,2,2_3,0.3,0.0852,0.1366
17707,2,2_3,0.3,0.0547,0.1231
17708,2,2_3,0.3,0.0334,0.10925
17709,2,2_3,0.3,0.03111,0.11676
17710,2,2_3,0.3,0.04514,0.09564
17711,2,2_3,0.3,0.02681,0.09174
17712,2,2_3,0.3,0.04425,0.1364
17713,2,2_3,0.3,0.1652,0.1001
17714,2,2_3,0.3,0.04468,0.0864
17715,2,2_3,0.3,0.262,0.11383
17716,2,2_3,0.3,0.03069,0.09216
17717,2,2_3,0.3,0.02481,0.0913
17718,2,2_3,0.3,0.04736,0.1238
17719,2,2_3,0.3,0.05234,0.09906
17720,2,2_3,0.3,0.03064,0.08093
17721,2,2_3,0.3,0.0324,0.09247
17722,2,2_3,0.3,0.05045,0.0922
17723,2,2_3,0.3,0.11224,0.12054
17724,2,2_3,0.3,0.03644,0.10443
17725,2,2_3,0.3,0.02565,0.1091
17726,2,2_3,0.3,0.03632,0.0951
17727,2,2_3,0.3,0.039,0.10425
17728,2,2_3,0.3,0.028,0.1216
17729,2,2_3,0.3,0.05188,0.0833
17730,2,2_3,0.3,0.0395,0.08374
17731,2,2_3,0.3,0.038,0.1239
17732,2,2_3,0.3,0.276,0.09094
17733,2,2_3,0.3,0.245,0.097
17734,2,2_3,0.3,0.1536,0.0927
17735,2,2_3,0.3,0.023,0.09393
17736,2,2_3,0.3,0.03177,0.1039
17737,2,2_3,0.3,0.04016,0.10406
17738,2,2_3,0.3,0.2732,0.117
17739,2,2_3,0.3,0.0265,0.08875
17740,2,2_3,0.3,0.04327,0.11316
17741,2,2_3,0.3,0.04047,0.11255
17742,2,2_3,0.3,0.0552,0.0823
17743,2,2_3,0.3,0.2769,0.10925
17744,2,2_3,0.3,0.0939,0.09064
17745,2,2_3,0.3,0.04312,0.09534
17746,2,2_3,0.3,0.03787,0.1065
17747,2,2_3,0.3,0.07544,0.1047
17748,2,2_3,0.3,0.04993,0.11005
17749,2,2_3,0.3,0.273,0.112
17750,2,2_3,0.3,0.1848,0.08136
17751,2,2_3,0.3,0.03052,0.0882
17752,2,2_3,0.3,0.0738,0.1171
17753,2,2_3,0.3,0.1722,0.09344
17754,2,2_3,0.3,0.2113,0.10803
17755,2,2_3,0.3,0.0298,0.09515
17756,2,2_3,0.3,0.09033,0.1637
17757,2,2_3,0.3,0.04636,0.10565
17758,2,2_3,0.3,0.04175,0.09076
17759,2,2_3,0.3,0.03342,0.09357
17760,2,2_3,0.3,0.0614,0.09265
17761,2,2_3,0.3,0.06128,0.09106
17762,2,2_3,0.3,0.05814,0.0853
17763,2,2_3,0.3,0.04318,0.10675
17764,2,2_3,0.3,0.02094,0.10754
17765,2,2_3,0.3,0.03168,0.0965
17766,2,2_3,0.3,0.02914,0.1023
17767,2,2_3,0.3,0.1649,0.1342
17768,2,2_3,0.3,0.03107,0.08905
17769,2,2_3,0.3,0.0388,0.09576
17770,2,2_3,0.3,0.06384,0.10394
17771,2,2_3,0.3,0.02252,0.105
17772,2,2_3,0.3,0.03674,0.0775
17773,2,2_3,0.3,0.1108,0.08795
17774,2,2_3,0.3,0.0592,0.0925
17775,2,2_3,0.3,0.084,0.0844
17776,2,2_3,0.3,0.04666,0.09686
17777,2,2_3,0.3,0.0646,0.1315
17778,2,2_3,0.3,0.04926,0.0876
17779,2,2_3,0.3,0.0943,0.08887
17780,2,2_3,0.3,0.03062,0.11304
17781,2,2_3,0.3,0.0486,0.0874
17782,2,2_3,0.3,0.0448,0.09955
17783,2,2_3,0.3,0.0542,0.08563
17784,2,2_3,0.3,0.2678,0.08234
17785,2,2_3,0.3,0.05096,0.0837
17786,2,2_3,0.3,0.02823,0.0892
17787,2,2_3,0.3,0.0416,0.1052
17788,2,2_3,0.3,0.0604,0.0858
17789,2,2_3,0.3,0.1001,0.1239
17790,2,2_3,0.3,0.03555,0.1068
17791,2,2_3,0.3,0.0345,0.0935
17792,2,2_3,0.3,0.05136,0.0789
17793,2,2_3,0.3,0.1812,0.0905
17794,2,2_3,0.3,0.03293,0.1048
17795,2,2_3,0.3,0.1364,0.0937
17796,2,2_3,0.3,0.2129,0.09314
17797,2,2_3,0.3,0.11414,0.1056
17798,2,2_3,0.3,0.0376,0.0818
17799,2,2_3,0.3,0.0364,0.08405
17800,2,2_3,0.3,0.02757,0.08795
17801,2,2_3,0.3,0.043,0.094
17802,2,2_3,0.3,0.05273,0.1086
17803,2,2_3,0.3,0.02773,0.1112
17804,2,2_3,0.3,0.0791,0.09735
17805,2,2_3,0.3,0.03073,0.0931
17806,2,2_3,0.3,0.2847,0.0897
17807,2,2_3,0.3,0.0324,0.0963
17808,2,2_3,0.3,0.0349,0.11975
17809,2,2_3,0.3,0.03986,0.1077
17810,2,2_3,0.3,0.04254,0.0811
17811,2,2_3,0.3,0.06058,0.1127
17812,2,2_3,0.3,0.1122,0.09064
17813,2,2_3,0.3,0.04364,0.0969
17814,2,2_3,0.3,0.027,0.0892
17815,2,2_3,0.3,0.0713,0.07935
17816,2,2_3,0.3,0.0387,0.0785
17817,2,2_3,0.3,0.03452,0.08997
17818,2,2_3,0.3,0.03168,0.121
17819,2,2_3,0.3,0.1042,0.09863
17820,2,2_3,0.3,0.04318,0.09485
17821,2,2_3,0.3,0.03802,0.161
17822,2,2_3,0.3,0.0554,0.09033
17823,2,2_3,0.3,0.04538,0.0813
17824,2,2_3,0.3,0.1578,0.09467
17825,2,2_3,0.3,0.02986,0.1102
17826,2,2_3,0.3,0.03244,0.09674
17827,2,2_3,0.3,0.05438,0.1023
17828,2,2_3,0.3,0.02681,0.09033
17829,2,2_3,0.3,0.03192,0.0821
17830,2,2_3,0.3,0.05334,0.08624
17831,2,2_3,0.3,0.2593,0.1063
17832,2,2_3,0.3,0.03105,0.0849
17833,2,2_3,0.3,0.04102,0.10974
17834,2,2_3,0.3,0.03256,0.08356
17835,2,2_3,0.3,0.0789,0.0949
17836,2,2_3,0.3,0.03305,0.1032
17837,2,2_3,0.3,0.0276,0.1062
17838,2,2_3,0.3,0.1045,0.11505
17839,2,2_3,0.3,0.0382,0.1051
17840,2,2_3,0.3,0.2168,0.0731
17841,2,2_3,0.3,0.02042,0.0902
17842,2,2_3,0.3,0.013084,0.096
17843,2,2_3,0.3,0.05972,0.1235
17844,2,2_3,0.3,0.02992,0.11505
17845,2,2_3,0.3,0.04425,0.11774
17846,2,2_3,0.3,0.0443,0.1236
17847,2,2_3,0.3,0.03336,0.1772
17848,2,2_3,0.3,0.0473,0.1079
17849,2,2_3,0.3,0.2445,0.1161
17850,2,2_3,0.3,0.0762,0.1202
17851,2,2_3,0.3,0.0474,0.0776
17852,2,2_3,0.3,0.03644,0.1178
17853,2,2_3,0.3,0.0425,0.08124
17854,2,2_3,0.3,0.0672,0.099
17855,2,2_3,0.3,0.03041,0.0959
17856,2,2_3,0.3,0.03613,0.09674
17857,2,2_3,0.3,0.2786,0.08734
17858,2,2_3,0.3,0.04358,0.0904
17859,2,2_3,0.3,0.0396,0.0845
17860,2,2_3,0.3,0.04144,0.0901
17861,2,2_3,0.3,0.05463,0.0917
17862,2,2_3,0.3,0.0469,0.09
17863,2,2_3,0.3,0.2277,0.09485
17864,2,2_3,0.3,0.02902,0.1042
17865,2,2_3,0.3,0.0367,0.133
17866,2,2_3,0.3,0.0331,0.08246
17867,2,2_3,0.3,0.04343,0.1032
17868,2,2_3,0.3,0.047,0.1138
17869,2,2_3,0.3,0.03114,0.0822
17870,2,2_3,0.3,0.04428,0.0916
17871,2,2_3,0.3,0.2605,0.08136
17872,2,2_3,0.3,0.225,0.1007
17873,2,2_3,0.3,0.05505,0.0874
17874,2,2_3,0.3,0.02779,0.08496
17875,2,2_3,0.3,0.02274,0.09564
17876,2,2_3,0.3,0.0406,0.1166
17877,2,2_3,0.3,0.02756,0.09564
17878,2,2_3,0.3,0.02812,0.0803
17879,2,2_3,0.3,0.04388,0.0879
17880,2,2_3,0.3,0.0379,0.0819
17881,2,2_3,0.3,0.04684,0.1299
17882,2,2_3,0.3,0.05182,0.10455
17883,2,2_3,0.3,0.05807,0.1068
17884,2,2_3,0.3,0.0349,0.1083
17885,2,2_3,0.3,0.02489,0.0894
17886,2,2_3,0.3,0.03976,0.1076
17887,2,2_3,0.3,0.04663,0.08734
17888,2,2_3,0.3,0.03796,0.1066
17889,2,2_3,0.3,0.0322,0.106
17890,2,2_3,0.3,0.2197,0.10144
17891,2,2_3,0.3,0.06003,0.1184
17892,2,2_3,0.3,0.0652,0.0839
17893,2,2_3,0.3,0.03558,0.0905
17894,2,2_3,0.3,0.2656,0.093
17895,2,2_3,0.3,0.0369,0.0842
17896,2,2_3,0.3,0.02899,0.1073
17897,2,2_3,0.3,0.05267,0.09686
17898,2,2_3,0.3,0.2493,0.1163
17899,2,2_3,0.3,0.0526,0.08154
17900,2,2_3,0.3,0.03098,0.0884
17901,2,2_3,0.3,0.02405,0.0855
17902,2,2_3,0.3,0.0743,0.0945
17903,2,2_3,0.3,0.2737,0.0939
17904,2,2_3,0.3,0.2837,0.0909
17905,2,2_3,0.3,0.03665,0.0949
17906,2,2_3,0.3,0.0653,0.11053
17907,2,2_3,0.3,0.01912,0.1268
17908,2,2_3,0.3,0.02325,0.08765
17909,2,2_3,0.3,0.07574,0.0954
17910,2,2_3,0.3,0.0153,0.0916
17911,2,2_3,0.3,0.02283,0.08826
17912,2,2_3,0.3,0.01976,0.0959
17913,2,2_3,0.3,0.04007,0.11414
17914,2,2_3,0.3,0.0311,0.1215
17915,2,2_3,0.3,0.05078,0.11615
17916,2,2_3,0.3,0.0227,0.0886
17917,2,2_3,0.3,0.05597,0.10126
17918,2,2_3,0.3,0.0294,0.1333
17919,2,2_3,0.3,0.2598,0.1312
17920,2,2_3,0.3,0.04654,0.0941
17921,2,2_3,0.3,0.03506,0.07996
17922,2,2_3,0.3,0.04416,0.0879
17923,2,2_3,0.3,0.03513,0.11084
17924,2,2_3,0.3,0.1788,0.0892
17925,2,2_3,0.3,0.0318,0.0977
17926,2,2_3,0.3,0.03265,0.08484
17927,2,2_3,0.3,0.05475,0.1078
17928,2,2_3,0.3,0.0317,0.1003
17929,2,2_3,0.3,0.03778,0.1008
17930,2,2_3,0.3,0.03275,0.1054
17931,2,2_3,0.3,0.08527,0.0959
17932,2,2_3,0.3,0.0638,0.1036
17933,2,2_3,0.3,0.12164,0.1022
17934,2,2_3,0.3,0.1132,0.09735
17935,2,2_3,0.3,0.07007,0.09644
17936,2,2_3,0.3,0.0509,0.08594
17937,2,2_3,0.3,0.28,0.1191
17938,2,2_3,0.3,0.05588,0.1001
17939,2,2_3,0.3,0.02884,0.10944
17940,2,2_3,0.3,0.03772,0.0777
17941,2,2_3,0.3,0.0313,0.08624
17942,2,2_3,0.3,0.02507,0.08777
17943,2,2_3,0.3,0.03406,0.0984
17944,2,2_3,0.3,0.2908,0.1129
17945,2,2_3,0.3,0.04367,0.0934
17946,2,2_3,0.3,0.06158,0.08826
17947,2,2_3,0.3,0.0693,0.09485
17948,2,2_3,0.3,0.07825,0.09106
17949,2,2_3,0.3,0.0692,0.1097
17950,2,2_3,0.3,0.02667,0.07764
17951,2,2_3,0.3,0.1847,0.1001
17952,2,2_3,0.3,0.065,0.09625
17953,2,2_3,0.3,0.0389,0.1002
17954,2,2_3,0.3,0.01839,0.0801
17955,2,2_3,0.3,0.0518,0.12006
17956,2,2_3,0.3,0.02881,0.0921
17957,2,2_3,0.3,0.04376,0.0891
17958,2,2_3,0.3,0.03296,0.08887
17959,2,2_3,0.3,0.062,0.11255
17960,2,2_3,0.3,0.02339,0.1141
17961,2,2_3,0.3,0.05386,0.0831
17962,2,2_3,0.3,0.02844,0.087
17963,2,2_3,0.3,0.02496,0.0948
17964,2,2_3,0.3,0.0512,0.09515
17965,2,2_3,0.3,0.03912,0.08997
17966,2,2_3,0.3,0.08075,0.09924
17967,2,2_3,0.3,0.04364,0.1135
17968,2,2_3,0.3,0.0369,0.1047
17969,2,2_3,0.3,0.04257,0.11633
17970,2,2_3,0.3,0.08167,0.1247
17971,2,2_3,0.3,0.179,0.07965
17972,2,2_3,0.3,0.09265,0.09607
17973,2,2_3,0.3,0.03558,0.0774
17974,2,2_3,0.3,0.03503,0.07666
17975,2,2_3,0.3,0.04495,0.10364
17976,2,2_3,0.3,0.0325,0.0853
17977,2,2_3,0.3,0.02426,0.10095
17978,2,2_3,0.3,0.03458,0.09015
17979,2,2_3,0.3,0.2585,0.09064
17980,2,2_3,0.3,0.1246,0.0962
17981,2,2_3,0.3,0.02664,0.10803
17982,2,2_3,0.3,0.0488,0.1101
17983,2,2_3,0.3,0.03314,0.1273
17984,2,2_3,0.3,0.2732,0.086
17985,2,2_3,0.3,0.07,0.12317
17986,2,2_3,0.3,0.04922,0.0859
17987,2,2_3,0.3,0.0315,0.09576
17988,2,2_3,0.3,0.04105,0.09937
17989,2,2_3,0.3,0.02501,0.11017
17990,2,2_3,0.3,0.05453,0.09625
17991,2,2_3,0.3,0.0273,0.0782
17992,2,2_3,0.3,0.0222,0.089
17993,2,2_3,0.3,0.0422,0.1139
17994,2,2_3,0.3,0.03308,0.09686
17995,2,2_3,0.3,0.2676,0.08563
17996,2,2_3,0.3,0.07086,0.08594
17997,2,2_3,0.3,0.0392,0.0901
17998,2,2_3,0.3,0.03598,0.10345
17999,2,2_3,0.3,0.0339,0.1366
