,v1_unit,dlgn_unit,upper_bound,ampw,loss
0,1,1_1,0.08,0.0593,0.1061
1,1,1_1,0.08,0.0249,0.0947
2,1,1_1,0.08,0.03072,0.07794
3,1,1_1,0.08,0.02315,0.08984
4,1,1_1,0.08,0.01736,0.0671
5,1,1_1,0.08,0.03964,0.11273
6,1,1_1,0.08,0.0519,0.09753
7,1,1_1,0.08,0.0448,0.1008
8,1,1_1,0.08,0.0372,0.0835
9,1,1_1,0.08,0.05002,0.0881
10,1,1_1,0.08,0.0668,0.1232
11,1,1_1,0.08,0.03223,0.0801
12,1,1_1,0.08,0.04636,0.1191
13,1,1_1,0.08,0.04388,0.1096
14,1,1_1,0.08,0.05194,0.0887
15,1,1_1,0.08,0.05634,0.11145
16,1,1_1,0.08,0.02289,0.0849
17,1,1_1,0.08,0.02104,0.06696
18,1,1_1,0.08,0.05292,0.0987
19,1,1_1,0.08,0.04025,0.1088
20,1,1_1,0.08,0.04877,0.0997
21,1,1_1,0.08,0.02594,0.0845
22,1,1_1,0.08,0.0473,0.11957
23,1,1_1,0.08,0.0534,0.0995
24,1,1_1,0.08,0.06287,0.10815
25,1,1_1,0.08,0.04227,0.099
26,1,1_1,0.08,0.03348,0.0991
27,1,1_1,0.08,0.05676,0.0963
28,1,1_1,0.08,0.03845,0.10046
29,1,1_1,0.08,0.0534,0.10065
30,1,1_1,0.08,0.04404,0.09503
31,1,1_1,0.08,0.03635,0.0947
32,1,1_1,0.08,0.0331,0.08215
33,1,1_1,0.08,0.02385,0.0753
34,1,1_1,0.08,0.03247,0.0899
35,1,1_1,0.08,0.0519,0.11597
36,1,1_1,0.08,0.0223,0.0824
37,1,1_1,0.08,0.02898,0.0735
38,1,1_1,0.08,0.02643,0.08136
39,1,1_1,0.08,0.01831,0.0755
40,1,1_1,0.08,0.03314,0.10645
41,1,1_1,0.08,0.05368,0.1183
42,1,1_1,0.08,0.04742,0.1016
43,1,1_1,0.08,0.0305,0.07776
44,1,1_1,0.08,0.03326,0.0937
45,1,1_1,0.08,0.03143,0.1292
46,1,1_1,0.08,0.03738,0.093
47,1,1_1,0.08,0.06464,0.1205
48,1,1_1,0.08,0.0487,0.12396
49,1,1_1,0.08,0.03726,0.0885
50,1,1_1,0.08,0.05255,0.1284
51,1,1_1,0.08,0.03119,0.1006
52,1,1_1,0.08,0.0291,0.07684
53,1,1_1,0.08,0.04733,0.1088
54,1,1_1,0.08,0.0708,0.09796
55,1,1_1,0.08,0.03928,0.08545
56,1,1_1,0.08,0.07245,0.1116
57,1,1_1,0.08,0.0361,0.10315
58,1,1_1,0.08,0.05557,0.105
59,1,1_1,0.08,0.02705,0.0812
60,1,1_1,0.08,0.0572,0.1023
61,1,1_1,0.08,0.06186,0.1266
62,1,1_1,0.08,0.0336,0.09216
63,1,1_1,0.08,0.03043,0.0789
64,1,1_1,0.08,0.05865,0.1231
65,1,1_1,0.08,0.07227,0.1132
66,1,1_1,0.08,0.0438,0.1141
67,1,1_1,0.08,0.06027,0.1071
68,1,1_1,0.08,0.06335,0.1108
69,1,1_1,0.08,0.0461,0.11115
70,1,1_1,0.08,0.02406,0.0752
71,1,1_1,0.08,0.04288,0.1079
72,1,1_1,0.08,0.02113,0.08075
73,1,1_1,0.08,0.03253,0.1018
74,1,1_1,0.08,0.0571,0.0962
75,1,1_1,0.08,0.0482,0.11487
76,1,1_1,0.08,0.01662,0.0849
77,1,1_1,0.08,0.06323,0.1034
78,1,1_1,0.08,0.03677,0.0951
79,1,1_1,0.08,0.03232,0.0807
80,1,1_1,0.08,0.0667,0.1063
81,1,1_1,0.08,0.03906,0.1122
82,1,1_1,0.08,0.01496,0.06757
83,1,1_1,0.08,0.0466,0.09735
84,1,1_1,0.08,0.0364,0.0819
85,1,1_1,0.08,0.06094,0.11066
86,1,1_1,0.08,0.0589,0.1243
87,1,1_1,0.08,0.0365,0.0871
88,1,1_1,0.08,0.04282,0.1034
89,1,1_1,0.08,0.02402,0.0814
90,1,1_1,0.08,0.02333,0.0792
91,1,1_1,0.08,0.03253,0.0991
92,1,1_1,0.08,0.06107,0.1051
93,1,1_1,0.08,0.06305,0.1289
94,1,1_1,0.08,0.0364,0.1115
95,1,1_1,0.08,0.02078,0.09125
96,1,1_1,0.08,0.03152,0.10144
97,1,1_1,0.08,0.05453,0.10394
98,1,1_1,0.08,0.02682,0.0913
99,1,1_1,0.08,0.02678,0.07794
100,1,1_1,0.08,0.02861,0.0878
101,1,1_1,0.08,0.03766,0.09845
102,1,1_1,0.08,0.0238,0.08203
103,1,1_1,0.08,0.05795,0.1287
104,1,1_1,0.08,0.02296,0.0738
105,1,1_1,0.08,0.01743,0.0682
106,1,1_1,0.08,0.05203,0.1495
107,1,1_1,0.08,0.0507,0.1206
108,1,1_1,0.08,0.05493,0.1334
109,1,1_1,0.08,0.07007,0.1384
110,1,1_1,0.08,0.0247,0.0804
111,1,1_1,0.08,0.05948,0.12396
112,1,1_1,0.08,0.02779,0.08453
113,1,1_1,0.08,0.06946,0.1104
114,1,1_1,0.08,0.02592,0.0777
115,1,1_1,0.08,0.01534,0.072
116,1,1_1,0.08,0.02144,0.07794
117,1,1_1,0.08,0.03848,0.0825
118,1,1_1,0.08,0.04306,0.094
119,1,1_1,0.08,0.0314,0.09155
120,1,1_1,0.08,0.03177,0.0877
121,1,1_1,0.08,0.0493,0.10345
122,1,1_1,0.08,0.02385,0.072
123,1,1_1,0.08,0.0661,0.10486
124,1,1_1,0.08,0.0476,0.0971
125,1,1_1,0.08,0.03622,0.0898
126,1,1_1,0.08,0.04593,0.0991
127,1,1_1,0.08,0.0371,0.0969
128,1,1_1,0.08,0.02695,0.0827
129,1,1_1,0.08,0.0503,0.09216
130,1,1_1,0.08,0.03958,0.0865
131,1,1_1,0.08,0.03568,0.0827
132,1,1_1,0.08,0.04874,0.1194
133,1,1_1,0.08,0.05704,0.0992
134,1,1_1,0.08,0.02838,0.0779
135,1,1_1,0.08,0.0596,0.1063
136,1,1_1,0.08,0.03662,0.102
137,1,1_1,0.08,0.0567,0.10815
138,1,1_1,0.08,0.04718,0.1005
139,1,1_1,0.08,0.0343,0.0808
140,1,1_1,0.08,0.03598,0.0865
141,1,1_1,0.08,0.03528,0.0813
142,1,1_1,0.08,0.0727,0.1129
143,1,1_1,0.08,0.03064,0.075
144,1,1_1,0.08,0.05942,0.1017
145,1,1_1,0.08,0.04974,0.1166
146,1,1_1,0.08,0.0224,0.08295
147,1,1_1,0.08,0.06946,0.1107
148,1,1_1,0.08,0.05273,0.09326
149,1,1_1,0.08,0.03836,0.1399
150,1,1_1,0.08,0.05823,0.10077
151,1,1_1,0.08,0.04477,0.1102
152,1,1_1,0.08,0.0577,0.1415
153,1,1_1,0.08,0.0401,0.09216
154,1,1_1,0.08,0.04648,0.09155
155,1,1_1,0.08,0.05914,0.1149
156,1,1_1,0.08,0.0284,0.08954
157,1,1_1,0.08,0.02196,0.08685
158,1,1_1,0.08,0.04456,0.10175
159,1,1_1,0.08,0.06137,0.0993
160,1,1_1,0.08,0.0454,0.125
161,1,1_1,0.08,0.04953,0.1197
162,1,1_1,0.08,0.02414,0.0792
163,1,1_1,0.08,0.05084,0.1
164,1,1_1,0.08,0.03632,0.1001
165,1,1_1,0.08,0.04254,0.0925
166,1,1_1,0.08,0.0437,0.09283
167,1,1_1,0.08,0.03354,0.09
168,1,1_1,0.08,0.03342,0.0817
169,1,1_1,0.08,0.03418,0.10223
170,1,1_1,0.08,0.03114,0.08075
171,1,1_1,0.08,0.02061,0.0726
172,1,1_1,0.08,0.05685,0.09174
173,1,1_1,0.08,0.03041,0.0785
174,1,1_1,0.08,0.03656,0.08734
175,1,1_1,0.08,0.04462,0.0884
176,1,1_1,0.08,0.02414,0.0882
177,1,1_1,0.08,0.02116,0.07684
178,1,1_1,0.08,0.02486,0.0726
179,1,1_1,0.08,0.04648,0.10223
180,1,1_1,0.08,0.0548,0.1057
181,1,1_1,0.08,0.0395,0.1138
182,1,1_1,0.08,0.05212,0.109
183,1,1_1,0.08,0.04434,0.0919
184,1,1_1,0.08,0.02412,0.08875
185,1,1_1,0.08,0.05643,0.1109
186,1,1_1,0.08,0.04922,0.09375
187,1,1_1,0.08,0.01839,0.0694
188,1,1_1,0.08,0.02634,0.0769
189,1,1_1,0.08,0.05722,0.0939
190,1,1_1,0.08,0.04483,0.1278
191,1,1_1,0.08,0.02635,0.0771
192,1,1_1,0.08,0.04108,0.12274
193,1,1_1,0.08,0.02135,0.07324
194,1,1_1,0.08,0.0628,0.11115
195,1,1_1,0.08,0.03232,0.0912
196,1,1_1,0.08,0.03848,0.10016
197,1,1_1,0.08,0.03262,0.0834
198,1,1_1,0.08,0.02962,0.0885
199,1,1_1,0.08,0.03864,0.099
200,1,1_1,0.08,0.04224,0.0936
201,1,1_1,0.08,0.03186,0.1031
202,1,1_1,0.08,0.03047,0.0751
203,1,1_1,0.08,0.06305,0.1121
204,1,1_1,0.08,0.02321,0.0737
205,1,1_1,0.08,0.05887,0.12024
206,1,1_1,0.08,0.02327,0.0755
207,1,1_1,0.08,0.02429,0.0758
208,1,1_1,0.08,0.0649,0.12305
209,1,1_1,0.08,0.02678,0.0945
210,1,1_1,0.08,0.02223,0.07324
211,1,1_1,0.08,0.02696,0.0909
212,1,1_1,0.08,0.02856,0.07526
213,1,1_1,0.08,0.05844,0.1168
214,1,1_1,0.08,0.0406,0.095
215,1,1_1,0.08,0.02806,0.0769
216,1,1_1,0.08,0.02057,0.06805
217,1,1_1,0.08,0.04886,0.0905
218,1,1_1,0.08,0.02444,0.0717
219,1,1_1,0.08,0.04987,0.1233
220,1,1_1,0.08,0.06665,0.1073
221,1,1_1,0.08,0.02864,0.0811
222,1,1_1,0.08,0.03084,0.0963
223,1,1_1,0.08,0.04547,0.1048
224,1,1_1,0.08,0.02971,0.085
225,1,1_1,0.08,0.044,0.0946
226,1,1_1,0.08,0.04736,0.1003
227,1,1_1,0.08,0.04196,0.1012
228,1,1_1,0.08,0.05142,0.11383
229,1,1_1,0.08,0.02734,0.07355
230,1,1_1,0.08,0.0314,0.079
231,1,1_1,0.08,0.02911,0.07697
232,1,1_1,0.08,0.02873,0.0839
233,1,1_1,0.08,0.02423,0.07996
234,1,1_1,0.08,0.0556,0.11707
235,1,1_1,0.08,0.0342,0.0949
236,1,1_1,0.08,0.01556,0.06757
237,1,1_1,0.08,0.04147,0.10864
238,1,1_1,0.08,0.03882,0.09686
239,1,1_1,0.08,0.03287,0.08936
240,1,1_1,0.08,0.02702,0.0761
241,1,1_1,0.08,0.02872,0.0821
242,1,1_1,0.08,0.03564,0.0819
243,1,1_1,0.08,0.0462,0.1062
244,1,1_1,0.08,0.0234,0.0709
245,1,1_1,0.08,0.02046,0.0711
246,1,1_1,0.08,0.0206,0.08154
247,1,1_1,0.08,0.0271,0.0773
248,1,1_1,0.08,0.0724,0.12225
249,1,1_1,0.08,0.03387,0.0855
250,1,1_1,0.08,0.04288,0.0937
251,1,1_1,0.08,0.04437,0.0959
252,1,1_1,0.08,0.0527,0.11743
253,1,1_1,0.08,0.03091,0.0858
254,1,1_1,0.08,0.02162,0.075
255,1,1_1,0.08,0.04355,0.1111
256,1,1_1,0.08,0.0613,0.12445
257,1,1_1,0.08,0.02492,0.0738
258,1,1_1,0.08,0.01848,0.0922
259,1,1_1,0.08,0.06793,0.113
260,1,1_1,0.08,0.04376,0.11945
261,1,1_1,0.08,0.0477,0.11
262,1,1_1,0.08,0.0352,0.11426
263,1,1_1,0.08,0.02638,0.09125
264,1,1_1,0.08,0.02675,0.0841
265,1,1_1,0.08,0.02817,0.0767
266,1,1_1,0.08,0.05466,0.1049
267,1,1_1,0.08,0.03598,0.08905
268,1,1_1,0.08,0.03928,0.09045
269,1,1_1,0.08,0.02321,0.0726
270,1,1_1,0.08,0.0638,0.1451
271,1,1_1,0.08,0.01923,0.07904
272,1,1_1,0.08,0.04004,0.09406
273,1,1_1,0.08,0.02496,0.0759
274,1,1_1,0.08,0.0684,0.11163
275,1,1_1,0.08,0.04742,0.10205
276,1,1_1,0.08,0.02861,0.0845
277,1,1_1,0.08,0.03915,0.0898
278,1,1_1,0.08,0.07275,0.12
279,1,1_1,0.08,0.06198,0.099
280,1,1_1,0.08,0.04916,0.0976
281,1,1_1,0.08,0.04315,0.10004
282,1,1_1,0.08,0.0173,0.0742
283,1,1_1,0.08,0.0444,0.1307
284,1,1_1,0.08,0.05072,0.1112
285,1,1_1,0.08,0.048,0.1069
286,1,1_1,0.08,0.02252,0.072
287,1,1_1,0.08,0.0489,0.0997
288,1,1_1,0.08,0.02975,0.0799
289,1,1_1,0.08,0.05463,0.1101
290,1,1_1,0.08,0.0345,0.0869
291,1,1_1,0.08,0.01949,0.07074
292,1,1_1,0.08,0.03326,0.0819
293,1,1_1,0.08,0.0537,0.09607
294,1,1_1,0.08,0.03964,0.10815
295,1,1_1,0.08,0.02197,0.07214
296,1,1_1,0.08,0.06836,0.1174
297,1,1_1,0.08,0.03107,0.07574
298,1,1_1,0.08,0.04694,0.1083
299,1,1_1,0.08,0.0228,0.0958
300,1,1_1,0.08,0.0598,0.11847
301,1,1_1,0.08,0.0465,0.11597
302,1,1_1,0.08,0.05588,0.1178
303,1,1_1,0.08,0.0232,0.08246
304,1,1_1,0.08,0.02602,0.0713
305,1,1_1,0.08,0.03053,0.08307
306,1,1_1,0.08,0.04333,0.0882
307,1,1_1,0.08,0.0723,0.174
308,1,1_1,0.08,0.01539,0.06915
309,1,1_1,0.08,0.0606,0.11005
310,1,1_1,0.08,0.02557,0.1145
311,1,1_1,0.08,0.04492,0.0887
312,1,1_1,0.08,0.03072,0.08716
313,1,1_1,0.08,0.0461,0.10376
314,1,1_1,0.08,0.02356,0.08026
315,1,1_1,0.08,0.01767,0.0718
316,1,1_1,0.08,0.02151,0.0718
317,1,1_1,0.08,0.03308,0.0788
318,1,1_1,0.08,0.02596,0.0762
319,1,1_1,0.08,0.03078,0.0831
320,1,1_1,0.08,0.045,0.0943
321,1,1_1,0.08,0.0671,0.10925
322,1,1_1,0.08,0.06134,0.1129
323,1,1_1,0.08,0.0341,0.1021
324,1,1_1,0.08,0.03445,0.10706
325,1,1_1,0.08,0.03174,0.0816
326,1,1_1,0.08,0.03946,0.0925
327,1,1_1,0.08,0.0672,0.1549
328,1,1_1,0.08,0.04965,0.1031
329,1,1_1,0.08,0.0631,0.1046
330,1,1_1,0.08,0.03032,0.08136
331,1,1_1,0.08,0.05765,0.1032
332,1,1_1,0.08,0.05313,0.0997
333,1,1_1,0.08,0.03397,0.0938
334,1,1_1,0.08,0.0751,0.1466
335,1,1_1,0.08,0.02713,0.07996
336,1,1_1,0.08,0.04584,0.09375
337,1,1_1,0.08,0.0646,0.10675
338,1,1_1,0.08,0.04404,0.0863
339,1,1_1,0.08,0.03592,0.0847
340,1,1_1,0.08,0.02429,0.0752
341,1,1_1,0.08,0.06635,0.1566
342,1,1_1,0.08,0.03348,0.08344
343,1,1_1,0.08,0.0473,0.1146
344,1,1_1,0.08,0.04205,0.09827
345,1,1_1,0.08,0.0573,0.10876
346,1,1_1,0.08,0.03287,0.0969
347,1,1_1,0.08,0.0523,0.1163
348,1,1_1,0.08,0.04117,0.0944
349,1,1_1,0.08,0.0602,0.1167
350,1,1_1,0.08,0.04623,0.1009
351,1,1_1,0.08,0.0546,0.0954
352,1,1_1,0.08,0.03656,0.0942
353,1,1_1,0.08,0.0572,0.1272
354,1,1_1,0.08,0.03647,0.0911
355,1,1_1,0.08,0.02718,0.0898
356,1,1_1,0.08,0.0576,0.1088
357,1,1_1,0.08,0.01743,0.08057
358,1,1_1,0.08,0.05484,0.1073
359,1,1_1,0.08,0.02042,0.08453
360,1,1_1,0.08,0.0206,0.07117
361,1,1_1,0.08,0.03668,0.09424
362,1,1_1,0.08,0.0487,0.1085
363,1,1_1,0.08,0.01593,0.07196
364,1,1_1,0.08,0.0552,0.09796
365,1,1_1,0.08,0.041,0.10846
366,1,1_1,0.08,0.04114,0.09216
367,1,1_1,0.08,0.0238,0.0765
368,1,1_1,0.08,0.0344,0.09546
369,1,1_1,0.08,0.01859,0.07355
370,1,1_1,0.08,0.0731,0.10425
371,1,1_1,0.08,0.0474,0.1026
372,1,1_1,0.08,0.04266,0.1493
373,1,1_1,0.08,0.0523,0.1014
374,1,1_1,0.08,0.04428,0.0899
375,1,1_1,0.08,0.04288,0.0966
376,1,1_1,0.08,0.01926,0.0709
377,1,1_1,0.08,0.04822,0.08984
378,1,1_1,0.08,0.0667,0.1234
379,1,1_1,0.08,0.0219,0.085
380,1,1_1,0.08,0.03757,0.0874
381,1,1_1,0.08,0.05356,0.11914
382,1,1_1,0.08,0.03513,0.0916
383,1,1_1,0.08,0.04416,0.11194
384,1,1_1,0.08,0.02719,0.07623
385,1,1_1,0.08,0.0419,0.0973
386,1,1_1,0.08,0.0636,0.1139
387,1,1_1,0.08,0.03967,0.09503
388,1,1_1,0.08,0.05695,0.1273
389,1,1_1,0.08,0.03735,0.11426
390,1,1_1,0.08,0.01976,0.0697
391,1,1_1,0.08,0.03117,0.0774
392,1,1_1,0.08,0.03033,0.0936
393,1,1_1,0.08,0.02315,0.07434
394,1,1_1,0.08,0.06494,0.1198
395,1,1_1,0.08,0.03018,0.08026
396,1,1_1,0.08,0.02129,0.08594
397,1,1_1,0.08,0.01953,0.07935
398,1,1_1,0.08,0.0389,0.09357
399,1,1_1,0.08,0.02899,0.07947
400,1,1_1,0.08,0.05106,0.1023
401,1,1_1,0.08,0.046,0.1066
402,1,1_1,0.08,0.03604,0.1116
403,1,1_1,0.08,0.0347,0.0898
404,1,1_1,0.08,0.03696,0.0836
405,1,1_1,0.08,0.03033,0.0847
406,1,1_1,0.08,0.03796,0.0954
407,1,1_1,0.08,0.06097,0.0995
408,1,1_1,0.08,0.02724,0.0827
409,1,1_1,0.08,0.04675,0.096
410,1,1_1,0.08,0.0681,0.1233
411,1,1_1,0.08,0.02197,0.0709
412,1,1_1,0.08,0.04044,0.0974
413,1,1_1,0.08,0.04703,0.1525
414,1,1_1,0.08,0.02957,0.09845
415,1,1_1,0.08,0.01929,0.0707
416,1,1_1,0.08,0.03014,0.0773
417,1,1_1,0.08,0.02213,0.0848
418,1,1_1,0.08,0.07135,0.11566
419,1,1_1,0.08,0.04416,0.1142
420,1,1_1,0.08,0.03473,0.08997
421,1,1_1,0.08,0.0648,0.11005
422,1,1_1,0.08,0.02026,0.0697
423,1,1_1,0.08,0.02603,0.0747
424,1,1_1,0.08,0.01913,0.08466
425,1,1_1,0.08,0.0348,0.0927
426,1,1_1,0.08,0.02733,0.0819
427,1,1_1,0.08,0.03314,0.07947
428,1,1_1,0.08,0.0176,0.07904
429,1,1_1,0.08,0.03873,0.0927
430,1,1_1,0.08,0.062,0.0993
431,1,1_1,0.08,0.0358,0.1188
432,1,1_1,0.08,0.02823,0.0806
433,1,1_1,0.08,0.0224,0.07025
434,1,1_1,0.08,0.02411,0.0837
435,1,1_1,0.08,0.02441,0.09827
436,1,1_1,0.08,0.03604,0.094
437,1,1_1,0.08,0.04474,0.08655
438,1,1_1,0.08,0.04932,0.10693
439,1,1_1,0.08,0.0663,0.0981
440,1,1_1,0.08,0.03012,0.0906
441,1,1_1,0.08,0.0366,0.0859
442,1,1_1,0.08,0.02165,0.07513
443,1,1_1,0.08,0.02289,0.0824
444,1,1_1,0.08,0.02736,0.07947
445,1,1_1,0.08,0.05707,0.1243
446,1,1_1,0.08,0.04822,0.1076
447,1,1_1,0.08,0.0696,0.1087
448,1,1_1,0.08,0.02344,0.1301
449,1,1_1,0.08,0.01651,0.071
450,1,1_1,0.08,0.04565,0.0912
451,1,1_1,0.08,0.03867,0.0963
452,1,1_1,0.08,0.02284,0.07336
453,1,1_1,0.08,0.0625,0.1155
454,1,1_1,0.08,0.05435,0.0942
455,1,1_1,0.08,0.0505,0.0996
456,1,1_1,0.08,0.053,0.0999
457,1,1_1,0.08,0.04974,0.0885
458,1,1_1,0.08,0.0636,0.1055
459,1,1_1,0.08,0.02792,0.08826
460,1,1_1,0.08,0.03534,0.0982
461,1,1_1,0.08,0.02396,0.1007
462,1,1_1,0.08,0.02943,0.0849
463,1,1_1,0.08,0.02628,0.0767
464,1,1_1,0.08,0.048,0.0973
465,1,1_1,0.08,0.0341,0.1138
466,1,1_1,0.08,0.06805,0.1149
467,1,1_1,0.08,0.03275,0.0887
468,1,1_1,0.08,0.0494,0.0937
469,1,1_1,0.08,0.03458,0.10474
470,1,1_1,0.08,0.04446,0.1282
471,1,1_1,0.08,0.05136,0.114
472,1,1_1,0.08,0.052,0.0948
473,1,1_1,0.08,0.0381,0.11005
474,1,1_1,0.08,0.04007,0.1024
475,1,1_1,0.08,0.02495,0.08594
476,1,1_1,0.08,0.03528,0.09296
477,1,1_1,0.08,0.03802,0.10034
478,1,1_1,0.08,0.0383,0.093
479,1,1_1,0.08,0.04428,0.0966
480,1,1_1,0.08,0.03543,0.11865
481,1,1_1,0.08,0.05286,0.091
482,1,1_1,0.08,0.0185,0.0721
483,1,1_1,0.08,0.03326,0.0949
484,1,1_1,0.08,0.046,0.1085
485,1,1_1,0.08,0.04056,0.0861
486,1,1_1,0.08,0.02905,0.0799
487,1,1_1,0.08,0.0371,0.0942
488,1,1_1,0.08,0.04462,0.0926
489,1,1_1,0.08,0.04642,0.1068
490,1,1_1,0.08,0.04623,0.11884
491,1,1_1,0.08,0.04755,0.10583
492,1,1_1,0.08,0.0705,0.1293
493,1,1_1,0.08,0.0208,0.0751
494,1,1_1,0.08,0.03445,0.0916
495,1,1_1,0.08,0.04086,0.10614
496,1,1_1,0.08,0.07275,0.1235
497,1,1_1,0.08,0.04614,0.10016
498,1,1_1,0.08,0.02219,0.0836
499,1,1_1,0.08,0.05643,0.1298
500,1,1_1,0.08,0.02238,0.0995
501,1,1_1,0.08,0.04163,0.0979
502,1,1_1,0.08,0.05136,0.09534
503,1,1_1,0.08,0.06573,0.0948
504,1,1_1,0.08,0.04892,0.11725
505,1,1_1,0.08,0.0566,0.0986
506,1,1_1,0.08,0.06226,0.11206
507,1,1_1,0.08,0.02902,0.0775
508,1,1_1,0.08,0.05905,0.1095
509,1,1_1,0.08,0.02855,0.0766
510,1,1_1,0.08,0.02296,0.0779
511,1,1_1,0.08,0.04138,0.1038
512,1,1_1,0.08,0.04135,0.0825
513,1,1_1,0.08,0.0688,0.1129
514,1,1_1,0.08,0.05774,0.1312
515,1,1_1,0.08,0.0447,0.09863
516,1,1_1,0.08,0.03592,0.09875
517,1,1_1,0.08,0.05096,0.09265
518,1,1_1,0.08,0.05435,0.1166
519,1,1_1,0.08,0.05997,0.1153
520,1,1_1,0.08,0.0594,0.12103
521,1,1_1,0.08,0.01892,0.07416
522,1,1_1,0.08,0.06506,0.1188
523,1,1_1,0.08,0.01564,0.1017
524,1,1_1,0.08,0.0204,0.073
525,1,1_1,0.08,0.02487,0.0742
526,1,1_1,0.08,0.0596,0.10675
527,1,1_1,0.08,0.02403,0.07385
528,1,1_1,0.08,0.06824,0.1085
529,1,1_1,0.08,0.05463,0.1339
530,1,1_1,0.08,0.0518,0.1019
531,1,1_1,0.08,0.0268,0.0824
532,1,1_1,0.08,0.02002,0.0843
533,1,1_1,0.08,0.0714,0.1013
534,1,1_1,0.08,0.02385,0.0751
535,1,1_1,0.08,0.0293,0.0803
536,1,1_1,0.08,0.03384,0.0783
537,1,1_1,0.08,0.04044,0.0998
538,1,1_1,0.08,0.03296,0.08154
539,1,1_1,0.08,0.03235,0.09406
540,1,1_1,0.08,0.02069,0.07556
541,1,1_1,0.08,0.06824,0.1177
542,1,1_1,0.08,0.03146,0.0788
543,1,1_1,0.08,0.0389,0.09076
544,1,1_1,0.08,0.04633,0.0978
545,1,1_1,0.08,0.0261,0.08594
546,1,1_1,0.08,0.03049,0.0841
547,1,1_1,0.08,0.01729,0.0721
548,1,1_1,0.08,0.0351,0.0931
549,1,1_1,0.08,0.0317,0.0805
550,1,1_1,0.08,0.02823,0.11743
551,1,1_1,0.08,0.02266,0.0722
552,1,1_1,0.08,0.04532,0.09705
553,1,1_1,0.08,0.01799,0.0804
554,1,1_1,0.08,0.01932,0.0688
555,1,1_1,0.08,0.0618,0.09973
556,1,1_1,0.08,0.0418,0.0981
557,1,1_1,0.08,0.03093,0.084
558,1,1_1,0.08,0.04514,0.1146
559,1,1_1,0.08,0.04138,0.0898
560,1,1_1,0.08,0.02809,0.08075
561,1,1_1,0.08,0.04056,0.09424
562,1,1_1,0.08,0.06052,0.1198
563,1,1_1,0.08,0.03342,0.0828
564,1,1_1,0.08,0.0539,0.1013
565,1,1_1,0.08,0.03094,0.0782
566,1,1_1,0.08,0.0312,0.0956
567,1,1_1,0.08,0.06287,0.11505
568,1,1_1,0.08,0.04236,0.09375
569,1,1_1,0.08,0.05878,0.1037
570,1,1_1,0.08,0.06934,0.141
571,1,1_1,0.08,0.0547,0.1035
572,1,1_1,0.08,0.03476,0.08484
573,1,1_1,0.08,0.02122,0.0769
574,1,1_1,0.08,0.02545,0.07513
575,1,1_1,0.08,0.05182,0.1102
576,1,1_1,0.08,0.03397,0.0873
577,1,1_1,0.08,0.02379,0.08014
578,1,1_1,0.08,0.02835,0.0859
579,1,1_1,0.08,0.04987,0.1041
580,1,1_1,0.08,0.05356,0.1146
581,1,1_1,0.08,0.02217,0.0752
582,1,1_1,0.08,0.03226,0.11115
583,1,1_1,0.08,0.03915,0.09595
584,1,1_1,0.08,0.02411,0.0785
585,1,1_1,0.08,0.0713,0.1283
586,1,1_1,0.08,0.04144,0.12445
587,1,1_1,0.08,0.06537,0.10986
588,1,1_1,0.08,0.06024,0.121
589,1,1_1,0.08,0.05563,0.0943
590,1,1_1,0.08,0.0637,0.1184
591,1,1_1,0.08,0.0324,0.07513
592,1,1_1,0.08,0.04474,0.1061
593,1,1_1,0.08,0.03784,0.0842
594,1,1_1,0.08,0.04016,0.09656
595,1,1_1,0.08,0.05545,0.0968
596,1,1_1,0.08,0.04382,0.0848
597,1,1_1,0.08,0.04562,0.0902
598,1,1_1,0.08,0.04724,0.1225
599,1,1_1,0.08,0.02278,0.0979
600,1,1_1,0.08,0.05038,0.1043
601,1,1_1,0.08,0.06464,0.1208
602,1,1_1,0.08,0.0348,0.0961
603,1,1_1,0.08,0.02217,0.07153
604,1,1_1,0.08,0.04272,0.0999
605,1,1_1,0.08,0.03818,0.0966
606,1,1_1,0.08,0.02919,0.0779
607,1,1_1,0.08,0.04422,0.0947
608,1,1_1,0.08,0.03326,0.081
609,1,1_1,0.08,0.04556,0.1049
610,1,1_1,0.08,0.02637,0.0745
611,1,1_1,0.08,0.05905,0.1411
612,1,1_1,0.08,0.04572,0.09296
613,1,1_1,0.08,0.04956,0.1202
614,1,1_1,0.08,0.04626,0.1036
615,1,1_1,0.08,0.02312,0.0791
616,1,1_1,0.08,0.03317,0.0862
617,1,1_1,0.08,0.0331,0.09344
618,1,1_1,0.08,0.03247,0.08295
619,1,1_1,0.08,0.0424,0.09357
620,1,1_1,0.08,0.0707,0.0955
621,1,1_1,0.08,0.06635,0.129
622,1,1_1,0.08,0.0694,0.1193
623,1,1_1,0.08,0.0186,0.0741
624,1,1_1,0.08,0.0422,0.0921
625,1,1_1,0.08,0.07495,0.1697
626,1,1_1,0.08,0.054,0.09985
627,1,1_1,0.08,0.03705,0.10803
628,1,1_1,0.08,0.0519,0.1083
629,1,1_1,0.08,0.04993,0.0905
630,1,1_1,0.08,0.03265,0.08453
631,1,1_1,0.08,0.06976,0.1315
632,1,1_1,0.08,0.0431,0.10767
633,1,1_1,0.08,0.03117,0.0824
634,1,1_1,0.08,0.02658,0.08014
635,1,1_1,0.08,0.04904,0.1094
636,1,1_1,0.08,0.0468,0.1119
637,1,1_1,0.08,0.03107,0.0753
638,1,1_1,0.08,0.0418,0.0943
639,1,1_1,0.08,0.02695,0.1061
640,1,1_1,0.08,0.0336,0.0876
641,1,1_1,0.08,0.06024,0.1073
642,1,1_1,0.08,0.03757,0.0836
643,1,1_1,0.08,0.05286,0.1048
644,1,1_1,0.08,0.01944,0.0715
645,1,1_1,0.08,0.06085,0.10333
646,1,1_1,0.08,0.05264,0.12164
647,1,1_1,0.08,0.05164,0.1298
648,1,1_1,0.08,0.04614,0.10547
649,1,1_1,0.08,0.03687,0.0853
650,1,1_1,0.08,0.03546,0.0912
651,1,1_1,0.08,0.04602,0.09845
652,1,1_1,0.08,0.05466,0.1246
653,1,1_1,0.08,0.0197,0.0776
654,1,1_1,0.08,0.03067,0.0857
655,1,1_1,0.08,0.02641,0.08276
656,1,1_1,0.08,0.06232,0.0994
657,1,1_1,0.08,0.05615,0.128
658,1,1_1,0.08,0.04053,0.09326
659,1,1_1,0.08,0.026,0.0776
660,1,1_1,0.08,0.01991,0.07324
661,1,1_1,0.08,0.0727,0.131
662,1,1_1,0.08,0.03336,0.08246
663,1,1_1,0.08,0.0163,0.071
664,1,1_1,0.08,0.03062,0.09467
665,1,1_1,0.08,0.01834,0.0687
666,1,1_1,0.08,0.0168,0.07886
667,1,1_1,0.08,0.06604,0.111
668,1,1_1,0.08,0.0339,0.08044
669,1,1_1,0.08,0.0241,0.0938
670,1,1_1,0.08,0.05377,0.0963
671,1,1_1,0.08,0.06647,0.09717
672,1,1_1,0.08,0.01778,0.0727
673,1,1_1,0.08,0.01752,0.0852
674,1,1_1,0.08,0.03014,0.07764
675,1,1_1,0.08,0.05536,0.1307
676,1,1_1,0.08,0.04715,0.097
677,1,1_1,0.08,0.04388,0.10846
678,1,1_1,0.08,0.02693,0.0888
679,1,1_1,0.08,0.02574,0.0946
680,1,1_1,0.08,0.01689,0.0761
681,1,1_1,0.08,0.04907,0.1326
682,1,1_1,0.08,0.02745,0.0766
683,1,1_1,0.08,0.03293,0.0847
684,1,1_1,0.08,0.05484,0.1046
685,1,1_1,0.08,0.04465,0.1135
686,1,1_1,0.08,0.0477,0.12494
687,1,1_1,0.08,0.03137,0.08167
688,1,1_1,0.08,0.02081,0.07
689,1,1_1,0.08,0.0318,0.08215
690,1,1_1,0.08,0.0189,0.0741
691,1,1_1,0.08,0.03528,0.0914
692,1,1_1,0.08,0.02936,0.07574
693,1,1_1,0.08,0.05057,0.098
694,1,1_1,0.08,0.0318,0.0977
695,1,1_1,0.08,0.02725,0.077
696,1,1_1,0.08,0.0667,0.10614
697,1,1_1,0.08,0.04684,0.0973
698,1,1_1,0.08,0.03592,0.10516
699,1,1_1,0.08,0.01865,0.08093
700,1,1_1,0.08,0.0326,0.0771
701,1,1_1,0.08,0.0389,0.0861
702,1,1_1,0.08,0.03452,0.0876
703,1,1_1,0.08,0.0402,0.1285
704,1,1_1,0.08,0.05542,0.1123
705,1,1_1,0.08,0.03604,0.0878
706,1,1_1,0.08,0.02312,0.07294
707,1,1_1,0.08,0.04538,0.0859
708,1,1_1,0.08,0.02701,0.07935
709,1,1_1,0.08,0.04294,0.1282
710,1,1_1,0.08,0.03308,0.10175
711,1,1_1,0.08,0.02843,0.08136
712,1,1_1,0.08,0.02356,0.0858
713,1,1_1,0.08,0.05524,0.1058
714,1,1_1,0.08,0.0555,0.11084
715,1,1_1,0.08,0.01941,0.0738
716,1,1_1,0.08,0.02933,0.0739
717,1,1_1,0.08,0.05673,0.1318
718,1,1_1,0.08,0.0493,0.0934
719,1,1_1,0.08,0.03653,0.0989
720,1,1_1,0.08,0.04282,0.093
721,1,1_1,0.08,0.05246,0.1185
722,1,1_1,0.08,0.05112,0.1081
723,1,1_1,0.08,0.0481,0.1069
724,1,1_1,0.08,0.05103,0.1422
725,1,1_1,0.08,0.02582,0.07526
726,1,1_1,0.08,0.0148,0.0725
727,1,1_1,0.08,0.04944,0.10126
728,1,1_1,0.08,0.02937,0.08527
729,1,1_1,0.08,0.05402,0.1216
730,1,1_1,0.08,0.0333,0.10974
731,1,1_1,0.08,0.0473,0.12103
732,1,1_1,0.08,0.0626,0.12225
733,1,1_1,0.08,0.05408,0.1028
734,1,1_1,0.08,0.02649,0.08466
735,1,1_1,0.08,0.05576,0.1311
736,1,1_1,0.08,0.01886,0.0741
737,1,1_1,0.08,0.03876,0.1257
738,1,1_1,0.08,0.01584,0.0711
739,1,1_1,0.08,0.03061,0.0807
740,1,1_1,0.08,0.0361,0.1255
741,1,1_1,0.08,0.02676,0.07855
742,1,1_1,0.08,0.0304,0.1013
743,1,1_1,0.08,0.05148,0.157
744,1,1_1,0.08,0.0365,0.0857
745,1,1_1,0.08,0.0727,0.1499
746,1,1_1,0.08,0.01962,0.0781
747,1,1_1,0.08,0.03934,0.0812
748,1,1_1,0.08,0.0383,0.094
749,1,1_1,0.08,0.0601,0.111
750,1,1_1,0.08,0.01834,0.07135
751,1,1_1,0.08,0.02884,0.0822
752,1,1_1,0.08,0.0493,0.1494
753,1,1_1,0.08,0.02043,0.08093
754,1,1_1,0.08,0.03232,0.09753
755,1,1_1,0.08,0.0465,0.096
756,1,1_1,0.08,0.0398,0.0908
757,1,1_1,0.08,0.01788,0.0719
758,1,1_1,0.08,0.02228,0.07245
759,1,1_1,0.08,0.02968,0.07654
760,1,1_1,0.08,0.03458,0.08777
761,1,1_1,0.08,0.0619,0.1271
762,1,1_1,0.08,0.0542,0.1009
763,1,1_1,0.08,0.03665,0.10394
764,1,1_1,0.08,0.0723,0.1128
765,1,1_1,0.08,0.016,0.0731
766,1,1_1,0.08,0.02533,0.0717
767,1,1_1,0.08,0.04614,0.10565
768,1,1_1,0.08,0.02077,0.0698
769,1,1_1,0.08,0.0345,0.0999
770,1,1_1,0.08,0.03647,0.1097
771,1,1_1,0.08,0.04498,0.1013
772,1,1_1,0.08,0.03867,0.0929
773,1,1_1,0.08,0.0353,0.0841
774,1,1_1,0.08,0.02147,0.07806
775,1,1_1,0.08,0.0588,0.1045
776,1,1_1,0.08,0.02745,0.0846
777,1,1_1,0.08,0.0431,0.1075
778,1,1_1,0.08,0.0474,0.10516
779,1,1_1,0.08,0.02286,0.0725
780,1,1_1,0.08,0.04398,0.12335
781,1,1_1,0.08,0.04883,0.10144
782,1,1_1,0.08,0.02448,0.0751
783,1,1_1,0.08,0.02591,0.0731
784,1,1_1,0.08,0.02753,0.0785
785,1,1_1,0.08,0.02278,0.07715
786,1,1_1,0.08,0.01926,0.07965
787,1,1_1,0.08,0.02057,0.07135
788,1,1_1,0.08,0.0288,0.0748
789,1,1_1,0.08,0.03525,0.089
790,1,1_1,0.08,0.02249,0.0766
791,1,1_1,0.08,0.04498,0.10455
792,1,1_1,0.08,0.03093,0.0962
793,1,1_1,0.08,0.0436,0.09375
794,1,1_1,0.08,0.0447,0.1259
795,1,1_1,0.08,0.0434,0.09894
796,1,1_1,0.08,0.03604,0.08514
797,1,1_1,0.08,0.02235,0.07666
798,1,1_1,0.08,0.05255,0.09827
799,1,1_1,0.08,0.01768,0.0786
800,1,1_1,0.08,0.04276,0.09546
801,1,1_1,0.08,0.0264,0.0909
802,1,1_1,0.08,0.0212,0.0779
803,1,1_1,0.08,0.03056,0.0872
804,1,1_1,0.08,0.03647,0.0946
805,1,1_1,0.08,0.0766,0.1448
806,1,1_1,0.08,0.04242,0.1139
807,1,1_1,0.08,0.0193,0.07166
808,1,1_1,0.08,0.02362,0.0759
809,1,1_1,0.08,0.02495,0.0743
810,1,1_1,0.08,0.0571,0.1471
811,1,1_1,0.08,0.038,0.08685
812,1,1_1,0.08,0.0404,0.1009
813,1,1_1,0.08,0.0441,0.0988
814,1,1_1,0.08,0.0459,0.08734
815,1,1_1,0.08,0.02109,0.0741
816,1,1_1,0.08,0.02496,0.082
817,1,1_1,0.08,0.02243,0.0789
818,1,1_1,0.08,0.02402,0.08826
819,1,1_1,0.08,0.04242,0.1028
820,1,1_1,0.08,0.04526,0.1147
821,1,1_1,0.08,0.05038,0.12244
822,1,1_1,0.08,0.03238,0.10004
823,1,1_1,0.08,0.0749,0.1211
824,1,1_1,0.08,0.0276,0.1014
825,1,1_1,0.08,0.04214,0.10156
826,1,1_1,0.08,0.05527,0.10754
827,1,1_1,0.08,0.02686,0.087
828,1,1_1,0.08,0.03238,0.0804
829,1,1_1,0.08,0.03592,0.0959
830,1,1_1,0.08,0.05655,0.1101
831,1,1_1,0.08,0.01645,0.07556
832,1,1_1,0.08,0.06168,0.1154
833,1,1_1,0.08,0.05328,0.1066
834,1,1_1,0.08,0.0576,0.12317
835,1,1_1,0.08,0.01903,0.0713
836,1,1_1,0.08,0.0485,0.0923
837,1,1_1,0.08,0.0335,0.078
838,1,1_1,0.08,0.0366,0.1083
839,1,1_1,0.08,0.05673,0.11426
840,1,1_1,0.08,0.0722,0.1256
841,1,1_1,0.08,0.0365,0.10297
842,1,1_1,0.08,0.03152,0.0794
843,1,1_1,0.08,0.0495,0.0976
844,1,1_1,0.08,0.0295,0.09595
845,1,1_1,0.08,0.03775,0.1243
846,1,1_1,0.08,0.03952,0.08997
847,1,1_1,0.08,0.04047,0.0886
848,1,1_1,0.08,0.02304,0.0713
849,1,1_1,0.08,0.02704,0.07916
850,1,1_1,0.08,0.0516,0.0978
851,1,1_1,0.08,0.0437,0.0936
852,1,1_1,0.08,0.04062,0.08514
853,1,1_1,0.08,0.06213,0.1081
854,1,1_1,0.08,0.02278,0.0789
855,1,1_1,0.08,0.0298,0.0789
856,1,1_1,0.08,0.06525,0.1084
857,1,1_1,0.08,0.0653,0.1062
858,1,1_1,0.08,0.05225,0.11914
859,1,1_1,0.08,0.03107,0.0833
860,1,1_1,0.08,0.02216,0.0812
861,1,1_1,0.08,0.073,0.11035
862,1,1_1,0.08,0.0292,0.0865
863,1,1_1,0.08,0.0603,0.1298
864,1,1_1,0.08,0.0645,0.1153
865,1,1_1,0.08,0.0422,0.0992
866,1,1_1,0.08,0.02362,0.0772
867,1,1_1,0.08,0.04602,0.1061
868,1,1_1,0.08,0.0398,0.08813
869,1,1_1,0.08,0.05267,0.1153
870,1,1_1,0.08,0.05206,0.131
871,1,1_1,0.08,0.01863,0.07556
872,1,1_1,0.08,0.03473,0.0928
873,1,1_1,0.08,0.0474,0.1036
874,1,1_1,0.08,0.0267,0.0778
875,1,1_1,0.08,0.03705,0.10657
876,1,1_1,0.08,0.05933,0.0923
877,1,1_1,0.08,0.0326,0.0833
878,1,1_1,0.08,0.04395,0.0987
879,1,1_1,0.08,0.0283,0.07526
880,1,1_1,0.08,0.02533,0.07556
881,1,1_1,0.08,0.0477,0.1175
882,1,1_1,0.08,0.0585,0.1288
883,1,1_1,0.08,0.02936,0.0898
884,1,1_1,0.08,0.06216,0.10956
885,1,1_1,0.08,0.04175,0.0903
886,1,1_1,0.08,0.03253,0.08386
887,1,1_1,0.08,0.02867,0.09607
888,1,1_1,0.08,0.03217,0.0916
889,1,1_1,0.08,0.04895,0.1078
890,1,1_1,0.08,0.03677,0.0898
891,1,1_1,0.08,0.02647,0.08405
892,1,1_1,0.08,0.04843,0.1025
893,1,1_1,0.08,0.02998,0.07886
894,1,1_1,0.08,0.04526,0.0994
895,1,1_1,0.08,0.03293,0.0956
896,1,1_1,0.08,0.03177,0.1018
897,1,1_1,0.08,0.05835,0.1034
898,1,1_1,0.08,0.02974,0.0918
899,1,1_1,0.08,0.04935,0.10345
900,1,1_1,0.08,0.0469,0.09467
901,1,1_1,0.08,0.03937,0.0964
902,1,1_1,0.08,0.04724,0.1315
903,1,1_1,0.08,0.0433,0.09454
904,1,1_1,0.08,0.0579,0.1217
905,1,1_1,0.08,0.0487,0.0926
906,1,1_1,0.08,0.03165,0.09344
907,1,1_1,0.08,0.02335,0.0914
908,1,1_1,0.08,0.01923,0.07434
909,1,1_1,0.08,0.02516,0.0731
910,1,1_1,0.08,0.03256,0.08356
911,1,1_1,0.08,0.04785,0.1299
912,1,1_1,0.08,0.0669,0.1351
913,1,1_1,0.08,0.04776,0.1
914,1,1_1,0.08,0.03096,0.0808
915,1,1_1,0.08,0.01855,0.0708
916,1,1_1,0.08,0.02478,0.08606
917,1,1_1,0.08,0.06055,0.1247
918,1,1_1,0.08,0.03137,0.08795
919,1,1_1,0.08,0.0374,0.0984
920,1,1_1,0.08,0.01636,0.0835
921,1,1_1,0.08,0.04352,0.1261
922,1,1_1,0.08,0.03683,0.0879
923,1,1_1,0.08,0.04874,0.1041
924,1,1_1,0.08,0.0427,0.1156
925,1,1_1,0.08,0.02083,0.0799
926,1,1_1,0.08,0.06052,0.1112
927,1,1_1,0.08,0.05106,0.12115
928,1,1_1,0.08,0.03867,0.0988
929,1,1_1,0.08,0.04318,0.1337
930,1,1_1,0.08,0.04932,0.0987
931,1,1_1,0.08,0.0405,0.0966
932,1,1_1,0.08,0.057,0.10986
933,1,1_1,0.08,0.05405,0.1534
934,1,1_1,0.08,0.05362,0.0929
935,1,1_1,0.08,0.03806,0.099
936,1,1_1,0.08,0.03784,0.08545
937,1,1_1,0.08,0.04065,0.1032
938,1,1_1,0.08,0.06055,0.1036
939,1,1_1,0.08,0.04172,0.1349
940,1,1_1,0.08,0.04562,0.0985
941,1,1_1,0.08,0.0512,0.09973
942,1,1_1,0.08,0.01721,0.07153
943,1,1_1,0.08,0.05978,0.09705
944,1,1_1,0.08,0.05573,0.0933
945,1,1_1,0.08,0.05484,0.10254
946,1,1_1,0.08,0.03714,0.132
947,1,1_1,0.08,0.0558,0.11865
948,1,1_1,0.08,0.05606,0.0968
949,1,1_1,0.08,0.01875,0.07104
950,1,1_1,0.08,0.05112,0.0967
951,1,1_1,0.08,0.05716,0.1171
952,1,1_1,0.08,0.01833,0.06934
953,1,1_1,0.08,0.03546,0.1136
954,1,1_1,0.08,0.03156,0.0824
955,1,1_1,0.08,0.05496,0.0987
956,1,1_1,0.08,0.05194,0.0943
957,1,1_1,0.08,0.07416,0.126
958,1,1_1,0.08,0.04288,0.09705
959,1,1_1,0.08,0.02405,0.07947
960,1,1_1,0.08,0.075,0.151
961,1,1_1,0.08,0.05222,0.11847
962,1,1_1,0.08,0.03555,0.09143
963,1,1_1,0.08,0.05588,0.098
964,1,1_1,0.08,0.03494,0.08527
965,1,1_1,0.08,0.02895,0.07874
966,1,1_1,0.08,0.037,0.0868
967,1,1_1,0.08,0.0411,0.10016
968,1,1_1,0.08,0.03067,0.08514
969,1,1_1,0.08,0.05466,0.1321
970,1,1_1,0.08,0.0425,0.134
971,1,1_1,0.08,0.05054,0.1
972,1,1_1,0.08,0.03067,0.08826
973,1,1_1,0.08,0.0534,0.1141
974,1,1_1,0.08,0.0626,0.1151
975,1,1_1,0.08,0.0348,0.1317
976,1,1_1,0.08,0.05396,0.11084
977,1,1_1,0.08,0.0565,0.113
978,1,1_1,0.08,0.03323,0.1102
979,1,1_1,0.08,0.05112,0.1246
980,1,1_1,0.08,0.0563,0.1255
981,1,1_1,0.08,0.04404,0.1074
982,1,1_1,0.08,0.05298,0.119
983,1,1_1,0.08,0.01924,0.0838
984,1,1_1,0.08,0.04718,0.0928
985,1,1_1,0.08,0.0419,0.1105
986,1,1_1,0.08,0.0322,0.081
987,1,1_1,0.08,0.0522,0.0931
988,1,1_1,0.08,0.03128,0.0796
989,1,1_1,0.08,0.0653,0.1068
990,1,1_1,0.08,0.04056,0.11316
991,1,1_1,0.08,0.03976,0.10175
992,1,1_1,0.08,0.0365,0.1003
993,1,1_1,0.08,0.01727,0.07654
994,1,1_1,0.08,0.0326,0.0866
995,1,1_1,0.08,0.0309,0.0804
996,1,1_1,0.08,0.03564,0.0915
997,1,1_1,0.08,0.0448,0.1089
998,1,1_1,0.08,0.03485,0.08594
999,1,1_1,0.08,0.02635,0.07715
1000,1,1_1,0.16,0.08923,0.148
1001,1,1_1,0.16,0.10016,0.1305
1002,1,1_1,0.16,0.0708,0.169
1003,1,1_1,0.16,0.09064,0.1528
1004,1,1_1,0.16,0.1055,0.142
1005,1,1_1,0.16,0.05566,0.113
1006,1,1_1,0.16,0.0649,0.1178
1007,1,1_1,0.16,0.06976,0.1466
1008,1,1_1,0.16,0.0749,0.12225
1009,1,1_1,0.16,0.06573,0.1417
1010,1,1_1,0.16,0.11395,0.1791
1011,1,1_1,0.16,0.10895,0.1353
1012,1,1_1,0.16,0.02922,0.1114
1013,1,1_1,0.16,0.1075,0.1282
1014,1,1_1,0.16,0.09674,0.1368
1015,1,1_1,0.16,0.0978,0.132
1016,1,1_1,0.16,0.02953,0.1048
1017,1,1_1,0.16,0.07025,0.1537
1018,1,1_1,0.16,0.0721,0.1333
1019,1,1_1,0.16,0.11475,0.1296
1020,1,1_1,0.16,0.0886,0.1206
1021,1,1_1,0.16,0.06976,0.11237
1022,1,1_1,0.16,0.0703,0.1166
1023,1,1_1,0.16,0.0812,0.1305
1024,1,1_1,0.16,0.1288,0.2124
1025,1,1_1,0.16,0.03348,0.1285
1026,1,1_1,0.16,0.06192,0.1104
1027,1,1_1,0.16,0.0601,0.1081
1028,1,1_1,0.16,0.0526,0.11487
1029,1,1_1,0.16,0.04813,0.1451
1030,1,1_1,0.16,0.06006,0.1079
1031,1,1_1,0.16,0.12244,0.1461
1032,1,1_1,0.16,0.12445,0.1202
1033,1,1_1,0.16,0.0637,0.10834
1034,1,1_1,0.16,0.0773,0.12354
1035,1,1_1,0.16,0.03555,0.0896
1036,1,1_1,0.16,0.01617,0.0676
1037,1,1_1,0.16,0.0322,0.0784
1038,1,1_1,0.16,0.13,0.1251
1039,1,1_1,0.16,0.0927,0.1276
1040,1,1_1,0.16,0.0464,0.1057
1041,1,1_1,0.16,0.05878,0.0998
1042,1,1_1,0.16,0.1045,0.12146
1043,1,1_1,0.16,0.10846,0.1154
1044,1,1_1,0.16,0.0397,0.0884
1045,1,1_1,0.16,0.03314,0.0982
1046,1,1_1,0.16,0.052,0.09753
1047,1,1_1,0.16,0.02339,0.077
1048,1,1_1,0.16,0.06256,0.114
1049,1,1_1,0.16,0.03287,0.1049
1050,1,1_1,0.16,0.0747,0.1175
1051,1,1_1,0.16,0.0736,0.1167
1052,1,1_1,0.16,0.10455,0.1438
1053,1,1_1,0.16,0.04523,0.11615
1054,1,1_1,0.16,0.1313,0.1726
1055,1,1_1,0.16,0.03008,0.0823
1056,1,1_1,0.16,0.0518,0.1032
1057,1,1_1,0.16,0.1464,0.1371
1058,1,1_1,0.16,0.02043,0.08746
1059,1,1_1,0.16,0.11383,0.1318
1060,1,1_1,0.16,0.08203,0.11945
1061,1,1_1,0.16,0.0735,0.1147
1062,1,1_1,0.16,0.02914,0.07825
1063,1,1_1,0.16,0.097,0.1295
1064,1,1_1,0.16,0.08044,0.1827
1065,1,1_1,0.16,0.1296,0.11884
1066,1,1_1,0.16,0.05853,0.2097
1067,1,1_1,0.16,0.05325,0.1395
1068,1,1_1,0.16,0.04028,0.1193
1069,1,1_1,0.16,0.10834,0.1241
1070,1,1_1,0.16,0.0367,0.0927
1071,1,1_1,0.16,0.03378,0.1061
1072,1,1_1,0.16,0.11334,0.1547
1073,1,1_1,0.16,0.07385,0.1458
1074,1,1_1,0.16,0.0716,0.1329
1075,1,1_1,0.16,0.02193,0.07135
1076,1,1_1,0.16,0.07056,0.1227
1077,1,1_1,0.16,0.06793,0.1367
1078,1,1_1,0.16,0.10547,0.1302
1079,1,1_1,0.16,0.10474,0.1533
1080,1,1_1,0.16,0.04413,0.1036
1081,1,1_1,0.16,0.038,0.09863
1082,1,1_1,0.16,0.02715,0.08875
1083,1,1_1,0.16,0.1198,0.1599
1084,1,1_1,0.16,0.03296,0.0823
1085,1,1_1,0.16,0.0482,0.1095
1086,1,1_1,0.16,0.04965,0.10535
1087,1,1_1,0.16,0.06274,0.1145
1088,1,1_1,0.16,0.04907,0.0979
1089,1,1_1,0.16,0.02852,0.09094
1090,1,1_1,0.16,0.0553,0.1285
1091,1,1_1,0.16,0.087,0.1119
1092,1,1_1,0.16,0.06216,0.10974
1093,1,1_1,0.16,0.02605,0.0698
1094,1,1_1,0.16,0.128,0.311
1095,1,1_1,0.16,0.03056,0.0907
1096,1,1_1,0.16,0.1139,0.1443
1097,1,1_1,0.16,0.03708,0.10864
1098,1,1_1,0.16,0.0883,0.1522
1099,1,1_1,0.16,0.1004,0.1155
1100,1,1_1,0.16,0.1421,0.2426
1101,1,1_1,0.16,0.02402,0.09076
1102,1,1_1,0.16,0.0714,0.1207
1103,1,1_1,0.16,0.1421,0.2363
1104,1,1_1,0.16,0.0521,0.1893
1105,1,1_1,0.16,0.0505,0.1032
1106,1,1_1,0.16,0.0723,0.1545
1107,1,1_1,0.16,0.05923,0.12396
1108,1,1_1,0.16,0.05563,0.11414
1109,1,1_1,0.16,0.10016,0.1871
1110,1,1_1,0.16,0.11993,0.12396
1111,1,1_1,0.16,0.0867,0.1427
1112,1,1_1,0.16,0.06506,0.11426
1113,1,1_1,0.16,0.03897,0.0964
1114,1,1_1,0.16,0.0192,0.0728
1115,1,1_1,0.16,0.05664,0.1505
1116,1,1_1,0.16,0.092,0.1147
1117,1,1_1,0.16,0.03467,0.0793
1118,1,1_1,0.16,0.0427,0.09314
1119,1,1_1,0.16,0.041,0.08344
1120,1,1_1,0.16,0.0643,0.1116
1121,1,1_1,0.16,0.03586,0.0864
1122,1,1_1,0.16,0.11505,0.1608
1123,1,1_1,0.16,0.03662,0.0831
1124,1,1_1,0.16,0.0365,0.1009
1125,1,1_1,0.16,0.11414,0.1595
1126,1,1_1,0.16,0.05466,0.1068
1127,1,1_1,0.16,0.0696,0.11676
1128,1,1_1,0.16,0.11957,0.1915
1129,1,1_1,0.16,0.0843,0.1044
1130,1,1_1,0.16,0.03314,0.10065
1131,1,1_1,0.16,0.0959,0.138
1132,1,1_1,0.16,0.05118,0.1199
1133,1,1_1,0.16,0.09064,0.1869
1134,1,1_1,0.16,0.02994,0.07776
1135,1,1_1,0.16,0.0517,0.11
1136,1,1_1,0.16,0.03143,0.0905
1137,1,1_1,0.16,0.07904,0.1254
1138,1,1_1,0.16,0.03458,0.0924
1139,1,1_1,0.16,0.0831,0.1434
1140,1,1_1,0.16,0.0642,0.146
1141,1,1_1,0.16,0.0983,0.1434
1142,1,1_1,0.16,0.08075,0.1472
1143,1,1_1,0.16,0.0729,0.1019
1144,1,1_1,0.16,0.0741,0.1109
1145,1,1_1,0.16,0.0671,0.1741
1146,1,1_1,0.16,0.07776,0.142
1147,1,1_1,0.16,0.1016,0.1403
1148,1,1_1,0.16,0.03482,0.0889
1149,1,1_1,0.16,0.05566,0.1181
1150,1,1_1,0.16,0.1191,0.122
1151,1,1_1,0.16,0.1277,0.1362
1152,1,1_1,0.16,0.05704,0.1154
1153,1,1_1,0.16,0.0672,0.11536
1154,1,1_1,0.16,0.1318,0.1565
1155,1,1_1,0.16,0.03287,0.0904
1156,1,1_1,0.16,0.1356,0.1313
1157,1,1_1,0.16,0.03265,0.0919
1158,1,1_1,0.16,0.02795,0.0853
1159,1,1_1,0.16,0.04083,0.0874
1160,1,1_1,0.16,0.1278,0.129
1161,1,1_1,0.16,0.05814,0.1459
1162,1,1_1,0.16,0.05463,0.1022
1163,1,1_1,0.16,0.0815,0.1334
1164,1,1_1,0.16,0.07825,0.1615
1165,1,1_1,0.16,0.10205,0.1285
1166,1,1_1,0.16,0.1162,0.1647
1167,1,1_1,0.16,0.02548,0.0745
1168,1,1_1,0.16,0.05246,0.1024
1169,1,1_1,0.16,0.0541,0.1266
1170,1,1_1,0.16,0.1066,0.1835
1171,1,1_1,0.16,0.0279,0.099
1172,1,1_1,0.16,0.1239,0.1241
1173,1,1_1,0.16,0.0913,0.1357
1174,1,1_1,0.16,0.0949,0.1672
1175,1,1_1,0.16,0.1158,0.1229
1176,1,1_1,0.16,0.05176,0.1055
1177,1,1_1,0.16,0.0644,0.1183
1178,1,1_1,0.16,0.07135,0.12177
1179,1,1_1,0.16,0.03662,0.093
1180,1,1_1,0.16,0.136,0.1394
1181,1,1_1,0.16,0.0773,0.11865
1182,1,1_1,0.16,0.0884,0.1407
1183,1,1_1,0.16,0.1401,0.2183
1184,1,1_1,0.16,0.0903,0.1583
1185,1,1_1,0.16,0.0929,0.1128
1186,1,1_1,0.16,0.05606,0.1121
1187,1,1_1,0.16,0.0548,0.10547
1188,1,1_1,0.16,0.0663,0.12195
1189,1,1_1,0.16,0.0672,0.1067
1190,1,1_1,0.16,0.02837,0.1296
1191,1,1_1,0.16,0.0669,0.1431
1192,1,1_1,0.16,0.0309,0.09845
1193,1,1_1,0.16,0.02911,0.08545
1194,1,1_1,0.16,0.05945,0.12244
1195,1,1_1,0.16,0.0633,0.11334
1196,1,1_1,0.16,0.0175,0.0729
1197,1,1_1,0.16,0.0943,0.11896
1198,1,1_1,0.16,0.03607,0.0948
1199,1,1_1,0.16,0.1348,0.1139
1200,1,1_1,0.16,0.075,0.11835
1201,1,1_1,0.16,0.1105,0.1494
1202,1,1_1,0.16,0.03098,0.09
1203,1,1_1,0.16,0.1132,0.1754
1204,1,1_1,0.16,0.11505,0.1481
1205,1,1_1,0.16,0.04993,0.133
1206,1,1_1,0.16,0.03964,0.1003
1207,1,1_1,0.16,0.08075,0.1295
1208,1,1_1,0.16,0.10077,0.1375
1209,1,1_1,0.16,0.0686,0.1255
1210,1,1_1,0.16,0.04102,0.12494
1211,1,1_1,0.16,0.1062,0.1329
1212,1,1_1,0.16,0.10297,0.1218
1213,1,1_1,0.16,0.0822,0.1538
1214,1,1_1,0.16,0.12054,0.1398
1215,1,1_1,0.16,0.09186,0.113
1216,1,1_1,0.16,0.0733,0.10767
1217,1,1_1,0.16,0.0953,0.1348
1218,1,1_1,0.16,0.04373,0.1135
1219,1,1_1,0.16,0.12476,0.11566
1220,1,1_1,0.16,0.075,0.11597
1221,1,1_1,0.16,0.05554,0.11566
1222,1,1_1,0.16,0.05435,0.1044
1223,1,1_1,0.16,0.0665,0.1203
1224,1,1_1,0.16,0.02448,0.0859
1225,1,1_1,0.16,0.04642,0.0924
1226,1,1_1,0.16,0.1199,0.1528
1227,1,1_1,0.16,0.0863,0.129
1228,1,1_1,0.16,0.1078,0.1602
1229,1,1_1,0.16,0.09467,0.1302
1230,1,1_1,0.16,0.09235,0.1426
1231,1,1_1,0.16,0.08386,0.1138
1232,1,1_1,0.16,0.05316,0.1019
1233,1,1_1,0.16,0.0453,0.1312
1234,1,1_1,0.16,0.04514,0.092
1235,1,1_1,0.16,0.1067,0.1403
1236,1,1_1,0.16,0.06793,0.1803
1237,1,1_1,0.16,0.05975,0.115
1238,1,1_1,0.16,0.11206,0.1637
1239,1,1_1,0.16,0.0317,0.08826
1240,1,1_1,0.16,0.02728,0.0736
1241,1,1_1,0.16,0.06573,0.1096
1242,1,1_1,0.16,0.1292,0.155
1243,1,1_1,0.16,0.1296,0.2036
1244,1,1_1,0.16,0.027,0.09204
1245,1,1_1,0.16,0.0769,0.1912
1246,1,1_1,0.16,0.0707,0.1453
1247,1,1_1,0.16,0.0787,0.11816
1248,1,1_1,0.16,0.0647,0.1029
1249,1,1_1,0.16,0.02625,0.1025
1250,1,1_1,0.16,0.0429,0.0973
1251,1,1_1,0.16,0.0346,0.1035
1252,1,1_1,0.16,0.11725,0.1498
1253,1,1_1,0.16,0.08154,0.1228
1254,1,1_1,0.16,0.0784,0.133
1255,1,1_1,0.16,0.0583,0.1037
1256,1,1_1,0.16,0.06525,0.1013
1257,1,1_1,0.16,0.1265,0.1423
1258,1,1_1,0.16,0.08026,0.1356
1259,1,1_1,0.16,0.1244,0.1248
1260,1,1_1,0.16,0.1287,0.1276
1261,1,1_1,0.16,0.0788,0.1803
1262,1,1_1,0.16,0.10474,0.1215
1263,1,1_1,0.16,0.091,0.12317
1264,1,1_1,0.16,0.07434,0.141
1265,1,1_1,0.16,0.0711,0.11487
1266,1,1_1,0.16,0.09344,0.2423
1267,1,1_1,0.16,0.0775,0.1228
1268,1,1_1,0.16,0.05966,0.1384
1269,1,1_1,0.16,0.09814,0.1604
1270,1,1_1,0.16,0.1255,0.1189
1271,1,1_1,0.16,0.10706,0.149
1272,1,1_1,0.16,0.05,0.1046
1273,1,1_1,0.16,0.0747,0.1053
1274,1,1_1,0.16,0.0672,0.1473
1275,1,1_1,0.16,0.02231,0.0943
1276,1,1_1,0.16,0.0893,0.1254
1277,1,1_1,0.16,0.06113,0.1063
1278,1,1_1,0.16,0.05136,0.10114
1279,1,1_1,0.16,0.10846,0.12463
1280,1,1_1,0.16,0.0783,0.1315
1281,1,1_1,0.16,0.09064,0.11993
1282,1,1_1,0.16,0.12427,0.1301
1283,1,1_1,0.16,0.043,0.1011
1284,1,1_1,0.16,0.05356,0.1171
1285,1,1_1,0.16,0.08453,0.112
1286,1,1_1,0.16,0.0667,0.1934
1287,1,1_1,0.16,0.07825,0.1522
1288,1,1_1,0.16,0.0728,0.1044
1289,1,1_1,0.16,0.05252,0.1074
1290,1,1_1,0.16,0.1361,0.138
1291,1,1_1,0.16,0.0537,0.11914
1292,1,1_1,0.16,0.0663,0.12463
1293,1,1_1,0.16,0.05814,0.10846
1294,1,1_1,0.16,0.1101,0.1153
1295,1,1_1,0.16,0.02197,0.0835
1296,1,1_1,0.16,0.06247,0.1097
1297,1,1_1,0.16,0.10114,0.1279
1298,1,1_1,0.16,0.09094,0.1203
1299,1,1_1,0.16,0.0887,0.1348
1300,1,1_1,0.16,0.10077,0.1329
1301,1,1_1,0.16,0.084,0.1676
1302,1,1_1,0.16,0.08124,0.1231
1303,1,1_1,0.16,0.11884,0.1237
1304,1,1_1,0.16,0.0481,0.09845
1305,1,1_1,0.16,0.082,0.1495
1306,1,1_1,0.16,0.04266,0.0977
1307,1,1_1,0.16,0.1282,0.1338
1308,1,1_1,0.16,0.0764,0.1082
1309,1,1_1,0.16,0.09814,0.1284
1310,1,1_1,0.16,0.03833,0.1776
1311,1,1_1,0.16,0.12024,0.136
1312,1,1_1,0.16,0.04645,0.10046
1313,1,1_1,0.16,0.03995,0.1019
1314,1,1_1,0.16,0.089,0.1173
1315,1,1_1,0.16,0.0283,0.0862
1316,1,1_1,0.16,0.05237,0.1106
1317,1,1_1,0.16,0.1106,0.1141
1318,1,1_1,0.16,0.06174,0.11
1319,1,1_1,0.16,0.0439,0.11743
1320,1,1_1,0.16,0.0791,0.1267
1321,1,1_1,0.16,0.0845,0.1058
1322,1,1_1,0.16,0.03085,0.0892
1323,1,1_1,0.16,0.03522,0.1209
1324,1,1_1,0.16,0.047,0.10394
1325,1,1_1,0.16,0.08057,0.117
1326,1,1_1,0.16,0.0647,0.11414
1327,1,1_1,0.16,0.097,0.1521
1328,1,1_1,0.16,0.11707,0.1121
1329,1,1_1,0.16,0.1097,0.1382
1330,1,1_1,0.16,0.04678,0.1036
1331,1,1_1,0.16,0.1074,0.1166
1332,1,1_1,0.16,0.06244,0.107
1333,1,1_1,0.16,0.1118,0.1466
1334,1,1_1,0.16,0.04446,0.09106
1335,1,1_1,0.16,0.0838,0.121
1336,1,1_1,0.16,0.0674,0.1137
1337,1,1_1,0.16,0.0265,0.0897
1338,1,1_1,0.16,0.1209,0.1315
1339,1,1_1,0.16,0.0957,0.2556
1340,1,1_1,0.16,0.07825,0.1661
1341,1,1_1,0.16,0.07935,0.1465
1342,1,1_1,0.16,0.1367,0.1193
1343,1,1_1,0.16,0.09534,0.1511
1344,1,1_1,0.16,0.0189,0.07587
1345,1,1_1,0.16,0.0665,0.11206
1346,1,1_1,0.16,0.02708,0.0861
1347,1,1_1,0.16,0.10846,0.1223
1348,1,1_1,0.16,0.04935,0.1123
1349,1,1_1,0.16,0.06073,0.1197
1350,1,1_1,0.16,0.0568,0.12463
1351,1,1_1,0.16,0.04132,0.10675
1352,1,1_1,0.16,0.0625,0.1344
1353,1,1_1,0.16,0.04797,0.1198
1354,1,1_1,0.16,0.05966,0.11017
1355,1,1_1,0.16,0.06155,0.1085
1356,1,1_1,0.16,0.0395,0.0904
1357,1,1_1,0.16,0.0644,0.112
1358,1,1_1,0.16,0.0633,0.11957
1359,1,1_1,0.16,0.1145,0.174
1360,1,1_1,0.16,0.08405,0.107
1361,1,1_1,0.16,0.05408,0.0942
1362,1,1_1,0.16,0.0827,0.1188
1363,1,1_1,0.16,0.1417,0.1812
1364,1,1_1,0.16,0.0878,0.1276
1365,1,1_1,0.16,0.0894,0.1193
1366,1,1_1,0.16,0.08105,0.129
1367,1,1_1,0.16,0.0782,0.1392
1368,1,1_1,0.16,0.02333,0.07385
1369,1,1_1,0.16,0.04608,0.0934
1370,1,1_1,0.16,0.0614,0.11096
1371,1,1_1,0.16,0.07367,0.1261
1372,1,1_1,0.16,0.02931,0.0736
1373,1,1_1,0.16,0.1256,0.118
1374,1,1_1,0.16,0.1017,0.1372
1375,1,1_1,0.16,0.084,0.1528
1376,1,1_1,0.16,0.0839,0.1676
1377,1,1_1,0.16,0.06494,0.09686
1378,1,1_1,0.16,0.0882,0.1632
1379,1,1_1,0.16,0.0683,0.1287
1380,1,1_1,0.16,0.0793,0.10803
1381,1,1_1,0.16,0.1094,0.1697
1382,1,1_1,0.16,0.1119,0.1979
1383,1,1_1,0.16,0.04688,0.1288
1384,1,1_1,0.16,0.1158,0.1155
1385,1,1_1,0.16,0.0329,0.09015
1386,1,1_1,0.16,0.03038,0.10706
1387,1,1_1,0.16,0.1035,0.1254
1388,1,1_1,0.16,0.08496,0.1833
1389,1,1_1,0.16,0.10815,0.1721
1390,1,1_1,0.16,0.1189,0.1211
1391,1,1_1,0.16,0.02812,0.0873
1392,1,1_1,0.16,0.0802,0.1131
1393,1,1_1,0.16,0.0423,0.10535
1394,1,1_1,0.16,0.03256,0.09375
1395,1,1_1,0.16,0.076,0.1189
1396,1,1_1,0.16,0.12354,0.1327
1397,1,1_1,0.16,0.07196,0.1405
1398,1,1_1,0.16,0.0738,0.12396
1399,1,1_1,0.16,0.0994,0.1148
1400,1,1_1,0.16,0.07263,0.121
1401,1,1_1,0.16,0.1238,0.1447
1402,1,1_1,0.16,0.039,0.0934
1403,1,1_1,0.16,0.0645,0.11206
1404,1,1_1,0.16,0.08325,0.1384
1405,1,1_1,0.16,0.1315,0.11316
1406,1,1_1,0.16,0.03625,0.08514
1407,1,1_1,0.16,0.08545,0.1284
1408,1,1_1,0.16,0.05417,0.11426
1409,1,1_1,0.16,0.04608,0.147
1410,1,1_1,0.16,0.1323,0.1137
1411,1,1_1,0.16,0.02007,0.07666
1412,1,1_1,0.16,0.11884,0.1636
1413,1,1_1,0.16,0.11084,0.11975
1414,1,1_1,0.16,0.0879,0.1304
1415,1,1_1,0.16,0.05017,0.11285
1416,1,1_1,0.16,0.03833,0.0825
1417,1,1_1,0.16,0.0879,0.129
1418,1,1_1,0.16,0.0614,0.1142
1419,1,1_1,0.16,0.0652,0.1041
1420,1,1_1,0.16,0.07935,0.1945
1421,1,1_1,0.16,0.0954,0.1348
1422,1,1_1,0.16,0.0761,0.1227
1423,1,1_1,0.16,0.0436,0.0983
1424,1,1_1,0.16,0.04706,0.10443
1425,1,1_1,0.16,0.0538,0.10675
1426,1,1_1,0.16,0.077,0.1027
1427,1,1_1,0.16,0.10077,0.12494
1428,1,1_1,0.16,0.02759,0.0787
1429,1,1_1,0.16,0.02325,0.08093
1430,1,1_1,0.16,0.1247,0.1362
1431,1,1_1,0.16,0.06256,0.1329
1432,1,1_1,0.16,0.0681,0.1154
1433,1,1_1,0.16,0.0813,0.12274
1434,1,1_1,0.16,0.05408,0.09937
1435,1,1_1,0.16,0.1052,0.163
1436,1,1_1,0.16,0.0938,0.11566
1437,1,1_1,0.16,0.04843,0.09924
1438,1,1_1,0.16,0.0755,0.1512
1439,1,1_1,0.16,0.05942,0.09467
1440,1,1_1,0.16,0.136,0.11804
1441,1,1_1,0.16,0.08435,0.114
1442,1,1_1,0.16,0.07825,0.1385
1443,1,1_1,0.16,0.06216,0.1359
1444,1,1_1,0.16,0.08014,0.12476
1445,1,1_1,0.16,0.1143,0.1895
1446,1,1_1,0.16,0.02933,0.0977
1447,1,1_1,0.16,0.05798,0.12286
1448,1,1_1,0.16,0.0936,0.1431
1449,1,1_1,0.16,0.06046,0.12054
1450,1,1_1,0.16,0.1361,0.1293
1451,1,1_1,0.16,0.0537,0.1137
1452,1,1_1,0.16,0.0585,0.10675
1453,1,1_1,0.16,0.12445,0.1377
1454,1,1_1,0.16,0.0639,0.1266
1455,1,1_1,0.16,0.09753,0.1222
1456,1,1_1,0.16,0.1467,0.1476
1457,1,1_1,0.16,0.1174,0.12195
1458,1,1_1,0.16,0.0913,0.1284
1459,1,1_1,0.16,0.04904,0.1068
1460,1,1_1,0.16,0.1205,0.1298
1461,1,1_1,0.16,0.0679,0.11285
1462,1,1_1,0.16,0.0725,0.1227
1463,1,1_1,0.16,0.0846,0.1387
1464,1,1_1,0.16,0.1054,0.1263
1465,1,1_1,0.16,0.0708,0.1691
1466,1,1_1,0.16,0.05286,0.11676
1467,1,1_1,0.16,0.10675,0.1599
1468,1,1_1,0.16,0.05933,0.1404
1469,1,1_1,0.16,0.0579,0.1487
1470,1,1_1,0.16,0.05023,0.1316
1471,1,1_1,0.16,0.1442,0.2253
1472,1,1_1,0.16,0.0881,0.11475
1473,1,1_1,0.16,0.12036,0.10767
1474,1,1_1,0.16,0.05963,0.1335
1475,1,1_1,0.16,0.05722,0.1079
1476,1,1_1,0.16,0.09625,0.1106
1477,1,1_1,0.16,0.07275,0.1573
1478,1,1_1,0.16,0.11035,0.1262
1479,1,1_1,0.16,0.1283,0.1669
1480,1,1_1,0.16,0.07635,0.1309
1481,1,1_1,0.16,0.02069,0.0825
1482,1,1_1,0.16,0.0309,0.09326
1483,1,1_1,0.16,0.07416,0.1302
1484,1,1_1,0.16,0.03915,0.1353
1485,1,1_1,0.16,0.086,0.1561
1486,1,1_1,0.16,0.1013,0.11774
1487,1,1_1,0.16,0.0425,0.10925
1488,1,1_1,0.16,0.05173,0.1251
1489,1,1_1,0.16,0.06085,0.1549
1490,1,1_1,0.16,0.1143,0.1595
1491,1,1_1,0.16,0.0366,0.1013
1492,1,1_1,0.16,0.063,0.10223
1493,1,1_1,0.16,0.07654,0.1168
1494,1,1_1,0.16,0.04578,0.10175
1495,1,1_1,0.16,0.05295,0.1161
1496,1,1_1,0.16,0.05048,0.0993
1497,1,1_1,0.16,0.1333,0.1475
1498,1,1_1,0.16,0.05988,0.11896
1499,1,1_1,0.16,0.06207,0.1427
1500,1,1_1,0.16,0.09045,0.1569
1501,1,1_1,0.16,0.04205,0.093
1502,1,1_1,0.16,0.09204,0.1508
1503,1,1_1,0.16,0.0481,0.1076
1504,1,1_1,0.16,0.05103,0.1564
1505,1,1_1,0.16,0.057,0.1216
1506,1,1_1,0.16,0.0781,0.1492
1507,1,1_1,0.16,0.0716,0.1019
1508,1,1_1,0.16,0.11835,0.1206
1509,1,1_1,0.16,0.06104,0.1028
1510,1,1_1,0.16,0.1233,0.1287
1511,1,1_1,0.16,0.1292,0.2246
1512,1,1_1,0.16,0.0361,0.0992
1513,1,1_1,0.16,0.0606,0.2094
1514,1,1_1,0.16,0.02396,0.07837
1515,1,1_1,0.16,0.1395,0.1635
1516,1,1_1,0.16,0.06757,0.122
1517,1,1_1,0.16,0.0636,0.1449
1518,1,1_1,0.16,0.06274,0.11664
1519,1,1_1,0.16,0.0647,0.11676
1520,1,1_1,0.16,0.0919,0.18
1521,1,1_1,0.16,0.03452,0.09564
1522,1,1_1,0.16,0.06354,0.1075
1523,1,1_1,0.16,0.03075,0.0854
1524,1,1_1,0.16,0.05826,0.1179
1525,1,1_1,0.16,0.03062,0.07874
1526,1,1_1,0.16,0.02763,0.0926
1527,1,1_1,0.16,0.072,0.1054
1528,1,1_1,0.16,0.12317,0.1906
1529,1,1_1,0.16,0.06573,0.1255
1530,1,1_1,0.16,0.06067,0.10535
1531,1,1_1,0.16,0.1427,0.1617
1532,1,1_1,0.16,0.1283,0.1362
1533,1,1_1,0.16,0.05386,0.1416
1534,1,1_1,0.16,0.083,0.1166
1535,1,1_1,0.16,0.07806,0.1182
1536,1,1_1,0.16,0.05237,0.1044
1537,1,1_1,0.16,0.09875,0.11816
1538,1,1_1,0.16,0.10583,0.1398
1539,1,1_1,0.16,0.05853,0.1038
1540,1,1_1,0.16,0.11206,0.1236
1541,1,1_1,0.16,0.1009,0.1262
1542,1,1_1,0.16,0.02776,0.08356
1543,1,1_1,0.16,0.03613,0.0947
1544,1,1_1,0.16,0.09686,0.1395
1545,1,1_1,0.16,0.0448,0.1027
1546,1,1_1,0.16,0.10297,0.1465
1547,1,1_1,0.16,0.05856,0.1763
1548,1,1_1,0.16,0.0559,0.1315
1549,1,1_1,0.16,0.1004,0.1547
1550,1,1_1,0.16,0.05246,0.10016
1551,1,1_1,0.16,0.04724,0.1396
1552,1,1_1,0.16,0.087,0.253
1553,1,1_1,0.16,0.0657,0.11743
1554,1,1_1,0.16,0.11566,0.12134
1555,1,1_1,0.16,0.04932,0.1009
1556,1,1_1,0.16,0.05338,0.1729
1557,1,1_1,0.16,0.0636,0.115
1558,1,1_1,0.16,0.04306,0.088
1559,1,1_1,0.16,0.08997,0.12286
1560,1,1_1,0.16,0.03278,0.08795
1561,1,1_1,0.16,0.09283,0.1193
1562,1,1_1,0.16,0.02675,0.08997
1563,1,1_1,0.16,0.10284,0.1287
1564,1,1_1,0.16,0.0424,0.09955
1565,1,1_1,0.16,0.0662,0.10565
1566,1,1_1,0.16,0.03012,0.077
1567,1,1_1,0.16,0.0366,0.10724
1568,1,1_1,0.16,0.0493,0.137
1569,1,1_1,0.16,0.05835,0.1091
1570,1,1_1,0.16,0.1042,0.1327
1571,1,1_1,0.16,0.0954,0.134
1572,1,1_1,0.16,0.07117,0.09796
1573,1,1_1,0.16,0.10236,0.134
1574,1,1_1,0.16,0.0677,0.127
1575,1,1_1,0.16,0.0662,0.1425
1576,1,1_1,0.16,0.11383,0.126
1577,1,1_1,0.16,0.0457,0.145
1578,1,1_1,0.16,0.05832,0.12177
1579,1,1_1,0.16,0.04242,0.09906
1580,1,1_1,0.16,0.0665,0.1155
1581,1,1_1,0.16,0.0663,0.11316
1582,1,1_1,0.16,0.03082,0.10895
1583,1,1_1,0.16,0.01988,0.08246
1584,1,1_1,0.16,0.0935,0.1263
1585,1,1_1,0.16,0.0738,0.1599
1586,1,1_1,0.16,0.06805,0.1113
1587,1,1_1,0.16,0.10864,0.1179
1588,1,1_1,0.16,0.1261,0.1182
1589,1,1_1,0.16,0.11237,0.1465
1590,1,1_1,0.16,0.03732,0.0993
1591,1,1_1,0.16,0.03378,0.0806
1592,1,1_1,0.16,0.0602,0.1075
1593,1,1_1,0.16,0.04388,0.0943
1594,1,1_1,0.16,0.0602,0.1085
1595,1,1_1,0.16,0.0897,0.2085
1596,1,1_1,0.16,0.0702,0.1184
1597,1,1_1,0.16,0.0859,0.1259
1598,1,1_1,0.16,0.1387,0.1116
1599,1,1_1,0.16,0.08777,0.1631
1600,1,1_1,0.16,0.02701,0.07916
1601,1,1_1,0.16,0.0881,0.1071
1602,1,1_1,0.16,0.02805,0.0921
1603,1,1_1,0.16,0.05728,0.1268
1604,1,1_1,0.16,0.108,0.1163
1605,1,1_1,0.16,0.1283,0.1255
1606,1,1_1,0.16,0.09686,0.1307
1607,1,1_1,0.16,0.01923,0.06903
1608,1,1_1,0.16,0.04077,0.09467
1609,1,1_1,0.16,0.04572,0.09106
1610,1,1_1,0.16,0.07135,0.1403
1611,1,1_1,0.16,0.1149,0.1545
1612,1,1_1,0.16,0.1076,0.1406
1613,1,1_1,0.16,0.1256,0.1515
1614,1,1_1,0.16,0.047,0.10706
1615,1,1_1,0.16,0.06168,0.11127
1616,1,1_1,0.16,0.03836,0.0913
1617,1,1_1,0.16,0.03275,0.0975
1618,1,1_1,0.16,0.09485,0.1674
1619,1,1_1,0.16,0.0753,0.12036
1620,1,1_1,0.16,0.07574,0.1315
1621,1,1_1,0.16,0.0639,0.1091
1622,1,1_1,0.16,0.1053,0.1144
1623,1,1_1,0.16,0.1177,0.2119
1624,1,1_1,0.16,0.0929,0.1231
1625,1,1_1,0.16,0.10443,0.1401
1626,1,1_1,0.16,0.07104,0.1365
1627,1,1_1,0.16,0.1276,0.2595
1628,1,1_1,0.16,0.057,0.1065
1629,1,1_1,0.16,0.0627,0.1187
1630,1,1_1,0.16,0.09204,0.1233
1631,1,1_1,0.16,0.05338,0.1365
1632,1,1_1,0.16,0.052,0.08905
1633,1,1_1,0.16,0.11475,0.1256
1634,1,1_1,0.16,0.0635,0.1301
1635,1,1_1,0.16,0.07715,0.1038
1636,1,1_1,0.16,0.0271,0.0974
1637,1,1_1,0.16,0.0703,0.1362
1638,1,1_1,0.16,0.07733,0.1086
1639,1,1_1,0.16,0.0822,0.1207
1640,1,1_1,0.16,0.09564,0.1926
1641,1,1_1,0.16,0.1249,0.1313
1642,1,1_1,0.16,0.0798,0.1505
1643,1,1_1,0.16,0.1143,0.1153
1644,1,1_1,0.16,0.0816,0.1209
1645,1,1_1,0.16,0.11536,0.1478
1646,1,1_1,0.16,0.06323,0.1116
1647,1,1_1,0.16,0.076,0.1497
1648,1,1_1,0.16,0.12177,0.11584
1649,1,1_1,0.16,0.0429,0.0955
1650,1,1_1,0.16,0.03075,0.08154
1651,1,1_1,0.16,0.0359,0.0948
1652,1,1_1,0.16,0.1465,0.1605
1653,1,1_1,0.16,0.04803,0.0915
1654,1,1_1,0.16,0.1511,0.1337
1655,1,1_1,0.16,0.1381,0.181
1656,1,1_1,0.16,0.05548,0.1704
1657,1,1_1,0.16,0.04276,0.1234
1658,1,1_1,0.16,0.0964,0.1447
1659,1,1_1,0.16,0.112,0.1119
1660,1,1_1,0.16,0.0423,0.09814
1661,1,1_1,0.16,0.1321,0.1476
1662,1,1_1,0.16,0.1019,0.11664
1663,1,1_1,0.16,0.03964,0.0979
1664,1,1_1,0.16,0.03662,0.11804
1665,1,1_1,0.16,0.1304,0.127
1666,1,1_1,0.16,0.0806,0.11
1667,1,1_1,0.16,0.05652,0.1135
1668,1,1_1,0.16,0.1205,0.1299
1669,1,1_1,0.16,0.0938,0.1206
1670,1,1_1,0.16,0.11346,0.148
1671,1,1_1,0.16,0.05386,0.1278
1672,1,1_1,0.16,0.02945,0.10657
1673,1,1_1,0.16,0.0844,0.1522
1674,1,1_1,0.16,0.11163,0.1263
1675,1,1_1,0.16,0.0905,0.1672
1676,1,1_1,0.16,0.1176,0.1191
1677,1,1_1,0.16,0.1181,0.1177
1678,1,1_1,0.16,0.12415,0.1365
1679,1,1_1,0.16,0.03662,0.11017
1680,1,1_1,0.16,0.05408,0.123
1681,1,1_1,0.16,0.02762,0.10895
1682,1,1_1,0.16,0.0733,0.1361
1683,1,1_1,0.16,0.1085,0.1602
1684,1,1_1,0.16,0.03897,0.1015
1685,1,1_1,0.16,0.09705,0.12006
1686,1,1_1,0.16,0.0561,0.0994
1687,1,1_1,0.16,0.0909,0.1304
1688,1,1_1,0.16,0.06915,0.1012
1689,1,1_1,0.16,0.1271,0.135
1690,1,1_1,0.16,0.0265,0.0804
1691,1,1_1,0.16,0.0941,0.12286
1692,1,1_1,0.16,0.04602,0.0901
1693,1,1_1,0.16,0.0437,0.0865
1694,1,1_1,0.16,0.0783,0.1373
1695,1,1_1,0.16,0.08527,0.1296
1696,1,1_1,0.16,0.071,0.1277
1697,1,1_1,0.16,0.02728,0.0834
1698,1,1_1,0.16,0.098,0.1176
1699,1,1_1,0.16,0.094,0.1361
1700,1,1_1,0.16,0.03079,0.10046
1701,1,1_1,0.16,0.0641,0.1065
1702,1,1_1,0.16,0.07385,0.12256
1703,1,1_1,0.16,0.064,0.1758
1704,1,1_1,0.16,0.1,0.177
1705,1,1_1,0.16,0.11273,0.1681
1706,1,1_1,0.16,0.09393,0.114
1707,1,1_1,0.16,0.1096,0.1713
1708,1,1_1,0.16,0.05768,0.0993
1709,1,1_1,0.16,0.04395,0.11914
1710,1,1_1,0.16,0.08606,0.146
1711,1,1_1,0.16,0.1221,0.1396
1712,1,1_1,0.16,0.04126,0.1298
1713,1,1_1,0.16,0.10547,0.1186
1714,1,1_1,0.16,0.1186,0.1309
1715,1,1_1,0.16,0.04553,0.1103
1716,1,1_1,0.16,0.04153,0.0909
1717,1,1_1,0.16,0.0695,0.1189
1718,1,1_1,0.16,0.0208,0.0821
1719,1,1_1,0.16,0.0849,0.10657
1720,1,1_1,0.16,0.06082,0.1471
1721,1,1_1,0.16,0.0845,0.1508
1722,1,1_1,0.16,0.01642,0.0765
1723,1,1_1,0.16,0.1329,0.128
1724,1,1_1,0.16,0.04953,0.1407
1725,1,1_1,0.16,0.04028,0.10297
1726,1,1_1,0.16,0.02031,0.07916
1727,1,1_1,0.16,0.0886,0.1344
1728,1,1_1,0.16,0.02066,0.07526
1729,1,1_1,0.16,0.0945,0.1893
1730,1,1_1,0.16,0.09033,0.1226
1731,1,1_1,0.16,0.02231,0.0713
1732,1,1_1,0.16,0.1068,0.11395
1733,1,1_1,0.16,0.09784,0.1078
1734,1,1_1,0.16,0.0702,0.12067
1735,1,1_1,0.16,0.04193,0.10754
1736,1,1_1,0.16,0.0898,0.2031
1737,1,1_1,0.16,0.12244,0.2051
1738,1,1_1,0.16,0.0634,0.1121
1739,1,1_1,0.16,0.0372,0.0899
1740,1,1_1,0.16,0.0926,0.1481
1741,1,1_1,0.16,0.09973,0.1148
1742,1,1_1,0.16,0.0878,0.1637
1743,1,1_1,0.16,0.0695,0.11017
1744,1,1_1,0.16,0.03973,0.0945
1745,1,1_1,0.16,0.10834,0.1625
1746,1,1_1,0.16,0.02061,0.0829
1747,1,1_1,0.16,0.09534,0.134
1748,1,1_1,0.16,0.09406,0.1343
1749,1,1_1,0.16,0.0649,0.12
1750,1,1_1,0.16,0.06433,0.1526
1751,1,1_1,0.16,0.08875,0.1346
1752,1,1_1,0.16,0.0756,0.1372
1753,1,1_1,0.16,0.11804,0.1438
1754,1,1_1,0.16,0.042,0.1158
1755,1,1_1,0.16,0.053,0.1019
1756,1,1_1,0.16,0.1349,0.1715
1757,1,1_1,0.16,0.0951,0.1595
1758,1,1_1,0.16,0.1055,0.1438
1759,1,1_1,0.16,0.0225,0.07733
1760,1,1_1,0.16,0.10547,0.1292
1761,1,1_1,0.16,0.09375,0.1476
1762,1,1_1,0.16,0.1203,0.1191
1763,1,1_1,0.16,0.032,0.0852
1764,1,1_1,0.16,0.0705,0.1381
1765,1,1_1,0.16,0.0653,0.1644
1766,1,1_1,0.16,0.102,0.1176
1767,1,1_1,0.16,0.1156,0.1242
1768,1,1_1,0.16,0.10913,0.1412
1769,1,1_1,0.16,0.0881,0.1219
1770,1,1_1,0.16,0.05667,0.1399
1771,1,1_1,0.16,0.0526,0.10956
1772,1,1_1,0.16,0.03934,0.1392
1773,1,1_1,0.16,0.1262,0.1459
1774,1,1_1,0.16,0.0893,0.128
1775,1,1_1,0.16,0.04587,0.0969
1776,1,1_1,0.16,0.02481,0.1023
1777,1,1_1,0.16,0.04504,0.096
1778,1,1_1,0.16,0.05618,0.1393
1779,1,1_1,0.16,0.0576,0.1284
1780,1,1_1,0.16,0.06244,0.1295
1781,1,1_1,0.16,0.02116,0.0886
1782,1,1_1,0.16,0.09106,0.1348
1783,1,1_1,0.16,0.1009,0.131
1784,1,1_1,0.16,0.0834,0.1409
1785,1,1_1,0.16,0.04718,0.09344
1786,1,1_1,0.16,0.02658,0.07776
1787,1,1_1,0.16,0.05035,0.10016
1788,1,1_1,0.16,0.0595,0.10474
1789,1,1_1,0.16,0.0838,0.1096
1790,1,1_1,0.16,0.08307,0.1186
1791,1,1_1,0.16,0.12195,0.1891
1792,1,1_1,0.16,0.0663,0.1519
1793,1,1_1,0.16,0.04367,0.1059
1794,1,1_1,0.16,0.10583,0.1232
1795,1,1_1,0.16,0.0263,0.08356
1796,1,1_1,0.16,0.0995,0.1273
1797,1,1_1,0.16,0.05728,0.1412
1798,1,1_1,0.16,0.1206,0.1727
1799,1,1_1,0.16,0.1139,0.1394
1800,1,1_1,0.16,0.1279,0.13
1801,1,1_1,0.16,0.1165,0.1774
1802,1,1_1,0.16,0.0671,0.10095
1803,1,1_1,0.16,0.0475,0.09607
1804,1,1_1,0.16,0.03824,0.1
1805,1,1_1,0.16,0.0968,0.1647
1806,1,1_1,0.16,0.1208,0.1145
1807,1,1_1,0.16,0.0841,0.1382
1808,1,1_1,0.16,0.05838,0.11035
1809,1,1_1,0.16,0.0611,0.10645
1810,1,1_1,0.16,0.09827,0.1299
1811,1,1_1,0.16,0.0452,0.1147
1812,1,1_1,0.16,0.05804,0.1483
1813,1,1_1,0.16,0.0583,0.11334
1814,1,1_1,0.16,0.0971,0.1476
1815,1,1_1,0.16,0.0867,0.149
1816,1,1_1,0.16,0.1006,0.1256
1817,1,1_1,0.16,0.05066,0.09784
1818,1,1_1,0.16,0.0702,0.12177
1819,1,1_1,0.16,0.06122,0.1436
1820,1,1_1,0.16,0.10516,0.1512
1821,1,1_1,0.16,0.1171,0.1151
1822,1,1_1,0.16,0.03302,0.09863
1823,1,1_1,0.16,0.1266,0.1335
1824,1,1_1,0.16,0.1052,0.135
1825,1,1_1,0.16,0.1389,0.1105
1826,1,1_1,0.16,0.10815,0.1324
1827,1,1_1,0.16,0.093,0.12195
1828,1,1_1,0.16,0.1131,0.1182
1829,1,1_1,0.16,0.1339,0.1716
1830,1,1_1,0.16,0.1185,0.1383
1831,1,1_1,0.16,0.02655,0.08624
1832,1,1_1,0.16,0.0208,0.0714
1833,1,1_1,0.16,0.0657,0.1203
1834,1,1_1,0.16,0.06665,0.1343
1835,1,1_1,0.16,0.11224,0.1276
1836,1,1_1,0.16,0.119,0.1599
1837,1,1_1,0.16,0.0801,0.12115
1838,1,1_1,0.16,0.05975,0.12195
1839,1,1_1,0.16,0.0279,0.0846
1840,1,1_1,0.16,0.03134,0.09015
1841,1,1_1,0.16,0.1089,0.1328
1842,1,1_1,0.16,0.1292,0.1187
1843,1,1_1,0.16,0.02377,0.0912
1844,1,1_1,0.16,0.0792,0.1257
1845,1,1_1,0.16,0.112,0.12317
1846,1,1_1,0.16,0.0829,0.1428
1847,1,1_1,0.16,0.09924,0.11597
1848,1,1_1,0.16,0.02498,0.0739
1849,1,1_1,0.16,0.02553,0.0736
1850,1,1_1,0.16,0.0897,0.1214
1851,1,1_1,0.16,0.07635,0.107
1852,1,1_1,0.16,0.05438,0.1378
1853,1,1_1,0.16,0.08105,0.1267
1854,1,1_1,0.16,0.0884,0.1209
1855,1,1_1,0.16,0.06885,0.1365
1856,1,1_1,0.16,0.1383,0.10815
1857,1,1_1,0.16,0.04517,0.0933
1858,1,1_1,0.16,0.05093,0.1094
1859,1,1_1,0.16,0.069,0.1249
1860,1,1_1,0.16,0.04733,0.10956
1861,1,1_1,0.16,0.11865,0.1162
1862,1,1_1,0.16,0.05307,0.1001
1863,1,1_1,0.16,0.1433,0.1221
1864,1,1_1,0.16,0.03775,0.09955
1865,1,1_1,0.16,0.06104,0.1217
1866,1,1_1,0.16,0.05496,0.1131
1867,1,1_1,0.16,0.0911,0.1403
1868,1,1_1,0.16,0.0655,0.1653
1869,1,1_1,0.16,0.04272,0.1382
1870,1,1_1,0.16,0.0684,0.1666
1871,1,1_1,0.16,0.0636,0.1164
1872,1,1_1,0.16,0.04953,0.1051
1873,1,1_1,0.16,0.11615,0.2142
1874,1,1_1,0.16,0.04514,0.111
1875,1,1_1,0.16,0.1119,0.1584
1876,1,1_1,0.16,0.03696,0.1094
1877,1,1_1,0.16,0.0319,0.0815
1878,1,1_1,0.16,0.1274,0.1414
1879,1,1_1,0.16,0.07263,0.138
1880,1,1_1,0.16,0.1146,0.12463
1881,1,1_1,0.16,0.0879,0.1414
1882,1,1_1,0.16,0.1407,0.1412
1883,1,1_1,0.16,0.0961,0.144
1884,1,1_1,0.16,0.02602,0.0761
1885,1,1_1,0.16,0.1305,0.11725
1886,1,1_1,0.16,0.0484,0.09845
1887,1,1_1,0.16,0.1237,0.1466
1888,1,1_1,0.16,0.07184,0.11664
1889,1,1_1,0.16,0.0589,0.1372
1890,1,1_1,0.16,0.11993,0.1487
1891,1,1_1,0.16,0.092,0.1112
1892,1,1_1,0.16,0.10205,0.1311
1893,1,1_1,0.16,0.08777,0.1283
1894,1,1_1,0.16,0.10754,0.1321
1895,1,1_1,0.16,0.01622,0.07263
1896,1,1_1,0.16,0.0847,0.2052
1897,1,1_1,0.16,0.05685,0.11127
1898,1,1_1,0.16,0.05533,0.12396
1899,1,1_1,0.16,0.02336,0.08466
1900,1,1_1,0.16,0.06006,0.12305
1901,1,1_1,0.16,0.07825,0.126
1902,1,1_1,0.16,0.05365,0.1099
1903,1,1_1,0.16,0.05902,0.1144
1904,1,1_1,0.16,0.1344,0.1223
1905,1,1_1,0.16,0.1007,0.144
1906,1,1_1,0.16,0.1165,0.1376
1907,1,1_1,0.16,0.09656,0.1459
1908,1,1_1,0.16,0.04556,0.0916
1909,1,1_1,0.16,0.1399,0.1225
1910,1,1_1,0.16,0.09625,0.1375
1911,1,1_1,0.16,0.07,0.1311
1912,1,1_1,0.16,0.1074,0.1423
1913,1,1_1,0.16,0.076,0.1251
1914,1,1_1,0.16,0.05777,0.1293
1915,1,1_1,0.16,0.0753,0.1691
1916,1,1_1,0.16,0.06995,0.1208
1917,1,1_1,0.16,0.02803,0.09344
1918,1,1_1,0.16,0.0502,0.09357
1919,1,1_1,0.16,0.02426,0.0785
1920,1,1_1,0.16,0.05426,0.11945
1921,1,1_1,0.16,0.06305,0.11444
1922,1,1_1,0.16,0.04367,0.1083
1923,1,1_1,0.16,0.0361,0.09247
1924,1,1_1,0.16,0.0326,0.0842
1925,1,1_1,0.16,0.04855,0.1271
1926,1,1_1,0.16,0.04242,0.1118
1927,1,1_1,0.16,0.08997,0.1222
1928,1,1_1,0.16,0.05038,0.1185
1929,1,1_1,0.16,0.0887,0.1306
1930,1,1_1,0.16,0.0546,0.10974
1931,1,1_1,0.16,0.0903,0.1292
1932,1,1_1,0.16,0.07477,0.1307
1933,1,1_1,0.16,0.05765,0.1276
1934,1,1_1,0.16,0.09015,0.1389
1935,1,1_1,0.16,0.1361,0.1354
1936,1,1_1,0.16,0.03137,0.0866
1937,1,1_1,0.16,0.0751,0.1194
1938,1,1_1,0.16,0.0858,0.11285
1939,1,1_1,0.16,0.0676,0.1295
1940,1,1_1,0.16,0.01945,0.0716
1941,1,1_1,0.16,0.0427,0.0949
1942,1,1_1,0.16,0.0989,0.1218
1943,1,1_1,0.16,0.12195,0.1365
1944,1,1_1,0.16,0.04077,0.0925
1945,1,1_1,0.16,0.0819,0.1256
1946,1,1_1,0.16,0.1248,0.201
1947,1,1_1,0.16,0.1279,0.2166
1948,1,1_1,0.16,0.06207,0.1304
1949,1,1_1,0.16,0.0785,0.1142
1950,1,1_1,0.16,0.0769,0.1323
1951,1,1_1,0.16,0.04755,0.1209
1952,1,1_1,0.16,0.01762,0.0963
1953,1,1_1,0.16,0.08,0.1149
1954,1,1_1,0.16,0.1381,0.1473
1955,1,1_1,0.16,0.1488,0.10895
1956,1,1_1,0.16,0.0603,0.1204
1957,1,1_1,0.16,0.07654,0.11865
1958,1,1_1,0.16,0.1005,0.1203
1959,1,1_1,0.16,0.1437,0.1493
1960,1,1_1,0.16,0.10736,0.1421
1961,1,1_1,0.16,0.1182,0.1321
1962,1,1_1,0.16,0.05823,0.1062
1963,1,1_1,0.16,0.03427,0.1161
1964,1,1_1,0.16,0.09174,0.1837
1965,1,1_1,0.16,0.04428,0.0957
1966,1,1_1,0.16,0.06555,0.1702
1967,1,1_1,0.16,0.1302,0.1727
1968,1,1_1,0.16,0.1425,0.1642
1969,1,1_1,0.16,0.06494,0.1466
1970,1,1_1,0.16,0.09485,0.1346
1971,1,1_1,0.16,0.0645,0.1151
1972,1,1_1,0.16,0.0837,0.1405
1973,1,1_1,0.16,0.02678,0.0777
1974,1,1_1,0.16,0.10175,0.1254
1975,1,1_1,0.16,0.04025,0.10443
1976,1,1_1,0.16,0.1383,0.1469
1977,1,1_1,0.16,0.03848,0.0991
1978,1,1_1,0.16,0.04257,0.089
1979,1,1_1,0.16,0.1031,0.1334
1980,1,1_1,0.16,0.09607,0.1537
1981,1,1_1,0.16,0.03592,0.1129
1982,1,1_1,0.16,0.0612,0.10095
1983,1,1_1,0.16,0.0957,0.1469
1984,1,1_1,0.16,0.0822,0.1317
1985,1,1_1,0.16,0.06836,0.1263
1986,1,1_1,0.16,0.05908,0.1097
1987,1,1_1,0.16,0.09033,0.11835
1988,1,1_1,0.16,0.07135,0.12244
1989,1,1_1,0.16,0.1085,0.1965
1990,1,1_1,0.16,0.04813,0.1231
1991,1,1_1,0.16,0.04025,0.0948
1992,1,1_1,0.16,0.07306,0.1763
1993,1,1_1,0.16,0.0453,0.1231
1994,1,1_1,0.16,0.11487,0.1475
1995,1,1_1,0.16,0.1416,0.1492
1996,1,1_1,0.16,0.1337,0.2269
1997,1,1_1,0.16,0.0411,0.1244
1998,1,1_1,0.16,0.04468,0.10986
1999,1,1_1,0.16,0.0852,0.1343
2000,1,1_1,0.24,0.1143,0.1636
2001,1,1_1,0.24,0.04175,0.12115
2002,1,1_1,0.24,0.1632,0.1763
2003,1,1_1,0.24,0.1553,0.1382
2004,1,1_1,0.24,0.03102,0.0959
2005,1,1_1,0.24,0.1687,0.248
2006,1,1_1,0.24,0.04108,0.1251
2007,1,1_1,0.24,0.08887,0.1633
2008,1,1_1,0.24,0.0693,0.1421
2009,1,1_1,0.24,0.0833,0.1764
2010,1,1_1,0.24,0.2026,0.1703
2011,1,1_1,0.24,0.0936,0.1215
2012,1,1_1,0.24,0.04626,0.1816
2013,1,1_1,0.24,0.0716,0.138
2014,1,1_1,0.24,0.0685,0.153
2015,1,1_1,0.24,0.1292,0.1151
2016,1,1_1,0.24,0.02649,0.0882
2017,1,1_1,0.24,0.1305,0.1514
2018,1,1_1,0.24,0.12286,0.1633
2019,1,1_1,0.24,0.05106,0.1022
2020,1,1_1,0.24,0.0925,0.1565
2021,1,1_1,0.24,0.0611,0.0967
2022,1,1_1,0.24,0.04636,0.1292
2023,1,1_1,0.24,0.09705,0.1406
2024,1,1_1,0.24,0.12054,0.12335
2025,1,1_1,0.24,0.0762,0.1181
2026,1,1_1,0.24,0.2118,0.1209
2027,1,1_1,0.24,0.0358,0.07886
2028,1,1_1,0.24,0.0353,0.1083
2029,1,1_1,0.24,0.06152,0.1486
2030,1,1_1,0.24,0.05817,0.1193
2031,1,1_1,0.24,0.1703,0.1832
2032,1,1_1,0.24,0.156,0.1272
2033,1,1_1,0.24,0.05975,0.149
2034,1,1_1,0.24,0.096,0.1312
2035,1,1_1,0.24,0.1193,0.1427
2036,1,1_1,0.24,0.1307,0.1226
2037,1,1_1,0.24,0.08844,0.12366
2038,1,1_1,0.24,0.1396,0.1531
2039,1,1_1,0.24,0.116,0.16
2040,1,1_1,0.24,0.02655,0.0817
2041,1,1_1,0.24,0.1963,0.1598
2042,1,1_1,0.24,0.10724,0.1406
2043,1,1_1,0.24,0.0635,0.1316
2044,1,1_1,0.24,0.03873,0.11597
2045,1,1_1,0.24,0.07837,0.1665
2046,1,1_1,0.24,0.1229,0.1354
2047,1,1_1,0.24,0.0931,0.1666
2048,1,1_1,0.24,0.0687,0.145
2049,1,1_1,0.24,0.0403,0.12067
2050,1,1_1,0.24,0.1396,0.215
2051,1,1_1,0.24,0.0355,0.0928
2052,1,1_1,0.24,0.11664,0.1539
2053,1,1_1,0.24,0.0896,0.1603
2054,1,1_1,0.24,0.08905,0.1544
2055,1,1_1,0.24,0.1577,0.1475
2056,1,1_1,0.24,0.0942,0.2024
2057,1,1_1,0.24,0.0713,0.1404
2058,1,1_1,0.24,0.09924,0.1175
2059,1,1_1,0.24,0.04922,0.11646
2060,1,1_1,0.24,0.06964,0.1411
2061,1,1_1,0.24,0.1365,0.1385
2062,1,1_1,0.24,0.0392,0.1136
2063,1,1_1,0.24,0.0553,0.11707
2064,1,1_1,0.24,0.1255,0.1437
2065,1,1_1,0.24,0.04886,0.12244
2066,1,1_1,0.24,0.0664,0.1914
2067,1,1_1,0.24,0.05942,0.1277
2068,1,1_1,0.24,0.0878,0.1508
2069,1,1_1,0.24,0.08185,0.141
2070,1,1_1,0.24,0.07074,0.1315
2071,1,1_1,0.24,0.1914,0.1501
2072,1,1_1,0.24,0.0585,0.1023
2073,1,1_1,0.24,0.1973,0.1545
2074,1,1_1,0.24,0.07526,0.1351
2075,1,1_1,0.24,0.0767,0.1118
2076,1,1_1,0.24,0.03708,0.09973
2077,1,1_1,0.24,0.1605,0.1428
2078,1,1_1,0.24,0.1021,0.1255
2079,1,1_1,0.24,0.0952,0.1426
2080,1,1_1,0.24,0.204,0.1367
2081,1,1_1,0.24,0.0862,0.1738
2082,1,1_1,0.24,0.1635,0.243
2083,1,1_1,0.24,0.1024,0.1927
2084,1,1_1,0.24,0.1426,0.1368
2085,1,1_1,0.24,0.1838,0.1359
2086,1,1_1,0.24,0.1836,0.1882
2087,1,1_1,0.24,0.1355,0.12427
2088,1,1_1,0.24,0.1506,0.1753
2089,1,1_1,0.24,0.10474,0.1431
2090,1,1_1,0.24,0.118,0.1699
2091,1,1_1,0.24,0.1738,0.317
2092,1,1_1,0.24,0.0983,0.1318
2093,1,1_1,0.24,0.0432,0.0887
2094,1,1_1,0.24,0.1313,0.1997
2095,1,1_1,0.24,0.1729,0.205
2096,1,1_1,0.24,0.0496,0.1528
2097,1,1_1,0.24,0.1193,0.162
2098,1,1_1,0.24,0.1149,0.2297
2099,1,1_1,0.24,0.1013,0.10956
2100,1,1_1,0.24,0.113,0.309
2101,1,1_1,0.24,0.1223,0.1357
2102,1,1_1,0.24,0.1324,0.1957
2103,1,1_1,0.24,0.1697,0.136
2104,1,1_1,0.24,0.0914,0.1709
2105,1,1_1,0.24,0.1549,0.1315
2106,1,1_1,0.24,0.194,0.2024
2107,1,1_1,0.24,0.1247,0.245
2108,1,1_1,0.24,0.1268,0.155
2109,1,1_1,0.24,0.1738,0.1478
2110,1,1_1,0.24,0.1863,0.1858
2111,1,1_1,0.24,0.13,0.1654
2112,1,1_1,0.24,0.07275,0.1132
2113,1,1_1,0.24,0.1228,0.1357
2114,1,1_1,0.24,0.1399,0.1394
2115,1,1_1,0.24,0.1501,0.169
2116,1,1_1,0.24,0.04547,0.1103
2117,1,1_1,0.24,0.0677,0.1094
2118,1,1_1,0.24,0.1279,0.1461
2119,1,1_1,0.24,0.11163,0.1602
2120,1,1_1,0.24,0.144,0.159
2121,1,1_1,0.24,0.0691,0.134
2122,1,1_1,0.24,0.0606,0.1516
2123,1,1_1,0.24,0.06158,0.12396
2124,1,1_1,0.24,0.1887,0.1483
2125,1,1_1,0.24,0.08075,0.1098
2126,1,1_1,0.24,0.1542,0.2517
2127,1,1_1,0.24,0.1027,0.141
2128,1,1_1,0.24,0.1779,0.1436
2129,1,1_1,0.24,0.1388,0.1454
2130,1,1_1,0.24,0.0826,0.11176
2131,1,1_1,0.24,0.0954,0.1555
2132,1,1_1,0.24,0.01917,0.06757
2133,1,1_1,0.24,0.08984,0.1852
2134,1,1_1,0.24,0.10474,0.1395
2135,1,1_1,0.24,0.1005,0.1454
2136,1,1_1,0.24,0.08093,0.1694
2137,1,1_1,0.24,0.07983,0.1293
2138,1,1_1,0.24,0.11414,0.1133
2139,1,1_1,0.24,0.02455,0.075
2140,1,1_1,0.24,0.1938,0.1509
2141,1,1_1,0.24,0.09106,0.1368
2142,1,1_1,0.24,0.194,0.1209
2143,1,1_1,0.24,0.1321,0.151
2144,1,1_1,0.24,0.1986,0.1643
2145,1,1_1,0.24,0.145,0.1705
2146,1,1_1,0.24,0.1573,0.2059
2147,1,1_1,0.24,0.1384,0.2141
2148,1,1_1,0.24,0.07513,0.1161
2149,1,1_1,0.24,0.03116,0.10315
2150,1,1_1,0.24,0.05865,0.12067
2151,1,1_1,0.24,0.1362,0.2646
2152,1,1_1,0.24,0.06494,0.1334
2153,1,1_1,0.24,0.1321,0.1794
2154,1,1_1,0.24,0.0718,0.1403
2155,1,1_1,0.24,0.04236,0.09186
2156,1,1_1,0.24,0.0691,0.1487
2157,1,1_1,0.24,0.1471,0.1481
2158,1,1_1,0.24,0.05197,0.1608
2159,1,1_1,0.24,0.03888,0.09595
2160,1,1_1,0.24,0.0905,0.1254
2161,1,1_1,0.24,0.0745,0.1282
2162,1,1_1,0.24,0.0356,0.09644
2163,1,1_1,0.24,0.1904,0.1655
2164,1,1_1,0.24,0.0763,0.1376
2165,1,1_1,0.24,0.1483,0.1278
2166,1,1_1,0.24,0.0616,0.11346
2167,1,1_1,0.24,0.081,0.1293
2168,1,1_1,0.24,0.167,0.1415
2169,1,1_1,0.24,0.02814,0.0794
2170,1,1_1,0.24,0.0969,0.1188
2171,1,1_1,0.24,0.0442,0.11456
2172,1,1_1,0.24,0.1455,0.1348
2173,1,1_1,0.24,0.124,0.198
2174,1,1_1,0.24,0.15,0.2191
2175,1,1_1,0.24,0.05756,0.09155
2176,1,1_1,0.24,0.1632,0.1798
2177,1,1_1,0.24,0.1726,0.1879
2178,1,1_1,0.24,0.04156,0.1284
2179,1,1_1,0.24,0.1234,0.2568
2180,1,1_1,0.24,0.09406,0.1241
2181,1,1_1,0.24,0.09937,0.1792
2182,1,1_1,0.24,0.05972,0.11676
2183,1,1_1,0.24,0.1719,0.1345
2184,1,1_1,0.24,0.131,0.1871
2185,1,1_1,0.24,0.10406,0.1342
2186,1,1_1,0.24,0.1501,0.1273
2187,1,1_1,0.24,0.1034,0.1249
2188,1,1_1,0.24,0.1726,0.1209
2189,1,1_1,0.24,0.1715,0.1365
2190,1,1_1,0.24,0.08203,0.1625
2191,1,1_1,0.24,0.1273,0.179
2192,1,1_1,0.24,0.1046,0.1376
2193,1,1_1,0.24,0.1555,0.1287
2194,1,1_1,0.24,0.1656,0.1636
2195,1,1_1,0.24,0.10345,0.1306
2196,1,1_1,0.24,0.202,0.183
2197,1,1_1,0.24,0.0663,0.1139
2198,1,1_1,0.24,0.01886,0.07025
2199,1,1_1,0.24,0.09564,0.1289
2200,1,1_1,0.24,0.06256,0.1008
2201,1,1_1,0.24,0.2164,0.1398
2202,1,1_1,0.24,0.1013,0.1292
2203,1,1_1,0.24,0.0855,0.1409
2204,1,1_1,0.24,0.0757,0.1837
2205,1,1_1,0.24,0.0437,0.128
2206,1,1_1,0.24,0.1577,0.1594
2207,1,1_1,0.24,0.0696,0.1316
2208,1,1_1,0.24,0.0956,0.1498
2209,1,1_1,0.24,0.02982,0.0781
2210,1,1_1,0.24,0.03105,0.08746
2211,1,1_1,0.24,0.1425,0.1616
2212,1,1_1,0.24,0.1236,0.1654
2213,1,1_1,0.24,0.1159,0.1394
2214,1,1_1,0.24,0.09,0.1371
2215,1,1_1,0.24,0.1654,0.1367
2216,1,1_1,0.24,0.2013,0.1885
2217,1,1_1,0.24,0.05884,0.1307
2218,1,1_1,0.24,0.176,0.1442
2219,1,1_1,0.24,0.1881,0.12244
2220,1,1_1,0.24,0.07135,0.1302
2221,1,1_1,0.24,0.1186,0.1709
2222,1,1_1,0.24,0.1508,0.1283
2223,1,1_1,0.24,0.088,0.2969
2224,1,1_1,0.24,0.1775,0.1584
2225,1,1_1,0.24,0.1425,0.1946
2226,1,1_1,0.24,0.11694,0.1289
2227,1,1_1,0.24,0.0897,0.2002
2228,1,1_1,0.24,0.1809,0.126
2229,1,1_1,0.24,0.0748,0.1462
2230,1,1_1,0.24,0.1,0.1578
2231,1,1_1,0.24,0.076,0.1322
2232,1,1_1,0.24,0.08527,0.1273
2233,1,1_1,0.24,0.1339,0.1453
2234,1,1_1,0.24,0.07965,0.127
2235,1,1_1,0.24,0.1708,0.251
2236,1,1_1,0.24,0.1887,0.2236
2237,1,1_1,0.24,0.1915,0.1139
2238,1,1_1,0.24,0.1598,0.138
2239,1,1_1,0.24,0.0824,0.1058
2240,1,1_1,0.24,0.1118,0.1155
2241,1,1_1,0.24,0.1469,0.1528
2242,1,1_1,0.24,0.0558,0.1506
2243,1,1_1,0.24,0.1298,0.211
2244,1,1_1,0.24,0.03235,0.1013
2245,1,1_1,0.24,0.02592,0.0744
2246,1,1_1,0.24,0.1919,0.2418
2247,1,1_1,0.24,0.1759,0.1584
2248,1,1_1,0.24,0.08905,0.1326
2249,1,1_1,0.24,0.02637,0.0986
2250,1,1_1,0.24,0.1273,0.1351
2251,1,1_1,0.24,0.02904,0.0897
2252,1,1_1,0.24,0.10004,0.1996
2253,1,1_1,0.24,0.02013,0.075
2254,1,1_1,0.24,0.0195,0.0757
2255,1,1_1,0.24,0.12024,0.1357
2256,1,1_1,0.24,0.0888,0.1458
2257,1,1_1,0.24,0.0621,0.10175
2258,1,1_1,0.24,0.07294,0.1158
2259,1,1_1,0.24,0.0989,0.1167
2260,1,1_1,0.24,0.1233,0.1567
2261,1,1_1,0.24,0.1407,0.1857
2262,1,1_1,0.24,0.2141,0.1311
2263,1,1_1,0.24,0.07007,0.1376
2264,1,1_1,0.24,0.1161,0.1437
2265,1,1_1,0.24,0.1619,0.1223
2266,1,1_1,0.24,0.1235,0.1345
2267,1,1_1,0.24,0.0592,0.1299
2268,1,1_1,0.24,0.0419,0.10406
2269,1,1_1,0.24,0.1447,0.1589
2270,1,1_1,0.24,0.10175,0.1376
2271,1,1_1,0.24,0.1378,0.1398
2272,1,1_1,0.24,0.2102,0.2391
2273,1,1_1,0.24,0.111,0.1263
2274,1,1_1,0.24,0.1252,0.2378
2275,1,1_1,0.24,0.0569,0.12476
2276,1,1_1,0.24,0.1342,0.1409
2277,1,1_1,0.24,0.07404,0.1137
2278,1,1_1,0.24,0.07434,0.143
2279,1,1_1,0.24,0.1877,0.2084
2280,1,1_1,0.24,0.2019,0.1434
2281,1,1_1,0.24,0.1615,0.11633
2282,1,1_1,0.24,0.1536,0.12213
2283,1,1_1,0.24,0.03732,0.1056
2284,1,1_1,0.24,0.196,0.12
2285,1,1_1,0.24,0.0756,0.1589
2286,1,1_1,0.24,0.1981,0.2102
2287,1,1_1,0.24,0.1915,0.1747
2288,1,1_1,0.24,0.0799,0.11475
2289,1,1_1,0.24,0.12213,0.1198
2290,1,1_1,0.24,0.1295,0.1486
2291,1,1_1,0.24,0.1283,0.1383
2292,1,1_1,0.24,0.17,0.1481
2293,1,1_1,0.24,0.1847,0.155
2294,1,1_1,0.24,0.1947,0.1554
2295,1,1_1,0.24,0.188,0.2488
2296,1,1_1,0.24,0.1002,0.1461
2297,1,1_1,0.24,0.1045,0.1807
2298,1,1_1,0.24,0.09955,0.1263
2299,1,1_1,0.24,0.2052,0.1255
2300,1,1_1,0.24,0.1974,0.1309
2301,1,1_1,0.24,0.1749,0.1367
2302,1,1_1,0.24,0.0271,0.0734
2303,1,1_1,0.24,0.0627,0.1324
2304,1,1_1,0.24,0.1159,0.1431
2305,1,1_1,0.24,0.14,0.1912
2306,1,1_1,0.24,0.1688,0.2191
2307,1,1_1,0.24,0.0806,0.12415
2308,1,1_1,0.24,0.1316,0.1335
2309,1,1_1,0.24,0.0901,0.1543
2310,1,1_1,0.24,0.0876,0.1414
2311,1,1_1,0.24,0.06616,0.1346
2312,1,1_1,0.24,0.06305,0.1238
2313,1,1_1,0.24,0.1771,0.2361
2314,1,1_1,0.24,0.099,0.1365
2315,1,1_1,0.24,0.07983,0.148
2316,1,1_1,0.24,0.0973,0.127
2317,1,1_1,0.24,0.1598,0.1353
2318,1,1_1,0.24,0.0576,0.1075
2319,1,1_1,0.24,0.11505,0.1346
2320,1,1_1,0.24,0.04755,0.0913
2321,1,1_1,0.24,0.06555,0.1075
2322,1,1_1,0.24,0.1357,0.1271
2323,1,1_1,0.24,0.11066,0.1498
2324,1,1_1,0.24,0.10706,0.1663
2325,1,1_1,0.24,0.0999,0.1459
2326,1,1_1,0.24,0.0938,0.1389
2327,1,1_1,0.24,0.1295,0.193
2328,1,1_1,0.24,0.1621,0.159
2329,1,1_1,0.24,0.0912,0.1355
2330,1,1_1,0.24,0.1385,0.1439
2331,1,1_1,0.24,0.0565,0.10364
2332,1,1_1,0.24,0.1925,0.1831
2333,1,1_1,0.24,0.07904,0.1415
2334,1,1_1,0.24,0.0457,0.0892
2335,1,1_1,0.24,0.1096,0.1185
2336,1,1_1,0.24,0.075,0.123
2337,1,1_1,0.24,0.1324,0.1294
2338,1,1_1,0.24,0.1805,0.1268
2339,1,1_1,0.24,0.1232,0.1537
2340,1,1_1,0.24,0.1469,0.1375
2341,1,1_1,0.24,0.11957,0.1843
2342,1,1_1,0.24,0.1014,0.1687
2343,1,1_1,0.24,0.08374,0.11584
2344,1,1_1,0.24,0.03088,0.0859
2345,1,1_1,0.24,0.04984,0.10925
2346,1,1_1,0.24,0.1996,0.1573
2347,1,1_1,0.24,0.0857,0.1426
2348,1,1_1,0.24,0.10254,0.1289
2349,1,1_1,0.24,0.1272,0.1239
2350,1,1_1,0.24,0.0386,0.1262
2351,1,1_1,0.24,0.1667,0.1688
2352,1,1_1,0.24,0.1663,0.1223
2353,1,1_1,0.24,0.10284,0.1387
2354,1,1_1,0.24,0.07404,0.1304
2355,1,1_1,0.24,0.1029,0.1597
2356,1,1_1,0.24,0.1882,0.1206
2357,1,1_1,0.24,0.10315,0.1376
2358,1,1_1,0.24,0.0767,0.1131
2359,1,1_1,0.24,0.05634,0.1493
2360,1,1_1,0.24,0.135,0.1417
2361,1,1_1,0.24,0.02663,0.0756
2362,1,1_1,0.24,0.04684,0.15
2363,1,1_1,0.24,0.03525,0.1024
2364,1,1_1,0.24,0.1276,0.1874
2365,1,1_1,0.24,0.0479,0.1381
2366,1,1_1,0.24,0.1925,0.1847
2367,1,1_1,0.24,0.0654,0.1586
2368,1,1_1,0.24,0.1257,0.136
2369,1,1_1,0.24,0.1749,0.11975
2370,1,1_1,0.24,0.1964,0.1289
2371,1,1_1,0.24,0.1087,0.1342
2372,1,1_1,0.24,0.08075,0.1431
2373,1,1_1,0.24,0.1692,0.149
2374,1,1_1,0.24,0.10767,0.1536
2375,1,1_1,0.24,0.0864,0.137
2376,1,1_1,0.24,0.2206,0.1617
2377,1,1_1,0.24,0.05725,0.11145
2378,1,1_1,0.24,0.1709,0.1344
2379,1,1_1,0.24,0.04733,0.1135
2380,1,1_1,0.24,0.1619,0.2048
2381,1,1_1,0.24,0.159,0.1886
2382,1,1_1,0.24,0.03223,0.11896
2383,1,1_1,0.24,0.1198,0.154
2384,1,1_1,0.24,0.041,0.10535
2385,1,1_1,0.24,0.1187,0.2108
2386,1,1_1,0.24,0.0496,0.1122
2387,1,1_1,0.24,0.1653,0.1726
2388,1,1_1,0.24,0.09955,0.1399
2389,1,1_1,0.24,0.02992,0.10095
2390,1,1_1,0.24,0.1283,0.1422
2391,1,1_1,0.24,0.10425,0.1198
2392,1,1_1,0.24,0.14,0.1284
2393,1,1_1,0.24,0.0654,0.157
2394,1,1_1,0.24,0.0581,0.11237
2395,1,1_1,0.24,0.1813,0.19
2396,1,1_1,0.24,0.1064,0.1317
2397,1,1_1,0.24,0.08496,0.132
2398,1,1_1,0.24,0.0793,0.128
2399,1,1_1,0.24,0.1401,0.1476
2400,1,1_1,0.24,0.07227,0.12396
2401,1,1_1,0.24,0.1685,0.2666
2402,1,1_1,0.24,0.0627,0.12085
2403,1,1_1,0.24,0.1655,0.2089
2404,1,1_1,0.24,0.1514,0.1669
2405,1,1_1,0.24,0.178,0.1216
2406,1,1_1,0.24,0.1399,0.155
2407,1,1_1,0.24,0.1472,0.1294
2408,1,1_1,0.24,0.05005,0.12366
2409,1,1_1,0.24,0.184,0.1316
2410,1,1_1,0.24,0.1501,0.11505
2411,1,1_1,0.24,0.0752,0.1422
2412,1,1_1,0.24,0.1373,0.1758
2413,1,1_1,0.24,0.05707,0.1382
2414,1,1_1,0.24,0.1128,0.1372
2415,1,1_1,0.24,0.0837,0.1659
2416,1,1_1,0.24,0.1735,0.149
2417,1,1_1,0.24,0.10187,0.1504
2418,1,1_1,0.24,0.1998,0.1387
2419,1,1_1,0.24,0.06158,0.1512
2420,1,1_1,0.24,0.1797,0.1603
2421,1,1_1,0.24,0.1373,0.1454
2422,1,1_1,0.24,0.2062,0.1372
2423,1,1_1,0.24,0.10864,0.1414
2424,1,1_1,0.24,0.10736,0.2062
2425,1,1_1,0.24,0.1373,0.11816
2426,1,1_1,0.24,0.07855,0.1478
2427,1,1_1,0.24,0.06177,0.1284
2428,1,1_1,0.24,0.137,0.1467
2429,1,1_1,0.24,0.0994,0.1414
2430,1,1_1,0.24,0.0422,0.1458
2431,1,1_1,0.24,0.0361,0.1118
2432,1,1_1,0.24,0.04037,0.1271
2433,1,1_1,0.24,0.1248,0.154
2434,1,1_1,0.24,0.1726,0.1406
2435,1,1_1,0.24,0.0795,0.1456
2436,1,1_1,0.24,0.05347,0.1048
2437,1,1_1,0.24,0.1334,0.1484
2438,1,1_1,0.24,0.10376,0.1279
2439,1,1_1,0.24,0.07117,0.1045
2440,1,1_1,0.24,0.15,0.11816
2441,1,1_1,0.24,0.0945,0.1854
2442,1,1_1,0.24,0.1236,0.11505
2443,1,1_1,0.24,0.121,0.247
2444,1,1_1,0.24,0.1368,0.2417
2445,1,1_1,0.24,0.1533,0.1387
2446,1,1_1,0.24,0.0746,0.1377
2447,1,1_1,0.24,0.2091,0.1748
2448,1,1_1,0.24,0.0789,0.1356
2449,1,1_1,0.24,0.0878,0.1566
2450,1,1_1,0.24,0.059,0.0978
2451,1,1_1,0.24,0.1614,0.1582
2452,1,1_1,0.24,0.1399,0.12006
2453,1,1_1,0.24,0.04886,0.11993
2454,1,1_1,0.24,0.1815,0.1682
2455,1,1_1,0.24,0.06396,0.1219
2456,1,1_1,0.24,0.0654,0.11255
2457,1,1_1,0.24,0.1462,0.2065
2458,1,1_1,0.24,0.04086,0.1114
2459,1,1_1,0.24,0.1302,0.2008
2460,1,1_1,0.24,0.1865,0.1483
2461,1,1_1,0.24,0.04312,0.1276
2462,1,1_1,0.24,0.067,0.11084
2463,1,1_1,0.24,0.06235,0.1552
2464,1,1_1,0.24,0.07776,0.177
2465,1,1_1,0.24,0.2037,0.2131
2466,1,1_1,0.24,0.1473,0.1298
2467,1,1_1,0.24,0.126,0.1979
2468,1,1_1,0.24,0.0983,0.1284
2469,1,1_1,0.24,0.1448,0.1439
2470,1,1_1,0.24,0.07153,0.1279
2471,1,1_1,0.24,0.1315,0.1458
2472,1,1_1,0.24,0.06223,0.1891
2473,1,1_1,0.24,0.0585,0.1194
2474,1,1_1,0.24,0.1897,0.1984
2475,1,1_1,0.24,0.0733,0.1366
2476,1,1_1,0.24,0.09174,0.1332
2477,1,1_1,0.24,0.1704,0.1353
2478,1,1_1,0.24,0.06235,0.10297
2479,1,1_1,0.24,0.1542,0.1572
2480,1,1_1,0.24,0.03354,0.10834
2481,1,1_1,0.24,0.06122,0.13
2482,1,1_1,0.24,0.12256,0.1392
2483,1,1_1,0.24,0.09955,0.1309
2484,1,1_1,0.24,0.1351,0.1632
2485,1,1_1,0.24,0.0595,0.1707
2486,1,1_1,0.24,0.1583,0.1472
2487,1,1_1,0.24,0.1199,0.1261
2488,1,1_1,0.24,0.1368,0.153
2489,1,1_1,0.24,0.02936,0.08386
2490,1,1_1,0.24,0.1338,0.1223
2491,1,1_1,0.24,0.1272,0.1619
2492,1,1_1,0.24,0.1339,0.2227
2493,1,1_1,0.24,0.08606,0.117
2494,1,1_1,0.24,0.05627,0.1135
2495,1,1_1,0.24,0.04095,0.1224
2496,1,1_1,0.24,0.01747,0.0762
2497,1,1_1,0.24,0.1316,0.1477
2498,1,1_1,0.24,0.07654,0.1519
2499,1,1_1,0.24,0.03018,0.10406
2500,1,1_1,0.24,0.0928,0.1318
2501,1,1_1,0.24,0.1454,0.12
2502,1,1_1,0.24,0.0832,0.1184
2503,1,1_1,0.24,0.0779,0.1451
2504,1,1_1,0.24,0.1292,0.1979
2505,1,1_1,0.24,0.1913,0.144
2506,1,1_1,0.24,0.178,0.1924
2507,1,1_1,0.24,0.1242,0.1854
2508,1,1_1,0.24,0.174,0.11
2509,1,1_1,0.24,0.1006,0.11304
2510,1,1_1,0.24,0.06015,0.1042
2511,1,1_1,0.24,0.0988,0.1495
2512,1,1_1,0.24,0.06555,0.12286
2513,1,1_1,0.24,0.1931,0.2418
2514,1,1_1,0.24,0.0688,0.1301
2515,1,1_1,0.24,0.1824,0.1396
2516,1,1_1,0.24,0.1533,0.1346
2517,1,1_1,0.24,0.0595,0.10315
2518,1,1_1,0.24,0.1609,0.1221
2519,1,1_1,0.24,0.03336,0.0862
2520,1,1_1,0.24,0.1311,0.1351
2521,1,1_1,0.24,0.06696,0.1318
2522,1,1_1,0.24,0.1871,0.2198
2523,1,1_1,0.24,0.179,0.1309
2524,1,1_1,0.24,0.0792,0.1417
2525,1,1_1,0.24,0.0511,0.1117
2526,1,1_1,0.24,0.172,0.1614
2527,1,1_1,0.24,0.05115,0.0986
2528,1,1_1,0.24,0.08124,0.139
2529,1,1_1,0.24,0.1257,0.1322
2530,1,1_1,0.24,0.0772,0.1301
2531,1,1_1,0.24,0.0901,0.1456
2532,1,1_1,0.24,0.0957,0.1514
2533,1,1_1,0.24,0.06665,0.1611
2534,1,1_1,0.24,0.1501,0.1895
2535,1,1_1,0.24,0.0744,0.11304
2536,1,1_1,0.24,0.1891,0.1385
2537,1,1_1,0.24,0.11847,0.1266
2538,1,1_1,0.24,0.1812,0.1224
2539,1,1_1,0.24,0.1782,0.185
2540,1,1_1,0.24,0.1461,0.1187
2541,1,1_1,0.24,0.1584,0.1487
2542,1,1_1,0.24,0.0512,0.1085
2543,1,1_1,0.24,0.067,0.1041
2544,1,1_1,0.24,0.0264,0.08
2545,1,1_1,0.24,0.1592,0.1711
2546,1,1_1,0.24,0.156,0.1842
2547,1,1_1,0.24,0.12085,0.1617
2548,1,1_1,0.24,0.08435,0.1383
2549,1,1_1,0.24,0.12213,0.1333
2550,1,1_1,0.24,0.10785,0.1194
2551,1,1_1,0.24,0.1453,0.1256
2552,1,1_1,0.24,0.05624,0.1793
2553,1,1_1,0.24,0.14,0.1412
2554,1,1_1,0.24,0.07745,0.11945
2555,1,1_1,0.24,0.09875,0.12366
2556,1,1_1,0.24,0.0781,0.1606
2557,1,1_1,0.24,0.03802,0.0929
2558,1,1_1,0.24,0.1847,0.12146
2559,1,1_1,0.24,0.117,0.1273
2560,1,1_1,0.24,0.10986,0.1405
2561,1,1_1,0.24,0.04828,0.1077
2562,1,1_1,0.24,0.10016,0.11896
2563,1,1_1,0.24,0.1818,0.1282
2564,1,1_1,0.24,0.054,0.1241
2565,1,1_1,0.24,0.1844,0.2178
2566,1,1_1,0.24,0.177,0.1472
2567,1,1_1,0.24,0.1332,0.10944
2568,1,1_1,0.24,0.1396,0.262
2569,1,1_1,0.24,0.1871,0.1757
2570,1,1_1,0.24,0.08185,0.1943
2571,1,1_1,0.24,0.158,0.1273
2572,1,1_1,0.24,0.1465,0.142
2573,1,1_1,0.24,0.04388,0.10333
2574,1,1_1,0.24,0.1674,0.186
2575,1,1_1,0.24,0.1727,0.2045
2576,1,1_1,0.24,0.08075,0.1294
2577,1,1_1,0.24,0.2156,0.1467
2578,1,1_1,0.24,0.171,0.1439
2579,1,1_1,0.24,0.0911,0.1114
2580,1,1_1,0.24,0.1118,0.1471
2581,1,1_1,0.24,0.1626,0.1827
2582,1,1_1,0.24,0.1511,0.1981
2583,1,1_1,0.24,0.08997,0.1564
2584,1,1_1,0.24,0.1477,0.137
2585,1,1_1,0.24,0.1056,0.1594
2586,1,1_1,0.24,0.06125,0.1522
2587,1,1_1,0.24,0.0659,0.1278
2588,1,1_1,0.24,0.0511,0.1051
2589,1,1_1,0.24,0.2239,0.1462
2590,1,1_1,0.24,0.09595,0.1283
2591,1,1_1,0.24,0.069,0.1415
2592,1,1_1,0.24,0.1979,0.3
2593,1,1_1,0.24,0.0766,0.12036
2594,1,1_1,0.24,0.0535,0.1198
2595,1,1_1,0.24,0.09674,0.1201
2596,1,1_1,0.24,0.1708,0.1982
2597,1,1_1,0.24,0.1709,0.2129
2598,1,1_1,0.24,0.0448,0.1104
2599,1,1_1,0.24,0.138,0.1565
2600,1,1_1,0.24,0.04807,0.11304
2601,1,1_1,0.24,0.1921,0.1382
2602,1,1_1,0.24,0.1168,0.1409
2603,1,1_1,0.24,0.1047,0.1912
2604,1,1_1,0.24,0.02478,0.07745
2605,1,1_1,0.24,0.0996,0.1255
2606,1,1_1,0.24,0.03348,0.1323
2607,1,1_1,0.24,0.1432,0.12024
2608,1,1_1,0.24,0.113,0.1434
2609,1,1_1,0.24,0.04968,0.1068
2610,1,1_1,0.24,0.02654,0.0836
2611,1,1_1,0.24,0.03397,0.0861
2612,1,1_1,0.24,0.05246,0.11005
2613,1,1_1,0.24,0.1727,0.1205
2614,1,1_1,0.24,0.03186,0.08887
2615,1,1_1,0.24,0.0848,0.1252
2616,1,1_1,0.24,0.1076,0.1604
2617,1,1_1,0.24,0.05856,0.10565
2618,1,1_1,0.24,0.02925,0.0847
2619,1,1_1,0.24,0.0885,0.13
2620,1,1_1,0.24,0.1533,0.1372
2621,1,1_1,0.24,0.1697,0.1532
2622,1,1_1,0.24,0.09595,0.1663
2623,1,1_1,0.24,0.0774,0.132
2624,1,1_1,0.24,0.1693,0.1732
2625,1,1_1,0.24,0.0935,0.12335
2626,1,1_1,0.24,0.05948,0.11304
2627,1,1_1,0.24,0.155,0.1573
2628,1,1_1,0.24,0.08295,0.1277
2629,1,1_1,0.24,0.0701,0.1335
2630,1,1_1,0.24,0.04977,0.09454
2631,1,1_1,0.24,0.08057,0.1266
2632,1,1_1,0.24,0.1307,0.1802
2633,1,1_1,0.24,0.1665,0.11646
2634,1,1_1,0.24,0.1154,0.1721
2635,1,1_1,0.24,0.10876,0.1317
2636,1,1_1,0.24,0.08246,0.1162
2637,1,1_1,0.24,0.0638,0.10394
2638,1,1_1,0.24,0.0642,0.107
2639,1,1_1,0.24,0.0747,0.107
2640,1,1_1,0.24,0.0881,0.1354
2641,1,1_1,0.24,0.1401,0.1243
2642,1,1_1,0.24,0.0522,0.1384
2643,1,1_1,0.24,0.133,0.1398
2644,1,1_1,0.24,0.1781,0.1144
2645,1,1_1,0.24,0.0906,0.1409
2646,1,1_1,0.24,0.05197,0.1047
2647,1,1_1,0.24,0.2048,0.2554
2648,1,1_1,0.24,0.04822,0.1217
2649,1,1_1,0.24,0.0454,0.0937
2650,1,1_1,0.24,0.0339,0.0811
2651,1,1_1,0.24,0.1383,0.1384
2652,1,1_1,0.24,0.1764,0.1776
2653,1,1_1,0.24,0.1388,0.1383
2654,1,1_1,0.24,0.0867,0.1469
2655,1,1_1,0.24,0.1704,0.1335
2656,1,1_1,0.24,0.1237,0.1498
2657,1,1_1,0.24,0.04416,0.2115
2658,1,1_1,0.24,0.1604,0.12494
2659,1,1_1,0.24,0.0679,0.1327
2660,1,1_1,0.24,0.085,0.1295
2661,1,1_1,0.24,0.0817,0.1322
2662,1,1_1,0.24,0.1904,0.1398
2663,1,1_1,0.24,0.04773,0.09174
2664,1,1_1,0.24,0.10925,0.1392
2665,1,1_1,0.24,0.1306,0.1649
2666,1,1_1,0.24,0.02354,0.0831
2667,1,1_1,0.24,0.0866,0.136
2668,1,1_1,0.24,0.1184,0.12256
2669,1,1_1,0.24,0.109,0.1552
2670,1,1_1,0.24,0.05725,0.104
2671,1,1_1,0.24,0.08923,0.1313
2672,1,1_1,0.24,0.2206,0.1403
2673,1,1_1,0.24,0.0822,0.182
2674,1,1_1,0.24,0.1511,0.1489
2675,1,1_1,0.24,0.0556,0.1035
2676,1,1_1,0.24,0.02882,0.08966
2677,1,1_1,0.24,0.1976,0.1327
2678,1,1_1,0.24,0.0775,0.1935
2679,1,1_1,0.24,0.1901,0.2324
2680,1,1_1,0.24,0.1694,0.131
2681,1,1_1,0.24,0.0476,0.1272
2682,1,1_1,0.24,0.1096,0.1403
2683,1,1_1,0.24,0.1521,0.1412
2684,1,1_1,0.24,0.0899,0.1604
2685,1,1_1,0.24,0.1381,0.1559
2686,1,1_1,0.24,0.03586,0.09656
2687,1,1_1,0.24,0.07104,0.1338
2688,1,1_1,0.24,0.1059,0.1785
2689,1,1_1,0.24,0.203,0.1433
2690,1,1_1,0.24,0.1984,0.12164
2691,1,1_1,0.24,0.0945,0.1311
2692,1,1_1,0.24,0.1226,0.1296
2693,1,1_1,0.24,0.1937,0.1394
2694,1,1_1,0.24,0.1392,0.1708
2695,1,1_1,0.24,0.143,0.1752
2696,1,1_1,0.24,0.1512,0.1354
2697,1,1_1,0.24,0.04822,0.0956
2698,1,1_1,0.24,0.1136,0.1975
2699,1,1_1,0.24,0.0692,0.1442
2700,1,1_1,0.24,0.11017,0.1506
2701,1,1_1,0.24,0.05533,0.1106
2702,1,1_1,0.24,0.02444,0.07886
2703,1,1_1,0.24,0.1377,0.1742
2704,1,1_1,0.24,0.1026,0.1918
2705,1,1_1,0.24,0.1538,0.1494
2706,1,1_1,0.24,0.10333,0.1454
2707,1,1_1,0.24,0.1915,0.127
2708,1,1_1,0.24,0.1506,0.119
2709,1,1_1,0.24,0.1726,0.1438
2710,1,1_1,0.24,0.12134,0.1416
2711,1,1_1,0.24,0.1702,0.1836
2712,1,1_1,0.24,0.08307,0.1289
2713,1,1_1,0.24,0.0854,0.1543
2714,1,1_1,0.24,0.0535,0.1279
2715,1,1_1,0.24,0.1151,0.1414
2716,1,1_1,0.24,0.0844,0.1177
2717,1,1_1,0.24,0.09595,0.1531
2718,1,1_1,0.24,0.1525,0.11115
2719,1,1_1,0.24,0.188,0.1451
2720,1,1_1,0.24,0.02281,0.0883
2721,1,1_1,0.24,0.10364,0.1835
2722,1,1_1,0.24,0.10846,0.1516
2723,1,1_1,0.24,0.07385,0.1357
2724,1,1_1,0.24,0.2023,0.1787
2725,1,1_1,0.24,0.03714,0.10034
2726,1,1_1,0.24,0.1425,0.127
2727,1,1_1,0.24,0.0909,0.11816
2728,1,1_1,0.24,0.1398,0.1282
2729,1,1_1,0.24,0.1241,0.1549
2730,1,1_1,0.24,0.0598,0.1278
2731,1,1_1,0.24,0.0848,0.1323
2732,1,1_1,0.24,0.1503,0.1304
2733,1,1_1,0.24,0.2037,0.1453
2734,1,1_1,0.24,0.05814,0.10693
2735,1,1_1,0.24,0.05228,0.1241
2736,1,1_1,0.24,0.1604,0.1339
2737,1,1_1,0.24,0.09155,0.1508
2738,1,1_1,0.24,0.1181,0.1318
2739,1,1_1,0.24,0.1521,0.1558
2740,1,1_1,0.24,0.04184,0.1114
2741,1,1_1,0.24,0.1038,0.1604
2742,1,1_1,0.24,0.12476,0.1477
2743,1,1_1,0.24,0.1759,0.1175
2744,1,1_1,0.24,0.1815,0.1816
2745,1,1_1,0.24,0.06683,0.1289
2746,1,1_1,0.24,0.05283,0.109
2747,1,1_1,0.24,0.1989,0.1525
2748,1,1_1,0.24,0.0503,0.1161
2749,1,1_1,0.24,0.07556,0.1643
2750,1,1_1,0.24,0.04907,0.1304
2751,1,1_1,0.24,0.0389,0.09186
2752,1,1_1,0.24,0.1061,0.1631
2753,1,1_1,0.24,0.04333,0.11523
2754,1,1_1,0.24,0.1685,0.1779
2755,1,1_1,0.24,0.0813,0.1159
2756,1,1_1,0.24,0.1561,0.1825
2757,1,1_1,0.24,0.1466,0.136
2758,1,1_1,0.24,0.1227,0.1868
2759,1,1_1,0.24,0.03099,0.0988
2760,1,1_1,0.24,0.2069,0.1475
2761,1,1_1,0.24,0.1026,0.11847
2762,1,1_1,0.24,0.1901,0.1273
2763,1,1_1,0.24,0.0823,0.1462
2764,1,1_1,0.24,0.09393,0.1265
2765,1,1_1,0.24,0.1997,0.1934
2766,1,1_1,0.24,0.1929,0.2075
2767,1,1_1,0.24,0.10455,0.1893
2768,1,1_1,0.24,0.1528,0.1367
2769,1,1_1,0.24,0.1775,0.2156
2770,1,1_1,0.24,0.1954,0.1686
2771,1,1_1,0.24,0.1082,0.1274
2772,1,1_1,0.24,0.1145,0.126
2773,1,1_1,0.24,0.1632,0.1492
2774,1,1_1,0.24,0.0655,0.1349
2775,1,1_1,0.24,0.0557,0.11426
2776,1,1_1,0.24,0.07166,0.1188
2777,1,1_1,0.24,0.2062,0.1708
2778,1,1_1,0.24,0.0434,0.0971
2779,1,1_1,0.24,0.0799,0.1174
2780,1,1_1,0.24,0.0446,0.1115
2781,1,1_1,0.24,0.03174,0.0906
2782,1,1_1,0.24,0.1302,0.1448
2783,1,1_1,0.24,0.1626,0.1389
2784,1,1_1,0.24,0.1727,0.1533
2785,1,1_1,0.24,0.086,0.12427
2786,1,1_1,0.24,0.05283,0.11914
2787,1,1_1,0.24,0.1223,0.12335
2788,1,1_1,0.24,0.08374,0.113
2789,1,1_1,0.24,0.1515,0.2085
2790,1,1_1,0.24,0.08374,0.106
2791,1,1_1,0.24,0.1417,0.2788
2792,1,1_1,0.24,0.0904,0.1506
2793,1,1_1,0.24,0.03998,0.1109
2794,1,1_1,0.24,0.02116,0.0811
2795,1,1_1,0.24,0.0642,0.1641
2796,1,1_1,0.24,0.0803,0.1188
2797,1,1_1,0.24,0.04257,0.0946
2798,1,1_1,0.24,0.1648,0.1256
2799,1,1_1,0.24,0.1244,0.1632
2800,1,1_1,0.24,0.1812,0.1558
2801,1,1_1,0.24,0.14,0.1718
2802,1,1_1,0.24,0.1428,0.1309
2803,1,1_1,0.24,0.02502,0.0753
2804,1,1_1,0.24,0.0798,0.132
2805,1,1_1,0.24,0.03082,0.08685
2806,1,1_1,0.24,0.1622,0.12
2807,1,1_1,0.24,0.11487,0.2067
2808,1,1_1,0.24,0.06384,0.1487
2809,1,1_1,0.24,0.1277,0.2042
2810,1,1_1,0.24,0.1084,0.1544
2811,1,1_1,0.24,0.2106,0.1327
2812,1,1_1,0.24,0.1192,0.2827
2813,1,1_1,0.24,0.12256,0.1306
2814,1,1_1,0.24,0.1094,0.1382
2815,1,1_1,0.24,0.1256,0.1555
2816,1,1_1,0.24,0.1034,0.1313
2817,1,1_1,0.24,0.0988,0.1179
2818,1,1_1,0.24,0.05252,0.1587
2819,1,1_1,0.24,0.22,0.1807
2820,1,1_1,0.24,0.07513,0.1019
2821,1,1_1,0.24,0.1078,0.1733
2822,1,1_1,0.24,0.19,0.2086
2823,1,1_1,0.24,0.1604,0.1382
2824,1,1_1,0.24,0.0792,0.1188
2825,1,1_1,0.24,0.11475,0.1346
2826,1,1_1,0.24,0.09174,0.1245
2827,1,1_1,0.24,0.0377,0.1011
2828,1,1_1,0.24,0.1876,0.1616
2829,1,1_1,0.24,0.04572,0.095
2830,1,1_1,0.24,0.0706,0.10565
2831,1,1_1,0.24,0.1254,0.1205
2832,1,1_1,0.24,0.08,0.11584
2833,1,1_1,0.24,0.1476,0.1971
2834,1,1_1,0.24,0.0823,0.11755
2835,1,1_1,0.24,0.0792,0.1333
2836,1,1_1,0.24,0.09424,0.1504
2837,1,1_1,0.24,0.1171,0.168
2838,1,1_1,0.24,0.04382,0.1704
2839,1,1_1,0.24,0.131,0.1217
2840,1,1_1,0.24,0.1202,0.1472
2841,1,1_1,0.24,0.1649,0.1897
2842,1,1_1,0.24,0.1415,0.218
2843,1,1_1,0.24,0.07855,0.12195
2844,1,1_1,0.24,0.1564,0.1605
2845,1,1_1,0.24,0.10706,0.12476
2846,1,1_1,0.24,0.1713,0.1257
2847,1,1_1,0.24,0.08307,0.1355
2848,1,1_1,0.24,0.1242,0.1348
2849,1,1_1,0.24,0.1547,0.1698
2850,1,1_1,0.24,0.0776,0.1183
2851,1,1_1,0.24,0.11816,0.143
2852,1,1_1,0.24,0.1754,0.18
2853,1,1_1,0.24,0.0759,0.1355
2854,1,1_1,0.24,0.1833,0.1375
2855,1,1_1,0.24,0.1053,0.1581
2856,1,1_1,0.24,0.1114,0.1514
2857,1,1_1,0.24,0.10114,0.11096
2858,1,1_1,0.24,0.1871,0.254
2859,1,1_1,0.24,0.1678,0.1433
2860,1,1_1,0.24,0.08954,0.1257
2861,1,1_1,0.24,0.1056,0.1288
2862,1,1_1,0.24,0.1268,0.1266
2863,1,1_1,0.24,0.1254,0.1317
2864,1,1_1,0.24,0.1055,0.11725
2865,1,1_1,0.24,0.1852,0.1324
2866,1,1_1,0.24,0.0675,0.1459
2867,1,1_1,0.24,0.11536,0.2294
2868,1,1_1,0.24,0.06335,0.0995
2869,1,1_1,0.24,0.04004,0.175
2870,1,1_1,0.24,0.159,0.1638
2871,1,1_1,0.24,0.05457,0.1021
2872,1,1_1,0.24,0.1346,0.1284
2873,1,1_1,0.24,0.09937,0.1462
2874,1,1_1,0.24,0.082,0.1078
2875,1,1_1,0.24,0.1615,0.1534
2876,1,1_1,0.24,0.11444,0.1875
2877,1,1_1,0.24,0.08936,0.11456
2878,1,1_1,0.24,0.1326,0.1387
2879,1,1_1,0.24,0.1344,0.1212
2880,1,1_1,0.24,0.1963,0.143
2881,1,1_1,0.24,0.0996,0.1422
2882,1,1_1,0.24,0.1686,0.176
2883,1,1_1,0.24,0.1873,0.1506
2884,1,1_1,0.24,0.1914,0.1416
2885,1,1_1,0.24,0.1655,0.2013
2886,1,1_1,0.24,0.1223,0.1475
2887,1,1_1,0.24,0.2,0.1543
2888,1,1_1,0.24,0.11993,0.2075
2889,1,1_1,0.24,0.03998,0.0956
2890,1,1_1,0.24,0.1506,0.154
2891,1,1_1,0.24,0.0912,0.1323
2892,1,1_1,0.24,0.159,0.1577
2893,1,1_1,0.24,0.0399,0.09424
2894,1,1_1,0.24,0.04956,0.1036
2895,1,1_1,0.24,0.0953,0.12146
2896,1,1_1,0.24,0.1583,0.1521
2897,1,1_1,0.24,0.05115,0.12177
2898,1,1_1,0.24,0.0998,0.1924
2899,1,1_1,0.24,0.1984,0.2983
2900,1,1_1,0.24,0.1714,0.1254
2901,1,1_1,0.24,0.1107,0.1245
2902,1,1_1,0.24,0.11304,0.1595
2903,1,1_1,0.24,0.167,0.1588
2904,1,1_1,0.24,0.1733,0.1378
2905,1,1_1,0.24,0.03873,0.08966
2906,1,1_1,0.24,0.2094,0.1847
2907,1,1_1,0.24,0.056,0.1461
2908,1,1_1,0.24,0.1257,0.1191
2909,1,1_1,0.24,0.2135,0.1511
2910,1,1_1,0.24,0.1909,0.1921
2911,1,1_1,0.24,0.1035,0.1562
2912,1,1_1,0.24,0.1066,0.11115
2913,1,1_1,0.24,0.1544,0.1313
2914,1,1_1,0.24,0.08276,0.18
2915,1,1_1,0.24,0.1707,0.2532
2916,1,1_1,0.24,0.1765,0.1234
2917,1,1_1,0.24,0.1266,0.1477
2918,1,1_1,0.24,0.1477,0.1329
2919,1,1_1,0.24,0.1338,0.2058
2920,1,1_1,0.24,0.1255,0.1532
2921,1,1_1,0.24,0.0996,0.2644
2922,1,1_1,0.24,0.05765,0.1006
2923,1,1_1,0.24,0.1017,0.1399
2924,1,1_1,0.24,0.11774,0.1443
2925,1,1_1,0.24,0.0601,0.11993
2926,1,1_1,0.24,0.09784,0.1273
2927,1,1_1,0.24,0.1597,0.1804
2928,1,1_1,0.24,0.06256,0.1224
2929,1,1_1,0.24,0.0962,0.1282
2930,1,1_1,0.24,0.0615,0.11804
2931,1,1_1,0.24,0.1691,0.1489
2932,1,1_1,0.24,0.12195,0.1577
2933,1,1_1,0.24,0.1943,0.1613
2934,1,1_1,0.24,0.1501,0.154
2935,1,1_1,0.24,0.04016,0.094
2936,1,1_1,0.24,0.04837,0.1139
2937,1,1_1,0.24,0.1582,0.167
2938,1,1_1,0.24,0.1339,0.1322
2939,1,1_1,0.24,0.1268,0.11865
2940,1,1_1,0.24,0.12134,0.1514
2941,1,1_1,0.24,0.1387,0.1736
2942,1,1_1,0.24,0.06915,0.1147
2943,1,1_1,0.24,0.2025,0.1464
2944,1,1_1,0.24,0.1378,0.1184
2945,1,1_1,0.24,0.09644,0.1433
2946,1,1_1,0.24,0.1829,0.2351
2947,1,1_1,0.24,0.1859,0.1863
2948,1,1_1,0.24,0.11426,0.1237
2949,1,1_1,0.24,0.1041,0.1267
2950,1,1_1,0.24,0.1918,0.1749
2951,1,1_1,0.24,0.0942,0.2109
2952,1,1_1,0.24,0.1678,0.1449
2953,1,1_1,0.24,0.1519,0.143
2954,1,1_1,0.24,0.1649,0.2062
2955,1,1_1,0.24,0.1768,0.1128
2956,1,1_1,0.24,0.0992,0.1724
2957,1,1_1,0.24,0.11304,0.12384
2958,1,1_1,0.24,0.0807,0.1329
2959,1,1_1,0.24,0.07104,0.1306
2960,1,1_1,0.24,0.1781,0.1533
2961,1,1_1,0.24,0.06555,0.1282
2962,1,1_1,0.24,0.09955,0.1527
2963,1,1_1,0.24,0.0638,0.1114
2964,1,1_1,0.24,0.1489,0.1404
2965,1,1_1,0.24,0.0615,0.12244
2966,1,1_1,0.24,0.1575,0.1705
2967,1,1_1,0.24,0.08496,0.12115
2968,1,1_1,0.24,0.1058,0.1265
2969,1,1_1,0.24,0.07764,0.1428
2970,1,1_1,0.24,0.2059,0.1708
2971,1,1_1,0.24,0.1008,0.1298
2972,1,1_1,0.24,0.0742,0.211
2973,1,1_1,0.24,0.02881,0.08344
2974,1,1_1,0.24,0.05075,0.09674
2975,1,1_1,0.24,0.129,0.141
2976,1,1_1,0.24,0.1442,0.1611
2977,1,1_1,0.24,0.1407,0.12415
2978,1,1_1,0.24,0.1366,0.132
2979,1,1_1,0.24,0.11957,0.125
2980,1,1_1,0.24,0.08685,0.1542
2981,1,1_1,0.24,0.05054,0.0994
2982,1,1_1,0.24,0.09375,0.11774
2983,1,1_1,0.24,0.1729,0.1136
2984,1,1_1,0.24,0.08954,0.222
2985,1,1_1,0.24,0.08057,0.1292
2986,1,1_1,0.24,0.1876,0.1561
2987,1,1_1,0.24,0.1709,0.1636
2988,1,1_1,0.24,0.1636,0.1548
2989,1,1_1,0.24,0.1467,0.1523
2990,1,1_1,0.24,0.1783,0.1683
2991,1,1_1,0.24,0.151,0.1595
2992,1,1_1,0.24,0.0848,0.1572
2993,1,1_1,0.24,0.145,0.1332
2994,1,1_1,0.24,0.1099,0.1675
2995,1,1_1,0.24,0.0514,0.1129
2996,1,1_1,0.24,0.10565,0.1299
2997,1,1_1,0.24,0.1598,0.1505
2998,1,1_1,0.24,0.1733,0.1882
2999,1,1_1,0.24,0.08563,0.1406
3000,1,1_2,0.08,0.01796,0.06903
3001,1,1_2,0.08,0.01967,0.06885
3002,1,1_2,0.08,0.02654,0.0685
3003,1,1_2,0.08,0.02383,0.0746
3004,1,1_2,0.08,0.02347,0.071
3005,1,1_2,0.08,0.02487,0.07324
3006,1,1_2,0.08,0.01912,0.0719
3007,1,1_2,0.08,0.02022,0.0675
3008,1,1_2,0.08,0.0314,0.07074
3009,1,1_2,0.08,0.01915,0.0743
3010,1,1_2,0.08,0.01776,0.0763
3011,1,1_2,0.08,0.0196,0.0703
3012,1,1_2,0.08,0.0229,0.0706
3013,1,1_2,0.08,0.02335,0.07983
3014,1,1_2,0.08,0.03574,0.07434
3015,1,1_2,0.08,0.02403,0.0708
3016,1,1_2,0.08,0.02179,0.07104
3017,1,1_2,0.08,0.02423,0.0755
3018,1,1_2,0.08,0.02089,0.0723
3019,1,1_2,0.08,0.02005,0.06915
3020,1,1_2,0.08,0.0233,0.07385
3021,1,1_2,0.08,0.02127,0.0738
3022,1,1_2,0.08,0.0192,0.0812
3023,1,1_2,0.08,0.02527,0.0727
3024,1,1_2,0.08,0.04587,0.08826
3025,1,1_2,0.08,0.0219,0.0727
3026,1,1_2,0.08,0.025,0.07117
3027,1,1_2,0.08,0.02284,0.06903
3028,1,1_2,0.08,0.01662,0.0725
3029,1,1_2,0.08,0.02858,0.08386
3030,1,1_2,0.08,0.0247,0.07043
3031,1,1_2,0.08,0.03119,0.0788
3032,1,1_2,0.08,0.02235,0.0661
3033,1,1_2,0.08,0.01877,0.07587
3034,1,1_2,0.08,0.01778,0.0695
3035,1,1_2,0.08,0.02179,0.0706
3036,1,1_2,0.08,0.02496,0.0757
3037,1,1_2,0.08,0.02498,0.0691
3038,1,1_2,0.08,0.02065,0.07434
3039,1,1_2,0.08,0.02116,0.06915
3040,1,1_2,0.08,0.0247,0.0674
3041,1,1_2,0.08,0.02866,0.07074
3042,1,1_2,0.08,0.02275,0.0678
3043,1,1_2,0.08,0.02513,0.0767
3044,1,1_2,0.08,0.01938,0.07623
3045,1,1_2,0.08,0.02414,0.06793
3046,1,1_2,0.08,0.03323,0.0843
3047,1,1_2,0.08,0.0246,0.074
3048,1,1_2,0.08,0.01712,0.078
3049,1,1_2,0.08,0.02426,0.0694
3050,1,1_2,0.08,0.02332,0.0734
3051,1,1_2,0.08,0.0212,0.0834
3052,1,1_2,0.08,0.02489,0.07007
3053,1,1_2,0.08,0.01953,0.0718
3054,1,1_2,0.08,0.0217,0.06647
3055,1,1_2,0.08,0.02757,0.0686
3056,1,1_2,0.08,0.02307,0.07495
3057,1,1_2,0.08,0.02322,0.0767
3058,1,1_2,0.08,0.02094,0.072
3059,1,1_2,0.08,0.0224,0.06934
3060,1,1_2,0.08,0.02173,0.07715
3061,1,1_2,0.08,0.02701,0.0753
3062,1,1_2,0.08,0.02528,0.06836
3063,1,1_2,0.08,0.01991,0.0673
3064,1,1_2,0.08,0.02553,0.0687
3065,1,1_2,0.08,0.01701,0.0713
3066,1,1_2,0.08,0.02316,0.0832
3067,1,1_2,0.08,0.01817,0.0768
3068,1,1_2,0.08,0.02382,0.07043
3069,1,1_2,0.08,0.02448,0.0675
3070,1,1_2,0.08,0.01973,0.07275
3071,1,1_2,0.08,0.02122,0.07904
3072,1,1_2,0.08,0.01646,0.0761
3073,1,1_2,0.08,0.02223,0.0697
3074,1,1_2,0.08,0.02797,0.06976
3075,1,1_2,0.08,0.02678,0.07
3076,1,1_2,0.08,0.02226,0.0667
3077,1,1_2,0.08,0.02069,0.0703
3078,1,1_2,0.08,0.0199,0.07196
3079,1,1_2,0.08,0.0232,0.07117
3080,1,1_2,0.08,0.01752,0.07043
3081,1,1_2,0.08,0.02502,0.0714
3082,1,1_2,0.08,0.04913,0.10046
3083,1,1_2,0.08,0.02762,0.0714
3084,1,1_2,0.08,0.02304,0.07666
3085,1,1_2,0.08,0.02626,0.0717
3086,1,1_2,0.08,0.01962,0.0692
3087,1,1_2,0.08,0.02882,0.0696
3088,1,1_2,0.08,0.02489,0.0819
3089,1,1_2,0.08,0.02155,0.0732
3090,1,1_2,0.08,0.01826,0.07214
3091,1,1_2,0.08,0.01733,0.0748
3092,1,1_2,0.08,0.02065,0.06934
3093,1,1_2,0.08,0.02377,0.069
3094,1,1_2,0.08,0.02368,0.0691
3095,1,1_2,0.08,0.02094,0.07135
3096,1,1_2,0.08,0.01736,0.0777
3097,1,1_2,0.08,0.0255,0.07056
3098,1,1_2,0.08,0.0225,0.0678
3099,1,1_2,0.08,0.02472,0.07556
3100,1,1_2,0.08,0.02002,0.07886
3101,1,1_2,0.08,0.02632,0.0709
3102,1,1_2,0.08,0.02364,0.0832
3103,1,1_2,0.08,0.01967,0.06915
3104,1,1_2,0.08,0.02434,0.0713
3105,1,1_2,0.08,0.01924,0.07056
3106,1,1_2,0.08,0.02599,0.0766
3107,1,1_2,0.08,0.03119,0.07294
3108,1,1_2,0.08,0.02457,0.0781
3109,1,1_2,0.08,0.02019,0.0699
3110,1,1_2,0.08,0.023,0.0673
3111,1,1_2,0.08,0.0218,0.0751
3112,1,1_2,0.08,0.0231,0.0696
3113,1,1_2,0.08,0.02719,0.0744
3114,1,1_2,0.08,0.02753,0.07117
3115,1,1_2,0.08,0.02153,0.0701
3116,1,1_2,0.08,0.02287,0.07446
3117,1,1_2,0.08,0.0432,0.0927
3118,1,1_2,0.08,0.02437,0.068
3119,1,1_2,0.08,0.02133,0.0698
3120,1,1_2,0.08,0.02515,0.0792
3121,1,1_2,0.08,0.02966,0.0746
3122,1,1_2,0.08,0.02069,0.0726
3123,1,1_2,0.08,0.0256,0.07166
3124,1,1_2,0.08,0.02959,0.0736
3125,1,1_2,0.08,0.02148,0.0757
3126,1,1_2,0.08,0.0183,0.0692
3127,1,1_2,0.08,0.02104,0.07526
3128,1,1_2,0.08,0.02403,0.0703
3129,1,1_2,0.08,0.03763,0.0749
3130,1,1_2,0.08,0.02435,0.0697
3131,1,1_2,0.08,0.0208,0.0761
3132,1,1_2,0.08,0.02168,0.06757
3133,1,1_2,0.08,0.0256,0.0728
3134,1,1_2,0.08,0.02478,0.07074
3135,1,1_2,0.08,0.02638,0.06934
3136,1,1_2,0.08,0.0262,0.07367
3137,1,1_2,0.08,0.01793,0.07227
3138,1,1_2,0.08,0.02106,0.0692
3139,1,1_2,0.08,0.02162,0.0697
3140,1,1_2,0.08,0.02255,0.07056
3141,1,1_2,0.08,0.02467,0.07837
3142,1,1_2,0.08,0.01974,0.0739
3143,1,1_2,0.08,0.02504,0.0704
3144,1,1_2,0.08,0.02467,0.0733
3145,1,1_2,0.08,0.01993,0.0721
3146,1,1_2,0.08,0.01843,0.0809
3147,1,1_2,0.08,0.02443,0.0743
3148,1,1_2,0.08,0.0168,0.0718
3149,1,1_2,0.08,0.019,0.0712
3150,1,1_2,0.08,0.01944,0.069
3151,1,1_2,0.08,0.02037,0.06934
3152,1,1_2,0.08,0.02121,0.08093
3153,1,1_2,0.08,0.02263,0.0681
3154,1,1_2,0.08,0.02164,0.0687
3155,1,1_2,0.08,0.0333,0.07544
3156,1,1_2,0.08,0.02002,0.07196
3157,1,1_2,0.08,0.0217,0.06976
3158,1,1_2,0.08,0.02434,0.07196
3159,1,1_2,0.08,0.0255,0.07556
3160,1,1_2,0.08,0.02457,0.07
3161,1,1_2,0.08,0.02344,0.0712
3162,1,1_2,0.08,0.01955,0.07806
3163,1,1_2,0.08,0.01895,0.0728
3164,1,1_2,0.08,0.02003,0.0768
3165,1,1_2,0.08,0.02812,0.0789
3166,1,1_2,0.08,0.02307,0.0736
3167,1,1_2,0.08,0.02411,0.06915
3168,1,1_2,0.08,0.02278,0.0753
3169,1,1_2,0.08,0.02046,0.08264
3170,1,1_2,0.08,0.01991,0.06793
3171,1,1_2,0.08,0.02359,0.0732
3172,1,1_2,0.08,0.02135,0.0712
3173,1,1_2,0.08,0.02518,0.0697
3174,1,1_2,0.08,0.02075,0.0749
3175,1,1_2,0.08,0.02502,0.0696
3176,1,1_2,0.08,0.03058,0.0768
3177,1,1_2,0.08,0.02406,0.0687
3178,1,1_2,0.08,0.02652,0.07855
3179,1,1_2,0.08,0.0222,0.0708
3180,1,1_2,0.08,0.01978,0.0784
3181,1,1_2,0.08,0.01886,0.0724
3182,1,1_2,0.08,0.02275,0.0684
3183,1,1_2,0.08,0.01663,0.0924
3184,1,1_2,0.08,0.02386,0.0734
3185,1,1_2,0.08,0.02202,0.0733
3186,1,1_2,0.08,0.0274,0.07056
3187,1,1_2,0.08,0.02254,0.0706
3188,1,1_2,0.08,0.02776,0.0729
3189,1,1_2,0.08,0.02007,0.0855
3190,1,1_2,0.08,0.01654,0.073
3191,1,1_2,0.08,0.02414,0.07166
3192,1,1_2,0.08,0.02507,0.07336
3193,1,1_2,0.08,0.02321,0.069
3194,1,1_2,0.08,0.02167,0.0733
3195,1,1_2,0.08,0.02599,0.0716
3196,1,1_2,0.08,0.01826,0.07886
3197,1,1_2,0.08,0.0267,0.07574
3198,1,1_2,0.08,0.02364,0.07135
3199,1,1_2,0.08,0.02077,0.0719
3200,1,1_2,0.08,0.0347,0.0735
3201,1,1_2,0.08,0.01848,0.0712
3202,1,1_2,0.08,0.02072,0.0691
3203,1,1_2,0.08,0.0214,0.0755
3204,1,1_2,0.08,0.02786,0.06946
3205,1,1_2,0.08,0.02498,0.0721
3206,1,1_2,0.08,0.0184,0.07324
3207,1,1_2,0.08,0.02232,0.07153
3208,1,1_2,0.08,0.02835,0.07025
3209,1,1_2,0.08,0.02669,0.09125
3210,1,1_2,0.08,0.02266,0.06854
3211,1,1_2,0.08,0.0291,0.0743
3212,1,1_2,0.08,0.01962,0.07324
3213,1,1_2,0.08,0.02327,0.0757
3214,1,1_2,0.08,0.02698,0.07184
3215,1,1_2,0.08,0.02252,0.06903
3216,1,1_2,0.08,0.02122,0.08154
3217,1,1_2,0.08,0.02242,0.0728
3218,1,1_2,0.08,0.02332,0.0717
3219,1,1_2,0.08,0.0227,0.08105
3220,1,1_2,0.08,0.02417,0.0721
3221,1,1_2,0.08,0.02422,0.07587
3222,1,1_2,0.08,0.02785,0.0799
3223,1,1_2,0.08,0.02022,0.0824
3224,1,1_2,0.08,0.02634,0.07574
3225,1,1_2,0.08,0.01886,0.06866
3226,1,1_2,0.08,0.02371,0.0707
3227,1,1_2,0.08,0.0325,0.07495
3228,1,1_2,0.08,0.02411,0.0712
3229,1,1_2,0.08,0.02023,0.07025
3230,1,1_2,0.08,0.02832,0.0717
3231,1,1_2,0.08,0.01747,0.06946
3232,1,1_2,0.08,0.0223,0.0703
3233,1,1_2,0.08,0.03096,0.06976
3234,1,1_2,0.08,0.01836,0.0744
3235,1,1_2,0.08,0.02594,0.0702
3236,1,1_2,0.08,0.01985,0.0761
3237,1,1_2,0.08,0.02142,0.078
3238,1,1_2,0.08,0.01808,0.07825
3239,1,1_2,0.08,0.02126,0.07086
3240,1,1_2,0.08,0.02475,0.07935
3241,1,1_2,0.08,0.02121,0.0687
3242,1,1_2,0.08,0.02,0.08203
3243,1,1_2,0.08,0.02127,0.07153
3244,1,1_2,0.08,0.01965,0.07086
3245,1,1_2,0.08,0.02843,0.0965
3246,1,1_2,0.08,0.02014,0.0705
3247,1,1_2,0.08,0.01968,0.0742
3248,1,1_2,0.08,0.02795,0.071
3249,1,1_2,0.08,0.02762,0.0756
3250,1,1_2,0.08,0.02412,0.06854
3251,1,1_2,0.08,0.02184,0.08075
3252,1,1_2,0.08,0.02274,0.07587
3253,1,1_2,0.08,0.02164,0.06647
3254,1,1_2,0.08,0.02321,0.0685
3255,1,1_2,0.08,0.02368,0.06885
3256,1,1_2,0.08,0.02434,0.0707
3257,1,1_2,0.08,0.024,0.0692
3258,1,1_2,0.08,0.02135,0.07306
3259,1,1_2,0.08,0.02644,0.07544
3260,1,1_2,0.08,0.02028,0.07227
3261,1,1_2,0.08,0.02498,0.08264
3262,1,1_2,0.08,0.02687,0.0701
3263,1,1_2,0.08,0.01968,0.07477
3264,1,1_2,0.08,0.02213,0.0709
3265,1,1_2,0.08,0.0212,0.0725
3266,1,1_2,0.08,0.0239,0.0756
3267,1,1_2,0.08,0.0231,0.07184
3268,1,1_2,0.08,0.01993,0.0702
3269,1,1_2,0.08,0.03305,0.07623
3270,1,1_2,0.08,0.04047,0.08185
3271,1,1_2,0.08,0.02798,0.0703
3272,1,1_2,0.08,0.02104,0.0743
3273,1,1_2,0.08,0.04803,0.1016
3274,1,1_2,0.08,0.01979,0.0724
3275,1,1_2,0.08,0.02455,0.0718
3276,1,1_2,0.08,0.0402,0.0919
3277,1,1_2,0.08,0.0263,0.0703
3278,1,1_2,0.08,0.02385,0.06946
3279,1,1_2,0.08,0.02194,0.07135
3280,1,1_2,0.08,0.02324,0.07
3281,1,1_2,0.08,0.02567,0.071
3282,1,1_2,0.08,0.02477,0.07245
3283,1,1_2,0.08,0.02141,0.0762
3284,1,1_2,0.08,0.02477,0.0836
3285,1,1_2,0.08,0.02148,0.0682
3286,1,1_2,0.08,0.02388,0.06964
3287,1,1_2,0.08,0.02487,0.0801
3288,1,1_2,0.08,0.02512,0.0848
3289,1,1_2,0.08,0.01923,0.0777
3290,1,1_2,0.08,0.02573,0.06995
3291,1,1_2,0.08,0.02257,0.07825
3292,1,1_2,0.08,0.02219,0.06915
3293,1,1_2,0.08,0.02293,0.075
3294,1,1_2,0.08,0.025,0.0795
3295,1,1_2,0.08,0.01813,0.07526
3296,1,1_2,0.08,0.02098,0.0723
3297,1,1_2,0.08,0.0221,0.0755
3298,1,1_2,0.08,0.02289,0.0683
3299,1,1_2,0.08,0.01878,0.0708
3300,1,1_2,0.08,0.02359,0.0694
3301,1,1_2,0.08,0.01949,0.0704
3302,1,1_2,0.08,0.0239,0.0773
3303,1,1_2,0.08,0.01729,0.076
3304,1,1_2,0.08,0.02425,0.0723
3305,1,1_2,0.08,0.02559,0.0704
3306,1,1_2,0.08,0.02031,0.0743
3307,1,1_2,0.08,0.02011,0.0722
3308,1,1_2,0.08,0.02809,0.0756
3309,1,1_2,0.08,0.02783,0.0709
3310,1,1_2,0.08,0.02306,0.0708
3311,1,1_2,0.08,0.0266,0.0709
3312,1,1_2,0.08,0.0266,0.0728
3313,1,1_2,0.08,0.02158,0.0728
3314,1,1_2,0.08,0.02106,0.0828
3315,1,1_2,0.08,0.02023,0.08276
3316,1,1_2,0.08,0.02173,0.08484
3317,1,1_2,0.08,0.02266,0.06976
3318,1,1_2,0.08,0.02083,0.0881
3319,1,1_2,0.08,0.02342,0.0731
3320,1,1_2,0.08,0.02489,0.0718
3321,1,1_2,0.08,0.02325,0.0727
3322,1,1_2,0.08,0.02104,0.07043
3323,1,1_2,0.08,0.02475,0.06964
3324,1,1_2,0.08,0.01753,0.08234
3325,1,1_2,0.08,0.02487,0.08276
3326,1,1_2,0.08,0.02489,0.07404
3327,1,1_2,0.08,0.02007,0.0706
3328,1,1_2,0.08,0.02684,0.0967
3329,1,1_2,0.08,0.0236,0.072
3330,1,1_2,0.08,0.01901,0.0687
3331,1,1_2,0.08,0.02635,0.07367
3332,1,1_2,0.08,0.02438,0.0715
3333,1,1_2,0.08,0.03592,0.09894
3334,1,1_2,0.08,0.02213,0.0717
3335,1,1_2,0.08,0.0176,0.0729
3336,1,1_2,0.08,0.01826,0.0782
3337,1,1_2,0.08,0.02243,0.08026
3338,1,1_2,0.08,0.02217,0.0741
3339,1,1_2,0.08,0.02719,0.07355
3340,1,1_2,0.08,0.02261,0.07117
3341,1,1_2,0.08,0.02187,0.0723
3342,1,1_2,0.08,0.02347,0.073
3343,1,1_2,0.08,0.02039,0.09546
3344,1,1_2,0.08,0.0263,0.07446
3345,1,1_2,0.08,0.01932,0.0814
3346,1,1_2,0.08,0.02635,0.0784
3347,1,1_2,0.08,0.02112,0.06964
3348,1,1_2,0.08,0.01985,0.07947
3349,1,1_2,0.08,0.02296,0.06915
3350,1,1_2,0.08,0.02164,0.0744
3351,1,1_2,0.08,0.02278,0.0707
3352,1,1_2,0.08,0.02469,0.07837
3353,1,1_2,0.08,0.0168,0.0695
3354,1,1_2,0.08,0.02414,0.0699
3355,1,1_2,0.08,0.02536,0.0817
3356,1,1_2,0.08,0.0196,0.07605
3357,1,1_2,0.08,0.02818,0.0724
3358,1,1_2,0.08,0.02008,0.071
3359,1,1_2,0.08,0.02019,0.0761
3360,1,1_2,0.08,0.02373,0.075
3361,1,1_2,0.08,0.02014,0.07776
3362,1,1_2,0.08,0.02333,0.0699
3363,1,1_2,0.08,0.02806,0.08276
3364,1,1_2,0.08,0.02681,0.0752
3365,1,1_2,0.08,0.0229,0.0971
3366,1,1_2,0.08,0.02318,0.0704
3367,1,1_2,0.08,0.02365,0.0705
3368,1,1_2,0.08,0.02565,0.07513
3369,1,1_2,0.08,0.02565,0.0692
3370,1,1_2,0.08,0.02481,0.08466
3371,1,1_2,0.08,0.01828,0.07684
3372,1,1_2,0.08,0.02658,0.06866
3373,1,1_2,0.08,0.02388,0.0707
3374,1,1_2,0.08,0.01775,0.0927
3375,1,1_2,0.08,0.0175,0.078
3376,1,1_2,0.08,0.0208,0.07306
3377,1,1_2,0.08,0.03378,0.0787
3378,1,1_2,0.08,0.02127,0.0718
3379,1,1_2,0.08,0.0225,0.069
3380,1,1_2,0.08,0.02898,0.0797
3381,1,1_2,0.08,0.02065,0.0693
3382,1,1_2,0.08,0.02101,0.0727
3383,1,1_2,0.08,0.02238,0.06915
3384,1,1_2,0.08,0.0287,0.0809
3385,1,1_2,0.08,0.01912,0.0694
3386,1,1_2,0.08,0.02191,0.0703
3387,1,1_2,0.08,0.02959,0.0749
3388,1,1_2,0.08,0.01968,0.09094
3389,1,1_2,0.08,0.02403,0.07526
3390,1,1_2,0.08,0.02249,0.071
3391,1,1_2,0.08,0.02043,0.08154
3392,1,1_2,0.08,0.0245,0.0811
3393,1,1_2,0.08,0.02069,0.0775
3394,1,1_2,0.08,0.01901,0.0992
3395,1,1_2,0.08,0.01965,0.07086
3396,1,1_2,0.08,0.03033,0.0786
3397,1,1_2,0.08,0.03445,0.08154
3398,1,1_2,0.08,0.02303,0.08075
3399,1,1_2,0.08,0.02983,0.0737
3400,1,1_2,0.08,0.02368,0.07874
3401,1,1_2,0.08,0.01956,0.07513
3402,1,1_2,0.08,0.02052,0.0783
3403,1,1_2,0.08,0.02252,0.07007
3404,1,1_2,0.08,0.03017,0.07544
3405,1,1_2,0.08,0.01949,0.0728
3406,1,1_2,0.08,0.02048,0.0791
3407,1,1_2,0.08,0.02463,0.07916
3408,1,1_2,0.08,0.0234,0.094
3409,1,1_2,0.08,0.01872,0.0914
3410,1,1_2,0.08,0.02357,0.08276
3411,1,1_2,0.08,0.022,0.07025
3412,1,1_2,0.08,0.02167,0.07227
3413,1,1_2,0.08,0.02362,0.0764
3414,1,1_2,0.08,0.02362,0.0697
3415,1,1_2,0.08,0.02605,0.082
3416,1,1_2,0.08,0.03108,0.07874
3417,1,1_2,0.08,0.02505,0.0684
3418,1,1_2,0.08,0.022,0.0753
3419,1,1_2,0.08,0.02956,0.0727
3420,1,1_2,0.08,0.01997,0.08075
3421,1,1_2,0.08,0.02853,0.09155
3422,1,1_2,0.08,0.02556,0.0807
3423,1,1_2,0.08,0.03455,0.07855
3424,1,1_2,0.08,0.02531,0.06885
3425,1,1_2,0.08,0.02238,0.06976
3426,1,1_2,0.08,0.02975,0.0884
3427,1,1_2,0.08,0.02556,0.0735
3428,1,1_2,0.08,0.02171,0.0751
3429,1,1_2,0.08,0.02342,0.0755
3430,1,1_2,0.08,0.02287,0.0701
3431,1,1_2,0.08,0.02682,0.0724
3432,1,1_2,0.08,0.02466,0.08203
3433,1,1_2,0.08,0.02213,0.07446
3434,1,1_2,0.08,0.02031,0.07886
3435,1,1_2,0.08,0.03041,0.0762
3436,1,1_2,0.08,0.02742,0.0778
3437,1,1_2,0.08,0.02368,0.06915
3438,1,1_2,0.08,0.02423,0.0701
3439,1,1_2,0.08,0.02058,0.0687
3440,1,1_2,0.08,0.02272,0.074
3441,1,1_2,0.08,0.02898,0.07684
3442,1,1_2,0.08,0.0256,0.07214
3443,1,1_2,0.08,0.02032,0.07117
3444,1,1_2,0.08,0.01895,0.0708
3445,1,1_2,0.08,0.0232,0.0704
3446,1,1_2,0.08,0.01935,0.0799
3447,1,1_2,0.08,0.0412,0.0969
3448,1,1_2,0.08,0.02405,0.06915
3449,1,1_2,0.08,0.02527,0.0715
3450,1,1_2,0.08,0.023,0.0891
3451,1,1_2,0.08,0.02612,0.073
3452,1,1_2,0.08,0.02736,0.07263
3453,1,1_2,0.08,0.02138,0.0735
3454,1,1_2,0.08,0.02132,0.07513
3455,1,1_2,0.08,0.02284,0.06964
3456,1,1_2,0.08,0.0219,0.0777
3457,1,1_2,0.08,0.02316,0.07947
3458,1,1_2,0.08,0.02579,0.0715
3459,1,1_2,0.08,0.02554,0.07587
3460,1,1_2,0.08,0.02841,0.07715
3461,1,1_2,0.08,0.02187,0.0755
3462,1,1_2,0.08,0.022,0.0915
3463,1,1_2,0.08,0.02354,0.0773
3464,1,1_2,0.08,0.02374,0.0796
3465,1,1_2,0.08,0.01808,0.0709
3466,1,1_2,0.08,0.02235,0.0816
3467,1,1_2,0.08,0.02534,0.08997
3468,1,1_2,0.08,0.02206,0.08606
3469,1,1_2,0.08,0.02605,0.0882
3470,1,1_2,0.08,0.02213,0.0716
3471,1,1_2,0.08,0.0211,0.08545
3472,1,1_2,0.08,0.02594,0.0711
3473,1,1_2,0.08,0.0221,0.07404
3474,1,1_2,0.08,0.02016,0.07153
3475,1,1_2,0.08,0.03082,0.0708
3476,1,1_2,0.08,0.02179,0.0698
3477,1,1_2,0.08,0.03125,0.0763
3478,1,1_2,0.08,0.0231,0.0775
3479,1,1_2,0.08,0.0323,0.07666
3480,1,1_2,0.08,0.02231,0.0711
3481,1,1_2,0.08,0.03064,0.0799
3482,1,1_2,0.08,0.02327,0.0808
3483,1,1_2,0.08,0.02063,0.0775
3484,1,1_2,0.08,0.02444,0.07025
3485,1,1_2,0.08,0.02286,0.0698
3486,1,1_2,0.08,0.0189,0.0699
3487,1,1_2,0.08,0.0243,0.07184
3488,1,1_2,0.08,0.0225,0.0705
3489,1,1_2,0.08,0.02617,0.0747
3490,1,1_2,0.08,0.02275,0.0749
3491,1,1_2,0.08,0.02145,0.0711
3492,1,1_2,0.08,0.02347,0.0707
3493,1,1_2,0.08,0.02432,0.0697
3494,1,1_2,0.08,0.01968,0.06866
3495,1,1_2,0.08,0.02402,0.07324
3496,1,1_2,0.08,0.0235,0.07184
3497,1,1_2,0.08,0.01862,0.0732
3498,1,1_2,0.08,0.02032,0.07587
3499,1,1_2,0.08,0.02567,0.0695
3500,1,1_2,0.08,0.02051,0.0697
3501,1,1_2,0.08,0.02315,0.07025
3502,1,1_2,0.08,0.03375,0.0792
3503,1,1_2,0.08,0.02228,0.06903
3504,1,1_2,0.08,0.01994,0.0712
3505,1,1_2,0.08,0.03038,0.0763
3506,1,1_2,0.08,0.01996,0.0725
3507,1,1_2,0.08,0.02097,0.0708
3508,1,1_2,0.08,0.02888,0.08356
3509,1,1_2,0.08,0.02176,0.0685
3510,1,1_2,0.08,0.0193,0.074
3511,1,1_2,0.08,0.02016,0.0779
3512,1,1_2,0.08,0.02014,0.0708
3513,1,1_2,0.08,0.01605,0.077
3514,1,1_2,0.08,0.0207,0.0716
3515,1,1_2,0.08,0.01968,0.0748
3516,1,1_2,0.08,0.02834,0.0795
3517,1,1_2,0.08,0.02255,0.105
3518,1,1_2,0.08,0.02399,0.08246
3519,1,1_2,0.08,0.02136,0.07806
3520,1,1_2,0.08,0.02197,0.0721
3521,1,1_2,0.08,0.02194,0.0761
3522,1,1_2,0.08,0.02489,0.07416
3523,1,1_2,0.08,0.0502,0.1152
3524,1,1_2,0.08,0.01923,0.0851
3525,1,1_2,0.08,0.02809,0.07574
3526,1,1_2,0.08,0.0185,0.0691
3527,1,1_2,0.08,0.02925,0.07776
3528,1,1_2,0.08,0.02205,0.0702
3529,1,1_2,0.08,0.02148,0.06995
3530,1,1_2,0.08,0.02487,0.07605
3531,1,1_2,0.08,0.02145,0.0704
3532,1,1_2,0.08,0.02013,0.0734
3533,1,1_2,0.08,0.02539,0.0714
3534,1,1_2,0.08,0.02588,0.07605
3535,1,1_2,0.08,0.02335,0.0762
3536,1,1_2,0.08,0.02254,0.069
3537,1,1_2,0.08,0.0254,0.0715
3538,1,1_2,0.08,0.02232,0.07587
3539,1,1_2,0.08,0.02245,0.0688
3540,1,1_2,0.08,0.02301,0.07587
3541,1,1_2,0.08,0.02112,0.07465
3542,1,1_2,0.08,0.03053,0.07196
3543,1,1_2,0.08,0.0213,0.07104
3544,1,1_2,0.08,0.0222,0.0753
3545,1,1_2,0.08,0.02179,0.07294
3546,1,1_2,0.08,0.02122,0.0797
3547,1,1_2,0.08,0.02335,0.0734
3548,1,1_2,0.08,0.02266,0.07904
3549,1,1_2,0.08,0.01819,0.07855
3550,1,1_2,0.08,0.02129,0.0689
3551,1,1_2,0.08,0.01999,0.07056
3552,1,1_2,0.08,0.01854,0.0754
3553,1,1_2,0.08,0.0214,0.0716
3554,1,1_2,0.08,0.01906,0.07196
3555,1,1_2,0.08,0.02026,0.08844
3556,1,1_2,0.08,0.02257,0.0706
3557,1,1_2,0.08,0.01874,0.0747
3558,1,1_2,0.08,0.02153,0.0699
3559,1,1_2,0.08,0.02733,0.07495
3560,1,1_2,0.08,0.02477,0.07153
3561,1,1_2,0.08,0.0199,0.0777
3562,1,1_2,0.08,0.02132,0.07056
3563,1,1_2,0.08,0.03513,0.10205
3564,1,1_2,0.08,0.02257,0.0744
3565,1,1_2,0.08,0.02039,0.0707
3566,1,1_2,0.08,0.02254,0.0705
3567,1,1_2,0.08,0.01964,0.0692
3568,1,1_2,0.08,0.02086,0.0821
3569,1,1_2,0.08,0.02676,0.07275
3570,1,1_2,0.08,0.02303,0.0822
3571,1,1_2,0.08,0.02687,0.073
3572,1,1_2,0.08,0.02365,0.06885
3573,1,1_2,0.08,0.02016,0.07007
3574,1,1_2,0.08,0.02785,0.07025
3575,1,1_2,0.08,0.0234,0.08813
3576,1,1_2,0.08,0.02164,0.06964
3577,1,1_2,0.08,0.02061,0.0733
3578,1,1_2,0.08,0.02222,0.0757
3579,1,1_2,0.08,0.0193,0.0734
3580,1,1_2,0.08,0.02199,0.08514
3581,1,1_2,0.08,0.02129,0.0742
3582,1,1_2,0.08,0.02452,0.0703
3583,1,1_2,0.08,0.02455,0.07874
3584,1,1_2,0.08,0.02296,0.0702
3585,1,1_2,0.08,0.02173,0.0706
3586,1,1_2,0.08,0.02756,0.07227
3587,1,1_2,0.08,0.0264,0.0814
3588,1,1_2,0.08,0.02202,0.0707
3589,1,1_2,0.08,0.02724,0.08026
3590,1,1_2,0.08,0.02461,0.0712
3591,1,1_2,0.08,0.02249,0.0742
3592,1,1_2,0.08,0.02512,0.0696
3593,1,1_2,0.08,0.02336,0.07874
3594,1,1_2,0.08,0.02437,0.0709
3595,1,1_2,0.08,0.03204,0.07764
3596,1,1_2,0.08,0.0367,0.09204
3597,1,1_2,0.08,0.02441,0.0694
3598,1,1_2,0.08,0.018,0.078
3599,1,1_2,0.08,0.02097,0.0778
3600,1,1_2,0.08,0.02377,0.0728
3601,1,1_2,0.08,0.01932,0.06964
3602,1,1_2,0.08,0.01843,0.0783
3603,1,1_2,0.08,0.02463,0.0702
3604,1,1_2,0.08,0.02692,0.07623
3605,1,1_2,0.08,0.03075,0.07666
3606,1,1_2,0.08,0.02315,0.0733
3607,1,1_2,0.08,0.02223,0.0703
3608,1,1_2,0.08,0.03084,0.07764
3609,1,1_2,0.08,0.0277,0.086
3610,1,1_2,0.08,0.02063,0.0722
3611,1,1_2,0.08,0.02454,0.0716
3612,1,1_2,0.08,0.0255,0.06964
3613,1,1_2,0.08,0.02116,0.0755
3614,1,1_2,0.08,0.01802,0.07434
3615,1,1_2,0.08,0.04056,0.08136
3616,1,1_2,0.08,0.02565,0.0752
3617,1,1_2,0.08,0.02551,0.0686
3618,1,1_2,0.08,0.02702,0.07263
3619,1,1_2,0.08,0.02005,0.07135
3620,1,1_2,0.08,0.02356,0.06866
3621,1,1_2,0.08,0.02563,0.07275
3622,1,1_2,0.08,0.02318,0.0728
3623,1,1_2,0.08,0.02531,0.07574
3624,1,1_2,0.08,0.02438,0.0692
3625,1,1_2,0.08,0.02332,0.0713
3626,1,1_2,0.08,0.02423,0.0726
3627,1,1_2,0.08,0.02087,0.07806
3628,1,1_2,0.08,0.02197,0.074
3629,1,1_2,0.08,0.02834,0.07416
3630,1,1_2,0.08,0.02184,0.06903
3631,1,1_2,0.08,0.02277,0.0719
3632,1,1_2,0.08,0.02783,0.084
3633,1,1_2,0.08,0.02351,0.07434
3634,1,1_2,0.08,0.02753,0.0761
3635,1,1_2,0.08,0.0336,0.0774
3636,1,1_2,0.08,0.04767,0.0834
3637,1,1_2,0.08,0.0222,0.07465
3638,1,1_2,0.08,0.02328,0.0717
3639,1,1_2,0.08,0.02043,0.0881
3640,1,1_2,0.08,0.01999,0.0829
3641,1,1_2,0.08,0.0233,0.07275
3642,1,1_2,0.08,0.02252,0.07245
3643,1,1_2,0.08,0.02504,0.0765
3644,1,1_2,0.08,0.01959,0.07904
3645,1,1_2,0.08,0.01637,0.08185
3646,1,1_2,0.08,0.02003,0.07245
3647,1,1_2,0.08,0.02048,0.0697
3648,1,1_2,0.08,0.02673,0.08203
3649,1,1_2,0.08,0.04083,0.0818
3650,1,1_2,0.08,0.02448,0.07776
3651,1,1_2,0.08,0.02502,0.07056
3652,1,1_2,0.08,0.02522,0.0742
3653,1,1_2,0.08,0.02927,0.0901
3654,1,1_2,0.08,0.0221,0.0719
3655,1,1_2,0.08,0.03912,0.0826
3656,1,1_2,0.08,0.02187,0.0802
3657,1,1_2,0.08,0.01993,0.0791
3658,1,1_2,0.08,0.02184,0.0771
3659,1,1_2,0.08,0.02458,0.0705
3660,1,1_2,0.08,0.02109,0.07587
3661,1,1_2,0.08,0.01906,0.0755
3662,1,1_2,0.08,0.02304,0.0812
3663,1,1_2,0.08,0.01889,0.07263
3664,1,1_2,0.08,0.0221,0.07666
3665,1,1_2,0.08,0.02478,0.07733
3666,1,1_2,0.08,0.02,0.0768
3667,1,1_2,0.08,0.02159,0.0755
3668,1,1_2,0.08,0.02399,0.07526
3669,1,1_2,0.08,0.02544,0.07465
3670,1,1_2,0.08,0.0312,0.07166
3671,1,1_2,0.08,0.02386,0.0707
3672,1,1_2,0.08,0.02142,0.0841
3673,1,1_2,0.08,0.01743,0.07623
3674,1,1_2,0.08,0.02368,0.07117
3675,1,1_2,0.08,0.01953,0.0699
3676,1,1_2,0.08,0.03004,0.07996
3677,1,1_2,0.08,0.02107,0.0716
3678,1,1_2,0.08,0.02621,0.1056
3679,1,1_2,0.08,0.02113,0.07245
3680,1,1_2,0.08,0.02034,0.0786
3681,1,1_2,0.08,0.02332,0.0769
3682,1,1_2,0.08,0.02354,0.0692
3683,1,1_2,0.08,0.01892,0.0752
3684,1,1_2,0.08,0.02443,0.0783
3685,1,1_2,0.08,0.02652,0.0733
3686,1,1_2,0.08,0.01791,0.0839
3687,1,1_2,0.08,0.02301,0.0839
3688,1,1_2,0.08,0.0198,0.0795
3689,1,1_2,0.08,0.01965,0.08466
3690,1,1_2,0.08,0.03195,0.0767
3691,1,1_2,0.08,0.02481,0.0779
3692,1,1_2,0.08,0.03662,0.07776
3693,1,1_2,0.08,0.03207,0.0781
3694,1,1_2,0.08,0.01906,0.07764
3695,1,1_2,0.08,0.0226,0.06946
3696,1,1_2,0.08,0.02856,0.0747
3697,1,1_2,0.08,0.02386,0.0902
3698,1,1_2,0.08,0.01813,0.071
3699,1,1_2,0.08,0.02579,0.07056
3700,1,1_2,0.08,0.02116,0.07404
3701,1,1_2,0.08,0.02316,0.0793
3702,1,1_2,0.08,0.0241,0.1004
3703,1,1_2,0.08,0.02226,0.07043
3704,1,1_2,0.08,0.03111,0.0865
3705,1,1_2,0.08,0.02303,0.07135
3706,1,1_2,0.08,0.0272,0.07263
3707,1,1_2,0.08,0.02353,0.0758
3708,1,1_2,0.08,0.02187,0.07135
3709,1,1_2,0.08,0.02496,0.07104
3710,1,1_2,0.08,0.02269,0.07623
3711,1,1_2,0.08,0.02228,0.06885
3712,1,1_2,0.08,0.02002,0.08594
3713,1,1_2,0.08,0.03262,0.0952
3714,1,1_2,0.08,0.02126,0.0735
3715,1,1_2,0.08,0.02216,0.08044
3716,1,1_2,0.08,0.02373,0.0772
3717,1,1_2,0.08,0.01973,0.09174
3718,1,1_2,0.08,0.02249,0.06915
3719,1,1_2,0.08,0.0205,0.0733
3720,1,1_2,0.08,0.0176,0.07477
3721,1,1_2,0.08,0.01785,0.07245
3722,1,1_2,0.08,0.02327,0.06915
3723,1,1_2,0.08,0.02347,0.0702
3724,1,1_2,0.08,0.01588,0.077
3725,1,1_2,0.08,0.02606,0.08386
3726,1,1_2,0.08,0.02974,0.07623
3727,1,1_2,0.08,0.0203,0.07025
3728,1,1_2,0.08,0.021,0.0765
3729,1,1_2,0.08,0.02441,0.072
3730,1,1_2,0.08,0.02351,0.0788
3731,1,1_2,0.08,0.02399,0.07605
3732,1,1_2,0.08,0.02495,0.07446
3733,1,1_2,0.08,0.02974,0.0771
3734,1,1_2,0.08,0.01991,0.0778
3735,1,1_2,0.08,0.0208,0.0749
3736,1,1_2,0.08,0.01866,0.0727
3737,1,1_2,0.08,0.02371,0.0748
3738,1,1_2,0.08,0.0182,0.09155
3739,1,1_2,0.08,0.02202,0.06934
3740,1,1_2,0.08,0.01932,0.0959
3741,1,1_2,0.08,0.02557,0.07306
3742,1,1_2,0.08,0.02672,0.0738
3743,1,1_2,0.08,0.0185,0.0723
3744,1,1_2,0.08,0.02296,0.0703
3745,1,1_2,0.08,0.02336,0.07007
3746,1,1_2,0.08,0.02043,0.0754
3747,1,1_2,0.08,0.02464,0.0708
3748,1,1_2,0.08,0.02028,0.0747
3749,1,1_2,0.08,0.02481,0.08813
3750,1,1_2,0.08,0.02144,0.0731
3751,1,1_2,0.08,0.02496,0.07416
3752,1,1_2,0.08,0.0192,0.07007
3753,1,1_2,0.08,0.02298,0.07153
3754,1,1_2,0.08,0.02283,0.071
3755,1,1_2,0.08,0.0239,0.0747
3756,1,1_2,0.08,0.02412,0.0807
3757,1,1_2,0.08,0.02884,0.07465
3758,1,1_2,0.08,0.0203,0.09033
3759,1,1_2,0.08,0.02512,0.072
3760,1,1_2,0.08,0.02153,0.07306
3761,1,1_2,0.08,0.0259,0.08075
3762,1,1_2,0.08,0.02267,0.10223
3763,1,1_2,0.08,0.02112,0.0701
3764,1,1_2,0.08,0.02533,0.07916
3765,1,1_2,0.08,0.02182,0.07135
3766,1,1_2,0.08,0.02533,0.0716
3767,1,1_2,0.08,0.02115,0.0717
3768,1,1_2,0.08,0.02348,0.07666
3769,1,1_2,0.08,0.02184,0.06976
3770,1,1_2,0.08,0.02151,0.0758
3771,1,1_2,0.08,0.0315,0.07666
3772,1,1_2,0.08,0.01881,0.0743
3773,1,1_2,0.08,0.02185,0.0729
3774,1,1_2,0.08,0.02422,0.07355
3775,1,1_2,0.08,0.03021,0.0729
3776,1,1_2,0.08,0.02351,0.07214
3777,1,1_2,0.08,0.02673,0.0724
3778,1,1_2,0.08,0.02504,0.0759
3779,1,1_2,0.08,0.02414,0.07465
3780,1,1_2,0.08,0.02274,0.07043
3781,1,1_2,0.08,0.0281,0.0769
3782,1,1_2,0.08,0.01814,0.0787
3783,1,1_2,0.08,0.02199,0.06885
3784,1,1_2,0.08,0.02084,0.0744
3785,1,1_2,0.08,0.02512,0.0803
3786,1,1_2,0.08,0.02148,0.0691
3787,1,1_2,0.08,0.02094,0.0716
3788,1,1_2,0.08,0.02315,0.0692
3789,1,1_2,0.08,0.02289,0.0727
3790,1,1_2,0.08,0.0245,0.0781
3791,1,1_2,0.08,0.04514,0.08105
3792,1,1_2,0.08,0.01816,0.0746
3793,1,1_2,0.08,0.02223,0.0807
3794,1,1_2,0.08,0.01894,0.0737
3795,1,1_2,0.08,0.02066,0.0701
3796,1,1_2,0.08,0.02281,0.0824
3797,1,1_2,0.08,0.02026,0.0692
3798,1,1_2,0.08,0.023,0.0707
3799,1,1_2,0.08,0.02237,0.0716
3800,1,1_2,0.08,0.0437,0.08875
3801,1,1_2,0.08,0.0185,0.0761
3802,1,1_2,0.08,0.02185,0.07904
3803,1,1_2,0.08,0.03105,0.07416
3804,1,1_2,0.08,0.02121,0.0699
3805,1,1_2,0.08,0.02126,0.0711
3806,1,1_2,0.08,0.02023,0.07196
3807,1,1_2,0.08,0.02132,0.0698
3808,1,1_2,0.08,0.0295,0.0834
3809,1,1_2,0.08,0.02151,0.0895
3810,1,1_2,0.08,0.02257,0.07465
3811,1,1_2,0.08,0.02452,0.0724
3812,1,1_2,0.08,0.02031,0.0772
3813,1,1_2,0.08,0.02602,0.07135
3814,1,1_2,0.08,0.01999,0.0702
3815,1,1_2,0.08,0.02498,0.0753
3816,1,1_2,0.08,0.02716,0.0891
3817,1,1_2,0.08,0.02652,0.08154
3818,1,1_2,0.08,0.0297,0.0711
3819,1,1_2,0.08,0.01904,0.0703
3820,1,1_2,0.08,0.02835,0.07526
3821,1,1_2,0.08,0.0244,0.07104
3822,1,1_2,0.08,0.02429,0.07056
3823,1,1_2,0.08,0.01942,0.087
3824,1,1_2,0.08,0.0259,0.0821
3825,1,1_2,0.08,0.01833,0.07776
3826,1,1_2,0.08,0.02647,0.0839
3827,1,1_2,0.08,0.02455,0.06885
3828,1,1_2,0.08,0.02281,0.0703
3829,1,1_2,0.08,0.02107,0.0773
3830,1,1_2,0.08,0.03247,0.0957
3831,1,1_2,0.08,0.01683,0.0706
3832,1,1_2,0.08,0.02103,0.0749
3833,1,1_2,0.08,0.02052,0.07385
3834,1,1_2,0.08,0.02942,0.0815
3835,1,1_2,0.08,0.02754,0.07764
3836,1,1_2,0.08,0.02385,0.08374
3837,1,1_2,0.08,0.02324,0.07715
3838,1,1_2,0.08,0.03152,0.0724
3839,1,1_2,0.08,0.02055,0.0707
3840,1,1_2,0.08,0.02473,0.0804
3841,1,1_2,0.08,0.01724,0.0783
3842,1,1_2,0.08,0.02736,0.0721
3843,1,1_2,0.08,0.02046,0.0745
3844,1,1_2,0.08,0.02507,0.0708
3845,1,1_2,0.08,0.02444,0.0682
3846,1,1_2,0.08,0.02861,0.07275
3847,1,1_2,0.08,0.02365,0.07526
3848,1,1_2,0.08,0.0267,0.09125
3849,1,1_2,0.08,0.02005,0.07245
3850,1,1_2,0.08,0.02269,0.06964
3851,1,1_2,0.08,0.02249,0.0774
3852,1,1_2,0.08,0.02461,0.07666
3853,1,1_2,0.08,0.02092,0.0738
3854,1,1_2,0.08,0.02354,0.0797
3855,1,1_2,0.08,0.02951,0.0743
3856,1,1_2,0.08,0.02411,0.07745
3857,1,1_2,0.08,0.02222,0.0727
3858,1,1_2,0.08,0.02184,0.0935
3859,1,1_2,0.08,0.02464,0.07166
3860,1,1_2,0.08,0.02075,0.0714
3861,1,1_2,0.08,0.02478,0.07294
3862,1,1_2,0.08,0.02303,0.08276
3863,1,1_2,0.08,0.02504,0.0742
3864,1,1_2,0.08,0.02313,0.07605
3865,1,1_2,0.08,0.02176,0.0817
3866,1,1_2,0.08,0.0391,0.07874
3867,1,1_2,0.08,0.02544,0.07556
3868,1,1_2,0.08,0.02155,0.0773
3869,1,1_2,0.08,0.01788,0.074
3870,1,1_2,0.08,0.03317,0.08026
3871,1,1_2,0.08,0.024,0.0716
3872,1,1_2,0.08,0.02486,0.07153
3873,1,1_2,0.08,0.02168,0.07764
3874,1,1_2,0.08,0.02095,0.07837
3875,1,1_2,0.08,0.02982,0.0757
3876,1,1_2,0.08,0.03062,0.0771
3877,1,1_2,0.08,0.0341,0.0947
3878,1,1_2,0.08,0.02196,0.07306
3879,1,1_2,0.08,0.03326,0.0789
3880,1,1_2,0.08,0.02075,0.0781
3881,1,1_2,0.08,0.02312,0.07324
3882,1,1_2,0.08,0.01839,0.07605
3883,1,1_2,0.08,0.02127,0.0773
3884,1,1_2,0.08,0.02515,0.08215
3885,1,1_2,0.08,0.02417,0.082
3886,1,1_2,0.08,0.0246,0.0727
3887,1,1_2,0.08,0.0182,0.08704
3888,1,1_2,0.08,0.0252,0.077
3889,1,1_2,0.08,0.02734,0.0865
3890,1,1_2,0.08,0.02419,0.06964
3891,1,1_2,0.08,0.02145,0.0707
3892,1,1_2,0.08,0.01929,0.0731
3893,1,1_2,0.08,0.02884,0.09595
3894,1,1_2,0.08,0.02469,0.0716
3895,1,1_2,0.08,0.02525,0.07385
3896,1,1_2,0.08,0.02487,0.0711
3897,1,1_2,0.08,0.02806,0.0722
3898,1,1_2,0.08,0.0222,0.07336
3899,1,1_2,0.08,0.02136,0.0753
3900,1,1_2,0.08,0.02145,0.0726
3901,1,1_2,0.08,0.02563,0.07086
3902,1,1_2,0.08,0.02005,0.08057
3903,1,1_2,0.08,0.02647,0.07135
3904,1,1_2,0.08,0.02287,0.0789
3905,1,1_2,0.08,0.0237,0.0757
3906,1,1_2,0.08,0.022,0.07336
3907,1,1_2,0.08,0.03084,0.08
3908,1,1_2,0.08,0.02406,0.0805
3909,1,1_2,0.08,0.02019,0.0717
3910,1,1_2,0.08,0.02113,0.0705
3911,1,1_2,0.08,0.02492,0.0738
3912,1,1_2,0.08,0.02557,0.072
3913,1,1_2,0.08,0.0391,0.08295
3914,1,1_2,0.08,0.01852,0.0747
3915,1,1_2,0.08,0.02454,0.0689
3916,1,1_2,0.08,0.02194,0.07184
3917,1,1_2,0.08,0.01903,0.0711
3918,1,1_2,0.08,0.02257,0.0695
3919,1,1_2,0.08,0.02658,0.08594
3920,1,1_2,0.08,0.0389,0.08344
3921,1,1_2,0.08,0.02013,0.0771
3922,1,1_2,0.08,0.03082,0.0828
3923,1,1_2,0.08,0.02089,0.0738
3924,1,1_2,0.08,0.02705,0.0908
3925,1,1_2,0.08,0.02348,0.07263
3926,1,1_2,0.08,0.02426,0.07184
3927,1,1_2,0.08,0.01993,0.0717
3928,1,1_2,0.08,0.02028,0.08636
3929,1,1_2,0.08,0.03204,0.0777
3930,1,1_2,0.08,0.02158,0.0752
3931,1,1_2,0.08,0.02126,0.07526
3932,1,1_2,0.08,0.01895,0.07446
3933,1,1_2,0.08,0.02669,0.0812
3934,1,1_2,0.08,0.03064,0.07355
3935,1,1_2,0.08,0.02977,0.07837
3936,1,1_2,0.08,0.02296,0.07385
3937,1,1_2,0.08,0.02444,0.0732
3938,1,1_2,0.08,0.0233,0.074
3939,1,1_2,0.08,0.0189,0.0711
3940,1,1_2,0.08,0.02266,0.0806
3941,1,1_2,0.08,0.02147,0.0787
3942,1,1_2,0.08,0.02275,0.08075
3943,1,1_2,0.08,0.0217,0.07166
3944,1,1_2,0.08,0.02803,0.07544
3945,1,1_2,0.08,0.02216,0.0731
3946,1,1_2,0.08,0.02563,0.07605
3947,1,1_2,0.08,0.0216,0.079
3948,1,1_2,0.08,0.02591,0.0812
3949,1,1_2,0.08,0.03038,0.0735
3950,1,1_2,0.08,0.01747,0.07745
3951,1,1_2,0.08,0.0269,0.07324
3952,1,1_2,0.08,0.02472,0.07904
3953,1,1_2,0.08,0.02315,0.0709
3954,1,1_2,0.08,0.02533,0.0724
3955,1,1_2,0.08,0.01912,0.0734
3956,1,1_2,0.08,0.0208,0.07117
3957,1,1_2,0.08,0.0249,0.07776
3958,1,1_2,0.08,0.02046,0.0694
3959,1,1_2,0.08,0.0202,0.0757
3960,1,1_2,0.08,0.02324,0.0723
3961,1,1_2,0.08,0.02002,0.07227
3962,1,1_2,0.08,0.02669,0.07135
3963,1,1_2,0.08,0.04755,0.0903
3964,1,1_2,0.08,0.0248,0.0736
3965,1,1_2,0.08,0.03096,0.0852
3966,1,1_2,0.08,0.02362,0.0903
3967,1,1_2,0.08,0.02567,0.07385
3968,1,1_2,0.08,0.024,0.0775
3969,1,1_2,0.08,0.0203,0.0742
3970,1,1_2,0.08,0.02335,0.0763
3971,1,1_2,0.08,0.02283,0.0698
3972,1,1_2,0.08,0.0192,0.07416
3973,1,1_2,0.08,0.02534,0.0801
3974,1,1_2,0.08,0.02837,0.07294
3975,1,1_2,0.08,0.02586,0.0807
3976,1,1_2,0.08,0.02393,0.06995
3977,1,1_2,0.08,0.03253,0.0796
3978,1,1_2,0.08,0.02386,0.07043
3979,1,1_2,0.08,0.02435,0.0761
3980,1,1_2,0.08,0.02057,0.07007
3981,1,1_2,0.08,0.03833,0.0762
3982,1,1_2,0.08,0.02635,0.08057
3983,1,1_2,0.08,0.02542,0.07275
3984,1,1_2,0.08,0.02425,0.08105
3985,1,1_2,0.08,0.02563,0.07275
3986,1,1_2,0.08,0.03146,0.07434
3987,1,1_2,0.08,0.02196,0.0755
3988,1,1_2,0.08,0.02405,0.07874
3989,1,1_2,0.08,0.02652,0.0762
3990,1,1_2,0.08,0.02481,0.0707
3991,1,1_2,0.08,0.0454,0.10077
3992,1,1_2,0.08,0.02263,0.08527
3993,1,1_2,0.08,0.02301,0.08105
3994,1,1_2,0.08,0.0213,0.07715
3995,1,1_2,0.08,0.0304,0.08405
3996,1,1_2,0.08,0.0239,0.07263
3997,1,1_2,0.08,0.0205,0.07025
3998,1,1_2,0.08,0.02023,0.0738
3999,1,1_2,0.08,0.02722,0.0732
4000,1,1_2,0.16,0.02673,0.06915
4001,1,1_2,0.16,0.02277,0.0733
4002,1,1_2,0.16,0.03055,0.07214
4003,1,1_2,0.16,0.02055,0.07623
4004,1,1_2,0.16,0.02486,0.07355
4005,1,1_2,0.16,0.03915,0.08203
4006,1,1_2,0.16,0.03008,0.07214
4007,1,1_2,0.16,0.02498,0.0711
4008,1,1_2,0.16,0.03748,0.0833
4009,1,1_2,0.16,0.02798,0.0702
4010,1,1_2,0.16,0.01888,0.0739
4011,1,1_2,0.16,0.02829,0.0716
4012,1,1_2,0.16,0.0293,0.0833
4013,1,1_2,0.16,0.02975,0.0677
4014,1,1_2,0.16,0.0295,0.08014
4015,1,1_2,0.16,0.04593,0.0885
4016,1,1_2,0.16,0.02206,0.07806
4017,1,1_2,0.16,0.02135,0.06793
4018,1,1_2,0.16,0.0338,0.07263
4019,1,1_2,0.16,0.05408,0.09576
4020,1,1_2,0.16,0.0265,0.07446
4021,1,1_2,0.16,0.0365,0.0789
4022,1,1_2,0.16,0.025,0.0735
4023,1,1_2,0.16,0.02534,0.07275
4024,1,1_2,0.16,0.03864,0.09357
4025,1,1_2,0.16,0.03125,0.07904
4026,1,1_2,0.16,0.02074,0.071
4027,1,1_2,0.16,0.0364,0.0754
4028,1,1_2,0.16,0.02315,0.07513
4029,1,1_2,0.16,0.0326,0.0741
4030,1,1_2,0.16,0.02713,0.079
4031,1,1_2,0.16,0.02534,0.0739
4032,1,1_2,0.16,0.03455,0.0876
4033,1,1_2,0.16,0.02486,0.07697
4034,1,1_2,0.16,0.0286,0.07086
4035,1,1_2,0.16,0.03543,0.08
4036,1,1_2,0.16,0.02869,0.0791
4037,1,1_2,0.16,0.03583,0.09357
4038,1,1_2,0.16,0.02432,0.0671
4039,1,1_2,0.16,0.0418,0.0979
4040,1,1_2,0.16,0.03815,0.07544
4041,1,1_2,0.16,0.05283,0.08466
4042,1,1_2,0.16,0.02972,0.074
4043,1,1_2,0.16,0.02379,0.0818
4044,1,1_2,0.16,0.0338,0.0924
4045,1,1_2,0.16,0.03708,0.0837
4046,1,1_2,0.16,0.02898,0.07184
4047,1,1_2,0.16,0.02837,0.0837
4048,1,1_2,0.16,0.03018,0.0912
4049,1,1_2,0.16,0.02711,0.06757
4050,1,1_2,0.16,0.0262,0.0736
4051,1,1_2,0.16,0.02325,0.0693
4052,1,1_2,0.16,0.0239,0.06775
4053,1,1_2,0.16,0.02118,0.07916
4054,1,1_2,0.16,0.02141,0.0762
4055,1,1_2,0.16,0.04184,0.08435
4056,1,1_2,0.16,0.02457,0.0746
4057,1,1_2,0.16,0.042,0.0963
4058,1,1_2,0.16,0.02448,0.07324
4059,1,1_2,0.16,0.02402,0.0797
4060,1,1_2,0.16,0.03906,0.0803
4061,1,1_2,0.16,0.0785,0.1064
4062,1,1_2,0.16,0.02618,0.0752
4063,1,1_2,0.16,0.02663,0.07227
4064,1,1_2,0.16,0.03204,0.07074
4065,1,1_2,0.16,0.02776,0.06726
4066,1,1_2,0.16,0.03162,0.0698
4067,1,1_2,0.16,0.06976,0.10895
4068,1,1_2,0.16,0.0292,0.0773
4069,1,1_2,0.16,0.0352,0.08136
4070,1,1_2,0.16,0.02336,0.068
4071,1,1_2,0.16,0.02704,0.07086
4072,1,1_2,0.16,0.0493,0.0925
4073,1,1_2,0.16,0.02818,0.0721
4074,1,1_2,0.16,0.0267,0.075
4075,1,1_2,0.16,0.03062,0.0761
4076,1,1_2,0.16,0.03247,0.0892
4077,1,1_2,0.16,0.07654,0.1049
4078,1,1_2,0.16,0.02602,0.0712
4079,1,1_2,0.16,0.02412,0.06903
4080,1,1_2,0.16,0.05026,0.08777
4081,1,1_2,0.16,0.0227,0.0693
4082,1,1_2,0.16,0.0263,0.0732
4083,1,1_2,0.16,0.03802,0.08
4084,1,1_2,0.16,0.02827,0.0804
4085,1,1_2,0.16,0.03047,0.08923
4086,1,1_2,0.16,0.02971,0.07886
4087,1,1_2,0.16,0.0341,0.07794
4088,1,1_2,0.16,0.0393,0.0796
4089,1,1_2,0.16,0.02756,0.0687
4090,1,1_2,0.16,0.02751,0.0729
4091,1,1_2,0.16,0.02676,0.07153
4092,1,1_2,0.16,0.04126,0.0896
4093,1,1_2,0.16,0.0403,0.08276
4094,1,1_2,0.16,0.02614,0.0865
4095,1,1_2,0.16,0.02287,0.0761
4096,1,1_2,0.16,0.02586,0.0746
4097,1,1_2,0.16,0.0236,0.0746
4098,1,1_2,0.16,0.02992,0.09576
4099,1,1_2,0.16,0.05508,0.0946
4100,1,1_2,0.16,0.0554,0.08704
4101,1,1_2,0.16,0.02225,0.07306
4102,1,1_2,0.16,0.02829,0.075
4103,1,1_2,0.16,0.0234,0.0686
4104,1,1_2,0.16,0.03207,0.0768
4105,1,1_2,0.16,0.07056,0.1008
4106,1,1_2,0.16,0.02794,0.07196
4107,1,1_2,0.16,0.04422,0.0851
4108,1,1_2,0.16,0.04465,0.0922
4109,1,1_2,0.16,0.02725,0.07465
4110,1,1_2,0.16,0.03717,0.0776
4111,1,1_2,0.16,0.0364,0.07574
4112,1,1_2,0.16,0.0683,0.09393
4113,1,1_2,0.16,0.02582,0.06946
4114,1,1_2,0.16,0.02736,0.0794
4115,1,1_2,0.16,0.02684,0.07056
4116,1,1_2,0.16,0.03177,0.0794
4117,1,1_2,0.16,0.03882,0.10614
4118,1,1_2,0.16,0.02617,0.0677
4119,1,1_2,0.16,0.03204,0.07263
4120,1,1_2,0.16,0.04068,0.1181
4121,1,1_2,0.16,0.0314,0.0748
4122,1,1_2,0.16,0.02916,0.07135
4123,1,1_2,0.16,0.03824,0.0919
4124,1,1_2,0.16,0.02107,0.0733
4125,1,1_2,0.16,0.02414,0.0772
4126,1,1_2,0.16,0.03513,0.0894
4127,1,1_2,0.16,0.043,0.081
4128,1,1_2,0.16,0.02425,0.07153
4129,1,1_2,0.16,0.02531,0.07025
4130,1,1_2,0.16,0.0667,0.0944
4131,1,1_2,0.16,0.03796,0.0851
4132,1,1_2,0.16,0.04044,0.0968
4133,1,1_2,0.16,0.055,0.0883
4134,1,1_2,0.16,0.05023,0.0855
4135,1,1_2,0.16,0.02583,0.082
4136,1,1_2,0.16,0.02,0.0728
4137,1,1_2,0.16,0.02832,0.07544
4138,1,1_2,0.16,0.0315,0.07404
4139,1,1_2,0.16,0.03065,0.0833
4140,1,1_2,0.16,0.06604,0.1174
4141,1,1_2,0.16,0.03925,0.08374
4142,1,1_2,0.16,0.02245,0.07214
4143,1,1_2,0.16,0.04654,0.09717
4144,1,1_2,0.16,0.04364,0.10834
4145,1,1_2,0.16,0.0227,0.07306
4146,1,1_2,0.16,0.0269,0.07697
4147,1,1_2,0.16,0.02649,0.0848
4148,1,1_2,0.16,0.03052,0.10175
4149,1,1_2,0.16,0.04022,0.0941
4150,1,1_2,0.16,0.02992,0.0963
4151,1,1_2,0.16,0.0301,0.0808
4152,1,1_2,0.16,0.02869,0.0935
4153,1,1_2,0.16,0.02988,0.07416
4154,1,1_2,0.16,0.03033,0.0781
4155,1,1_2,0.16,0.02783,0.07135
4156,1,1_2,0.16,0.02025,0.08075
4157,1,1_2,0.16,0.02422,0.0795
4158,1,1_2,0.16,0.0269,0.07074
4159,1,1_2,0.16,0.0316,0.077
4160,1,1_2,0.16,0.0642,0.09125
4161,1,1_2,0.16,0.03006,0.0698
4162,1,1_2,0.16,0.0727,0.1195
4163,1,1_2,0.16,0.02791,0.07605
4164,1,1_2,0.16,0.02373,0.0776
4165,1,1_2,0.16,0.0291,0.08105
4166,1,1_2,0.16,0.03014,0.07117
4167,1,1_2,0.16,0.02162,0.0807
4168,1,1_2,0.16,0.02443,0.0733
4169,1,1_2,0.16,0.0264,0.0796
4170,1,1_2,0.16,0.02733,0.07227
4171,1,1_2,0.16,0.0321,0.07904
4172,1,1_2,0.16,0.02458,0.09064
4173,1,1_2,0.16,0.0248,0.08746
4174,1,1_2,0.16,0.03177,0.08875
4175,1,1_2,0.16,0.06805,0.1038
4176,1,1_2,0.16,0.03836,0.0827
4177,1,1_2,0.16,0.02376,0.07306
4178,1,1_2,0.16,0.0558,0.1195
4179,1,1_2,0.16,0.02744,0.06995
4180,1,1_2,0.16,0.0425,0.0948
4181,1,1_2,0.16,0.0393,0.07983
4182,1,1_2,0.16,0.03653,0.0817
4183,1,1_2,0.16,0.0492,0.08795
4184,1,1_2,0.16,0.02916,0.07153
4185,1,1_2,0.16,0.02931,0.07166
4186,1,1_2,0.16,0.0404,0.0839
4187,1,1_2,0.16,0.04108,0.0817
4188,1,1_2,0.16,0.02914,0.07367
4189,1,1_2,0.16,0.0546,0.089
4190,1,1_2,0.16,0.02464,0.07056
4191,1,1_2,0.16,0.04376,0.0817
4192,1,1_2,0.16,0.02713,0.08606
4193,1,1_2,0.16,0.03427,0.0889
4194,1,1_2,0.16,0.02466,0.0699
4195,1,1_2,0.16,0.02415,0.0744
4196,1,1_2,0.16,0.0422,0.09973
4197,1,1_2,0.16,0.03018,0.078
4198,1,1_2,0.16,0.04187,0.0805
4199,1,1_2,0.16,0.02968,0.0762
4200,1,1_2,0.16,0.0312,0.09015
4201,1,1_2,0.16,0.02449,0.08075
4202,1,1_2,0.16,0.03415,0.1035
4203,1,1_2,0.16,0.02277,0.0688
4204,1,1_2,0.16,0.0611,0.10614
4205,1,1_2,0.16,0.02791,0.0727
4206,1,1_2,0.16,0.02304,0.0704
4207,1,1_2,0.16,0.02788,0.0704
4208,1,1_2,0.16,0.0343,0.077
4209,1,1_2,0.16,0.035,0.0894
4210,1,1_2,0.16,0.02328,0.06964
4211,1,1_2,0.16,0.03004,0.07855
4212,1,1_2,0.16,0.03137,0.07745
4213,1,1_2,0.16,0.023,0.08704
4214,1,1_2,0.16,0.04578,0.1157
4215,1,1_2,0.16,0.05008,0.10675
4216,1,1_2,0.16,0.02357,0.0745
4217,1,1_2,0.16,0.0871,0.1437
4218,1,1_2,0.16,0.05502,0.11206
4219,1,1_2,0.16,0.05017,0.11774
4220,1,1_2,0.16,0.05048,0.087
4221,1,1_2,0.16,0.02306,0.0741
4222,1,1_2,0.16,0.03223,0.07587
4223,1,1_2,0.16,0.02403,0.07385
4224,1,1_2,0.16,0.0648,0.1086
4225,1,1_2,0.16,0.02817,0.07336
4226,1,1_2,0.16,0.02484,0.08386
4227,1,1_2,0.16,0.03424,0.0761
4228,1,1_2,0.16,0.02206,0.0688
4229,1,1_2,0.16,0.02753,0.081
4230,1,1_2,0.16,0.04263,0.08563
4231,1,1_2,0.16,0.0652,0.0946
4232,1,1_2,0.16,0.02988,0.08575
4233,1,1_2,0.16,0.02533,0.0868
4234,1,1_2,0.16,0.02501,0.06757
4235,1,1_2,0.16,0.02544,0.0729
4236,1,1_2,0.16,0.02328,0.0715
4237,1,1_2,0.16,0.0344,0.09656
4238,1,1_2,0.16,0.03973,0.07623
4239,1,1_2,0.16,0.0304,0.09503
4240,1,1_2,0.16,0.0645,0.10077
4241,1,1_2,0.16,0.03047,0.08276
4242,1,1_2,0.16,0.0264,0.0683
4243,1,1_2,0.16,0.02545,0.08307
4244,1,1_2,0.16,0.03108,0.0898
4245,1,1_2,0.16,0.02554,0.0822
4246,1,1_2,0.16,0.0274,0.07825
4247,1,1_2,0.16,0.06775,0.1031
4248,1,1_2,0.16,0.02644,0.0791
4249,1,1_2,0.16,0.03293,0.0983
4250,1,1_2,0.16,0.0863,0.1075
4251,1,1_2,0.16,0.03038,0.0772
4252,1,1_2,0.16,0.01883,0.0691
4253,1,1_2,0.16,0.02936,0.0744
4254,1,1_2,0.16,0.02452,0.0744
4255,1,1_2,0.16,0.05905,0.0901
4256,1,1_2,0.16,0.05847,0.0891
4257,1,1_2,0.16,0.06616,0.11707
4258,1,1_2,0.16,0.04654,0.0858
4259,1,1_2,0.16,0.0237,0.0677
4260,1,1_2,0.16,0.03183,0.0847
4261,1,1_2,0.16,0.02725,0.074
4262,1,1_2,0.16,0.0319,0.0858
4263,1,1_2,0.16,0.02345,0.0736
4264,1,1_2,0.16,0.03275,0.07574
4265,1,1_2,0.16,0.07776,0.10986
4266,1,1_2,0.16,0.03806,0.0753
4267,1,1_2,0.16,0.0473,0.08844
4268,1,1_2,0.16,0.03476,0.07935
4269,1,1_2,0.16,0.0315,0.07776
4270,1,1_2,0.16,0.02652,0.07605
4271,1,1_2,0.16,0.04596,0.0834
4272,1,1_2,0.16,0.02782,0.0803
4273,1,1_2,0.16,0.04025,0.1072
4274,1,1_2,0.16,0.02184,0.07733
4275,1,1_2,0.16,0.0461,0.1362
4276,1,1_2,0.16,0.0371,0.0789
4277,1,1_2,0.16,0.05197,0.10486
4278,1,1_2,0.16,0.02063,0.07733
4279,1,1_2,0.16,0.0339,0.0781
4280,1,1_2,0.16,0.02502,0.08795
4281,1,1_2,0.16,0.03082,0.0708
4282,1,1_2,0.16,0.04984,0.0942
4283,1,1_2,0.16,0.02707,0.0752
4284,1,1_2,0.16,0.03084,0.07654
4285,1,1_2,0.16,0.03114,0.0878
4286,1,1_2,0.16,0.0242,0.07306
4287,1,1_2,0.16,0.0371,0.08484
4288,1,1_2,0.16,0.02582,0.0717
4289,1,1_2,0.16,0.03424,0.079
4290,1,1_2,0.16,0.044,0.07983
4291,1,1_2,0.16,0.0313,0.08905
4292,1,1_2,0.16,0.05414,0.0984
4293,1,1_2,0.16,0.03152,0.0856
4294,1,1_2,0.16,0.0745,0.10504
4295,1,1_2,0.16,0.03247,0.0813
4296,1,1_2,0.16,0.02608,0.0729
4297,1,1_2,0.16,0.04773,0.0957
4298,1,1_2,0.16,0.0354,0.0804
4299,1,1_2,0.16,0.03613,0.0799
4300,1,1_2,0.16,0.02496,0.0789
4301,1,1_2,0.16,0.03026,0.07404
4302,1,1_2,0.16,0.04785,0.09106
4303,1,1_2,0.16,0.03665,0.0815
4304,1,1_2,0.16,0.02974,0.0801
4305,1,1_2,0.16,0.04785,0.0972
4306,1,1_2,0.16,0.02666,0.07275
4307,1,1_2,0.16,0.03812,0.0772
4308,1,1_2,0.16,0.04984,0.10095
4309,1,1_2,0.16,0.0473,0.11285
4310,1,1_2,0.16,0.02347,0.07544
4311,1,1_2,0.16,0.02925,0.07446
4312,1,1_2,0.16,0.04605,0.0951
4313,1,1_2,0.16,0.02655,0.0919
4314,1,1_2,0.16,0.02728,0.0737
4315,1,1_2,0.16,0.03062,0.07983
4316,1,1_2,0.16,0.0491,0.08673
4317,1,1_2,0.16,0.0865,0.0974
4318,1,1_2,0.16,0.02895,0.0839
4319,1,1_2,0.16,0.03275,0.0776
4320,1,1_2,0.16,0.02805,0.0712
4321,1,1_2,0.16,0.03032,0.0829
4322,1,1_2,0.16,0.0937,0.1473
4323,1,1_2,0.16,0.02034,0.0829
4324,1,1_2,0.16,0.02898,0.0814
4325,1,1_2,0.16,0.04422,0.08923
4326,1,1_2,0.16,0.03406,0.09393
4327,1,1_2,0.16,0.02518,0.07324
4328,1,1_2,0.16,0.02249,0.0724
4329,1,1_2,0.16,0.0335,0.082
4330,1,1_2,0.16,0.04596,0.1029
4331,1,1_2,0.16,0.02736,0.0706
4332,1,1_2,0.16,0.02835,0.0749
4333,1,1_2,0.16,0.03787,0.09814
4334,1,1_2,0.16,0.05222,0.1012
4335,1,1_2,0.16,0.02917,0.081
4336,1,1_2,0.16,0.028,0.07745
4337,1,1_2,0.16,0.02513,0.08307
4338,1,1_2,0.16,0.05484,0.11035
4339,1,1_2,0.16,0.02823,0.07324
4340,1,1_2,0.16,0.03793,0.08777
4341,1,1_2,0.16,0.01967,0.0783
4342,1,1_2,0.16,0.05725,0.099
4343,1,1_2,0.16,0.03622,0.0881
4344,1,1_2,0.16,0.03952,0.075
4345,1,1_2,0.16,0.02687,0.09015
4346,1,1_2,0.16,0.03638,0.0878
4347,1,1_2,0.16,0.02763,0.07086
4348,1,1_2,0.16,0.02565,0.0764
4349,1,1_2,0.16,0.05798,0.1185
4350,1,1_2,0.16,0.0279,0.0812
4351,1,1_2,0.16,0.03546,0.093
4352,1,1_2,0.16,0.03232,0.0753
4353,1,1_2,0.16,0.04333,0.1029
4354,1,1_2,0.16,0.03415,0.0809
4355,1,1_2,0.16,0.02803,0.0814
4356,1,1_2,0.16,0.05093,0.09503
4357,1,1_2,0.16,0.02998,0.0785
4358,1,1_2,0.16,0.03415,0.074
4359,1,1_2,0.16,0.03644,0.0889
4360,1,1_2,0.16,0.0251,0.073
4361,1,1_2,0.16,0.0467,0.0826
4362,1,1_2,0.16,0.04675,0.08167
4363,1,1_2,0.16,0.05106,0.0982
4364,1,1_2,0.16,0.0367,0.0817
4365,1,1_2,0.16,0.03284,0.0965
4366,1,1_2,0.16,0.04114,0.11285
4367,1,1_2,0.16,0.0369,0.0783
4368,1,1_2,0.16,0.02975,0.08356
4369,1,1_2,0.16,0.09467,0.116
4370,1,1_2,0.16,0.02629,0.0722
4371,1,1_2,0.16,0.05283,0.08514
4372,1,1_2,0.16,0.04562,0.083
4373,1,1_2,0.16,0.04028,0.119
4374,1,1_2,0.16,0.03653,0.0884
4375,1,1_2,0.16,0.022,0.0732
4376,1,1_2,0.16,0.02377,0.072
4377,1,1_2,0.16,0.02875,0.07666
4378,1,1_2,0.16,0.03503,0.07916
4379,1,1_2,0.16,0.0286,0.0789
4380,1,1_2,0.16,0.02747,0.083
4381,1,1_2,0.16,0.04422,0.08984
4382,1,1_2,0.16,0.02513,0.0745
4383,1,1_2,0.16,0.02815,0.0891
4384,1,1_2,0.16,0.03198,0.07446
4385,1,1_2,0.16,0.03387,0.09393
4386,1,1_2,0.16,0.04422,0.1136
4387,1,1_2,0.16,0.0257,0.07623
4388,1,1_2,0.16,0.0239,0.07404
4389,1,1_2,0.16,0.0332,0.08765
4390,1,1_2,0.16,0.03415,0.08246
4391,1,1_2,0.16,0.05005,0.0889
4392,1,1_2,0.16,0.02438,0.07764
4393,1,1_2,0.16,0.02579,0.0883
4394,1,1_2,0.16,0.0342,0.0751
4395,1,1_2,0.16,0.03125,0.07635
4396,1,1_2,0.16,0.03992,0.1156
4397,1,1_2,0.16,0.03058,0.08496
4398,1,1_2,0.16,0.02507,0.0693
4399,1,1_2,0.16,0.03244,0.0785
4400,1,1_2,0.16,0.04425,0.09106
4401,1,1_2,0.16,0.02371,0.08185
4402,1,1_2,0.16,0.049,0.09296
4403,1,1_2,0.16,0.02625,0.0948
4404,1,1_2,0.16,0.03096,0.0873
4405,1,1_2,0.16,0.02641,0.0734
4406,1,1_2,0.16,0.04056,0.0798
4407,1,1_2,0.16,0.03076,0.081
4408,1,1_2,0.16,0.03918,0.104
4409,1,1_2,0.16,0.02779,0.0744
4410,1,1_2,0.16,0.02895,0.08734
4411,1,1_2,0.16,0.03604,0.09125
4412,1,1_2,0.16,0.04727,0.0982
4413,1,1_2,0.16,0.06088,0.10016
4414,1,1_2,0.16,0.0479,0.0894
4415,1,1_2,0.16,0.03143,0.0895
4416,1,1_2,0.16,0.03845,0.0815
4417,1,1_2,0.16,0.03128,0.07764
4418,1,1_2,0.16,0.04553,0.0972
4419,1,1_2,0.16,0.073,0.10944
4420,1,1_2,0.16,0.04498,0.0878
4421,1,1_2,0.16,0.0477,0.09186
4422,1,1_2,0.16,0.04068,0.08386
4423,1,1_2,0.16,0.02824,0.0756
4424,1,1_2,0.16,0.04593,0.08026
4425,1,1_2,0.16,0.03958,0.0814
4426,1,1_2,0.16,0.1064,0.126
4427,1,1_2,0.16,0.02501,0.0785
4428,1,1_2,0.16,0.03214,0.07245
4429,1,1_2,0.16,0.02043,0.0782
4430,1,1_2,0.16,0.03976,0.0912
4431,1,1_2,0.16,0.02475,0.07043
4432,1,1_2,0.16,0.05606,0.10583
4433,1,1_2,0.16,0.02385,0.0705
4434,1,1_2,0.16,0.02594,0.0739
4435,1,1_2,0.16,0.02704,0.0852
4436,1,1_2,0.16,0.03464,0.0807
4437,1,1_2,0.16,0.039,0.0787
4438,1,1_2,0.16,0.021,0.0774
4439,1,1_2,0.16,0.04797,0.0812
4440,1,1_2,0.16,0.0501,0.09656
4441,1,1_2,0.16,0.02167,0.0776
4442,1,1_2,0.16,0.0551,0.0976
4443,1,1_2,0.16,0.02495,0.07465
4444,1,1_2,0.16,0.022,0.0756
4445,1,1_2,0.16,0.044,0.0825
4446,1,1_2,0.16,0.03262,0.0807
4447,1,1_2,0.16,0.03806,0.0998
4448,1,1_2,0.16,0.03745,0.0809
4449,1,1_2,0.16,0.03125,0.0767
4450,1,1_2,0.16,0.04007,0.08264
4451,1,1_2,0.16,0.04684,0.11017
4452,1,1_2,0.16,0.03253,0.0788
4453,1,1_2,0.16,0.03485,0.07886
4454,1,1_2,0.16,0.07983,0.1077
4455,1,1_2,0.16,0.02756,0.0809
4456,1,1_2,0.16,0.03406,0.09296
4457,1,1_2,0.16,0.0319,0.0799
4458,1,1_2,0.16,0.04797,0.1056
4459,1,1_2,0.16,0.03062,0.07477
4460,1,1_2,0.16,0.03056,0.0854
4461,1,1_2,0.16,0.0288,0.07336
4462,1,1_2,0.16,0.0322,0.0731
4463,1,1_2,0.16,0.02505,0.0778
4464,1,1_2,0.16,0.03665,0.0948
4465,1,1_2,0.16,0.02293,0.0762
4466,1,1_2,0.16,0.03117,0.07996
4467,1,1_2,0.16,0.02725,0.0826
4468,1,1_2,0.16,0.04837,0.0933
4469,1,1_2,0.16,0.02257,0.0747
4470,1,1_2,0.16,0.0315,0.0776
4471,1,1_2,0.16,0.03223,0.0792
4472,1,1_2,0.16,0.02345,0.0824
4473,1,1_2,0.16,0.02205,0.0705
4474,1,1_2,0.16,0.0235,0.08203
4475,1,1_2,0.16,0.03842,0.09064
4476,1,1_2,0.16,0.02962,0.0737
4477,1,1_2,0.16,0.04257,0.0842
4478,1,1_2,0.16,0.0282,0.07654
4479,1,1_2,0.16,0.0318,0.07776
4480,1,1_2,0.16,0.02275,0.0711
4481,1,1_2,0.16,0.02643,0.0811
4482,1,1_2,0.16,0.02736,0.07196
4483,1,1_2,0.16,0.0349,0.0775
4484,1,1_2,0.16,0.03998,0.0767
4485,1,1_2,0.16,0.02896,0.0883
4486,1,1_2,0.16,0.1109,0.11847
4487,1,1_2,0.16,0.02336,0.0733
4488,1,1_2,0.16,0.03967,0.0901
4489,1,1_2,0.16,0.02286,0.0712
4490,1,1_2,0.16,0.0338,0.08435
4491,1,1_2,0.16,0.02966,0.0796
4492,1,1_2,0.16,0.03455,0.076
4493,1,1_2,0.16,0.03027,0.08453
4494,1,1_2,0.16,0.02087,0.08435
4495,1,1_2,0.16,0.02655,0.072
4496,1,1_2,0.16,0.03488,0.07916
4497,1,1_2,0.16,0.0467,0.10156
4498,1,1_2,0.16,0.03108,0.0765
4499,1,1_2,0.16,0.02974,0.1114
4500,1,1_2,0.16,0.05197,0.10846
4501,1,1_2,0.16,0.03772,0.09283
4502,1,1_2,0.16,0.03537,0.07733
4503,1,1_2,0.16,0.0375,0.0913
4504,1,1_2,0.16,0.0258,0.0931
4505,1,1_2,0.16,0.04028,0.09894
4506,1,1_2,0.16,0.02519,0.07526
4507,1,1_2,0.16,0.02644,0.07245
4508,1,1_2,0.16,0.03708,0.09424
4509,1,1_2,0.16,0.02888,0.0779
4510,1,1_2,0.16,0.03802,0.0808
4511,1,1_2,0.16,0.04398,0.0984
4512,1,1_2,0.16,0.04608,0.0885
4513,1,1_2,0.16,0.0248,0.0767
4514,1,1_2,0.16,0.0238,0.07294
4515,1,1_2,0.16,0.02432,0.0727
4516,1,1_2,0.16,0.0593,0.10803
4517,1,1_2,0.16,0.03009,0.09564
4518,1,1_2,0.16,0.03308,0.0816
4519,1,1_2,0.16,0.07556,0.1222
4520,1,1_2,0.16,0.05322,0.09644
4521,1,1_2,0.16,0.03955,0.0924
4522,1,1_2,0.16,0.02455,0.071
4523,1,1_2,0.16,0.0288,0.0733
4524,1,1_2,0.16,0.02937,0.098
4525,1,1_2,0.16,0.02774,0.0747
4526,1,1_2,0.16,0.04614,0.11865
4527,1,1_2,0.16,0.0351,0.07544
4528,1,1_2,0.16,0.0477,0.09357
4529,1,1_2,0.16,0.02982,0.08527
4530,1,1_2,0.16,0.02292,0.0704
4531,1,1_2,0.16,0.03156,0.08844
4532,1,1_2,0.16,0.02803,0.0751
4533,1,1_2,0.16,0.02866,0.07715
4534,1,1_2,0.16,0.02615,0.10034
4535,1,1_2,0.16,0.0245,0.087
4536,1,1_2,0.16,0.0404,0.09143
4537,1,1_2,0.16,0.02115,0.07635
4538,1,1_2,0.16,0.03757,0.0871
4539,1,1_2,0.16,0.03912,0.097
4540,1,1_2,0.16,0.1105,0.11694
4541,1,1_2,0.16,0.02475,0.07684
4542,1,1_2,0.16,0.02168,0.0761
4543,1,1_2,0.16,0.04132,0.0786
4544,1,1_2,0.16,0.03043,0.0798
4545,1,1_2,0.16,0.04248,0.09143
4546,1,1_2,0.16,0.03384,0.076
4547,1,1_2,0.16,0.02634,0.07184
4548,1,1_2,0.16,0.03876,0.07916
4549,1,1_2,0.16,0.0838,0.1317
4550,1,1_2,0.16,0.02724,0.0749
4551,1,1_2,0.16,0.05392,0.08673
4552,1,1_2,0.16,0.02713,0.0716
4553,1,1_2,0.16,0.0304,0.07886
4554,1,1_2,0.16,0.02919,0.07385
4555,1,1_2,0.16,0.0287,0.0786
4556,1,1_2,0.16,0.02663,0.07294
4557,1,1_2,0.16,0.03415,0.0846
4558,1,1_2,0.16,0.02448,0.0751
4559,1,1_2,0.16,0.0244,0.0698
4560,1,1_2,0.16,0.02896,0.0906
4561,1,1_2,0.16,0.0396,0.09045
4562,1,1_2,0.16,0.03503,0.0935
4563,1,1_2,0.16,0.0315,0.0831
4564,1,1_2,0.16,0.03012,0.0935
4565,1,1_2,0.16,0.03156,0.07794
4566,1,1_2,0.16,0.04102,0.1145
4567,1,1_2,0.16,0.0552,0.1134
4568,1,1_2,0.16,0.02367,0.0726
4569,1,1_2,0.16,0.073,0.10736
4570,1,1_2,0.16,0.02596,0.07837
4571,1,1_2,0.16,0.02226,0.07367
4572,1,1_2,0.16,0.03687,0.08325
4573,1,1_2,0.16,0.02759,0.0767
4574,1,1_2,0.16,0.0251,0.07086
4575,1,1_2,0.16,0.0319,0.07605
4576,1,1_2,0.16,0.04385,0.10175
4577,1,1_2,0.16,0.02255,0.0721
4578,1,1_2,0.16,0.04562,0.08136
4579,1,1_2,0.16,0.0366,0.0934
4580,1,1_2,0.16,0.02988,0.07886
4581,1,1_2,0.16,0.02277,0.07336
4582,1,1_2,0.16,0.02809,0.0726
4583,1,1_2,0.16,0.02452,0.0751
4584,1,1_2,0.16,0.02544,0.07465
4585,1,1_2,0.16,0.0829,0.12463
4586,1,1_2,0.16,0.02698,0.0726
4587,1,1_2,0.16,0.02942,0.07635
4588,1,1_2,0.16,0.02252,0.0746
4589,1,1_2,0.16,0.0271,0.0795
4590,1,1_2,0.16,0.02087,0.0756
4591,1,1_2,0.16,0.0367,0.08954
4592,1,1_2,0.16,0.03168,0.08844
4593,1,1_2,0.16,0.03918,0.0882
4594,1,1_2,0.16,0.03976,0.08386
4595,1,1_2,0.16,0.03192,0.0861
4596,1,1_2,0.16,0.02956,0.07855
4597,1,1_2,0.16,0.0356,0.07886
4598,1,1_2,0.16,0.0641,0.0907
4599,1,1_2,0.16,0.02885,0.082
4600,1,1_2,0.16,0.02364,0.07184
4601,1,1_2,0.16,0.02654,0.0763
4602,1,1_2,0.16,0.03867,0.0876
4603,1,1_2,0.16,0.02821,0.0792
4604,1,1_2,0.16,0.03546,0.0844
4605,1,1_2,0.16,0.0294,0.07275
4606,1,1_2,0.16,0.03284,0.0898
4607,1,1_2,0.16,0.02641,0.07477
4608,1,1_2,0.16,0.02573,0.0729
4609,1,1_2,0.16,0.02814,0.07666
4610,1,1_2,0.16,0.02637,0.0697
4611,1,1_2,0.16,0.03275,0.0757
4612,1,1_2,0.16,0.02525,0.0926
4613,1,1_2,0.16,0.03952,0.0907
4614,1,1_2,0.16,0.06024,0.1145
4615,1,1_2,0.16,0.0317,0.0797
4616,1,1_2,0.16,0.02771,0.0788
4617,1,1_2,0.16,0.02841,0.08624
4618,1,1_2,0.16,0.05545,0.0899
4619,1,1_2,0.16,0.04245,0.0913
4620,1,1_2,0.16,0.03006,0.08636
4621,1,1_2,0.16,0.03812,0.0837
4622,1,1_2,0.16,0.0377,0.0903
4623,1,1_2,0.16,0.02579,0.08563
4624,1,1_2,0.16,0.04608,0.0991
4625,1,1_2,0.16,0.0475,0.0865
4626,1,1_2,0.16,0.03583,0.0727
4627,1,1_2,0.16,0.0371,0.08307
4628,1,1_2,0.16,0.02727,0.0736
4629,1,1_2,0.16,0.03625,0.0862
4630,1,1_2,0.16,0.04718,0.08386
4631,1,1_2,0.16,0.02881,0.07794
4632,1,1_2,0.16,0.04053,0.08826
4633,1,1_2,0.16,0.03625,0.0844
4634,1,1_2,0.16,0.0687,0.1312
4635,1,1_2,0.16,0.04477,0.099
4636,1,1_2,0.16,0.04935,0.0947
4637,1,1_2,0.16,0.02391,0.07294
4638,1,1_2,0.16,0.02983,0.0777
4639,1,1_2,0.16,0.1062,0.0976
4640,1,1_2,0.16,0.02138,0.07245
4641,1,1_2,0.16,0.0268,0.07355
4642,1,1_2,0.16,0.04285,0.0937
4643,1,1_2,0.16,0.03284,0.07367
4644,1,1_2,0.16,0.03143,0.0766
4645,1,1_2,0.16,0.02214,0.07623
4646,1,1_2,0.16,0.0344,0.0941
4647,1,1_2,0.16,0.02563,0.07556
4648,1,1_2,0.16,0.10913,0.1277
4649,1,1_2,0.16,0.0381,0.10626
4650,1,1_2,0.16,0.04712,0.10394
4651,1,1_2,0.16,0.02864,0.0778
4652,1,1_2,0.16,0.0316,0.0735
4653,1,1_2,0.16,0.02354,0.0733
4654,1,1_2,0.16,0.02893,0.08325
4655,1,1_2,0.16,0.0364,0.0891
4656,1,1_2,0.16,0.02563,0.0729
4657,1,1_2,0.16,0.02747,0.07605
4658,1,1_2,0.16,0.0798,0.10455
4659,1,1_2,0.16,0.03041,0.08136
4660,1,1_2,0.16,0.02254,0.0763
4661,1,1_2,0.16,0.0378,0.07996
4662,1,1_2,0.16,0.04446,0.0898
4663,1,1_2,0.16,0.04782,0.09094
4664,1,1_2,0.16,0.02368,0.0741
4665,1,1_2,0.16,0.02802,0.0723
4666,1,1_2,0.16,0.05228,0.104
4667,1,1_2,0.16,0.02574,0.07074
4668,1,1_2,0.16,0.02618,0.0769
4669,1,1_2,0.16,0.03754,0.10095
4670,1,1_2,0.16,0.02835,0.0795
4671,1,1_2,0.16,0.0566,0.1293
4672,1,1_2,0.16,0.03096,0.09106
4673,1,1_2,0.16,0.03137,0.07416
4674,1,1_2,0.16,0.03192,0.07715
4675,1,1_2,0.16,0.02325,0.0792
4676,1,1_2,0.16,0.024,0.07074
4677,1,1_2,0.16,0.02121,0.07245
4678,1,1_2,0.16,0.02805,0.07715
4679,1,1_2,0.16,0.02998,0.0766
4680,1,1_2,0.16,0.0465,0.08026
4681,1,1_2,0.16,0.02328,0.06995
4682,1,1_2,0.16,0.0718,0.1062
4683,1,1_2,0.16,0.04092,0.0948
4684,1,1_2,0.16,0.03003,0.0875
4685,1,1_2,0.16,0.03268,0.09155
4686,1,1_2,0.16,0.08887,0.1182
4687,1,1_2,0.16,0.02261,0.075
4688,1,1_2,0.16,0.0279,0.08453
4689,1,1_2,0.16,0.0279,0.0782
4690,1,1_2,0.16,0.04303,0.0841
4691,1,1_2,0.16,0.0444,0.0889
4692,1,1_2,0.16,0.07214,0.0993
4693,1,1_2,0.16,0.02238,0.07324
4694,1,1_2,0.16,0.02733,0.0737
4695,1,1_2,0.16,0.02446,0.074
4696,1,1_2,0.16,0.02292,0.07104
4697,1,1_2,0.16,0.04636,0.10565
4698,1,1_2,0.16,0.02953,0.0765
4699,1,1_2,0.16,0.03732,0.0867
4700,1,1_2,0.16,0.0546,0.10846
4701,1,1_2,0.16,0.03105,0.0804
4702,1,1_2,0.16,0.05408,0.10754
4703,1,1_2,0.16,0.0348,0.0957
4704,1,1_2,0.16,0.04,0.0975
4705,1,1_2,0.16,0.02382,0.0745
4706,1,1_2,0.16,0.045,0.0833
4707,1,1_2,0.16,0.02457,0.07635
4708,1,1_2,0.16,0.0357,0.10516
4709,1,1_2,0.16,0.02925,0.0723
4710,1,1_2,0.16,0.0417,0.1185
4711,1,1_2,0.16,0.03455,0.0757
4712,1,1_2,0.16,0.02489,0.0773
4713,1,1_2,0.16,0.0698,0.10846
4714,1,1_2,0.16,0.03885,0.0861
4715,1,1_2,0.16,0.04166,0.08594
4716,1,1_2,0.16,0.02953,0.08057
4717,1,1_2,0.16,0.02664,0.08966
4718,1,1_2,0.16,0.04282,0.0914
4719,1,1_2,0.16,0.02551,0.08276
4720,1,1_2,0.16,0.02682,0.07184
4721,1,1_2,0.16,0.0248,0.0731
4722,1,1_2,0.16,0.05698,0.1093
4723,1,1_2,0.16,0.03436,0.07465
4724,1,1_2,0.16,0.036,0.0835
4725,1,1_2,0.16,0.078,0.1182
4726,1,1_2,0.16,0.0315,0.0883
4727,1,1_2,0.16,0.03387,0.0927
4728,1,1_2,0.16,0.0325,0.08014
4729,1,1_2,0.16,0.02528,0.0738
4730,1,1_2,0.16,0.02592,0.0733
4731,1,1_2,0.16,0.03836,0.105
4732,1,1_2,0.16,0.04263,0.0937
4733,1,1_2,0.16,0.03622,0.08136
4734,1,1_2,0.16,0.02908,0.07715
4735,1,1_2,0.16,0.04376,0.09564
4736,1,1_2,0.16,0.02164,0.0831
4737,1,1_2,0.16,0.02415,0.0748
4738,1,1_2,0.16,0.0367,0.0821
4739,1,1_2,0.16,0.02765,0.0745
4740,1,1_2,0.16,0.02554,0.0793
4741,1,1_2,0.16,0.02629,0.0714
4742,1,1_2,0.16,0.04196,0.08386
4743,1,1_2,0.16,0.03516,0.081
4744,1,1_2,0.16,0.0321,0.07764
4745,1,1_2,0.16,0.02676,0.0786
4746,1,1_2,0.16,0.02777,0.07294
4747,1,1_2,0.16,0.05362,0.09186
4748,1,1_2,0.16,0.0386,0.09625
4749,1,1_2,0.16,0.04803,0.0863
4750,1,1_2,0.16,0.0251,0.0697
4751,1,1_2,0.16,0.02664,0.0815
4752,1,1_2,0.16,0.0605,0.10535
4753,1,1_2,0.16,0.02036,0.0775
4754,1,1_2,0.16,0.03784,0.07886
4755,1,1_2,0.16,0.0327,0.0839
4756,1,1_2,0.16,0.03117,0.0931
4757,1,1_2,0.16,0.02325,0.0769
4758,1,1_2,0.16,0.03085,0.0942
4759,1,1_2,0.16,0.02608,0.0872
4760,1,1_2,0.16,0.02625,0.07654
4761,1,1_2,0.16,0.04614,0.0923
4762,1,1_2,0.16,0.02348,0.0849
4763,1,1_2,0.16,0.0356,0.0763
4764,1,1_2,0.16,0.0342,0.09204
4765,1,1_2,0.16,0.06235,0.1242
4766,1,1_2,0.16,0.05396,0.1149
4767,1,1_2,0.16,0.02782,0.0977
4768,1,1_2,0.16,0.02841,0.0711
4769,1,1_2,0.16,0.02522,0.0786
4770,1,1_2,0.16,0.0218,0.07526
4771,1,1_2,0.16,0.03062,0.0723
4772,1,1_2,0.16,0.0398,0.0795
4773,1,1_2,0.16,0.04178,0.08374
4774,1,1_2,0.16,0.0255,0.07104
4775,1,1_2,0.16,0.04034,0.09534
4776,1,1_2,0.16,0.0264,0.07294
4777,1,1_2,0.16,0.03284,0.0779
4778,1,1_2,0.16,0.10254,0.133
4779,1,1_2,0.16,0.03217,0.0783
4780,1,1_2,0.16,0.02766,0.0821
4781,1,1_2,0.16,0.05383,0.1179
4782,1,1_2,0.16,0.04993,0.08545
4783,1,1_2,0.16,0.03537,0.0783
4784,1,1_2,0.16,0.04703,0.0888
4785,1,1_2,0.16,0.03613,0.0866
4786,1,1_2,0.16,0.02774,0.0738
4787,1,1_2,0.16,0.03564,0.0851
4788,1,1_2,0.16,0.02786,0.08484
4789,1,1_2,0.16,0.02495,0.07056
4790,1,1_2,0.16,0.04907,0.08514
4791,1,1_2,0.16,0.0217,0.0696
4792,1,1_2,0.16,0.02483,0.07153
4793,1,1_2,0.16,0.02797,0.07794
4794,1,1_2,0.16,0.01816,0.0854
4795,1,1_2,0.16,0.04022,0.08746
4796,1,1_2,0.16,0.02754,0.07635
4797,1,1_2,0.16,0.02483,0.07
4798,1,1_2,0.16,0.032,0.08276
4799,1,1_2,0.16,0.02821,0.0805
4800,1,1_2,0.16,0.03937,0.0839
4801,1,1_2,0.16,0.0251,0.07117
4802,1,1_2,0.16,0.05264,0.1398
4803,1,1_2,0.16,0.0343,0.0787
4804,1,1_2,0.16,0.0793,0.09735
4805,1,1_2,0.16,0.052,0.12384
4806,1,1_2,0.16,0.03738,0.079
4807,1,1_2,0.16,0.0364,0.1249
4808,1,1_2,0.16,0.02907,0.0737
4809,1,1_2,0.16,0.03177,0.07336
4810,1,1_2,0.16,0.03564,0.0762
4811,1,1_2,0.16,0.02953,0.08484
4812,1,1_2,0.16,0.02577,0.0694
4813,1,1_2,0.16,0.02805,0.0755
4814,1,1_2,0.16,0.0822,0.11774
4815,1,1_2,0.16,0.02794,0.0771
4816,1,1_2,0.16,0.03622,0.08795
4817,1,1_2,0.16,0.02904,0.0853
4818,1,1_2,0.16,0.09235,0.1092
4819,1,1_2,0.16,0.02623,0.07855
4820,1,1_2,0.16,0.0353,0.1004
4821,1,1_2,0.16,0.03177,0.07715
4822,1,1_2,0.16,0.04828,0.1006
4823,1,1_2,0.16,0.0604,0.0882
4824,1,1_2,0.16,0.02599,0.07513
4825,1,1_2,0.16,0.02686,0.078
4826,1,1_2,0.16,0.0322,0.0735
4827,1,1_2,0.16,0.04477,0.0835
4828,1,1_2,0.16,0.02415,0.0745
4829,1,1_2,0.16,0.03836,0.09534
4830,1,1_2,0.16,0.0361,0.0812
4831,1,1_2,0.16,0.0268,0.0704
4832,1,1_2,0.16,0.03555,0.09576
4833,1,1_2,0.16,0.0614,0.0969
4834,1,1_2,0.16,0.02261,0.0726
4835,1,1_2,0.16,0.03418,0.08075
4836,1,1_2,0.16,0.023,0.07495
4837,1,1_2,0.16,0.02386,0.0754
4838,1,1_2,0.16,0.02629,0.0723
4839,1,1_2,0.16,0.03003,0.07416
4840,1,1_2,0.16,0.03555,0.07965
4841,1,1_2,0.16,0.02968,0.10443
4842,1,1_2,0.16,0.02863,0.0741
4843,1,1_2,0.16,0.03323,0.07684
4844,1,1_2,0.16,0.03366,0.07544
4845,1,1_2,0.16,0.0319,0.07416
4846,1,1_2,0.16,0.02567,0.0805
4847,1,1_2,0.16,0.04166,0.1064
4848,1,1_2,0.16,0.0816,0.1342
4849,1,1_2,0.16,0.03888,0.08417
4850,1,1_2,0.16,0.03967,0.0806
4851,1,1_2,0.16,0.02556,0.0759
4852,1,1_2,0.16,0.02858,0.0772
4853,1,1_2,0.16,0.03049,0.0807
4854,1,1_2,0.16,0.0637,0.08936
4855,1,1_2,0.16,0.03354,0.07495
4856,1,1_2,0.16,0.04294,0.0801
4857,1,1_2,0.16,0.03427,0.07587
4858,1,1_2,0.16,0.02652,0.0732
4859,1,1_2,0.16,0.05588,0.09686
4860,1,1_2,0.16,0.02396,0.08057
4861,1,1_2,0.16,0.03015,0.0784
4862,1,1_2,0.16,0.02695,0.07367
4863,1,1_2,0.16,0.06635,0.126
4864,1,1_2,0.16,0.03006,0.0882
4865,1,1_2,0.16,0.02686,0.0758
4866,1,1_2,0.16,0.03015,0.08203
4867,1,1_2,0.16,0.02155,0.07214
4868,1,1_2,0.16,0.0375,0.0982
4869,1,1_2,0.16,0.02072,0.0759
4870,1,1_2,0.16,0.0306,0.11414
4871,1,1_2,0.16,0.04636,0.0948
4872,1,1_2,0.16,0.02826,0.09155
4873,1,1_2,0.16,0.0377,0.1087
4874,1,1_2,0.16,0.03403,0.0867
4875,1,1_2,0.16,0.03168,0.0762
4876,1,1_2,0.16,0.0358,0.0949
4877,1,1_2,0.16,0.05472,0.10156
4878,1,1_2,0.16,0.0328,0.0841
4879,1,1_2,0.16,0.05057,0.09247
4880,1,1_2,0.16,0.02327,0.0745
4881,1,1_2,0.16,0.03824,0.08954
4882,1,1_2,0.16,0.03543,0.0815
4883,1,1_2,0.16,0.0626,0.1254
4884,1,1_2,0.16,0.02722,0.0746
4885,1,1_2,0.16,0.05475,0.10254
4886,1,1_2,0.16,0.03726,0.10236
4887,1,1_2,0.16,0.03348,0.0974
4888,1,1_2,0.16,0.0435,0.0853
4889,1,1_2,0.16,0.02559,0.0763
4890,1,1_2,0.16,0.04358,0.0975
4891,1,1_2,0.16,0.03323,0.07935
4892,1,1_2,0.16,0.02469,0.0714
4893,1,1_2,0.16,0.03537,0.0988
4894,1,1_2,0.16,0.03096,0.0713
4895,1,1_2,0.16,0.03156,0.07495
4896,1,1_2,0.16,0.02568,0.0714
4897,1,1_2,0.16,0.05194,0.0967
4898,1,1_2,0.16,0.02235,0.08234
4899,1,1_2,0.16,0.03084,0.07684
4900,1,1_2,0.16,0.02917,0.0759
4901,1,1_2,0.16,0.0237,0.0751
4902,1,1_2,0.16,0.02603,0.07104
4903,1,1_2,0.16,0.03165,0.0729
4904,1,1_2,0.16,0.03186,0.085
4905,1,1_2,0.16,0.0394,0.0831
4906,1,1_2,0.16,0.02765,0.0705
4907,1,1_2,0.16,0.02919,0.07794
4908,1,1_2,0.16,0.0244,0.0842
4909,1,1_2,0.16,0.02757,0.07654
4910,1,1_2,0.16,0.04895,0.08966
4911,1,1_2,0.16,0.0257,0.07434
4912,1,1_2,0.16,0.03165,0.0862
4913,1,1_2,0.16,0.02884,0.0854
4914,1,1_2,0.16,0.03815,0.0846
4915,1,1_2,0.16,0.02765,0.07434
4916,1,1_2,0.16,0.02805,0.0885
4917,1,1_2,0.16,0.0252,0.0879
4918,1,1_2,0.16,0.02269,0.07776
4919,1,1_2,0.16,0.02318,0.0708
4920,1,1_2,0.16,0.03265,0.0902
4921,1,1_2,0.16,0.02054,0.0764
4922,1,1_2,0.16,0.02565,0.08936
4923,1,1_2,0.16,0.03638,0.0901
4924,1,1_2,0.16,0.02567,0.07745
4925,1,1_2,0.16,0.0268,0.0794
4926,1,1_2,0.16,0.03757,0.07666
4927,1,1_2,0.16,0.0349,0.0768
4928,1,1_2,0.16,0.02237,0.07446
4929,1,1_2,0.16,0.03885,0.0943
4930,1,1_2,0.16,0.03827,0.078
4931,1,1_2,0.16,0.0326,0.0742
4932,1,1_2,0.16,0.03104,0.0817
4933,1,1_2,0.16,0.02394,0.07324
4934,1,1_2,0.16,0.03345,0.09607
4935,1,1_2,0.16,0.0399,0.085
4936,1,1_2,0.16,0.02646,0.0733
4937,1,1_2,0.16,0.06024,0.1366
4938,1,1_2,0.16,0.0414,0.0944
4939,1,1_2,0.16,0.02812,0.0769
4940,1,1_2,0.16,0.03632,0.0929
4941,1,1_2,0.16,0.03537,0.08765
4942,1,1_2,0.16,0.02795,0.07184
4943,1,1_2,0.16,0.0444,0.08997
4944,1,1_2,0.16,0.03452,0.0835
4945,1,1_2,0.16,0.05563,0.0938
4946,1,1_2,0.16,0.0321,0.08594
4947,1,1_2,0.16,0.0505,0.11816
4948,1,1_2,0.16,0.02194,0.07153
4949,1,1_2,0.16,0.04034,0.0894
4950,1,1_2,0.16,0.03403,0.10767
4951,1,1_2,0.16,0.04385,0.0988
4952,1,1_2,0.16,0.04587,0.08716
4953,1,1_2,0.16,0.0675,0.0907
4954,1,1_2,0.16,0.05475,0.1313
4955,1,1_2,0.16,0.02516,0.0728
4956,1,1_2,0.16,0.0353,0.0796
4957,1,1_2,0.16,0.0322,0.0781
4958,1,1_2,0.16,0.03122,0.0788
4959,1,1_2,0.16,0.0317,0.08203
4960,1,1_2,0.16,0.03244,0.1105
4961,1,1_2,0.16,0.02328,0.07935
4962,1,1_2,0.16,0.03152,0.0751
4963,1,1_2,0.16,0.04013,0.098
4964,1,1_2,0.16,0.0796,0.1049
4965,1,1_2,0.16,0.04663,0.0993
4966,1,1_2,0.16,0.0399,0.07684
4967,1,1_2,0.16,0.02483,0.0864
4968,1,1_2,0.16,0.02745,0.0741
4969,1,1_2,0.16,0.03488,0.0818
4970,1,1_2,0.16,0.02997,0.07513
4971,1,1_2,0.16,0.02925,0.0852
4972,1,1_2,0.16,0.02844,0.0858
4973,1,1_2,0.16,0.02843,0.08075
4974,1,1_2,0.16,0.03287,0.08636
4975,1,1_2,0.16,0.02405,0.0808
4976,1,1_2,0.16,0.03098,0.0848
4977,1,1_2,0.16,0.04187,0.0811
4978,1,1_2,0.16,0.03937,0.11316
4979,1,1_2,0.16,0.03818,0.08075
4980,1,1_2,0.16,0.02267,0.07336
4981,1,1_2,0.16,0.02615,0.07776
4982,1,1_2,0.16,0.02583,0.08203
4983,1,1_2,0.16,0.02989,0.07697
4984,1,1_2,0.16,0.02386,0.07556
4985,1,1_2,0.16,0.02827,0.0714
4986,1,1_2,0.16,0.0236,0.091
4987,1,1_2,0.16,0.0377,0.0811
4988,1,1_2,0.16,0.03165,0.07764
4989,1,1_2,0.16,0.0675,0.1333
4990,1,1_2,0.16,0.02385,0.0816
4991,1,1_2,0.16,0.02995,0.0813
4992,1,1_2,0.16,0.02393,0.0732
4993,1,1_2,0.16,0.02985,0.09015
4994,1,1_2,0.16,0.03247,0.07733
4995,1,1_2,0.16,0.02437,0.07263
4996,1,1_2,0.16,0.02461,0.0742
4997,1,1_2,0.16,0.02647,0.07715
4998,1,1_2,0.16,0.02905,0.07434
4999,1,1_2,0.16,0.06232,0.1234
5000,1,1_2,0.24,0.02948,0.0817
5001,1,1_2,0.24,0.02591,0.0832
5002,1,1_2,0.24,0.02893,0.07794
5003,1,1_2,0.24,0.0321,0.0777
5004,1,1_2,0.24,0.04044,0.0833
5005,1,1_2,0.24,0.0448,0.1091
5006,1,1_2,0.24,0.0305,0.0748
5007,1,1_2,0.24,0.03625,0.0751
5008,1,1_2,0.24,0.0486,0.08203
5009,1,1_2,0.24,0.035,0.08417
5010,1,1_2,0.24,0.02504,0.07043
5011,1,1_2,0.24,0.04428,0.1111
5012,1,1_2,0.24,0.03894,0.0738
5013,1,1_2,0.24,0.0351,0.0731
5014,1,1_2,0.24,0.0526,0.0892
5015,1,1_2,0.24,0.05212,0.09064
5016,1,1_2,0.24,0.02618,0.08185
5017,1,1_2,0.24,0.0422,0.08685
5018,1,1_2,0.24,0.02625,0.07086
5019,1,1_2,0.24,0.03265,0.0821
5020,1,1_2,0.24,0.04376,0.106
5021,1,1_2,0.24,0.04114,0.08264
5022,1,1_2,0.24,0.06793,0.11597
5023,1,1_2,0.24,0.02841,0.075
5024,1,1_2,0.24,0.04916,0.09845
5025,1,1_2,0.24,0.03207,0.0704
5026,1,1_2,0.24,0.02507,0.07574
5027,1,1_2,0.24,0.04645,0.08014
5028,1,1_2,0.24,0.0372,0.0812
5029,1,1_2,0.24,0.02934,0.08075
5030,1,1_2,0.24,0.03934,0.0773
5031,1,1_2,0.24,0.03992,0.07965
5032,1,1_2,0.24,0.05676,0.10925
5033,1,1_2,0.24,0.03564,0.0892
5034,1,1_2,0.24,0.0562,0.1139
5035,1,1_2,0.24,0.06247,0.1222
5036,1,1_2,0.24,0.04782,0.11005
5037,1,1_2,0.24,0.03333,0.0754
5038,1,1_2,0.24,0.03476,0.0895
5039,1,1_2,0.24,0.0848,0.11566
5040,1,1_2,0.24,0.0436,0.0933
5041,1,1_2,0.24,0.04016,0.0776
5042,1,1_2,0.24,0.04013,0.0909
5043,1,1_2,0.24,0.03616,0.0797
5044,1,1_2,0.24,0.03268,0.1046
5045,1,1_2,0.24,0.10144,0.1544
5046,1,1_2,0.24,0.02856,0.08954
5047,1,1_2,0.24,0.07794,0.11707
5048,1,1_2,0.24,0.0327,0.0957
5049,1,1_2,0.24,0.03955,0.0744
5050,1,1_2,0.24,0.02885,0.0697
5051,1,1_2,0.24,0.04425,0.11584
5052,1,1_2,0.24,0.03745,0.08
5053,1,1_2,0.24,0.06433,0.114
5054,1,1_2,0.24,0.03253,0.08325
5055,1,1_2,0.24,0.03476,0.08234
5056,1,1_2,0.24,0.03864,0.0773
5057,1,1_2,0.24,0.06415,0.13
5058,1,1_2,0.24,0.03558,0.0833
5059,1,1_2,0.24,0.03247,0.0961
5060,1,1_2,0.24,0.04456,0.1032
5061,1,1_2,0.24,0.02953,0.0793
5062,1,1_2,0.24,0.03323,0.0808
5063,1,1_2,0.24,0.04962,0.08704
5064,1,1_2,0.24,0.03552,0.077
5065,1,1_2,0.24,0.02733,0.08295
5066,1,1_2,0.24,0.03445,0.08154
5067,1,1_2,0.24,0.02823,0.08276
5068,1,1_2,0.24,0.03076,0.0759
5069,1,1_2,0.24,0.0244,0.07355
5070,1,1_2,0.24,0.05063,0.0833
5071,1,1_2,0.24,0.0256,0.0752
5072,1,1_2,0.24,0.03418,0.0733
5073,1,1_2,0.24,0.03128,0.07635
5074,1,1_2,0.24,0.04953,0.0956
5075,1,1_2,0.24,0.0408,0.0774
5076,1,1_2,0.24,0.03656,0.09186
5077,1,1_2,0.24,0.04736,0.0897
5078,1,1_2,0.24,0.03488,0.10175
5079,1,1_2,0.24,0.0393,0.0795
5080,1,1_2,0.24,0.04526,0.09094
5081,1,1_2,0.24,0.0313,0.0741
5082,1,1_2,0.24,0.0425,0.08777
5083,1,1_2,0.24,0.04272,0.11444
5084,1,1_2,0.24,0.03497,0.0766
5085,1,1_2,0.24,0.03235,0.07434
5086,1,1_2,0.24,0.04178,0.09753
5087,1,1_2,0.24,0.03864,0.1042
5088,1,1_2,0.24,0.0343,0.0736
5089,1,1_2,0.24,0.0228,0.0781
5090,1,1_2,0.24,0.04053,0.09485
5091,1,1_2,0.24,0.04413,0.08685
5092,1,1_2,0.24,0.0454,0.1515
5093,1,1_2,0.24,0.0323,0.0865
5094,1,1_2,0.24,0.02742,0.08734
5095,1,1_2,0.24,0.0363,0.0869
5096,1,1_2,0.24,0.0509,0.099
5097,1,1_2,0.24,0.04166,0.09045
5098,1,1_2,0.24,0.03001,0.0749
5099,1,1_2,0.24,0.05017,0.0942
5100,1,1_2,0.24,0.02531,0.097
5101,1,1_2,0.24,0.0357,0.0815
5102,1,1_2,0.24,0.05484,0.138
5103,1,1_2,0.24,0.1503,0.1416
5104,1,1_2,0.24,0.0284,0.0796
5105,1,1_2,0.24,0.08795,0.1187
5106,1,1_2,0.24,0.04596,0.0826
5107,1,1_2,0.24,0.03415,0.0758
5108,1,1_2,0.24,0.04425,0.09924
5109,1,1_2,0.24,0.04608,0.09796
5110,1,1_2,0.24,0.0711,0.12415
5111,1,1_2,0.24,0.02571,0.0729
5112,1,1_2,0.24,0.098,0.11694
5113,1,1_2,0.24,0.03105,0.0837
5114,1,1_2,0.24,0.03564,0.10596
5115,1,1_2,0.24,0.0669,0.09955
5116,1,1_2,0.24,0.02855,0.0774
5117,1,1_2,0.24,0.0601,0.11676
5118,1,1_2,0.24,0.04617,0.10114
5119,1,1_2,0.24,0.03146,0.0719
5120,1,1_2,0.24,0.03134,0.0884
5121,1,1_2,0.24,0.03543,0.0762
5122,1,1_2,0.24,0.03796,0.0856
5123,1,1_2,0.24,0.0584,0.09503
5124,1,1_2,0.24,0.03815,0.0782
5125,1,1_2,0.24,0.0525,0.1111
5126,1,1_2,0.24,0.04813,0.092
5127,1,1_2,0.24,0.03162,0.0829
5128,1,1_2,0.24,0.05576,0.10156
5129,1,1_2,0.24,0.0835,0.10364
5130,1,1_2,0.24,0.04425,0.10095
5131,1,1_2,0.24,0.02711,0.0798
5132,1,1_2,0.24,0.06885,0.1395
5133,1,1_2,0.24,0.0661,0.1121
5134,1,1_2,0.24,0.1283,0.1901
5135,1,1_2,0.24,0.03111,0.07965
5136,1,1_2,0.24,0.0345,0.0859
5137,1,1_2,0.24,0.04178,0.1101
5138,1,1_2,0.24,0.0788,0.1066
5139,1,1_2,0.24,0.08826,0.1274
5140,1,1_2,0.24,0.02448,0.0714
5141,1,1_2,0.24,0.0589,0.1002
5142,1,1_2,0.24,0.03476,0.0901
5143,1,1_2,0.24,0.02902,0.0869
5144,1,1_2,0.24,0.03732,0.1007
5145,1,1_2,0.24,0.02943,0.08093
5146,1,1_2,0.24,0.0456,0.0948
5147,1,1_2,0.24,0.05573,0.10016
5148,1,1_2,0.24,0.06076,0.11707
5149,1,1_2,0.24,0.08386,0.128
5150,1,1_2,0.24,0.04755,0.09296
5151,1,1_2,0.24,0.05197,0.11365
5152,1,1_2,0.24,0.04752,0.09045
5153,1,1_2,0.24,0.04886,0.092
5154,1,1_2,0.24,0.03586,0.07837
5155,1,1_2,0.24,0.03625,0.0859
5156,1,1_2,0.24,0.03473,0.07947
5157,1,1_2,0.24,0.04492,0.1411
5158,1,1_2,0.24,0.0379,0.1149
5159,1,1_2,0.24,0.06354,0.11475
5160,1,1_2,0.24,0.0443,0.0778
5161,1,1_2,0.24,0.02736,0.0737
5162,1,1_2,0.24,0.0552,0.1302
5163,1,1_2,0.24,0.02919,0.0776
5164,1,1_2,0.24,0.03973,0.0916
5165,1,1_2,0.24,0.03973,0.10004
5166,1,1_2,0.24,0.0509,0.0915
5167,1,1_2,0.24,0.06027,0.11694
5168,1,1_2,0.24,0.10004,0.1329
5169,1,1_2,0.24,0.12427,0.12415
5170,1,1_2,0.24,0.03778,0.0808
5171,1,1_2,0.24,0.0321,0.0814
5172,1,1_2,0.24,0.0607,0.1228
5173,1,1_2,0.24,0.04492,0.08887
5174,1,1_2,0.24,0.071,0.1246
5175,1,1_2,0.24,0.0517,0.1007
5176,1,1_2,0.24,0.02292,0.075
5177,1,1_2,0.24,0.05975,0.10156
5178,1,1_2,0.24,0.03442,0.0773
5179,1,1_2,0.24,0.03433,0.076
5180,1,1_2,0.24,0.04782,0.0894
5181,1,1_2,0.24,0.0426,0.0985
5182,1,1_2,0.24,0.03958,0.0843
5183,1,1_2,0.24,0.031,0.0757
5184,1,1_2,0.24,0.0341,0.09326
5185,1,1_2,0.24,0.039,0.0796
5186,1,1_2,0.24,0.0343,0.0727
5187,1,1_2,0.24,0.08215,0.1129
5188,1,1_2,0.24,0.03198,0.07935
5189,1,1_2,0.24,0.04977,0.10736
5190,1,1_2,0.24,0.0331,0.0935
5191,1,1_2,0.24,0.06696,0.10394
5192,1,1_2,0.24,0.0306,0.0884
5193,1,1_2,0.24,0.02567,0.07916
5194,1,1_2,0.24,0.05148,0.08795
5195,1,1_2,0.24,0.06744,0.114
5196,1,1_2,0.24,0.04785,0.0875
5197,1,1_2,0.24,0.03897,0.08514
5198,1,1_2,0.24,0.0518,0.105
5199,1,1_2,0.24,0.03772,0.08185
5200,1,1_2,0.24,0.04584,0.08685
5201,1,1_2,0.24,0.03885,0.09204
5202,1,1_2,0.24,0.05054,0.1044
5203,1,1_2,0.24,0.04266,0.0806
5204,1,1_2,0.24,0.05936,0.1056
5205,1,1_2,0.24,0.04092,0.0868
5206,1,1_2,0.24,0.02892,0.07513
5207,1,1_2,0.24,0.05252,0.0921
5208,1,1_2,0.24,0.0425,0.0881
5209,1,1_2,0.24,0.0403,0.0882
5210,1,1_2,0.24,0.02977,0.07825
5211,1,1_2,0.24,0.03024,0.07495
5212,1,1_2,0.24,0.04825,0.0875
5213,1,1_2,0.24,0.02458,0.0706
5214,1,1_2,0.24,0.03827,0.08527
5215,1,1_2,0.24,0.0357,0.08124
5216,1,1_2,0.24,0.05173,0.0905
5217,1,1_2,0.24,0.0578,0.09546
5218,1,1_2,0.24,0.0368,0.07935
5219,1,1_2,0.24,0.09204,0.1203
5220,1,1_2,0.24,0.0351,0.1148
5221,1,1_2,0.24,0.0769,0.1013
5222,1,1_2,0.24,0.03436,0.0866
5223,1,1_2,0.24,0.02751,0.07434
5224,1,1_2,0.24,0.05515,0.0981
5225,1,1_2,0.24,0.03632,0.10486
5226,1,1_2,0.24,0.02278,0.0708
5227,1,1_2,0.24,0.0932,0.11304
5228,1,1_2,0.24,0.03445,0.0952
5229,1,1_2,0.24,0.05884,0.103
5230,1,1_2,0.24,0.04114,0.0851
5231,1,1_2,0.24,0.0339,0.08636
5232,1,1_2,0.24,0.05173,0.1119
5233,1,1_2,0.24,0.04898,0.1328
5234,1,1_2,0.24,0.03091,0.07275
5235,1,1_2,0.24,0.03137,0.09125
5236,1,1_2,0.24,0.02266,0.07666
5237,1,1_2,0.24,0.0671,0.1047
5238,1,1_2,0.24,0.04172,0.0898
5239,1,1_2,0.24,0.0644,0.135
5240,1,1_2,0.24,0.04623,0.0959
5241,1,1_2,0.24,0.051,0.09326
5242,1,1_2,0.24,0.03073,0.08234
5243,1,1_2,0.24,0.05325,0.0979
5244,1,1_2,0.24,0.03265,0.0914
5245,1,1_2,0.24,0.02695,0.0883
5246,1,1_2,0.24,0.03065,0.07294
5247,1,1_2,0.24,0.03928,0.09796
5248,1,1_2,0.24,0.041,0.08026
5249,1,1_2,0.24,0.0293,0.1001
5250,1,1_2,0.24,0.0737,0.1053
5251,1,1_2,0.24,0.02422,0.0797
5252,1,1_2,0.24,0.0371,0.0902
5253,1,1_2,0.24,0.03342,0.0776
5254,1,1_2,0.24,0.0284,0.0805
5255,1,1_2,0.24,0.04224,0.0984
5256,1,1_2,0.24,0.06506,0.0942
5257,1,1_2,0.24,0.033,0.0807
5258,1,1_2,0.24,0.0614,0.0943
5259,1,1_2,0.24,0.03604,0.0868
5260,1,1_2,0.24,0.03696,0.086
5261,1,1_2,0.24,0.02534,0.074
5262,1,1_2,0.24,0.058,0.1185
5263,1,1_2,0.24,0.08673,0.1055
5264,1,1_2,0.24,0.0411,0.0977
5265,1,1_2,0.24,0.0512,0.09033
5266,1,1_2,0.24,0.02443,0.07916
5267,1,1_2,0.24,0.0395,0.0969
5268,1,1_2,0.24,0.02457,0.078
5269,1,1_2,0.24,0.06027,0.1052
5270,1,1_2,0.24,0.03238,0.07446
5271,1,1_2,0.24,0.0459,0.0898
5272,1,1_2,0.24,0.02588,0.078
5273,1,1_2,0.24,0.03232,0.0927
5274,1,1_2,0.24,0.0381,0.07904
5275,1,1_2,0.24,0.05408,0.09454
5276,1,1_2,0.24,0.0512,0.0887
5277,1,1_2,0.24,0.03577,0.10535
5278,1,1_2,0.24,0.1136,0.1311
5279,1,1_2,0.24,0.03638,0.0759
5280,1,1_2,0.24,0.04956,0.10876
5281,1,1_2,0.24,0.04178,0.0888
5282,1,1_2,0.24,0.0735,0.1252
5283,1,1_2,0.24,0.0421,0.0991
5284,1,1_2,0.24,0.02448,0.06915
5285,1,1_2,0.24,0.05048,0.0938
5286,1,1_2,0.24,0.03302,0.0853
5287,1,1_2,0.24,0.0441,0.094
5288,1,1_2,0.24,0.02962,0.08124
5289,1,1_2,0.24,0.07794,0.11566
5290,1,1_2,0.24,0.03928,0.1383
5291,1,1_2,0.24,0.05292,0.09503
5292,1,1_2,0.24,0.03256,0.0837
5293,1,1_2,0.24,0.0495,0.1149
5294,1,1_2,0.24,0.03516,0.0785
5295,1,1_2,0.24,0.06995,0.1186
5296,1,1_2,0.24,0.04767,0.0808
5297,1,1_2,0.24,0.06274,0.1106
5298,1,1_2,0.24,0.04065,0.09845
5299,1,1_2,0.24,0.05127,0.09875
5300,1,1_2,0.24,0.03915,0.10345
5301,1,1_2,0.24,0.02322,0.0816
5302,1,1_2,0.24,0.04868,0.1088
5303,1,1_2,0.24,0.02411,0.0817
5304,1,1_2,0.24,0.04395,0.1083
5305,1,1_2,0.24,0.05255,0.1389
5306,1,1_2,0.24,0.0642,0.1422
5307,1,1_2,0.24,0.03195,0.0736
5308,1,1_2,0.24,0.02965,0.08417
5309,1,1_2,0.24,0.0696,0.1096
5310,1,1_2,0.24,0.02716,0.07043
5311,1,1_2,0.24,0.063,0.1088
5312,1,1_2,0.24,0.05493,0.1121
5313,1,1_2,0.24,0.0427,0.09314
5314,1,1_2,0.24,0.02849,0.0761
5315,1,1_2,0.24,0.05084,0.0931
5316,1,1_2,0.24,0.04672,0.08514
5317,1,1_2,0.24,0.059,0.0956
5318,1,1_2,0.24,0.0475,0.09595
5319,1,1_2,0.24,0.02989,0.0887
5320,1,1_2,0.24,0.0396,0.0907
5321,1,1_2,0.24,0.0698,0.1284
5322,1,1_2,0.24,0.0366,0.089
5323,1,1_2,0.24,0.0316,0.0834
5324,1,1_2,0.24,0.0336,0.09033
5325,1,1_2,0.24,0.03946,0.0925
5326,1,1_2,0.24,0.02997,0.0765
5327,1,1_2,0.24,0.0797,0.1077
5328,1,1_2,0.24,0.05768,0.1382
5329,1,1_2,0.24,0.024,0.0723
5330,1,1_2,0.24,0.03558,0.07947
5331,1,1_2,0.24,0.05576,0.10254
5332,1,1_2,0.24,0.03387,0.0841
5333,1,1_2,0.24,0.05426,0.1469
5334,1,1_2,0.24,0.06067,0.1266
5335,1,1_2,0.24,0.03099,0.07684
5336,1,1_2,0.24,0.0425,0.10095
5337,1,1_2,0.24,0.06506,0.09424
5338,1,1_2,0.24,0.05066,0.0882
5339,1,1_2,0.24,0.07324,0.1813
5340,1,1_2,0.24,0.0421,0.10236
5341,1,1_2,0.24,0.0395,0.09015
5342,1,1_2,0.24,0.068,0.1052
5343,1,1_2,0.24,0.05267,0.1018
5344,1,1_2,0.24,0.02388,0.0776
5345,1,1_2,0.24,0.0265,0.07336
5346,1,1_2,0.24,0.07745,0.11755
5347,1,1_2,0.24,0.0466,0.0898
5348,1,1_2,0.24,0.02596,0.0882
5349,1,1_2,0.24,0.0268,0.0771
5350,1,1_2,0.24,0.0347,0.08026
5351,1,1_2,0.24,0.04437,0.1132
5352,1,1_2,0.24,0.04025,0.08234
5353,1,1_2,0.24,0.05948,0.1133
5354,1,1_2,0.24,0.04135,0.101
5355,1,1_2,0.24,0.04764,0.0878
5356,1,1_2,0.24,0.0739,0.1177
5357,1,1_2,0.24,0.041,0.0815
5358,1,1_2,0.24,0.0297,0.07855
5359,1,1_2,0.24,0.0568,0.1189
5360,1,1_2,0.24,0.07776,0.1703
5361,1,1_2,0.24,0.0333,0.0846
5362,1,1_2,0.24,0.04242,0.102
5363,1,1_2,0.24,0.0543,0.12476
5364,1,1_2,0.24,0.04153,0.08594
5365,1,1_2,0.24,0.0716,0.1144
5366,1,1_2,0.24,0.0648,0.1033
5367,1,1_2,0.24,0.048,0.09686
5368,1,1_2,0.24,0.03296,0.07715
5369,1,1_2,0.24,0.03207,0.0786
5370,1,1_2,0.24,0.04816,0.0918
5371,1,1_2,0.24,0.05817,0.09784
5372,1,1_2,0.24,0.04153,0.0885
5373,1,1_2,0.24,0.0697,0.10114
5374,1,1_2,0.24,0.0659,0.1177
5375,1,1_2,0.24,0.06287,0.1054
5376,1,1_2,0.24,0.0316,0.09143
5377,1,1_2,0.24,0.0278,0.0848
5378,1,1_2,0.24,0.04135,0.0817
5379,1,1_2,0.24,0.06128,0.1034
5380,1,1_2,0.24,0.048,0.0928
5381,1,1_2,0.24,0.0362,0.08203
5382,1,1_2,0.24,0.03117,0.08966
5383,1,1_2,0.24,0.0404,0.09625
5384,1,1_2,0.24,0.06226,0.1011
5385,1,1_2,0.24,0.0756,0.131
5386,1,1_2,0.24,0.03128,0.07965
5387,1,1_2,0.24,0.06012,0.101
5388,1,1_2,0.24,0.0337,0.09
5389,1,1_2,0.24,0.0703,0.1095
5390,1,1_2,0.24,0.03586,0.08954
5391,1,1_2,0.24,0.05606,0.09436
5392,1,1_2,0.24,0.04584,0.1261
5393,1,1_2,0.24,0.05173,0.1083
5394,1,1_2,0.24,0.02754,0.0777
5395,1,1_2,0.24,0.04373,0.0823
5396,1,1_2,0.24,0.1492,0.1323
5397,1,1_2,0.24,0.05646,0.0992
5398,1,1_2,0.24,0.04758,0.08966
5399,1,1_2,0.24,0.0513,0.11005
5400,1,1_2,0.24,0.02863,0.0916
5401,1,1_2,0.24,0.049,0.096
5402,1,1_2,0.24,0.092,0.1074
5403,1,1_2,0.24,0.1343,0.1355
5404,1,1_2,0.24,0.09875,0.1353
5405,1,1_2,0.24,0.0404,0.0905
5406,1,1_2,0.24,0.0302,0.0806
5407,1,1_2,0.24,0.033,0.0767
5408,1,1_2,0.24,0.07916,0.1008
5409,1,1_2,0.24,0.02885,0.0831
5410,1,1_2,0.24,0.03726,0.0789
5411,1,1_2,0.24,0.04303,0.0978
5412,1,1_2,0.24,0.04282,0.1113
5413,1,1_2,0.24,0.04715,0.09796
5414,1,1_2,0.24,0.03677,0.0864
5415,1,1_2,0.24,0.06052,0.1305
5416,1,1_2,0.24,0.04684,0.0953
5417,1,1_2,0.24,0.0364,0.0877
5418,1,1_2,0.24,0.04846,0.1105
5419,1,1_2,0.24,0.0582,0.0925
5420,1,1_2,0.24,0.04352,0.1065
5421,1,1_2,0.24,0.06586,0.0996
5422,1,1_2,0.24,0.07654,0.124
5423,1,1_2,0.24,0.03943,0.08875
5424,1,1_2,0.24,0.0441,0.0931
5425,1,1_2,0.24,0.04364,0.08167
5426,1,1_2,0.24,0.03464,0.08514
5427,1,1_2,0.24,0.05383,0.10065
5428,1,1_2,0.24,0.03305,0.0835
5429,1,1_2,0.24,0.02924,0.08026
5430,1,1_2,0.24,0.03485,0.0991
5431,1,1_2,0.24,0.04706,0.1069
5432,1,1_2,0.24,0.04065,0.0893
5433,1,1_2,0.24,0.0377,0.0817
5434,1,1_2,0.24,0.06396,0.0971
5435,1,1_2,0.24,0.02066,0.07166
5436,1,1_2,0.24,0.03192,0.07446
5437,1,1_2,0.24,0.0274,0.0729
5438,1,1_2,0.24,0.03836,0.0973
5439,1,1_2,0.24,0.07245,0.0953
5440,1,1_2,0.24,0.0336,0.0786
5441,1,1_2,0.24,0.02809,0.07245
5442,1,1_2,0.24,0.05032,0.1045
5443,1,1_2,0.24,0.02367,0.0721
5444,1,1_2,0.24,0.02545,0.08405
5445,1,1_2,0.24,0.03342,0.0795
5446,1,1_2,0.24,0.03668,0.0807
5447,1,1_2,0.24,0.04504,0.08575
5448,1,1_2,0.24,0.03238,0.08167
5449,1,1_2,0.24,0.02974,0.07635
5450,1,1_2,0.24,0.03146,0.0764
5451,1,1_2,0.24,0.0569,0.0991
5452,1,1_2,0.24,0.04587,0.0938
5453,1,1_2,0.24,0.02943,0.08374
5454,1,1_2,0.24,0.0414,0.08325
5455,1,1_2,0.24,0.04758,0.11395
5456,1,1_2,0.24,0.0413,0.0846
5457,1,1_2,0.24,0.0452,0.11816
5458,1,1_2,0.24,0.04538,0.0915
5459,1,1_2,0.24,0.03735,0.08344
5460,1,1_2,0.24,0.05096,0.117
5461,1,1_2,0.24,0.03836,0.09436
5462,1,1_2,0.24,0.05426,0.1139
5463,1,1_2,0.24,0.04242,0.08136
5464,1,1_2,0.24,0.0409,0.09143
5465,1,1_2,0.24,0.0799,0.12067
5466,1,1_2,0.24,0.04816,0.09534
5467,1,1_2,0.24,0.03925,0.0974
5468,1,1_2,0.24,0.04596,0.0901
5469,1,1_2,0.24,0.03848,0.0779
5470,1,1_2,0.24,0.0346,0.0865
5471,1,1_2,0.24,0.0649,0.0952
5472,1,1_2,0.24,0.04187,0.0913
5473,1,1_2,0.24,0.0426,0.09656
5474,1,1_2,0.24,0.05627,0.1246
5475,1,1_2,0.24,0.06076,0.109
5476,1,1_2,0.24,0.0706,0.1464
5477,1,1_2,0.24,0.03967,0.09186
5478,1,1_2,0.24,0.05115,0.1367
5479,1,1_2,0.24,0.05875,0.11566
5480,1,1_2,0.24,0.05435,0.0879
5481,1,1_2,0.24,0.0638,0.11206
5482,1,1_2,0.24,0.03096,0.0887
5483,1,1_2,0.24,0.0373,0.0845
5484,1,1_2,0.24,0.0528,0.1143
5485,1,1_2,0.24,0.0337,0.0859
5486,1,1_2,0.24,0.05914,0.0869
5487,1,1_2,0.24,0.0279,0.0715
5488,1,1_2,0.24,0.1808,0.1119
5489,1,1_2,0.24,0.04315,0.08655
5490,1,1_2,0.24,0.0266,0.0744
5491,1,1_2,0.24,0.03802,0.0776
5492,1,1_2,0.24,0.04,0.08514
5493,1,1_2,0.24,0.055,0.09357
5494,1,1_2,0.24,0.0568,0.0965
5495,1,1_2,0.24,0.0324,0.0753
5496,1,1_2,0.24,0.06134,0.1148
5497,1,1_2,0.24,0.04123,0.08026
5498,1,1_2,0.24,0.07367,0.1097
5499,1,1_2,0.24,0.02612,0.07074
5500,1,1_2,0.24,0.1159,0.1127
5501,1,1_2,0.24,0.0806,0.1179
5502,1,1_2,0.24,0.05194,0.0849
5503,1,1_2,0.24,0.0339,0.08246
5504,1,1_2,0.24,0.03763,0.0831
5505,1,1_2,0.24,0.0482,0.1068
5506,1,1_2,0.24,0.03072,0.0758
5507,1,1_2,0.24,0.08075,0.12427
5508,1,1_2,0.24,0.0934,0.1333
5509,1,1_2,0.24,0.04425,0.0938
5510,1,1_2,0.24,0.0292,0.0863
5511,1,1_2,0.24,0.03677,0.079
5512,1,1_2,0.24,0.04672,0.0904
5513,1,1_2,0.24,0.0502,0.1045
5514,1,1_2,0.24,0.03738,0.092
5515,1,1_2,0.24,0.02934,0.089
5516,1,1_2,0.24,0.04126,0.1082
5517,1,1_2,0.24,0.0459,0.10376
5518,1,1_2,0.24,0.0512,0.1201
5519,1,1_2,0.24,0.03247,0.09
5520,1,1_2,0.24,0.0518,0.101
5521,1,1_2,0.24,0.07153,0.1261
5522,1,1_2,0.24,0.04672,0.1095
5523,1,1_2,0.24,0.05344,0.0961
5524,1,1_2,0.24,0.03069,0.08026
5525,1,1_2,0.24,0.07074,0.1091
5526,1,1_2,0.24,0.03186,0.08545
5527,1,1_2,0.24,0.04156,0.08685
5528,1,1_2,0.24,0.03096,0.09656
5529,1,1_2,0.24,0.05643,0.1211
5530,1,1_2,0.24,0.0672,0.09265
5531,1,1_2,0.24,0.03192,0.08356
5532,1,1_2,0.24,0.03345,0.07697
5533,1,1_2,0.24,0.0258,0.0724
5534,1,1_2,0.24,0.04443,0.0986
5535,1,1_2,0.24,0.0371,0.0907
5536,1,1_2,0.24,0.07544,0.1276
5537,1,1_2,0.24,0.093,0.1295
5538,1,1_2,0.24,0.03412,0.0764
5539,1,1_2,0.24,0.0404,0.0818
5540,1,1_2,0.24,0.0861,0.1577
5541,1,1_2,0.24,0.0446,0.0817
5542,1,1_2,0.24,0.0306,0.1166
5543,1,1_2,0.24,0.0538,0.0991
5544,1,1_2,0.24,0.05734,0.09424
5545,1,1_2,0.24,0.03613,0.0829
5546,1,1_2,0.24,0.03815,0.0956
5547,1,1_2,0.24,0.02895,0.07416
5548,1,1_2,0.24,0.04803,0.0893
5549,1,1_2,0.24,0.03824,0.094
5550,1,1_2,0.24,0.03503,0.0842
5551,1,1_2,0.24,0.06213,0.1405
5552,1,1_2,0.24,0.0341,0.085
5553,1,1_2,0.24,0.04175,0.09143
5554,1,1_2,0.24,0.03354,0.08435
5555,1,1_2,0.24,0.05862,0.0963
5556,1,1_2,0.24,0.0318,0.0758
5557,1,1_2,0.24,0.05048,0.10443
5558,1,1_2,0.24,0.06003,0.1167
5559,1,1_2,0.24,0.0653,0.10486
5560,1,1_2,0.24,0.04312,0.0925
5561,1,1_2,0.24,0.05124,0.1259
5562,1,1_2,0.24,0.053,0.11523
5563,1,1_2,0.24,0.05704,0.1526
5564,1,1_2,0.24,0.04633,0.08716
5565,1,1_2,0.24,0.0398,0.1001
5566,1,1_2,0.24,0.03308,0.0798
5567,1,1_2,0.24,0.0837,0.1074
5568,1,1_2,0.24,0.051,0.0894
5569,1,1_2,0.24,0.0451,0.0853
5570,1,1_2,0.24,0.0457,0.1175
5571,1,1_2,0.24,0.03674,0.10284
5572,1,1_2,0.24,0.0399,0.1057
5573,1,1_2,0.24,0.0353,0.11316
5574,1,1_2,0.24,0.1251,0.1453
5575,1,1_2,0.24,0.03668,0.11554
5576,1,1_2,0.24,0.03775,0.07916
5577,1,1_2,0.24,0.02316,0.07227
5578,1,1_2,0.24,0.03632,0.0796
5579,1,1_2,0.24,0.04788,0.09735
5580,1,1_2,0.24,0.0325,0.08514
5581,1,1_2,0.24,0.02927,0.08154
5582,1,1_2,0.24,0.02608,0.0711
5583,1,1_2,0.24,0.03827,0.0908
5584,1,1_2,0.24,0.0657,0.0919
5585,1,1_2,0.24,0.0348,0.1026
5586,1,1_2,0.24,0.03455,0.09814
5587,1,1_2,0.24,0.0325,0.0768
5588,1,1_2,0.24,0.0691,0.12213
5589,1,1_2,0.24,0.0456,0.0921
5590,1,1_2,0.24,0.03583,0.08453
5591,1,1_2,0.24,0.03873,0.08167
5592,1,1_2,0.24,0.04742,0.1267
5593,1,1_2,0.24,0.0697,0.1126
5594,1,1_2,0.24,0.0465,0.1078
5595,1,1_2,0.24,0.04578,0.1154
5596,1,1_2,0.24,0.0452,0.0939
5597,1,1_2,0.24,0.03345,0.0872
5598,1,1_2,0.24,0.03268,0.0873
5599,1,1_2,0.24,0.0301,0.0802
5600,1,1_2,0.24,0.02823,0.0815
5601,1,1_2,0.24,0.04358,0.0823
5602,1,1_2,0.24,0.04483,0.09625
5603,1,1_2,0.24,0.0364,0.0909
5604,1,1_2,0.24,0.05017,0.0978
5605,1,1_2,0.24,0.05273,0.1028
5606,1,1_2,0.24,0.02965,0.0794
5607,1,1_2,0.24,0.02919,0.0724
5608,1,1_2,0.24,0.0768,0.11194
5609,1,1_2,0.24,0.07806,0.1421
5610,1,1_2,0.24,0.04193,0.0934
5611,1,1_2,0.24,0.08655,0.1143
5612,1,1_2,0.24,0.02977,0.0743
5613,1,1_2,0.24,0.0458,0.09186
5614,1,1_2,0.24,0.03314,0.0888
5615,1,1_2,0.24,0.02654,0.0751
5616,1,1_2,0.24,0.03033,0.0828
5617,1,1_2,0.24,0.0771,0.1365
5618,1,1_2,0.24,0.0339,0.09424
5619,1,1_2,0.24,0.04907,0.09924
5620,1,1_2,0.24,0.0357,0.1106
5621,1,1_2,0.24,0.03012,0.10425
5622,1,1_2,0.24,0.04306,0.0852
5623,1,1_2,0.24,0.03006,0.0911
5624,1,1_2,0.24,0.02946,0.08545
5625,1,1_2,0.24,0.02173,0.07526
5626,1,1_2,0.24,0.0395,0.0865
5627,1,1_2,0.24,0.04935,0.1012
5628,1,1_2,0.24,0.04407,0.0957
5629,1,1_2,0.24,0.05878,0.1143
5630,1,1_2,0.24,0.05267,0.10144
5631,1,1_2,0.24,0.02545,0.08374
5632,1,1_2,0.24,0.04068,0.0912
5633,1,1_2,0.24,0.0859,0.1381
5634,1,1_2,0.24,0.0387,0.09283
5635,1,1_2,0.24,0.03802,0.0813
5636,1,1_2,0.24,0.09875,0.1302
5637,1,1_2,0.24,0.05585,0.106
5638,1,1_2,0.24,0.04672,0.10626
5639,1,1_2,0.24,0.0523,0.08826
5640,1,1_2,0.24,0.0406,0.0828
5641,1,1_2,0.24,0.03955,0.08435
5642,1,1_2,0.24,0.04172,0.0908
5643,1,1_2,0.24,0.0529,0.0982
5644,1,1_2,0.24,0.04395,0.08466
5645,1,1_2,0.24,0.04758,0.116
5646,1,1_2,0.24,0.04306,0.10834
5647,1,1_2,0.24,0.05026,0.0903
5648,1,1_2,0.24,0.02849,0.0787
5649,1,1_2,0.24,0.06082,0.1164
5650,1,1_2,0.24,0.0865,0.10925
5651,1,1_2,0.24,0.0262,0.08734
5652,1,1_2,0.24,0.04263,0.0913
5653,1,1_2,0.24,0.05902,0.1447
5654,1,1_2,0.24,0.02975,0.0849
5655,1,1_2,0.24,0.05133,0.09186
5656,1,1_2,0.24,0.02466,0.0718
5657,1,1_2,0.24,0.02264,0.08453
5658,1,1_2,0.24,0.03067,0.0911
5659,1,1_2,0.24,0.1206,0.11554
5660,1,1_2,0.24,0.052,0.0944
5661,1,1_2,0.24,0.07355,0.138
5662,1,1_2,0.24,0.05402,0.10925
5663,1,1_2,0.24,0.05862,0.1086
5664,1,1_2,0.24,0.0322,0.08844
5665,1,1_2,0.24,0.0354,0.0784
5666,1,1_2,0.24,0.02452,0.0933
5667,1,1_2,0.24,0.05112,0.09564
5668,1,1_2,0.24,0.04602,0.09503
5669,1,1_2,0.24,0.0356,0.0992
5670,1,1_2,0.24,0.05914,0.09235
5671,1,1_2,0.24,0.02602,0.0757
5672,1,1_2,0.24,0.02278,0.07574
5673,1,1_2,0.24,0.02429,0.07733
5674,1,1_2,0.24,0.04132,0.0982
5675,1,1_2,0.24,0.02563,0.0822
5676,1,1_2,0.24,0.02985,0.0941
5677,1,1_2,0.24,0.03093,0.07874
5678,1,1_2,0.24,0.0366,0.0905
5679,1,1_2,0.24,0.04044,0.09894
5680,1,1_2,0.24,0.05533,0.0898
5681,1,1_2,0.24,0.03262,0.1081
5682,1,1_2,0.24,0.05112,0.1406
5683,1,1_2,0.24,0.046,0.1179
5684,1,1_2,0.24,0.02551,0.0871
5685,1,1_2,0.24,0.03647,0.09216
5686,1,1_2,0.24,0.03537,0.0794
5687,1,1_2,0.24,0.0654,0.0938
5688,1,1_2,0.24,0.0326,0.08966
5689,1,1_2,0.24,0.04315,0.0878
5690,1,1_2,0.24,0.0344,0.07996
5691,1,1_2,0.24,0.04886,0.0858
5692,1,1_2,0.24,0.05817,0.1126
5693,1,1_2,0.24,0.04813,0.09204
5694,1,1_2,0.24,0.02336,0.0754
5695,1,1_2,0.24,0.0587,0.0955
5696,1,1_2,0.24,0.0682,0.09155
5697,1,1_2,0.24,0.0438,0.0939
5698,1,1_2,0.24,0.03418,0.0919
5699,1,1_2,0.24,0.0492,0.113
5700,1,1_2,0.24,0.04077,0.08704
5701,1,1_2,0.24,0.0414,0.0848
5702,1,1_2,0.24,0.04678,0.1159
5703,1,1_2,0.24,0.03268,0.10425
5704,1,1_2,0.24,0.03577,0.083
5705,1,1_2,0.24,0.05414,0.0956
5706,1,1_2,0.24,0.0895,0.1608
5707,1,1_2,0.24,0.0362,0.0914
5708,1,1_2,0.24,0.02658,0.0752
5709,1,1_2,0.24,0.02837,0.07904
5710,1,1_2,0.24,0.07367,0.097
5711,1,1_2,0.24,0.0631,0.1194
5712,1,1_2,0.24,0.06223,0.09735
5713,1,1_2,0.24,0.03635,0.1231
5714,1,1_2,0.24,0.0316,0.07916
5715,1,1_2,0.24,0.03424,0.0843
5716,1,1_2,0.24,0.05728,0.1014
5717,1,1_2,0.24,0.044,0.1014
5718,1,1_2,0.24,0.09076,0.11346
5719,1,1_2,0.24,0.04794,0.09485
5720,1,1_2,0.24,0.04242,0.1041
5721,1,1_2,0.24,0.04575,0.08826
5722,1,1_2,0.24,0.032,0.0811
5723,1,1_2,0.24,0.04434,0.086
5724,1,1_2,0.24,0.03073,0.0819
5725,1,1_2,0.24,0.04108,0.10187
5726,1,1_2,0.24,0.05328,0.1033
5727,1,1_2,0.24,0.0411,0.085
5728,1,1_2,0.24,0.02934,0.09076
5729,1,1_2,0.24,0.09924,0.1504
5730,1,1_2,0.24,0.04984,0.09106
5731,1,1_2,0.24,0.04697,0.087
5732,1,1_2,0.24,0.0559,0.093
5733,1,1_2,0.24,0.02927,0.094
5734,1,1_2,0.24,0.035,0.0784
5735,1,1_2,0.24,0.02916,0.0745
5736,1,1_2,0.24,0.0244,0.08136
5737,1,1_2,0.24,0.04697,0.0956
5738,1,1_2,0.24,0.05228,0.102
5739,1,1_2,0.24,0.02542,0.0829
5740,1,1_2,0.24,0.03452,0.08954
5741,1,1_2,0.24,0.03195,0.0781
5742,1,1_2,0.24,0.03644,0.0908
5743,1,1_2,0.24,0.05634,0.1505
5744,1,1_2,0.24,0.0682,0.1089
5745,1,1_2,0.24,0.04514,0.0917
5746,1,1_2,0.24,0.0316,0.0764
5747,1,1_2,0.24,0.0806,0.1098
5748,1,1_2,0.24,0.0562,0.10657
5749,1,1_2,0.24,0.04404,0.09546
5750,1,1_2,0.24,0.04126,0.1067
5751,1,1_2,0.24,0.03238,0.07825
5752,1,1_2,0.24,0.04044,0.12115
5753,1,1_2,0.24,0.02386,0.07025
5754,1,1_2,0.24,0.0399,0.103
5755,1,1_2,0.24,0.03156,0.07825
5756,1,1_2,0.24,0.05865,0.1103
5757,1,1_2,0.24,0.05063,0.0964
5758,1,1_2,0.24,0.0728,0.12494
5759,1,1_2,0.24,0.04822,0.11914
5760,1,1_2,0.24,0.0619,0.09674
5761,1,1_2,0.24,0.03076,0.0912
5762,1,1_2,0.24,0.03452,0.0871
5763,1,1_2,0.24,0.0407,0.09467
5764,1,1_2,0.24,0.02797,0.107
5765,1,1_2,0.24,0.0486,0.0942
5766,1,1_2,0.24,0.02782,0.09784
5767,1,1_2,0.24,0.0278,0.11505
5768,1,1_2,0.24,0.04694,0.09076
5769,1,1_2,0.24,0.04922,0.1004
5770,1,1_2,0.24,0.04083,0.09863
5771,1,1_2,0.24,0.05313,0.107
5772,1,1_2,0.24,0.03223,0.07764
5773,1,1_2,0.24,0.02518,0.09235
5774,1,1_2,0.24,0.04715,0.10114
5775,1,1_2,0.24,0.03506,0.1094
5776,1,1_2,0.24,0.04437,0.0938
5777,1,1_2,0.24,0.04437,0.1003
5778,1,1_2,0.24,0.10474,0.1375
5779,1,1_2,0.24,0.078,0.11426
5780,1,1_2,0.24,0.03885,0.09467
5781,1,1_2,0.24,0.05637,0.0923
5782,1,1_2,0.24,0.03061,0.0759
5783,1,1_2,0.24,0.03735,0.08185
5784,1,1_2,0.24,0.0647,0.11725
5785,1,1_2,0.24,0.0666,0.1114
5786,1,1_2,0.24,0.11957,0.1477
5787,1,1_2,0.24,0.03186,0.079
5788,1,1_2,0.24,0.05447,0.1179
5789,1,1_2,0.24,0.05655,0.111
5790,1,1_2,0.24,0.0678,0.116
5791,1,1_2,0.24,0.03693,0.1142
5792,1,1_2,0.24,0.02852,0.083
5793,1,1_2,0.24,0.04584,0.0919
5794,1,1_2,0.24,0.02106,0.0741
5795,1,1_2,0.24,0.0323,0.0822
5796,1,1_2,0.24,0.10516,0.2051
5797,1,1_2,0.24,0.03378,0.0981
5798,1,1_2,0.24,0.0377,0.094
5799,1,1_2,0.24,0.03708,0.10144
5800,1,1_2,0.24,0.02744,0.08307
5801,1,1_2,0.24,0.02472,0.0799
5802,1,1_2,0.24,0.126,0.1093
5803,1,1_2,0.24,0.05194,0.11957
5804,1,1_2,0.24,0.03662,0.0844
5805,1,1_2,0.24,0.04333,0.0899
5806,1,1_2,0.24,0.05618,0.0933
5807,1,1_2,0.24,0.0795,0.10596
5808,1,1_2,0.24,0.0512,0.10724
5809,1,1_2,0.24,0.06024,0.12
5810,1,1_2,0.24,0.03568,0.1162
5811,1,1_2,0.24,0.05862,0.098
5812,1,1_2,0.24,0.03583,0.08057
5813,1,1_2,0.24,0.03552,0.08655
5814,1,1_2,0.24,0.03452,0.0806
5815,1,1_2,0.24,0.03622,0.0892
5816,1,1_2,0.24,0.03427,0.0867
5817,1,1_2,0.24,0.0507,0.1159
5818,1,1_2,0.24,0.03412,0.1043
5819,1,1_2,0.24,0.02516,0.07654
5820,1,1_2,0.24,0.043,0.1034
5821,1,1_2,0.24,0.02887,0.08887
5822,1,1_2,0.24,0.04605,0.10443
5823,1,1_2,0.24,0.04666,0.097
5824,1,1_2,0.24,0.046,0.09674
5825,1,1_2,0.24,0.0444,0.0898
5826,1,1_2,0.24,0.05515,0.10114
5827,1,1_2,0.24,0.02695,0.07245
5828,1,1_2,0.24,0.05356,0.0872
5829,1,1_2,0.24,0.0438,0.0959
5830,1,1_2,0.24,0.0462,0.09546
5831,1,1_2,0.24,0.0936,0.1294
5832,1,1_2,0.24,0.0787,0.1121
5833,1,1_2,0.24,0.0484,0.09467
5834,1,1_2,0.24,0.0329,0.09155
5835,1,1_2,0.24,0.0671,0.1488
5836,1,1_2,0.24,0.0522,0.09924
5837,1,1_2,0.24,0.0514,0.09644
5838,1,1_2,0.24,0.02391,0.0789
5839,1,1_2,0.24,0.03946,0.0948
5840,1,1_2,0.24,0.0934,0.1054
5841,1,1_2,0.24,0.04727,0.0886
5842,1,1_2,0.24,0.04984,0.09326
5843,1,1_2,0.24,0.03262,0.0909
5844,1,1_2,0.24,0.0299,0.0777
5845,1,1_2,0.24,0.06165,0.09863
5846,1,1_2,0.24,0.035,0.0823
5847,1,1_2,0.24,0.06494,0.1056
5848,1,1_2,0.24,0.03174,0.10034
5849,1,1_2,0.24,0.03915,0.08856
5850,1,1_2,0.24,0.05438,0.1064
5851,1,1_2,0.24,0.03107,0.0872
5852,1,1_2,0.24,0.04428,0.09076
5853,1,1_2,0.24,0.02763,0.079
5854,1,1_2,0.24,0.04407,0.0974
5855,1,1_2,0.24,0.04153,0.08124
5856,1,1_2,0.24,0.06836,0.09753
5857,1,1_2,0.24,0.0506,0.09534
5858,1,1_2,0.24,0.0295,0.0893
5859,1,1_2,0.24,0.03287,0.10864
5860,1,1_2,0.24,0.03876,0.1011
5861,1,1_2,0.24,0.0496,0.092
5862,1,1_2,0.24,0.1017,0.10596
5863,1,1_2,0.24,0.05157,0.1233
5864,1,1_2,0.24,0.0876,0.1461
5865,1,1_2,0.24,0.05225,0.11597
5866,1,1_2,0.24,0.04092,0.1167
5867,1,1_2,0.24,0.086,0.1141
5868,1,1_2,0.24,0.0375,0.08936
5869,1,1_2,0.24,0.02701,0.07587
5870,1,1_2,0.24,0.05667,0.1038
5871,1,1_2,0.24,0.02853,0.0799
5872,1,1_2,0.24,0.0525,0.0984
5873,1,1_2,0.24,0.03653,0.08136
5874,1,1_2,0.24,0.03558,0.0815
5875,1,1_2,0.24,0.03017,0.12146
5876,1,1_2,0.24,0.03937,0.083
5877,1,1_2,0.24,0.0546,0.128
5878,1,1_2,0.24,0.03732,0.08655
5879,1,1_2,0.24,0.0324,0.0826
5880,1,1_2,0.24,0.04395,0.081
5881,1,1_2,0.24,0.05756,0.0887
5882,1,1_2,0.24,0.03653,0.0937
5883,1,1_2,0.24,0.04053,0.09644
5884,1,1_2,0.24,0.10614,0.11865
5885,1,1_2,0.24,0.04407,0.0878
5886,1,1_2,0.24,0.0313,0.079
5887,1,1_2,0.24,0.02985,0.077
5888,1,1_2,0.24,0.0436,0.096
5889,1,1_2,0.24,0.04932,0.0881
5890,1,1_2,0.24,0.03433,0.0875
5891,1,1_2,0.24,0.04062,0.11566
5892,1,1_2,0.24,0.04062,0.09515
5893,1,1_2,0.24,0.0354,0.1039
5894,1,1_2,0.24,0.02888,0.08154
5895,1,1_2,0.24,0.0716,0.0972
5896,1,1_2,0.24,0.0351,0.1165
5897,1,1_2,0.24,0.05283,0.08466
5898,1,1_2,0.24,0.02602,0.07733
5899,1,1_2,0.24,0.0332,0.0802
5900,1,1_2,0.24,0.0374,0.1342
5901,1,1_2,0.24,0.0356,0.1076
5902,1,1_2,0.24,0.0675,0.1039
5903,1,1_2,0.24,0.1169,0.155
5904,1,1_2,0.24,0.1044,0.1649
5905,1,1_2,0.24,0.04266,0.10913
5906,1,1_2,0.24,0.02997,0.0841
5907,1,1_2,0.24,0.03387,0.0841
5908,1,1_2,0.24,0.04343,0.0864
5909,1,1_2,0.24,0.046,0.099
5910,1,1_2,0.24,0.04294,0.138
5911,1,1_2,0.24,0.04752,0.0969
5912,1,1_2,0.24,0.0844,0.10376
5913,1,1_2,0.24,0.07874,0.10876
5914,1,1_2,0.24,0.054,0.099
5915,1,1_2,0.24,0.03925,0.0946
5916,1,1_2,0.24,0.08984,0.12164
5917,1,1_2,0.24,0.02885,0.0737
5918,1,1_2,0.24,0.03348,0.0882
5919,1,1_2,0.24,0.0565,0.10583
5920,1,1_2,0.24,0.04465,0.1099
5921,1,1_2,0.24,0.0372,0.0936
5922,1,1_2,0.24,0.03793,0.084
5923,1,1_2,0.24,0.0829,0.10724
5924,1,1_2,0.24,0.0367,0.08575
5925,1,1_2,0.24,0.03973,0.0918
5926,1,1_2,0.24,0.0582,0.10986
5927,1,1_2,0.24,0.03125,0.0829
5928,1,1_2,0.24,0.11847,0.1267
5929,1,1_2,0.24,0.03552,0.08093
5930,1,1_2,0.24,0.03827,0.09393
5931,1,1_2,0.24,0.04498,0.0854
5932,1,1_2,0.24,0.04544,0.1193
5933,1,1_2,0.24,0.02841,0.0843
5934,1,1_2,0.24,0.04825,0.0992
5935,1,1_2,0.24,0.03546,0.0943
5936,1,1_2,0.24,0.03864,0.10474
5937,1,1_2,0.24,0.03934,0.08044
5938,1,1_2,0.24,0.04114,0.08997
5939,1,1_2,0.24,0.037,0.11224
5940,1,1_2,0.24,0.0522,0.1041
5941,1,1_2,0.24,0.03915,0.11835
5942,1,1_2,0.24,0.0366,0.089
5943,1,1_2,0.24,0.04495,0.10614
5944,1,1_2,0.24,0.0493,0.1092
5945,1,1_2,0.24,0.0425,0.08527
5946,1,1_2,0.24,0.02962,0.1076
5947,1,1_2,0.24,0.0498,0.1028
5948,1,1_2,0.24,0.0641,0.11145
5949,1,1_2,0.24,0.07886,0.1309
5950,1,1_2,0.24,0.03223,0.0838
5951,1,1_2,0.24,0.063,0.1295
5952,1,1_2,0.24,0.02675,0.101
5953,1,1_2,0.24,0.0469,0.1084
5954,1,1_2,0.24,0.07544,0.1185
5955,1,1_2,0.24,0.04117,0.1007
5956,1,1_2,0.24,0.0308,0.07983
5957,1,1_2,0.24,0.0435,0.0978
5958,1,1_2,0.24,0.04263,0.0858
5959,1,1_2,0.24,0.044,0.09045
5960,1,1_2,0.24,0.03397,0.07776
5961,1,1_2,0.24,0.05045,0.124
5962,1,1_2,0.24,0.09766,0.1186
5963,1,1_2,0.24,0.1469,0.10645
5964,1,1_2,0.24,0.05115,0.1193
5965,1,1_2,0.24,0.0494,0.095
5966,1,1_2,0.24,0.03238,0.0814
5967,1,1_2,0.24,0.03726,0.0871
5968,1,1_2,0.24,0.06174,0.106
5969,1,1_2,0.24,0.02689,0.08514
5970,1,1_2,0.24,0.04398,0.10443
5971,1,1_2,0.24,0.05853,0.1134
5972,1,1_2,0.24,0.02634,0.07745
5973,1,1_2,0.24,0.05328,0.0997
5974,1,1_2,0.24,0.08124,0.10724
5975,1,1_2,0.24,0.03842,0.07855
5976,1,1_2,0.24,0.02922,0.07733
5977,1,1_2,0.24,0.0635,0.1238
5978,1,1_2,0.24,0.02898,0.088
5979,1,1_2,0.24,0.03235,0.0784
5980,1,1_2,0.24,0.04156,0.08514
5981,1,1_2,0.24,0.06866,0.1148
5982,1,1_2,0.24,0.0625,0.11554
5983,1,1_2,0.24,0.0369,0.0843
5984,1,1_2,0.24,0.043,0.0894
5985,1,1_2,0.24,0.02911,0.0773
5986,1,1_2,0.24,0.04312,0.1035
5987,1,1_2,0.24,0.0753,0.12177
5988,1,1_2,0.24,0.0422,0.0963
5989,1,1_2,0.24,0.1271,0.1316
5990,1,1_2,0.24,0.04843,0.099
5991,1,1_2,0.24,0.0371,0.0941
5992,1,1_2,0.24,0.04474,0.1004
5993,1,1_2,0.24,0.07965,0.11237
5994,1,1_2,0.24,0.0365,0.0874
5995,1,1_2,0.24,0.03824,0.0936
5996,1,1_2,0.24,0.03043,0.07404
5997,1,1_2,0.24,0.03372,0.08795
5998,1,1_2,0.24,0.04288,0.08984
5999,1,1_2,0.24,0.1403,0.1475
6000,1,1_3,0.08,0.03418,0.0697
6001,1,1_3,0.08,0.03055,0.072
6002,1,1_3,0.08,0.02498,0.0672
6003,1,1_3,0.08,0.03043,0.0676
6004,1,1_3,0.08,0.02704,0.0767
6005,1,1_3,0.08,0.03644,0.07086
6006,1,1_3,0.08,0.0343,0.06915
6007,1,1_3,0.08,0.0247,0.0682
6008,1,1_3,0.08,0.0448,0.0763
6009,1,1_3,0.08,0.03152,0.06836
6010,1,1_3,0.08,0.02473,0.07324
6011,1,1_3,0.08,0.03117,0.0687
6012,1,1_3,0.08,0.02744,0.07153
6013,1,1_3,0.08,0.02724,0.0665
6014,1,1_3,0.08,0.0333,0.0738
6015,1,1_3,0.08,0.0342,0.0734
6016,1,1_3,0.08,0.02875,0.0693
6017,1,1_3,0.08,0.02878,0.07153
6018,1,1_3,0.08,0.03995,0.0723
6019,1,1_3,0.08,0.03027,0.0772
6020,1,1_3,0.08,0.05,0.0724
6021,1,1_3,0.08,0.03084,0.0695
6022,1,1_3,0.08,0.03021,0.0705
6023,1,1_3,0.08,0.02596,0.09143
6024,1,1_3,0.08,0.02882,0.0731
6025,1,1_3,0.08,0.02837,0.0813
6026,1,1_3,0.08,0.03043,0.0689
6027,1,1_3,0.08,0.03644,0.0742
6028,1,1_3,0.08,0.042,0.075
6029,1,1_3,0.08,0.04977,0.0824
6030,1,1_3,0.08,0.0268,0.0729
6031,1,1_3,0.08,0.02156,0.0779
6032,1,1_3,0.08,0.03183,0.0714
6033,1,1_3,0.08,0.02827,0.074
6034,1,1_3,0.08,0.03412,0.0734
6035,1,1_3,0.08,0.02538,0.0753
6036,1,1_3,0.08,0.03087,0.06744
6037,1,1_3,0.08,0.04126,0.0686
6038,1,1_3,0.08,0.02924,0.07587
6039,1,1_3,0.08,0.01993,0.0688
6040,1,1_3,0.08,0.04086,0.0736
6041,1,1_3,0.08,0.03384,0.0716
6042,1,1_3,0.08,0.03238,0.06995
6043,1,1_3,0.08,0.04092,0.0775
6044,1,1_3,0.08,0.0282,0.0721
6045,1,1_3,0.08,0.0456,0.0746
6046,1,1_3,0.08,0.02707,0.0781
6047,1,1_3,0.08,0.02446,0.0776
6048,1,1_3,0.08,0.03123,0.07733
6049,1,1_3,0.08,0.05316,0.07135
6050,1,1_3,0.08,0.029,0.069
6051,1,1_3,0.08,0.03262,0.0709
6052,1,1_3,0.08,0.0325,0.0787
6053,1,1_3,0.08,0.02972,0.06775
6054,1,1_3,0.08,0.02824,0.0779
6055,1,1_3,0.08,0.0228,0.0705
6056,1,1_3,0.08,0.02942,0.06964
6057,1,1_3,0.08,0.02734,0.0828
6058,1,1_3,0.08,0.0291,0.0698
6059,1,1_3,0.08,0.02963,0.0682
6060,1,1_3,0.08,0.03873,0.0723
6061,1,1_3,0.08,0.0328,0.0692
6062,1,1_3,0.08,0.02943,0.0697
6063,1,1_3,0.08,0.0207,0.0754
6064,1,1_3,0.08,0.02943,0.0689
6065,1,1_3,0.08,0.02907,0.07544
6066,1,1_3,0.08,0.03305,0.0722
6067,1,1_3,0.08,0.0255,0.06635
6068,1,1_3,0.08,0.02385,0.08636
6069,1,1_3,0.08,0.03217,0.07214
6070,1,1_3,0.08,0.0555,0.07214
6071,1,1_3,0.08,0.03183,0.0679
6072,1,1_3,0.08,0.03354,0.0723
6073,1,1_3,0.08,0.04517,0.0731
6074,1,1_3,0.08,0.02509,0.0742
6075,1,1_3,0.08,0.02425,0.07056
6076,1,1_3,0.08,0.02164,0.0721
6077,1,1_3,0.08,0.02533,0.071
6078,1,1_3,0.08,0.02896,0.0713
6079,1,1_3,0.08,0.03284,0.08185
6080,1,1_3,0.08,0.01884,0.06903
6081,1,1_3,0.08,0.0472,0.0807
6082,1,1_3,0.08,0.0271,0.0712
6083,1,1_3,0.08,0.02237,0.07684
6084,1,1_3,0.08,0.02322,0.07056
6085,1,1_3,0.08,0.0303,0.0809
6086,1,1_3,0.08,0.0317,0.0682
6087,1,1_3,0.08,0.02913,0.0795
6088,1,1_3,0.08,0.02716,0.0877
6089,1,1_3,0.08,0.0516,0.0777
6090,1,1_3,0.08,0.03043,0.07635
6091,1,1_3,0.08,0.04758,0.06885
6092,1,1_3,0.08,0.0229,0.0693
6093,1,1_3,0.08,0.02472,0.0729
6094,1,1_3,0.08,0.02942,0.0698
6095,1,1_3,0.08,0.02612,0.07007
6096,1,1_3,0.08,0.03345,0.0715
6097,1,1_3,0.08,0.03693,0.0738
6098,1,1_3,0.08,0.04456,0.0757
6099,1,1_3,0.08,0.04572,0.0786
6100,1,1_3,0.08,0.02567,0.0884
6101,1,1_3,0.08,0.02315,0.08
6102,1,1_3,0.08,0.0333,0.0868
6103,1,1_3,0.08,0.0397,0.0753
6104,1,1_3,0.08,0.02344,0.0805
6105,1,1_3,0.08,0.02757,0.0678
6106,1,1_3,0.08,0.03394,0.09503
6107,1,1_3,0.08,0.02806,0.0729
6108,1,1_3,0.08,0.02568,0.0693
6109,1,1_3,0.08,0.02861,0.06915
6110,1,1_3,0.08,0.02892,0.07324
6111,1,1_3,0.08,0.02495,0.071
6112,1,1_3,0.08,0.02814,0.08606
6113,1,1_3,0.08,0.02788,0.07
6114,1,1_3,0.08,0.03537,0.07324
6115,1,1_3,0.08,0.02437,0.0687
6116,1,1_3,0.08,0.0429,0.075
6117,1,1_3,0.08,0.02333,0.0692
6118,1,1_3,0.08,0.04065,0.06995
6119,1,1_3,0.08,0.0402,0.0717
6120,1,1_3,0.08,0.02225,0.0708
6121,1,1_3,0.08,0.02434,0.0692
6122,1,1_3,0.08,0.0261,0.06757
6123,1,1_3,0.08,0.02647,0.0785
6124,1,1_3,0.08,0.03864,0.073
6125,1,1_3,0.08,0.02461,0.0698
6126,1,1_3,0.08,0.03943,0.0721
6127,1,1_3,0.08,0.02701,0.0695
6128,1,1_3,0.08,0.04526,0.0705
6129,1,1_3,0.08,0.01982,0.07465
6130,1,1_3,0.08,0.03108,0.0719
6131,1,1_3,0.08,0.03387,0.07214
6132,1,1_3,0.08,0.04016,0.0733
6133,1,1_3,0.08,0.02855,0.0759
6134,1,1_3,0.08,0.03967,0.07074
6135,1,1_3,0.08,0.02246,0.0754
6136,1,1_3,0.08,0.02696,0.07
6137,1,1_3,0.08,0.02715,0.06744
6138,1,1_3,0.08,0.02585,0.07385
6139,1,1_3,0.08,0.04538,0.0819
6140,1,1_3,0.08,0.02518,0.08704
6141,1,1_3,0.08,0.03894,0.0719
6142,1,1_3,0.08,0.02367,0.072
6143,1,1_3,0.08,0.02899,0.0756
6144,1,1_3,0.08,0.02538,0.07733
6145,1,1_3,0.08,0.0359,0.07117
6146,1,1_3,0.08,0.03357,0.0808
6147,1,1_3,0.08,0.02757,0.06964
6148,1,1_3,0.08,0.03546,0.0714
6149,1,1_3,0.08,0.02637,0.06824
6150,1,1_3,0.08,0.03006,0.07635
6151,1,1_3,0.08,0.0228,0.0705
6152,1,1_3,0.08,0.03021,0.07666
6153,1,1_3,0.08,0.03625,0.0888
6154,1,1_3,0.08,0.0387,0.075
6155,1,1_3,0.08,0.02737,0.0746
6156,1,1_3,0.08,0.03436,0.069
6157,1,1_3,0.08,0.03119,0.08704
6158,1,1_3,0.08,0.02316,0.0687
6159,1,1_3,0.08,0.02342,0.0699
6160,1,1_3,0.08,0.02782,0.07324
6161,1,1_3,0.08,0.03287,0.07056
6162,1,1_3,0.08,0.02876,0.0693
6163,1,1_3,0.08,0.02704,0.06964
6164,1,1_3,0.08,0.04678,0.079
6165,1,1_3,0.08,0.03708,0.0726
6166,1,1_3,0.08,0.02318,0.07623
6167,1,1_3,0.08,0.0333,0.0749
6168,1,1_3,0.08,0.0556,0.074
6169,1,1_3,0.08,0.02667,0.06744
6170,1,1_3,0.08,0.02588,0.0678
6171,1,1_3,0.08,0.02812,0.0759
6172,1,1_3,0.08,0.03485,0.0738
6173,1,1_3,0.08,0.02873,0.07996
6174,1,1_3,0.08,0.05707,0.07196
6175,1,1_3,0.08,0.06335,0.0816
6176,1,1_3,0.08,0.0218,0.07495
6177,1,1_3,0.08,0.02795,0.0694
6178,1,1_3,0.08,0.02057,0.07745
6179,1,1_3,0.08,0.0355,0.0742
6180,1,1_3,0.08,0.0373,0.071
6181,1,1_3,0.08,0.02415,0.06836
6182,1,1_3,0.08,0.03308,0.0748
6183,1,1_3,0.08,0.02968,0.0804
6184,1,1_3,0.08,0.03653,0.07
6185,1,1_3,0.08,0.0258,0.0713
6186,1,1_3,0.08,0.03128,0.0699
6187,1,1_3,0.08,0.03632,0.08167
6188,1,1_3,0.08,0.03793,0.0693
6189,1,1_3,0.08,0.02315,0.0819
6190,1,1_3,0.08,0.0337,0.0806
6191,1,1_3,0.08,0.02809,0.0707
6192,1,1_3,0.08,0.03674,0.06995
6193,1,1_3,0.08,0.05933,0.0691
6194,1,1_3,0.08,0.02472,0.0698
6195,1,1_3,0.08,0.02501,0.0735
6196,1,1_3,0.08,0.03964,0.07025
6197,1,1_3,0.08,0.02562,0.0681
6198,1,1_3,0.08,0.0317,0.0702
6199,1,1_3,0.08,0.0303,0.0714
6200,1,1_3,0.08,0.0308,0.0754
6201,1,1_3,0.08,0.0329,0.0758
6202,1,1_3,0.08,0.02272,0.0715
6203,1,1_3,0.08,0.0441,0.0802
6204,1,1_3,0.08,0.05716,0.0746
6205,1,1_3,0.08,0.0394,0.07996
6206,1,1_3,0.08,0.03766,0.0772
6207,1,1_3,0.08,0.04678,0.07654
6208,1,1_3,0.08,0.026,0.07166
6209,1,1_3,0.08,0.02536,0.09326
6210,1,1_3,0.08,0.0362,0.07056
6211,1,1_3,0.08,0.03061,0.0744
6212,1,1_3,0.08,0.02144,0.07263
6213,1,1_3,0.08,0.0344,0.0711
6214,1,1_3,0.08,0.02267,0.0738
6215,1,1_3,0.08,0.0318,0.07
6216,1,1_3,0.08,0.03345,0.07465
6217,1,1_3,0.08,0.0253,0.0734
6218,1,1_3,0.08,0.03516,0.0783
6219,1,1_3,0.08,0.0333,0.07715
6220,1,1_3,0.08,0.02954,0.0826
6221,1,1_3,0.08,0.02843,0.0727
6222,1,1_3,0.08,0.0244,0.0673
6223,1,1_3,0.08,0.0256,0.0709
6224,1,1_3,0.08,0.04257,0.0735
6225,1,1_3,0.08,0.02364,0.0747
6226,1,1_3,0.08,0.02704,0.076
6227,1,1_3,0.08,0.02232,0.07623
6228,1,1_3,0.08,0.03026,0.0783
6229,1,1_3,0.08,0.0335,0.0693
6230,1,1_3,0.08,0.03635,0.08356
6231,1,1_3,0.08,0.04968,0.08374
6232,1,1_3,0.08,0.02257,0.0716
6233,1,1_3,0.08,0.03696,0.0691
6234,1,1_3,0.08,0.0271,0.0689
6235,1,1_3,0.08,0.03754,0.07684
6236,1,1_3,0.08,0.0278,0.0697
6237,1,1_3,0.08,0.03333,0.0937
6238,1,1_3,0.08,0.02011,0.0705
6239,1,1_3,0.08,0.03308,0.07806
6240,1,1_3,0.08,0.0253,0.06854
6241,1,1_3,0.08,0.03653,0.07355
6242,1,1_3,0.08,0.0228,0.06995
6243,1,1_3,0.08,0.02963,0.07733
6244,1,1_3,0.08,0.0236,0.073
6245,1,1_3,0.08,0.03052,0.0807
6246,1,1_3,0.08,0.02632,0.06976
6247,1,1_3,0.08,0.02898,0.0803
6248,1,1_3,0.08,0.02242,0.08453
6249,1,1_3,0.08,0.02382,0.0757
6250,1,1_3,0.08,0.02335,0.07214
6251,1,1_3,0.08,0.03122,0.0847
6252,1,1_3,0.08,0.03912,0.07733
6253,1,1_3,0.08,0.05722,0.08386
6254,1,1_3,0.08,0.03096,0.0723
6255,1,1_3,0.08,0.02763,0.0757
6256,1,1_3,0.08,0.02618,0.0683
6257,1,1_3,0.08,0.03336,0.0706
6258,1,1_3,0.08,0.02316,0.07245
6259,1,1_3,0.08,0.0283,0.0752
6260,1,1_3,0.08,0.04935,0.0746
6261,1,1_3,0.08,0.03513,0.08716
6262,1,1_3,0.08,0.0554,0.0727
6263,1,1_3,0.08,0.0303,0.0701
6264,1,1_3,0.08,0.02458,0.07544
6265,1,1_3,0.08,0.0182,0.0837
6266,1,1_3,0.08,0.03357,0.06995
6267,1,1_3,0.08,0.03473,0.0766
6268,1,1_3,0.08,0.03986,0.0717
6269,1,1_3,0.08,0.01848,0.07623
6270,1,1_3,0.08,0.03442,0.0759
6271,1,1_3,0.08,0.03928,0.0825
6272,1,1_3,0.08,0.02966,0.0734
6273,1,1_3,0.08,0.02455,0.0732
6274,1,1_3,0.08,0.03705,0.07526
6275,1,1_3,0.08,0.04208,0.08136
6276,1,1_3,0.08,0.03622,0.0699
6277,1,1_3,0.08,0.0297,0.0716
6278,1,1_3,0.08,0.0456,0.08105
6279,1,1_3,0.08,0.02032,0.0758
6280,1,1_3,0.08,0.02641,0.06885
6281,1,1_3,0.08,0.02461,0.07074
6282,1,1_3,0.08,0.0262,0.0802
6283,1,1_3,0.08,0.04245,0.07074
6284,1,1_3,0.08,0.03096,0.075
6285,1,1_3,0.08,0.02364,0.0707
6286,1,1_3,0.08,0.02246,0.07745
6287,1,1_3,0.08,0.05066,0.0774
6288,1,1_3,0.08,0.0392,0.07245
6289,1,1_3,0.08,0.03717,0.08057
6290,1,1_3,0.08,0.0255,0.0757
6291,1,1_3,0.08,0.02368,0.07874
6292,1,1_3,0.08,0.02983,0.08765
6293,1,1_3,0.08,0.03442,0.0723
6294,1,1_3,0.08,0.036,0.0902
6295,1,1_3,0.08,0.02237,0.071
6296,1,1_3,0.08,0.02771,0.0736
6297,1,1_3,0.08,0.01904,0.0708
6298,1,1_3,0.08,0.02492,0.06934
6299,1,1_3,0.08,0.03293,0.0745
6300,1,1_3,0.08,0.02243,0.0702
6301,1,1_3,0.08,0.03186,0.0723
6302,1,1_3,0.08,0.02644,0.0713
6303,1,1_3,0.08,0.04007,0.08075
6304,1,1_3,0.08,0.02716,0.0718
6305,1,1_3,0.08,0.02765,0.06934
6306,1,1_3,0.08,0.04398,0.07446
6307,1,1_3,0.08,0.03098,0.06866
6308,1,1_3,0.08,0.02457,0.0682
6309,1,1_3,0.08,0.03375,0.0709
6310,1,1_3,0.08,0.02591,0.0699
6311,1,1_3,0.08,0.03793,0.0839
6312,1,1_3,0.08,0.03308,0.0708
6313,1,1_3,0.08,0.03247,0.0822
6314,1,1_3,0.08,0.0291,0.07056
6315,1,1_3,0.08,0.01617,0.07983
6316,1,1_3,0.08,0.02956,0.0741
6317,1,1_3,0.08,0.02441,0.0735
6318,1,1_3,0.08,0.02312,0.0731
6319,1,1_3,0.08,0.03986,0.0743
6320,1,1_3,0.08,0.0348,0.0787
6321,1,1_3,0.08,0.04218,0.0719
6322,1,1_3,0.08,0.02704,0.07196
6323,1,1_3,0.08,0.0307,0.07446
6324,1,1_3,0.08,0.02873,0.07874
6325,1,1_3,0.08,0.0313,0.0801
6326,1,1_3,0.08,0.03995,0.07855
6327,1,1_3,0.08,0.02365,0.0787
6328,1,1_3,0.08,0.02106,0.0724
6329,1,1_3,0.08,0.02692,0.0733
6330,1,1_3,0.08,0.02866,0.0729
6331,1,1_3,0.08,0.04498,0.0732
6332,1,1_3,0.08,0.02672,0.0723
6333,1,1_3,0.08,0.02153,0.0707
6334,1,1_3,0.08,0.02559,0.08
6335,1,1_3,0.08,0.04022,0.07544
6336,1,1_3,0.08,0.02553,0.072
6337,1,1_3,0.08,0.03183,0.07153
6338,1,1_3,0.08,0.04883,0.0822
6339,1,1_3,0.08,0.0283,0.0777
6340,1,1_3,0.08,0.02892,0.0749
6341,1,1_3,0.08,0.04858,0.0766
6342,1,1_3,0.08,0.03023,0.07904
6343,1,1_3,0.08,0.02579,0.0733
6344,1,1_3,0.08,0.0696,0.0796
6345,1,1_3,0.08,0.02359,0.07135
6346,1,1_3,0.08,0.02574,0.07086
6347,1,1_3,0.08,0.021,0.0746
6348,1,1_3,0.08,0.03314,0.07904
6349,1,1_3,0.08,0.02188,0.0722
6350,1,1_3,0.08,0.02704,0.0878
6351,1,1_3,0.08,0.02348,0.0721
6352,1,1_3,0.08,0.02483,0.0704
6353,1,1_3,0.08,0.03445,0.07434
6354,1,1_3,0.08,0.02568,0.07935
6355,1,1_3,0.08,0.02684,0.06805
6356,1,1_3,0.08,0.02979,0.07446
6357,1,1_3,0.08,0.03015,0.0708
6358,1,1_3,0.08,0.03503,0.072
6359,1,1_3,0.08,0.02681,0.07983
6360,1,1_3,0.08,0.01773,0.0827
6361,1,1_3,0.08,0.0339,0.06854
6362,1,1_3,0.08,0.02345,0.07245
6363,1,1_3,0.08,0.02267,0.07465
6364,1,1_3,0.08,0.02231,0.07
6365,1,1_3,0.08,0.03427,0.0762
6366,1,1_3,0.08,0.03069,0.07574
6367,1,1_3,0.08,0.02347,0.07416
6368,1,1_3,0.08,0.02428,0.07336
6369,1,1_3,0.08,0.0253,0.072
6370,1,1_3,0.08,0.0343,0.08276
6371,1,1_3,0.08,0.02213,0.0783
6372,1,1_3,0.08,0.02507,0.07745
6373,1,1_3,0.08,0.03168,0.0854
6374,1,1_3,0.08,0.02757,0.07227
6375,1,1_3,0.08,0.0334,0.0751
6376,1,1_3,0.08,0.02785,0.07574
6377,1,1_3,0.08,0.0339,0.07336
6378,1,1_3,0.08,0.02246,0.0722
6379,1,1_3,0.08,0.04572,0.0723
6380,1,1_3,0.08,0.03174,0.0771
6381,1,1_3,0.08,0.03485,0.06995
6382,1,1_3,0.08,0.03314,0.0743
6383,1,1_3,0.08,0.04144,0.0802
6384,1,1_3,0.08,0.03928,0.06964
6385,1,1_3,0.08,0.03568,0.07007
6386,1,1_3,0.08,0.0216,0.0811
6387,1,1_3,0.08,0.02068,0.08057
6388,1,1_3,0.08,0.02632,0.07117
6389,1,1_3,0.08,0.0583,0.0743
6390,1,1_3,0.08,0.03723,0.0727
6391,1,1_3,0.08,0.0257,0.07837
6392,1,1_3,0.08,0.02328,0.07263
6393,1,1_3,0.08,0.0334,0.0773
6394,1,1_3,0.08,0.03275,0.0804
6395,1,1_3,0.08,0.02893,0.07153
6396,1,1_3,0.08,0.0428,0.0854
6397,1,1_3,0.08,0.03113,0.0808
6398,1,1_3,0.08,0.02089,0.07153
6399,1,1_3,0.08,0.02309,0.06903
6400,1,1_3,0.08,0.02698,0.07166
6401,1,1_3,0.08,0.0286,0.06934
6402,1,1_3,0.08,0.03064,0.0688
6403,1,1_3,0.08,0.02647,0.0757
6404,1,1_3,0.08,0.02547,0.07416
6405,1,1_3,0.08,0.02283,0.0703
6406,1,1_3,0.08,0.02599,0.0692
6407,1,1_3,0.08,0.03041,0.0749
6408,1,1_3,0.08,0.0426,0.0744
6409,1,1_3,0.08,0.05566,0.0732
6410,1,1_3,0.08,0.0244,0.0893
6411,1,1_3,0.08,0.02135,0.0709
6412,1,1_3,0.08,0.03003,0.0966
6413,1,1_3,0.08,0.0285,0.06976
6414,1,1_3,0.08,0.03918,0.0724
6415,1,1_3,0.08,0.02235,0.0693
6416,1,1_3,0.08,0.02429,0.07104
6417,1,1_3,0.08,0.03314,0.07886
6418,1,1_3,0.08,0.02681,0.0722
6419,1,1_3,0.08,0.03125,0.0732
6420,1,1_3,0.08,0.02611,0.1005
6421,1,1_3,0.08,0.02426,0.06793
6422,1,1_3,0.08,0.02724,0.0699
6423,1,1_3,0.08,0.0222,0.0717
6424,1,1_3,0.08,0.02585,0.07263
6425,1,1_3,0.08,0.02557,0.08026
6426,1,1_3,0.08,0.03644,0.07623
6427,1,1_3,0.08,0.02455,0.0776
6428,1,1_3,0.08,0.02179,0.0751
6429,1,1_3,0.08,0.03076,0.0706
6430,1,1_3,0.08,0.02965,0.06976
6431,1,1_3,0.08,0.04205,0.0764
6432,1,1_3,0.08,0.02666,0.0691
6433,1,1_3,0.08,0.02122,0.0843
6434,1,1_3,0.08,0.0226,0.07605
6435,1,1_3,0.08,0.03293,0.0698
6436,1,1_3,0.08,0.0489,0.07733
6437,1,1_3,0.08,0.02629,0.0698
6438,1,1_3,0.08,0.04654,0.08875
6439,1,1_3,0.08,0.03937,0.0765
6440,1,1_3,0.08,0.02478,0.0918
6441,1,1_3,0.08,0.02852,0.07245
6442,1,1_3,0.08,0.03412,0.07355
6443,1,1_3,0.08,0.06195,0.07294
6444,1,1_3,0.08,0.03168,0.07385
6445,1,1_3,0.08,0.0363,0.07074
6446,1,1_3,0.08,0.03375,0.0903
6447,1,1_3,0.08,0.02663,0.07416
6448,1,1_3,0.08,0.04883,0.0737
6449,1,1_3,0.08,0.04135,0.0727
6450,1,1_3,0.08,0.04077,0.0798
6451,1,1_3,0.08,0.02585,0.0698
6452,1,1_3,0.08,0.02872,0.07745
6453,1,1_3,0.08,0.03705,0.0703
6454,1,1_3,0.08,0.0312,0.0732
6455,1,1_3,0.08,0.0306,0.0686
6456,1,1_3,0.08,0.02127,0.07025
6457,1,1_3,0.08,0.03455,0.0786
6458,1,1_3,0.08,0.0349,0.08
6459,1,1_3,0.08,0.03513,0.07056
6460,1,1_3,0.08,0.02286,0.0696
6461,1,1_3,0.08,0.03082,0.0707
6462,1,1_3,0.08,0.03062,0.0722
6463,1,1_3,0.08,0.02214,0.0735
6464,1,1_3,0.08,0.02844,0.0763
6465,1,1_3,0.08,0.0472,0.07544
6466,1,1_3,0.08,0.0543,0.0905
6467,1,1_3,0.08,0.0259,0.08545
6468,1,1_3,0.08,0.02365,0.07764
6469,1,1_3,0.08,0.04224,0.0727
6470,1,1_3,0.08,0.03,0.0751
6471,1,1_3,0.08,0.02261,0.09094
6472,1,1_3,0.08,0.03842,0.08685
6473,1,1_3,0.08,0.02539,0.0776
6474,1,1_3,0.08,0.0313,0.07275
6475,1,1_3,0.08,0.03143,0.0908
6476,1,1_3,0.08,0.02426,0.08997
6477,1,1_3,0.08,0.02856,0.0705
6478,1,1_3,0.08,0.0236,0.0751
6479,1,1_3,0.08,0.02754,0.07166
6480,1,1_3,0.08,0.0486,0.074
6481,1,1_3,0.08,0.0432,0.0742
6482,1,1_3,0.08,0.03004,0.0873
6483,1,1_3,0.08,0.03192,0.0757
6484,1,1_3,0.08,0.049,0.08026
6485,1,1_3,0.08,0.03214,0.071
6486,1,1_3,0.08,0.0299,0.07367
6487,1,1_3,0.08,0.04587,0.0722
6488,1,1_3,0.08,0.02927,0.0757
6489,1,1_3,0.08,0.03354,0.071
6490,1,1_3,0.08,0.0441,0.0746
6491,1,1_3,0.08,0.02666,0.078
6492,1,1_3,0.08,0.05304,0.07556
6493,1,1_3,0.08,0.02039,0.0717
6494,1,1_3,0.08,0.02077,0.0781
6495,1,1_3,0.08,0.03064,0.0696
6496,1,1_3,0.08,0.04095,0.07385
6497,1,1_3,0.08,0.0364,0.07837
6498,1,1_3,0.08,0.02367,0.072
6499,1,1_3,0.08,0.02692,0.094
6500,1,1_3,0.08,0.03088,0.0714
6501,1,1_3,0.08,0.03177,0.07764
6502,1,1_3,0.08,0.02243,0.0675
6503,1,1_3,0.08,0.03772,0.0716
6504,1,1_3,0.08,0.02681,0.07874
6505,1,1_3,0.08,0.02692,0.07556
6506,1,1_3,0.08,0.02812,0.069
6507,1,1_3,0.08,0.02477,0.0892
6508,1,1_3,0.08,0.0475,0.0768
6509,1,1_3,0.08,0.02635,0.0745
6510,1,1_3,0.08,0.04398,0.0943
6511,1,1_3,0.08,0.03763,0.0712
6512,1,1_3,0.08,0.0288,0.07007
6513,1,1_3,0.08,0.02847,0.07495
6514,1,1_3,0.08,0.0275,0.07465
6515,1,1_3,0.08,0.02301,0.0733
6516,1,1_3,0.08,0.05362,0.0755
6517,1,1_3,0.08,0.02795,0.0701
6518,1,1_3,0.08,0.02567,0.07587
6519,1,1_3,0.08,0.03287,0.0735
6520,1,1_3,0.08,0.0232,0.0714
6521,1,1_3,0.08,0.02298,0.0782
6522,1,1_3,0.08,0.0203,0.07446
6523,1,1_3,0.08,0.02267,0.0718
6524,1,1_3,0.08,0.0247,0.07446
6525,1,1_3,0.08,0.02446,0.07086
6526,1,1_3,0.08,0.02213,0.09174
6527,1,1_3,0.08,0.0362,0.0815
6528,1,1_3,0.08,0.0285,0.07404
6529,1,1_3,0.08,0.0386,0.0891
6530,1,1_3,0.08,0.03006,0.07263
6531,1,1_3,0.08,0.02843,0.0801
6532,1,1_3,0.08,0.03006,0.0782
6533,1,1_3,0.08,0.02959,0.07367
6534,1,1_3,0.08,0.02501,0.08685
6535,1,1_3,0.08,0.02502,0.07666
6536,1,1_3,0.08,0.02597,0.0688
6537,1,1_3,0.08,0.0278,0.07294
6538,1,1_3,0.08,0.03564,0.07635
6539,1,1_3,0.08,0.02805,0.0694
6540,1,1_3,0.08,0.02847,0.0791
6541,1,1_3,0.08,0.03026,0.07153
6542,1,1_3,0.08,0.02492,0.07336
6543,1,1_3,0.08,0.02858,0.0729
6544,1,1_3,0.08,0.02304,0.0705
6545,1,1_3,0.08,0.025,0.0736
6546,1,1_3,0.08,0.02309,0.0816
6547,1,1_3,0.08,0.02654,0.0763
6548,1,1_3,0.08,0.0359,0.0729
6549,1,1_3,0.08,0.02602,0.0711
6550,1,1_3,0.08,0.01863,0.07336
6551,1,1_3,0.08,0.035,0.07477
6552,1,1_3,0.08,0.02464,0.06885
6553,1,1_3,0.08,0.03004,0.08075
6554,1,1_3,0.08,0.02437,0.0725
6555,1,1_3,0.08,0.02695,0.07623
6556,1,1_3,0.08,0.03085,0.0696
6557,1,1_3,0.08,0.04224,0.0749
6558,1,1_3,0.08,0.03378,0.0828
6559,1,1_3,0.08,0.0339,0.073
6560,1,1_3,0.08,0.03647,0.0788
6561,1,1_3,0.08,0.03143,0.08765
6562,1,1_3,0.08,0.02838,0.0706
6563,1,1_3,0.08,0.03946,0.07623
6564,1,1_3,0.08,0.03195,0.0759
6565,1,1_3,0.08,0.02394,0.0761
6566,1,1_3,0.08,0.03888,0.07446
6567,1,1_3,0.08,0.02551,0.0846
6568,1,1_3,0.08,0.02348,0.08405
6569,1,1_3,0.08,0.03677,0.0706
6570,1,1_3,0.08,0.01938,0.0716
6571,1,1_3,0.08,0.02548,0.0725
6572,1,1_3,0.08,0.02536,0.0698
6573,1,1_3,0.08,0.04144,0.07404
6574,1,1_3,0.08,0.03903,0.0716
6575,1,1_3,0.08,0.03223,0.0889
6576,1,1_3,0.08,0.04636,0.08734
6577,1,1_3,0.08,0.03223,0.07306
6578,1,1_3,0.08,0.02086,0.09686
6579,1,1_3,0.08,0.0242,0.0716
6580,1,1_3,0.08,0.02353,0.0756
6581,1,1_3,0.08,0.02899,0.0772
6582,1,1_3,0.08,0.03854,0.07086
6583,1,1_3,0.08,0.04135,0.0843
6584,1,1_3,0.08,0.05075,0.0713
6585,1,1_3,0.08,0.03134,0.0712
6586,1,1_3,0.08,0.01915,0.07263
6587,1,1_3,0.08,0.03564,0.07086
6588,1,1_3,0.08,0.02646,0.07587
6589,1,1_3,0.08,0.02235,0.07965
6590,1,1_3,0.08,0.031,0.0875
6591,1,1_3,0.08,0.02724,0.07983
6592,1,1_3,0.08,0.02283,0.0728
6593,1,1_3,0.08,0.01898,0.07605
6594,1,1_3,0.08,0.0282,0.07904
6595,1,1_3,0.08,0.04245,0.07214
6596,1,1_3,0.08,0.02274,0.07117
6597,1,1_3,0.08,0.0417,0.0733
6598,1,1_3,0.08,0.03186,0.0724
6599,1,1_3,0.08,0.0442,0.07697
6600,1,1_3,0.08,0.03787,0.07806
6601,1,1_3,0.08,0.02531,0.0809
6602,1,1_3,0.08,0.01974,0.08044
6603,1,1_3,0.08,0.02606,0.0755
6604,1,1_3,0.08,0.03087,0.0701
6605,1,1_3,0.08,0.02858,0.0736
6606,1,1_3,0.08,0.04688,0.0716
6607,1,1_3,0.08,0.03195,0.0741
6608,1,1_3,0.08,0.03485,0.0805
6609,1,1_3,0.08,0.045,0.0783
6610,1,1_3,0.08,0.02516,0.0689
6611,1,1_3,0.08,0.04028,0.07837
6612,1,1_3,0.08,0.02531,0.0721
6613,1,1_3,0.08,0.02718,0.0741
6614,1,1_3,0.08,0.02515,0.0732
6615,1,1_3,0.08,0.0271,0.07117
6616,1,1_3,0.08,0.03717,0.0855
6617,1,1_3,0.08,0.01973,0.0754
6618,1,1_3,0.08,0.0334,0.0729
6619,1,1_3,0.08,0.0418,0.07745
6620,1,1_3,0.08,0.02931,0.07446
6621,1,1_3,0.08,0.02408,0.0826
6622,1,1_3,0.08,0.02971,0.07465
6623,1,1_3,0.08,0.04663,0.0748
6624,1,1_3,0.08,0.02597,0.0921
6625,1,1_3,0.08,0.0449,0.07184
6626,1,1_3,0.08,0.03662,0.06903
6627,1,1_3,0.08,0.02525,0.0714
6628,1,1_3,0.08,0.02765,0.0753
6629,1,1_3,0.08,0.02606,0.0751
6630,1,1_3,0.08,0.02528,0.07056
6631,1,1_3,0.08,0.0382,0.0784
6632,1,1_3,0.08,0.02208,0.07086
6633,1,1_3,0.08,0.04047,0.07245
6634,1,1_3,0.08,0.02989,0.0727
6635,1,1_3,0.08,0.02185,0.07526
6636,1,1_3,0.08,0.0276,0.0694
6637,1,1_3,0.08,0.03583,0.071
6638,1,1_3,0.08,0.02457,0.07056
6639,1,1_3,0.08,0.02197,0.07635
6640,1,1_3,0.08,0.02655,0.0781
6641,1,1_3,0.08,0.02618,0.07385
6642,1,1_3,0.08,0.0328,0.0754
6643,1,1_3,0.08,0.02855,0.0752
6644,1,1_3,0.08,0.0348,0.07733
6645,1,1_3,0.08,0.0262,0.0736
6646,1,1_3,0.08,0.0265,0.0836
6647,1,1_3,0.08,0.03268,0.08093
6648,1,1_3,0.08,0.02972,0.0717
6649,1,1_3,0.08,0.02489,0.0741
6650,1,1_3,0.08,0.0325,0.0764
6651,1,1_3,0.08,0.02602,0.07275
6652,1,1_3,0.08,0.0331,0.0779
6653,1,1_3,0.08,0.03006,0.0745
6654,1,1_3,0.08,0.02962,0.0798
6655,1,1_3,0.08,0.03552,0.0699
6656,1,1_3,0.08,0.0382,0.0716
6657,1,1_3,0.08,0.04684,0.07245
6658,1,1_3,0.08,0.02142,0.0838
6659,1,1_3,0.08,0.02415,0.07056
6660,1,1_3,0.08,0.02423,0.07776
6661,1,1_3,0.08,0.01889,0.0866
6662,1,1_3,0.08,0.0316,0.0801
6663,1,1_3,0.08,0.03864,0.0735
6664,1,1_3,0.08,0.03143,0.07214
6665,1,1_3,0.08,0.03412,0.07227
6666,1,1_3,0.08,0.02536,0.0846
6667,1,1_3,0.08,0.04358,0.0748
6668,1,1_3,0.08,0.02184,0.0846
6669,1,1_3,0.08,0.03903,0.1104
6670,1,1_3,0.08,0.02353,0.07556
6671,1,1_3,0.08,0.02638,0.0743
6672,1,1_3,0.08,0.06094,0.0791
6673,1,1_3,0.08,0.0592,0.08124
6674,1,1_3,0.08,0.0322,0.0752
6675,1,1_3,0.08,0.04037,0.0759
6676,1,1_3,0.08,0.0414,0.0711
6677,1,1_3,0.08,0.02998,0.0782
6678,1,1_3,0.08,0.03076,0.07434
6679,1,1_3,0.08,0.01967,0.0709
6680,1,1_3,0.08,0.03372,0.072
6681,1,1_3,0.08,0.03099,0.0734
6682,1,1_3,0.08,0.0351,0.0741
6683,1,1_3,0.08,0.03592,0.0788
6684,1,1_3,0.08,0.02963,0.07245
6685,1,1_3,0.08,0.02322,0.0756
6686,1,1_3,0.08,0.02782,0.07446
6687,1,1_3,0.08,0.0314,0.0907
6688,1,1_3,0.08,0.02115,0.0764
6689,1,1_3,0.08,0.02446,0.0697
6690,1,1_3,0.08,0.05173,0.07666
6691,1,1_3,0.08,0.02483,0.08
6692,1,1_3,0.08,0.02245,0.0784
6693,1,1_3,0.08,0.02374,0.0714
6694,1,1_3,0.08,0.03677,0.08405
6695,1,1_3,0.08,0.02539,0.076
6696,1,1_3,0.08,0.03134,0.07166
6697,1,1_3,0.08,0.02406,0.07135
6698,1,1_3,0.08,0.03238,0.0807
6699,1,1_3,0.08,0.0387,0.0711
6700,1,1_3,0.08,0.02502,0.0856
6701,1,1_3,0.08,0.03087,0.0797
6702,1,1_3,0.08,0.02232,0.0712
6703,1,1_3,0.08,0.02739,0.0713
6704,1,1_3,0.08,0.02759,0.0727
6705,1,1_3,0.08,0.05093,0.0715
6706,1,1_3,0.08,0.02568,0.0732
6707,1,1_3,0.08,0.03983,0.0719
6708,1,1_3,0.08,0.02805,0.07025
6709,1,1_3,0.08,0.03165,0.07227
6710,1,1_3,0.08,0.02888,0.08777
6711,1,1_3,0.08,0.04318,0.0735
6712,1,1_3,0.08,0.03232,0.0702
6713,1,1_3,0.08,0.03247,0.0779
6714,1,1_3,0.08,0.04034,0.0755
6715,1,1_3,0.08,0.03043,0.07166
6716,1,1_3,0.08,0.05267,0.08417
6717,1,1_3,0.08,0.03226,0.0728
6718,1,1_3,0.08,0.02895,0.07794
6719,1,1_3,0.08,0.02017,0.08856
6720,1,1_3,0.08,0.01982,0.0712
6721,1,1_3,0.08,0.02887,0.0713
6722,1,1_3,0.08,0.0267,0.07587
6723,1,1_3,0.08,0.02467,0.0735
6724,1,1_3,0.08,0.0308,0.0737
6725,1,1_3,0.08,0.02872,0.0718
6726,1,1_3,0.08,0.02864,0.0816
6727,1,1_3,0.08,0.02225,0.07153
6728,1,1_3,0.08,0.02249,0.07275
6729,1,1_3,0.08,0.02054,0.069
6730,1,1_3,0.08,0.02661,0.07153
6731,1,1_3,0.08,0.03827,0.0752
6732,1,1_3,0.08,0.021,0.07745
6733,1,1_3,0.08,0.04837,0.0731
6734,1,1_3,0.08,0.02515,0.0718
6735,1,1_3,0.08,0.0399,0.07886
6736,1,1_3,0.08,0.03528,0.07166
6737,1,1_3,0.08,0.02826,0.0883
6738,1,1_3,0.08,0.02847,0.07135
6739,1,1_3,0.08,0.04193,0.0695
6740,1,1_3,0.08,0.02339,0.0747
6741,1,1_3,0.08,0.02443,0.0704
6742,1,1_3,0.08,0.03433,0.07385
6743,1,1_3,0.08,0.02473,0.0853
6744,1,1_3,0.08,0.0309,0.073
6745,1,1_3,0.08,0.02922,0.0743
6746,1,1_3,0.08,0.02316,0.07776
6747,1,1_3,0.08,0.0194,0.0732
6748,1,1_3,0.08,0.02199,0.08514
6749,1,1_3,0.08,0.02435,0.0714
6750,1,1_3,0.08,0.02664,0.0699
6751,1,1_3,0.08,0.025,0.07275
6752,1,1_3,0.08,0.0205,0.07495
6753,1,1_3,0.08,0.03247,0.0788
6754,1,1_3,0.08,0.03027,0.076
6755,1,1_3,0.08,0.0317,0.07227
6756,1,1_3,0.08,0.0484,0.0793
6757,1,1_3,0.08,0.02272,0.0738
6758,1,1_3,0.08,0.03012,0.0976
6759,1,1_3,0.08,0.0314,0.0778
6760,1,1_3,0.08,0.0316,0.07477
6761,1,1_3,0.08,0.02168,0.0849
6762,1,1_3,0.08,0.02293,0.06946
6763,1,1_3,0.08,0.0388,0.0791
6764,1,1_3,0.08,0.02754,0.07794
6765,1,1_3,0.08,0.0344,0.07874
6766,1,1_3,0.08,0.03183,0.0708
6767,1,1_3,0.08,0.03915,0.0722
6768,1,1_3,0.08,0.02939,0.0742
6769,1,1_3,0.08,0.03099,0.0783
6770,1,1_3,0.08,0.02888,0.0769
6771,1,1_3,0.08,0.02902,0.0748
6772,1,1_3,0.08,0.02257,0.0706
6773,1,1_3,0.08,0.0205,0.076
6774,1,1_3,0.08,0.02325,0.0734
6775,1,1_3,0.08,0.02365,0.0734
6776,1,1_3,0.08,0.02501,0.0697
6777,1,1_3,0.08,0.03143,0.0772
6778,1,1_3,0.08,0.026,0.08075
6779,1,1_3,0.08,0.03061,0.0707
6780,1,1_3,0.08,0.03796,0.07574
6781,1,1_3,0.08,0.0281,0.07
6782,1,1_3,0.08,0.03262,0.07446
6783,1,1_3,0.08,0.0202,0.0722
6784,1,1_3,0.08,0.02257,0.0712
6785,1,1_3,0.08,0.02898,0.07263
6786,1,1_3,0.08,0.03738,0.0774
6787,1,1_3,0.08,0.03452,0.09406
6788,1,1_3,0.08,0.02116,0.0705
6789,1,1_3,0.08,0.0213,0.09015
6790,1,1_3,0.08,0.02267,0.0697
6791,1,1_3,0.08,0.04355,0.09766
6792,1,1_3,0.08,0.0324,0.0703
6793,1,1_3,0.08,0.03302,0.07544
6794,1,1_3,0.08,0.02744,0.07416
6795,1,1_3,0.08,0.03168,0.0734
6796,1,1_3,0.08,0.03714,0.07385
6797,1,1_3,0.08,0.02199,0.0768
6798,1,1_3,0.08,0.02231,0.0799
6799,1,1_3,0.08,0.02873,0.0717
6800,1,1_3,0.08,0.02739,0.0738
6801,1,1_3,0.08,0.0354,0.0745
6802,1,1_3,0.08,0.0332,0.0712
6803,1,1_3,0.08,0.02638,0.0741
6804,1,1_3,0.08,0.03476,0.0767
6805,1,1_3,0.08,0.02098,0.0701
6806,1,1_3,0.08,0.02892,0.07404
6807,1,1_3,0.08,0.02272,0.0703
6808,1,1_3,0.08,0.02586,0.0726
6809,1,1_3,0.08,0.02733,0.0736
6810,1,1_3,0.08,0.02408,0.07275
6811,1,1_3,0.08,0.0281,0.0787
6812,1,1_3,0.08,0.03494,0.07544
6813,1,1_3,0.08,0.04697,0.0757
6814,1,1_3,0.08,0.02336,0.0724
6815,1,1_3,0.08,0.02919,0.07007
6816,1,1_3,0.08,0.0243,0.07056
6817,1,1_3,0.08,0.0233,0.0704
6818,1,1_3,0.08,0.0248,0.07916
6819,1,1_3,0.08,0.02318,0.07306
6820,1,1_3,0.08,0.01875,0.0758
6821,1,1_3,0.08,0.03757,0.0802
6822,1,1_3,0.08,0.02647,0.0749
6823,1,1_3,0.08,0.01765,0.07874
6824,1,1_3,0.08,0.02713,0.0716
6825,1,1_3,0.08,0.0232,0.06964
6826,1,1_3,0.08,0.03085,0.0775
6827,1,1_3,0.08,0.02953,0.07336
6828,1,1_3,0.08,0.02194,0.0786
6829,1,1_3,0.08,0.02376,0.07294
6830,1,1_3,0.08,0.038,0.08545
6831,1,1_3,0.08,0.02975,0.06964
6832,1,1_3,0.08,0.02365,0.08154
6833,1,1_3,0.08,0.0256,0.0794
6834,1,1_3,0.08,0.05325,0.07056
6835,1,1_3,0.08,0.02551,0.07416
6836,1,1_3,0.08,0.03168,0.06946
6837,1,1_3,0.08,0.02454,0.0697
6838,1,1_3,0.08,0.0399,0.06885
6839,1,1_3,0.08,0.02853,0.07434
6840,1,1_3,0.08,0.02133,0.0739
6841,1,1_3,0.08,0.02148,0.0706
6842,1,1_3,0.08,0.0381,0.07086
6843,1,1_3,0.08,0.04004,0.0735
6844,1,1_3,0.08,0.03223,0.0883
6845,1,1_3,0.08,0.04324,0.07874
6846,1,1_3,0.08,0.0231,0.0827
6847,1,1_3,0.08,0.02623,0.0761
6848,1,1_3,0.08,0.02692,0.07385
6849,1,1_3,0.08,0.02351,0.07007
6850,1,1_3,0.08,0.03375,0.0871
6851,1,1_3,0.08,0.03079,0.0819
6852,1,1_3,0.08,0.02612,0.0748
6853,1,1_3,0.08,0.0327,0.0739
6854,1,1_3,0.08,0.0236,0.0709
6855,1,1_3,0.08,0.0257,0.07404
6856,1,1_3,0.08,0.02815,0.0708
6857,1,1_3,0.08,0.03668,0.0734
6858,1,1_3,0.08,0.02765,0.0731
6859,1,1_3,0.08,0.03802,0.0821
6860,1,1_3,0.08,0.02261,0.09247
6861,1,1_3,0.08,0.02795,0.0704
6862,1,1_3,0.08,0.02406,0.0837
6863,1,1_3,0.08,0.02518,0.07043
6864,1,1_3,0.08,0.03056,0.0811
6865,1,1_3,0.08,0.021,0.075
6866,1,1_3,0.08,0.03476,0.0712
6867,1,1_3,0.08,0.03162,0.073
6868,1,1_3,0.08,0.02716,0.0795
6869,1,1_3,0.08,0.0259,0.0716
6870,1,1_3,0.08,0.02112,0.07294
6871,1,1_3,0.08,0.02481,0.0782
6872,1,1_3,0.08,0.02814,0.07385
6873,1,1_3,0.08,0.02312,0.0689
6874,1,1_3,0.08,0.02968,0.0745
6875,1,1_3,0.08,0.02234,0.07947
6876,1,1_3,0.08,0.01955,0.0707
6877,1,1_3,0.08,0.03986,0.08954
6878,1,1_3,0.08,0.0264,0.0769
6879,1,1_3,0.08,0.02943,0.07086
6880,1,1_3,0.08,0.02591,0.0849
6881,1,1_3,0.08,0.04037,0.07623
6882,1,1_3,0.08,0.02075,0.07367
6883,1,1_3,0.08,0.02824,0.0908
6884,1,1_3,0.08,0.03128,0.075
6885,1,1_3,0.08,0.02444,0.07007
6886,1,1_3,0.08,0.03662,0.0795
6887,1,1_3,0.08,0.02914,0.0745
6888,1,1_3,0.08,0.02698,0.0796
6889,1,1_3,0.08,0.03833,0.0871
6890,1,1_3,0.08,0.02449,0.0706
6891,1,1_3,0.08,0.02702,0.0706
6892,1,1_3,0.08,0.0256,0.07306
6893,1,1_3,0.08,0.02759,0.0802
6894,1,1_3,0.08,0.03256,0.07404
6895,1,1_3,0.08,0.03915,0.0763
6896,1,1_3,0.08,0.02596,0.0716
6897,1,1_3,0.08,0.03232,0.0741
6898,1,1_3,0.08,0.02512,0.0761
6899,1,1_3,0.08,0.03116,0.0748
6900,1,1_3,0.08,0.02039,0.08527
6901,1,1_3,0.08,0.03348,0.0737
6902,1,1_3,0.08,0.03302,0.0867
6903,1,1_3,0.08,0.02924,0.0729
6904,1,1_3,0.08,0.0567,0.0739
6905,1,1_3,0.08,0.0523,0.0791
6906,1,1_3,0.08,0.02502,0.0839
6907,1,1_3,0.08,0.03372,0.073
6908,1,1_3,0.08,0.02448,0.0745
6909,1,1_3,0.08,0.0398,0.0892
6910,1,1_3,0.08,0.02946,0.07806
6911,1,1_3,0.08,0.03183,0.07465
6912,1,1_3,0.08,0.02452,0.0728
6913,1,1_3,0.08,0.02048,0.07263
6914,1,1_3,0.08,0.02588,0.0735
6915,1,1_3,0.08,0.02344,0.0723
6916,1,1_3,0.08,0.04965,0.0808
6917,1,1_3,0.08,0.03055,0.0713
6918,1,1_3,0.08,0.02295,0.0743
6919,1,1_3,0.08,0.02791,0.0788
6920,1,1_3,0.08,0.02518,0.07043
6921,1,1_3,0.08,0.0216,0.0732
6922,1,1_3,0.08,0.02614,0.0841
6923,1,1_3,0.08,0.0405,0.07404
6924,1,1_3,0.08,0.02722,0.0858
6925,1,1_3,0.08,0.04544,0.0698
6926,1,1_3,0.08,0.02612,0.0738
6927,1,1_3,0.08,0.0374,0.09045
6928,1,1_3,0.08,0.03116,0.0776
6929,1,1_3,0.08,0.02936,0.0811
6930,1,1_3,0.08,0.02151,0.0711
6931,1,1_3,0.08,0.02922,0.0769
6932,1,1_3,0.08,0.02351,0.07465
6933,1,1_3,0.08,0.04236,0.0699
6934,1,1_3,0.08,0.04407,0.0727
6935,1,1_3,0.08,0.03262,0.074
6936,1,1_3,0.08,0.03598,0.07556
6937,1,1_3,0.08,0.0236,0.07996
6938,1,1_3,0.08,0.02443,0.0786
6939,1,1_3,0.08,0.02214,0.0724
6940,1,1_3,0.08,0.03192,0.0764
6941,1,1_3,0.08,0.03625,0.07465
6942,1,1_3,0.08,0.02608,0.0728
6943,1,1_3,0.08,0.02136,0.07764
6944,1,1_3,0.08,0.0298,0.0861
6945,1,1_3,0.08,0.02756,0.07776
6946,1,1_3,0.08,0.03665,0.0709
6947,1,1_3,0.08,0.02975,0.0765
6948,1,1_3,0.08,0.02382,0.07983
6949,1,1_3,0.08,0.02591,0.0773
6950,1,1_3,0.08,0.02736,0.0756
6951,1,1_3,0.08,0.02873,0.0729
6952,1,1_3,0.08,0.03015,0.07513
6953,1,1_3,0.08,0.02354,0.0729
6954,1,1_3,0.08,0.02719,0.07733
6955,1,1_3,0.08,0.02675,0.0762
6956,1,1_3,0.08,0.0261,0.0801
6957,1,1_3,0.08,0.03284,0.07965
6958,1,1_3,0.08,0.02203,0.07513
6959,1,1_3,0.08,0.0287,0.0914
6960,1,1_3,0.08,0.03217,0.07654
6961,1,1_3,0.08,0.0473,0.0927
6962,1,1_3,0.08,0.02153,0.07385
6963,1,1_3,0.08,0.02364,0.0765
6964,1,1_3,0.08,0.01945,0.0698
6965,1,1_3,0.08,0.05084,0.0738
6966,1,1_3,0.08,0.0339,0.07166
6967,1,1_3,0.08,0.03653,0.07715
6968,1,1_3,0.08,0.03458,0.0765
6969,1,1_3,0.08,0.06354,0.0934
6970,1,1_3,0.08,0.0316,0.078
6971,1,1_3,0.08,0.03052,0.0723
6972,1,1_3,0.08,0.02606,0.0722
6973,1,1_3,0.08,0.02411,0.07135
6974,1,1_3,0.08,0.02731,0.0805
6975,1,1_3,0.08,0.02892,0.07635
6976,1,1_3,0.08,0.04498,0.0735
6977,1,1_3,0.08,0.02206,0.0737
6978,1,1_3,0.08,0.02509,0.0792
6979,1,1_3,0.08,0.02425,0.07153
6980,1,1_3,0.08,0.0386,0.0781
6981,1,1_3,0.08,0.0342,0.07416
6982,1,1_3,0.08,0.02936,0.07135
6983,1,1_3,0.08,0.0261,0.07513
6984,1,1_3,0.08,0.03528,0.073
6985,1,1_3,0.08,0.02553,0.0699
6986,1,1_3,0.08,0.0539,0.0736
6987,1,1_3,0.08,0.02972,0.0783
6988,1,1_3,0.08,0.02887,0.0759
6989,1,1_3,0.08,0.02301,0.0762
6990,1,1_3,0.08,0.02965,0.07227
6991,1,1_3,0.08,0.03677,0.07513
6992,1,1_3,0.08,0.02286,0.08105
6993,1,1_3,0.08,0.03558,0.09216
6994,1,1_3,0.08,0.026,0.07086
6995,1,1_3,0.08,0.0405,0.07227
6996,1,1_3,0.08,0.03372,0.0709
6997,1,1_3,0.08,0.0338,0.0757
6998,1,1_3,0.08,0.04266,0.0735
6999,1,1_3,0.08,0.02943,0.07416
7000,1,1_3,0.16,0.04282,0.07465
7001,1,1_3,0.16,0.02998,0.07336
7002,1,1_3,0.16,0.04498,0.0695
7003,1,1_3,0.16,0.04428,0.07324
7004,1,1_3,0.16,0.0342,0.0808
7005,1,1_3,0.16,0.04953,0.0696
7006,1,1_3,0.16,0.04413,0.08374
7007,1,1_3,0.16,0.05627,0.0727
7008,1,1_3,0.16,0.07086,0.08606
7009,1,1_3,0.16,0.04367,0.0683
7010,1,1_3,0.16,0.05676,0.0779
7011,1,1_3,0.16,0.04218,0.0799
7012,1,1_3,0.16,0.03345,0.0852
7013,1,1_3,0.16,0.0471,0.0693
7014,1,1_3,0.16,0.0428,0.07416
7015,1,1_3,0.16,0.04218,0.0774
7016,1,1_3,0.16,0.04312,0.07556
7017,1,1_3,0.16,0.05692,0.08014
7018,1,1_3,0.16,0.0332,0.07855
7019,1,1_3,0.16,0.04456,0.0826
7020,1,1_3,0.16,0.05533,0.06964
7021,1,1_3,0.16,0.05334,0.07263
7022,1,1_3,0.16,0.03934,0.07355
7023,1,1_3,0.16,0.04092,0.0774
7024,1,1_3,0.16,0.0519,0.0769
7025,1,1_3,0.16,0.06464,0.08514
7026,1,1_3,0.16,0.067,0.08264
7027,1,1_3,0.16,0.0403,0.074
7028,1,1_3,0.16,0.0296,0.07806
7029,1,1_3,0.16,0.0663,0.09424
7030,1,1_3,0.16,0.04184,0.07184
7031,1,1_3,0.16,0.0509,0.0739
7032,1,1_3,0.16,0.063,0.0737
7033,1,1_3,0.16,0.02731,0.0706
7034,1,1_3,0.16,0.03668,0.0699
7035,1,1_3,0.16,0.03848,0.0684
7036,1,1_3,0.16,0.03857,0.08026
7037,1,1_3,0.16,0.044,0.09094
7038,1,1_3,0.16,0.04993,0.073
7039,1,1_3,0.16,0.04892,0.07446
7040,1,1_3,0.16,0.0322,0.0832
7041,1,1_3,0.16,0.05783,0.0771
7042,1,1_3,0.16,0.0251,0.0752
7043,1,1_3,0.16,0.04016,0.07623
7044,1,1_3,0.16,0.12256,0.08887
7045,1,1_3,0.16,0.04922,0.0707
7046,1,1_3,0.16,0.05585,0.07855
7047,1,1_3,0.16,0.06244,0.0766
7048,1,1_3,0.16,0.04645,0.0779
7049,1,1_3,0.16,0.06525,0.0707
7050,1,1_3,0.16,0.05136,0.0781
7051,1,1_3,0.16,0.0388,0.07544
7052,1,1_3,0.16,0.03384,0.0755
7053,1,1_3,0.16,0.03653,0.0803
7054,1,1_3,0.16,0.03925,0.0719
7055,1,1_3,0.16,0.04288,0.08575
7056,1,1_3,0.16,0.03793,0.069
7057,1,1_3,0.16,0.0386,0.0796
7058,1,1_3,0.16,0.0681,0.0795
7059,1,1_3,0.16,0.03787,0.0789
7060,1,1_3,0.16,0.02422,0.0713
7061,1,1_3,0.16,0.04172,0.09125
7062,1,1_3,0.16,0.03506,0.07477
7063,1,1_3,0.16,0.03114,0.07214
7064,1,1_3,0.16,0.0933,0.0725
7065,1,1_3,0.16,0.0609,0.0766
7066,1,1_3,0.16,0.03818,0.07697
7067,1,1_3,0.16,0.03198,0.0716
7068,1,1_3,0.16,0.03568,0.0879
7069,1,1_3,0.16,0.0762,0.09125
7070,1,1_3,0.16,0.0356,0.09216
7071,1,1_3,0.16,0.0388,0.07294
7072,1,1_3,0.16,0.0743,0.07886
7073,1,1_3,0.16,0.04147,0.0716
7074,1,1_3,0.16,0.04974,0.07513
7075,1,1_3,0.16,0.03168,0.07837
7076,1,1_3,0.16,0.04034,0.07214
7077,1,1_3,0.16,0.0317,0.0695
7078,1,1_3,0.16,0.06027,0.1079
7079,1,1_3,0.16,0.04044,0.0735
7080,1,1_3,0.16,0.06155,0.09344
7081,1,1_3,0.16,0.03415,0.0711
7082,1,1_3,0.16,0.03848,0.0696
7083,1,1_3,0.16,0.0583,0.0741
7084,1,1_3,0.16,0.02943,0.0725
7085,1,1_3,0.16,0.0721,0.0891
7086,1,1_3,0.16,0.0325,0.07434
7087,1,1_3,0.16,0.02428,0.0681
7088,1,1_3,0.16,0.1342,0.0781
7089,1,1_3,0.16,0.03256,0.07355
7090,1,1_3,0.16,0.0651,0.07117
7091,1,1_3,0.16,0.03555,0.0693
7092,1,1_3,0.16,0.03836,0.0757
7093,1,1_3,0.16,0.03247,0.0705
7094,1,1_3,0.16,0.0398,0.0782
7095,1,1_3,0.16,0.08234,0.0896
7096,1,1_3,0.16,0.0417,0.0767
7097,1,1_3,0.16,0.03116,0.0732
7098,1,1_3,0.16,0.0441,0.0759
7099,1,1_3,0.16,0.03,0.0712
7100,1,1_3,0.16,0.05133,0.0786
7101,1,1_3,0.16,0.03284,0.0761
7102,1,1_3,0.16,0.03937,0.07666
7103,1,1_3,0.16,0.03558,0.07965
7104,1,1_3,0.16,0.0631,0.07806
7105,1,1_3,0.16,0.1044,0.07434
7106,1,1_3,0.16,0.02675,0.0698
7107,1,1_3,0.16,0.0376,0.07367
7108,1,1_3,0.16,0.03925,0.0704
7109,1,1_3,0.16,0.05923,0.0929
7110,1,1_3,0.16,0.0399,0.07935
7111,1,1_3,0.16,0.03375,0.0712
7112,1,1_3,0.16,0.02905,0.0739
7113,1,1_3,0.16,0.0869,0.08185
7114,1,1_3,0.16,0.04123,0.0837
7115,1,1_3,0.16,0.04425,0.0865
7116,1,1_3,0.16,0.0477,0.09045
7117,1,1_3,0.16,0.0275,0.0728
7118,1,1_3,0.16,0.09937,0.092
7119,1,1_3,0.16,0.04425,0.08386
7120,1,1_3,0.16,0.0623,0.0764
7121,1,1_3,0.16,0.09784,0.0778
7122,1,1_3,0.16,0.0477,0.0765
7123,1,1_3,0.16,0.03592,0.0731
7124,1,1_3,0.16,0.06,0.0795
7125,1,1_3,0.16,0.03738,0.08044
7126,1,1_3,0.16,0.0417,0.0732
7127,1,1_3,0.16,0.02887,0.0773
7128,1,1_3,0.16,0.03104,0.07086
7129,1,1_3,0.16,0.03084,0.0742
7130,1,1_3,0.16,0.03992,0.07874
7131,1,1_3,0.16,0.04904,0.0861
7132,1,1_3,0.16,0.05997,0.09314
7133,1,1_3,0.16,0.0523,0.07416
7134,1,1_3,0.16,0.04202,0.0822
7135,1,1_3,0.16,0.05505,0.07196
7136,1,1_3,0.16,0.1339,0.0701
7137,1,1_3,0.16,0.0377,0.0767
7138,1,1_3,0.16,0.02647,0.08
7139,1,1_3,0.16,0.061,0.09326
7140,1,1_3,0.16,0.0258,0.0758
7141,1,1_3,0.16,0.05392,0.0822
7142,1,1_3,0.16,0.0364,0.07245
7143,1,1_3,0.16,0.03876,0.0777
7144,1,1_3,0.16,0.0297,0.0787
7145,1,1_3,0.16,0.03143,0.0726
7146,1,1_3,0.16,0.02614,0.0691
7147,1,1_3,0.16,0.04865,0.081
7148,1,1_3,0.16,0.0364,0.07446
7149,1,1_3,0.16,0.04996,0.07874
7150,1,1_3,0.16,0.03455,0.0739
7151,1,1_3,0.16,0.1046,0.0777
7152,1,1_3,0.16,0.02968,0.0731
7153,1,1_3,0.16,0.03091,0.0709
7154,1,1_3,0.16,0.02693,0.0704
7155,1,1_3,0.16,0.04474,0.0811
7156,1,1_3,0.16,0.0331,0.073
7157,1,1_3,0.16,0.10236,0.08276
7158,1,1_3,0.16,0.02695,0.07355
7159,1,1_3,0.16,0.03864,0.07495
7160,1,1_3,0.16,0.0415,0.0806
7161,1,1_3,0.16,0.04727,0.0918
7162,1,1_3,0.16,0.047,0.07806
7163,1,1_3,0.16,0.05334,0.0858
7164,1,1_3,0.16,0.0435,0.0766
7165,1,1_3,0.16,0.05655,0.0958
7166,1,1_3,0.16,0.06396,0.0705
7167,1,1_3,0.16,0.0408,0.0859
7168,1,1_3,0.16,0.04633,0.0995
7169,1,1_3,0.16,0.0653,0.08026
7170,1,1_3,0.16,0.03012,0.0813
7171,1,1_3,0.16,0.03198,0.0854
7172,1,1_3,0.16,0.03455,0.08307
7173,1,1_3,0.16,0.0284,0.0737
7174,1,1_3,0.16,0.04868,0.0713
7175,1,1_3,0.16,0.06647,0.08075
7176,1,1_3,0.16,0.03012,0.08215
7177,1,1_3,0.16,0.02644,0.0701
7178,1,1_3,0.16,0.0433,0.08624
7179,1,1_3,0.16,0.03464,0.0694
7180,1,1_3,0.16,0.06204,0.08344
7181,1,1_3,0.16,0.06384,0.07623
7182,1,1_3,0.16,0.0794,0.0757
7183,1,1_3,0.16,0.03525,0.0769
7184,1,1_3,0.16,0.03586,0.0742
7185,1,1_3,0.16,0.02882,0.07526
7186,1,1_3,0.16,0.0418,0.07166
7187,1,1_3,0.16,0.03717,0.0751
7188,1,1_3,0.16,0.05145,0.0794
7189,1,1_3,0.16,0.0608,0.0733
7190,1,1_3,0.16,0.03056,0.07196
7191,1,1_3,0.16,0.04065,0.08777
7192,1,1_3,0.16,0.0983,0.0722
7193,1,1_3,0.16,0.07825,0.0782
7194,1,1_3,0.16,0.03537,0.0797
7195,1,1_3,0.16,0.03287,0.0768
7196,1,1_3,0.16,0.02466,0.0681
7197,1,1_3,0.16,0.0405,0.0764
7198,1,1_3,0.16,0.02934,0.0694
7199,1,1_3,0.16,0.02684,0.0762
7200,1,1_3,0.16,0.0669,0.0749
7201,1,1_3,0.16,0.03235,0.07043
7202,1,1_3,0.16,0.0534,0.0822
7203,1,1_3,0.16,0.0357,0.08545
7204,1,1_3,0.16,0.03044,0.0832
7205,1,1_3,0.16,0.0685,0.09216
7206,1,1_3,0.16,0.04633,0.07477
7207,1,1_3,0.16,0.04663,0.07684
7208,1,1_3,0.16,0.0341,0.08417
7209,1,1_3,0.16,0.02516,0.0716
7210,1,1_3,0.16,0.05054,0.0712
7211,1,1_3,0.16,0.03354,0.07294
7212,1,1_3,0.16,0.03506,0.08514
7213,1,1_3,0.16,0.0822,0.07635
7214,1,1_3,0.16,0.04077,0.0766
7215,1,1_3,0.16,0.037,0.0724
7216,1,1_3,0.16,0.07025,0.0879
7217,1,1_3,0.16,0.04208,0.07385
7218,1,1_3,0.16,0.0773,0.07764
7219,1,1_3,0.16,0.031,0.0816
7220,1,1_3,0.16,0.04276,0.07434
7221,1,1_3,0.16,0.0459,0.0789
7222,1,1_3,0.16,0.06714,0.0922
7223,1,1_3,0.16,0.05026,0.0803
7224,1,1_3,0.16,0.03436,0.0799
7225,1,1_3,0.16,0.03683,0.0781
7226,1,1_3,0.16,0.0721,0.0854
7227,1,1_3,0.16,0.03677,0.0977
7228,1,1_3,0.16,0.03445,0.0736
7229,1,1_3,0.16,0.03137,0.0697
7230,1,1_3,0.16,0.0436,0.1065
7231,1,1_3,0.16,0.04996,0.10156
7232,1,1_3,0.16,0.03583,0.0886
7233,1,1_3,0.16,0.06223,0.091
7234,1,1_3,0.16,0.03384,0.0789
7235,1,1_3,0.16,0.0353,0.078
7236,1,1_3,0.16,0.04272,0.08295
7237,1,1_3,0.16,0.07043,0.10504
7238,1,1_3,0.16,0.0344,0.07855
7239,1,1_3,0.16,0.03134,0.0917
7240,1,1_3,0.16,0.04266,0.07654
7241,1,1_3,0.16,0.05313,0.0776
7242,1,1_3,0.16,0.03075,0.0862
7243,1,1_3,0.16,0.042,0.0747
7244,1,1_3,0.16,0.03123,0.0737
7245,1,1_3,0.16,0.04358,0.07666
7246,1,1_3,0.16,0.07886,0.07794
7247,1,1_3,0.16,0.05988,0.0806
7248,1,1_3,0.16,0.03023,0.0823
7249,1,1_3,0.16,0.1398,0.09705
7250,1,1_3,0.16,0.054,0.1025
7251,1,1_3,0.16,0.0353,0.0788
7252,1,1_3,0.16,0.04623,0.07465
7253,1,1_3,0.16,0.1013,0.0781
7254,1,1_3,0.16,0.0366,0.079
7255,1,1_3,0.16,0.0812,0.08716
7256,1,1_3,0.16,0.03745,0.07587
7257,1,1_3,0.16,0.04025,0.0927
7258,1,1_3,0.16,0.02985,0.07367
7259,1,1_3,0.16,0.06525,0.0809
7260,1,1_3,0.16,0.03406,0.07587
7261,1,1_3,0.16,0.0596,0.08374
7262,1,1_3,0.16,0.06235,0.08093
7263,1,1_3,0.16,0.04703,0.0875
7264,1,1_3,0.16,0.03674,0.0733
7265,1,1_3,0.16,0.065,0.1039
7266,1,1_3,0.16,0.03348,0.07166
7267,1,1_3,0.16,0.03568,0.0871
7268,1,1_3,0.16,0.03677,0.0769
7269,1,1_3,0.16,0.0659,0.08295
7270,1,1_3,0.16,0.0813,0.07654
7271,1,1_3,0.16,0.05246,0.0801
7272,1,1_3,0.16,0.0758,0.0889
7273,1,1_3,0.16,0.03595,0.1029
7274,1,1_3,0.16,0.03506,0.0757
7275,1,1_3,0.16,0.05682,0.084
7276,1,1_3,0.16,0.0441,0.078
7277,1,1_3,0.16,0.0441,0.09454
7278,1,1_3,0.16,0.047,0.0865
7279,1,1_3,0.16,0.02731,0.06976
7280,1,1_3,0.16,0.0491,0.07477
7281,1,1_3,0.16,0.0576,0.10455
7282,1,1_3,0.16,0.04343,0.09357
7283,1,1_3,0.16,0.08624,0.0744
7284,1,1_3,0.16,0.05167,0.0777
7285,1,1_3,0.16,0.02652,0.0757
7286,1,1_3,0.16,0.0394,0.0827
7287,1,1_3,0.16,0.05307,0.10144
7288,1,1_3,0.16,0.02962,0.0759
7289,1,1_3,0.16,0.0439,0.1045
7290,1,1_3,0.16,0.0676,0.0993
7291,1,1_3,0.16,0.0822,0.1045
7292,1,1_3,0.16,0.0588,0.072
7293,1,1_3,0.16,0.09106,0.07385
7294,1,1_3,0.16,0.03174,0.08685
7295,1,1_3,0.16,0.03406,0.07135
7296,1,1_3,0.16,0.03458,0.071
7297,1,1_3,0.16,0.03442,0.0865
7298,1,1_3,0.16,0.05118,0.0733
7299,1,1_3,0.16,0.03836,0.08826
7300,1,1_3,0.16,0.03387,0.0721
7301,1,1_3,0.16,0.03604,0.0752
7302,1,1_3,0.16,0.05972,0.07874
7303,1,1_3,0.16,0.0647,0.07153
7304,1,1_3,0.16,0.0372,0.08075
7305,1,1_3,0.16,0.03427,0.0834
7306,1,1_3,0.16,0.02675,0.0899
7307,1,1_3,0.16,0.0548,0.075
7308,1,1_3,0.16,0.07043,0.0808
7309,1,1_3,0.16,0.04965,0.07635
7310,1,1_3,0.16,0.06104,0.07227
7311,1,1_3,0.16,0.04245,0.0874
7312,1,1_3,0.16,0.0477,0.099
7313,1,1_3,0.16,0.0719,0.0732
7314,1,1_3,0.16,0.03708,0.07074
7315,1,1_3,0.16,0.0442,0.08044
7316,1,1_3,0.16,0.04517,0.0874
7317,1,1_3,0.16,0.0421,0.08673
7318,1,1_3,0.16,0.04388,0.0827
7319,1,1_3,0.16,0.03207,0.07117
7320,1,1_3,0.16,0.04556,0.078
7321,1,1_3,0.16,0.04205,0.07153
7322,1,1_3,0.16,0.04395,0.08136
7323,1,1_3,0.16,0.03488,0.0761
7324,1,1_3,0.16,0.02847,0.08246
7325,1,1_3,0.16,0.02611,0.07
7326,1,1_3,0.16,0.03146,0.0732
7327,1,1_3,0.16,0.03214,0.0917
7328,1,1_3,0.16,0.03,0.0978
7329,1,1_3,0.16,0.0632,0.08325
7330,1,1_3,0.16,0.0693,0.07294
7331,1,1_3,0.16,0.068,0.0766
7332,1,1_3,0.16,0.1025,0.0788
7333,1,1_3,0.16,0.0552,0.0954
7334,1,1_3,0.16,0.03613,0.08887
7335,1,1_3,0.16,0.04077,0.08606
7336,1,1_3,0.16,0.06104,0.0943
7337,1,1_3,0.16,0.03577,0.07996
7338,1,1_3,0.16,0.0625,0.07794
7339,1,1_3,0.16,0.0381,0.08514
7340,1,1_3,0.16,0.08826,0.09265
7341,1,1_3,0.16,0.04172,0.07135
7342,1,1_3,0.16,0.05652,0.1042
7343,1,1_3,0.16,0.04437,0.0824
7344,1,1_3,0.16,0.04,0.0779
7345,1,1_3,0.16,0.0329,0.08923
7346,1,1_3,0.16,0.03467,0.0741
7347,1,1_3,0.16,0.0387,0.0826
7348,1,1_3,0.16,0.03214,0.0784
7349,1,1_3,0.16,0.04108,0.07263
7350,1,1_3,0.16,0.06235,0.07574
7351,1,1_3,0.16,0.0399,0.0903
7352,1,1_3,0.16,0.05173,0.0807
7353,1,1_3,0.16,0.04092,0.1008
7354,1,1_3,0.16,0.03726,0.077
7355,1,1_3,0.16,0.03036,0.0777
7356,1,1_3,0.16,0.0654,0.0799
7357,1,1_3,0.16,0.0494,0.0774
7358,1,1_3,0.16,0.03772,0.0737
7359,1,1_3,0.16,0.03375,0.0842
7360,1,1_3,0.16,0.0503,0.07806
7361,1,1_3,0.16,0.0479,0.0786
7362,1,1_3,0.16,0.03128,0.0754
7363,1,1_3,0.16,0.03845,0.0744
7364,1,1_3,0.16,0.04068,0.0787
7365,1,1_3,0.16,0.03134,0.08795
7366,1,1_3,0.16,0.07465,0.091
7367,1,1_3,0.16,0.0724,0.1049
7368,1,1_3,0.16,0.03918,0.0812
7369,1,1_3,0.16,0.0655,0.09265
7370,1,1_3,0.16,0.0375,0.07367
7371,1,1_3,0.16,0.02995,0.0716
7372,1,1_3,0.16,0.03143,0.07446
7373,1,1_3,0.16,0.03061,0.08075
7374,1,1_3,0.16,0.0923,0.0969
7375,1,1_3,0.16,0.08435,0.0806
7376,1,1_3,0.16,0.02448,0.0721
7377,1,1_3,0.16,0.1126,0.08777
7378,1,1_3,0.16,0.0406,0.0898
7379,1,1_3,0.16,0.0804,0.07684
7380,1,1_3,0.16,0.03604,0.0752
7381,1,1_3,0.16,0.0305,0.07477
7382,1,1_3,0.16,0.0484,0.07916
7383,1,1_3,0.16,0.065,0.08295
7384,1,1_3,0.16,0.0356,0.0705
7385,1,1_3,0.16,0.03534,0.0788
7386,1,1_3,0.16,0.0331,0.0743
7387,1,1_3,0.16,0.03708,0.0735
7388,1,1_3,0.16,0.0482,0.0764
7389,1,1_3,0.16,0.04358,0.0851
7390,1,1_3,0.16,0.03613,0.0862
7391,1,1_3,0.16,0.1132,0.0989
7392,1,1_3,0.16,0.0774,0.0834
7393,1,1_3,0.16,0.03406,0.08105
7394,1,1_3,0.16,0.03,0.0735
7395,1,1_3,0.16,0.02509,0.07086
7396,1,1_3,0.16,0.05078,0.0731
7397,1,1_3,0.16,0.05054,0.0875
7398,1,1_3,0.16,0.04868,0.0749
7399,1,1_3,0.16,0.04343,0.08264
7400,1,1_3,0.16,0.05188,0.0961
7401,1,1_3,0.16,0.0527,0.0827
7402,1,1_3,0.16,0.04712,0.0755
7403,1,1_3,0.16,0.04233,0.0924
7404,1,1_3,0.16,0.0339,0.07404
7405,1,1_3,0.16,0.03079,0.07324
7406,1,1_3,0.16,0.04187,0.08734
7407,1,1_3,0.16,0.047,0.0817
7408,1,1_3,0.16,0.04346,0.07837
7409,1,1_3,0.16,0.0481,0.0794
7410,1,1_3,0.16,0.05035,0.10626
7411,1,1_3,0.16,0.03925,0.08923
7412,1,1_3,0.16,0.04175,0.0752
7413,1,1_3,0.16,0.03738,0.082
7414,1,1_3,0.16,0.04175,0.0738
7415,1,1_3,0.16,0.02611,0.071
7416,1,1_3,0.16,0.03473,0.0733
7417,1,1_3,0.16,0.049,0.0917
7418,1,1_3,0.16,0.03677,0.08966
7419,1,1_3,0.16,0.0597,0.0915
7420,1,1_3,0.16,0.02861,0.0969
7421,1,1_3,0.16,0.0728,0.07733
7422,1,1_3,0.16,0.0591,0.0839
7423,1,1_3,0.16,0.03017,0.0714
7424,1,1_3,0.16,0.0673,0.0715
7425,1,1_3,0.16,0.0887,0.09174
7426,1,1_3,0.16,0.02988,0.07947
7427,1,1_3,0.16,0.082,0.0792
7428,1,1_3,0.16,0.03635,0.0735
7429,1,1_3,0.16,0.02806,0.07214
7430,1,1_3,0.16,0.03802,0.0831
7431,1,1_3,0.16,0.05548,0.07513
7432,1,1_3,0.16,0.04813,0.08844
7433,1,1_3,0.16,0.0546,0.0861
7434,1,1_3,0.16,0.02548,0.08374
7435,1,1_3,0.16,0.0485,0.07697
7436,1,1_3,0.16,0.0349,0.0838
7437,1,1_3,0.16,0.03105,0.0712
7438,1,1_3,0.16,0.05963,0.08466
7439,1,1_3,0.16,0.05722,0.0867
7440,1,1_3,0.16,0.0289,0.07794
7441,1,1_3,0.16,0.03065,0.07007
7442,1,1_3,0.16,0.048,0.08136
7443,1,1_3,0.16,0.07104,0.0812
7444,1,1_3,0.16,0.0428,0.1035
7445,1,1_3,0.16,0.03111,0.09076
7446,1,1_3,0.16,0.09155,0.0774
7447,1,1_3,0.16,0.03262,0.0858
7448,1,1_3,0.16,0.0746,0.0866
7449,1,1_3,0.16,0.05,0.0809
7450,1,1_3,0.16,0.03833,0.08044
7451,1,1_3,0.16,0.03168,0.0727
7452,1,1_3,0.16,0.03625,0.0859
7453,1,1_3,0.16,0.03226,0.0744
7454,1,1_3,0.16,0.05286,0.07184
7455,1,1_3,0.16,0.04474,0.0835
7456,1,1_3,0.16,0.079,0.0798
7457,1,1_3,0.16,0.05942,0.07526
7458,1,1_3,0.16,0.0893,0.0947
7459,1,1_3,0.16,0.03973,0.08215
7460,1,1_3,0.16,0.0413,0.0823
7461,1,1_3,0.16,0.0296,0.07794
7462,1,1_3,0.16,0.04858,0.08307
7463,1,1_3,0.16,0.0343,0.07404
7464,1,1_3,0.16,0.0324,0.07874
7465,1,1_3,0.16,0.05612,0.0868
7466,1,1_3,0.16,0.03577,0.08795
7467,1,1_3,0.16,0.04245,0.07574
7468,1,1_3,0.16,0.0303,0.07446
7469,1,1_3,0.16,0.04456,0.08356
7470,1,1_3,0.16,0.03662,0.0764
7471,1,1_3,0.16,0.05856,0.10284
7472,1,1_3,0.16,0.0502,0.10535
7473,1,1_3,0.16,0.0251,0.07227
7474,1,1_3,0.16,0.05026,0.10266
7475,1,1_3,0.16,0.04953,0.07855
7476,1,1_3,0.16,0.0385,0.0949
7477,1,1_3,0.16,0.03754,0.0839
7478,1,1_3,0.16,0.02885,0.0747
7479,1,1_3,0.16,0.0497,0.07874
7480,1,1_3,0.16,0.05914,0.09576
7481,1,1_3,0.16,0.0415,0.0847
7482,1,1_3,0.16,0.03943,0.0765
7483,1,1_3,0.16,0.07263,0.0816
7484,1,1_3,0.16,0.03397,0.08124
7485,1,1_3,0.16,0.05225,0.09485
7486,1,1_3,0.16,0.0361,0.07635
7487,1,1_3,0.16,0.10645,0.0933
7488,1,1_3,0.16,0.02145,0.0749
7489,1,1_3,0.16,0.04,0.09393
7490,1,1_3,0.16,0.0867,0.08655
7491,1,1_3,0.16,0.03436,0.0748
7492,1,1_3,0.16,0.0433,0.0877
7493,1,1_3,0.16,0.0313,0.07855
7494,1,1_3,0.16,0.02821,0.07465
7495,1,1_3,0.16,0.0865,0.0753
7496,1,1_3,0.16,0.06573,0.09314
7497,1,1_3,0.16,0.0542,0.1062
7498,1,1_3,0.16,0.10156,0.0821
7499,1,1_3,0.16,0.0896,0.07635
7500,1,1_3,0.16,0.02795,0.0867
7501,1,1_3,0.16,0.06055,0.1002
7502,1,1_3,0.16,0.04932,0.07996
7503,1,1_3,0.16,0.039,0.07465
7504,1,1_3,0.16,0.10205,0.1106
7505,1,1_3,0.16,0.03946,0.0825
7506,1,1_3,0.16,0.03412,0.08844
7507,1,1_3,0.16,0.03117,0.09454
7508,1,1_3,0.16,0.0545,0.0768
7509,1,1_3,0.16,0.0546,0.0789
7510,1,1_3,0.16,0.03223,0.0807
7511,1,1_3,0.16,0.0501,0.07477
7512,1,1_3,0.16,0.04047,0.10614
7513,1,1_3,0.16,0.04126,0.0737
7514,1,1_3,0.16,0.0257,0.0771
7515,1,1_3,0.16,0.0678,0.081
7516,1,1_3,0.16,0.0892,0.09045
7517,1,1_3,0.16,0.03366,0.07086
7518,1,1_3,0.16,0.02867,0.0707
7519,1,1_3,0.16,0.10754,0.0901
7520,1,1_3,0.16,0.05487,0.07214
7521,1,1_3,0.16,0.0397,0.07715
7522,1,1_3,0.16,0.03455,0.09326
7523,1,1_3,0.16,0.0349,0.0729
7524,1,1_3,0.16,0.05463,0.0779
7525,1,1_3,0.16,0.03014,0.07446
7526,1,1_3,0.16,0.0276,0.07654
7527,1,1_3,0.16,0.04446,0.0768
7528,1,1_3,0.16,0.03888,0.07367
7529,1,1_3,0.16,0.06082,0.0802
7530,1,1_3,0.16,0.03029,0.07574
7531,1,1_3,0.16,0.03023,0.0742
7532,1,1_3,0.16,0.0272,0.0771
7533,1,1_3,0.16,0.06146,0.0824
7534,1,1_3,0.16,0.0659,0.0756
7535,1,1_3,0.16,0.0815,0.0816
7536,1,1_3,0.16,0.02742,0.09564
7537,1,1_3,0.16,0.0672,0.0742
7538,1,1_3,0.16,0.02477,0.0713
7539,1,1_3,0.16,0.0311,0.08417
7540,1,1_3,0.16,0.02985,0.0744
7541,1,1_3,0.16,0.03854,0.081
7542,1,1_3,0.16,0.09766,0.09186
7543,1,1_3,0.16,0.02463,0.0711
7544,1,1_3,0.16,0.06183,0.08154
7545,1,1_3,0.16,0.0434,0.07855
7546,1,1_3,0.16,0.04965,0.1161
7547,1,1_3,0.16,0.0512,0.0878
7548,1,1_3,0.16,0.03757,0.08093
7549,1,1_3,0.16,0.08496,0.08984
7550,1,1_3,0.16,0.0294,0.0718
7551,1,1_3,0.16,0.03073,0.0834
7552,1,1_3,0.16,0.06464,0.0881
7553,1,1_3,0.16,0.04062,0.0741
7554,1,1_3,0.16,0.105,0.07635
7555,1,1_3,0.16,0.1125,0.07196
7556,1,1_3,0.16,0.1006,0.10785
7557,1,1_3,0.16,0.0619,0.07965
7558,1,1_3,0.16,0.0363,0.0742
7559,1,1_3,0.16,0.0467,0.07275
7560,1,1_3,0.16,0.04916,0.08075
7561,1,1_3,0.16,0.04965,0.078
7562,1,1_3,0.16,0.02768,0.0827
7563,1,1_3,0.16,0.0323,0.0785
7564,1,1_3,0.16,0.05588,0.078
7565,1,1_3,0.16,0.03107,0.08484
7566,1,1_3,0.16,0.02823,0.07196
7567,1,1_3,0.16,0.0686,0.07544
7568,1,1_3,0.16,0.031,0.0905
7569,1,1_3,0.16,0.03732,0.0833
7570,1,1_3,0.16,0.0649,0.07544
7571,1,1_3,0.16,0.03732,0.09814
7572,1,1_3,0.16,0.06836,0.0774
7573,1,1_3,0.16,0.03867,0.07996
7574,1,1_3,0.16,0.041,0.072
7575,1,1_3,0.16,0.04602,0.0927
7576,1,1_3,0.16,0.05685,0.078
7577,1,1_3,0.16,0.0325,0.0754
7578,1,1_3,0.16,0.03119,0.0719
7579,1,1_3,0.16,0.03087,0.07904
7580,1,1_3,0.16,0.0396,0.07544
7581,1,1_3,0.16,0.04337,0.09094
7582,1,1_3,0.16,0.03378,0.0859
7583,1,1_3,0.16,0.04395,0.07513
7584,1,1_3,0.16,0.03253,0.0725
7585,1,1_3,0.16,0.03046,0.089
7586,1,1_3,0.16,0.03017,0.07623
7587,1,1_3,0.16,0.04233,0.078
7588,1,1_3,0.16,0.0397,0.07983
7589,1,1_3,0.16,0.02695,0.0712
7590,1,1_3,0.16,0.02975,0.072
7591,1,1_3,0.16,0.02379,0.07086
7592,1,1_3,0.16,0.02695,0.09155
7593,1,1_3,0.16,0.06058,0.0844
7594,1,1_3,0.16,0.036,0.10175
7595,1,1_3,0.16,0.03534,0.0834
7596,1,1_3,0.16,0.03992,0.0795
7597,1,1_3,0.16,0.03583,0.08044
7598,1,1_3,0.16,0.03757,0.0839
7599,1,1_3,0.16,0.0421,0.0915
7600,1,1_3,0.16,0.08923,0.07465
7601,1,1_3,0.16,0.0382,0.09607
7602,1,1_3,0.16,0.0513,0.07983
7603,1,1_3,0.16,0.04614,0.09686
7604,1,1_3,0.16,0.07104,0.08685
7605,1,1_3,0.16,0.03732,0.0744
7606,1,1_3,0.16,0.0395,0.09485
7607,1,1_3,0.16,0.0533,0.1036
7608,1,1_3,0.16,0.02432,0.0718
7609,1,1_3,0.16,0.035,0.08386
7610,1,1_3,0.16,0.04193,0.087
7611,1,1_3,0.16,0.04364,0.09174
7612,1,1_3,0.16,0.02509,0.07007
7613,1,1_3,0.16,0.04584,0.08307
7614,1,1_3,0.16,0.0348,0.0759
7615,1,1_3,0.16,0.04706,0.0774
7616,1,1_3,0.16,0.04388,0.0817
7617,1,1_3,0.16,0.04398,0.07465
7618,1,1_3,0.16,0.06018,0.0966
7619,1,1_3,0.16,0.0685,0.0946
7620,1,1_3,0.16,0.02844,0.07886
7621,1,1_3,0.16,0.0831,0.07697
7622,1,1_3,0.16,0.05426,0.09393
7623,1,1_3,0.16,0.06824,0.08374
7624,1,1_3,0.16,0.03308,0.0703
7625,1,1_3,0.16,0.03287,0.07654
7626,1,1_3,0.16,0.08307,0.0857
7627,1,1_3,0.16,0.04272,0.07324
7628,1,1_3,0.16,0.0439,0.0833
7629,1,1_3,0.16,0.0321,0.0779
7630,1,1_3,0.16,0.04355,0.07935
7631,1,1_3,0.16,0.03394,0.09045
7632,1,1_3,0.16,0.05304,0.08124
7633,1,1_3,0.16,0.0437,0.0871
7634,1,1_3,0.16,0.0317,0.0732
7635,1,1_3,0.16,0.04578,0.08746
7636,1,1_3,0.16,0.03683,0.0759
7637,1,1_3,0.16,0.03745,0.09045
7638,1,1_3,0.16,0.023,0.08057
7639,1,1_3,0.16,0.0323,0.0819
7640,1,1_3,0.16,0.0479,0.07996
7641,1,1_3,0.16,0.0678,0.08307
7642,1,1_3,0.16,0.02953,0.1042
7643,1,1_3,0.16,0.02664,0.0729
7644,1,1_3,0.16,0.0367,0.07306
7645,1,1_3,0.16,0.02942,0.0801
7646,1,1_3,0.16,0.03029,0.0779
7647,1,1_3,0.16,0.0337,0.0817
7648,1,1_3,0.16,0.0431,0.07544
7649,1,1_3,0.16,0.04172,0.0791
7650,1,1_3,0.16,0.05093,0.08984
7651,1,1_3,0.16,0.04483,0.0803
7652,1,1_3,0.16,0.0362,0.0816
7653,1,1_3,0.16,0.0669,0.10376
7654,1,1_3,0.16,0.04584,0.0902
7655,1,1_3,0.16,0.03943,0.0738
7656,1,1_3,0.16,0.0784,0.08466
7657,1,1_3,0.16,0.04077,0.0776
7658,1,1_3,0.16,0.0375,0.07587
7659,1,1_3,0.16,0.03217,0.07776
7660,1,1_3,0.16,0.0882,0.0767
7661,1,1_3,0.16,0.03488,0.0777
7662,1,1_3,0.16,0.02936,0.073
7663,1,1_3,0.16,0.0439,0.0793
7664,1,1_3,0.16,0.04144,0.07715
7665,1,1_3,0.16,0.04324,0.086
7666,1,1_3,0.16,0.02794,0.0811
7667,1,1_3,0.16,0.03156,0.10364
7668,1,1_3,0.16,0.0406,0.0827
7669,1,1_3,0.16,0.0497,0.0835
7670,1,1_3,0.16,0.05386,0.09186
7671,1,1_3,0.16,0.0558,0.0754
7672,1,1_3,0.16,0.0504,0.1075
7673,1,1_3,0.16,0.0696,0.07684
7674,1,1_3,0.16,0.0767,0.0786
7675,1,1_3,0.16,0.07477,0.07794
7676,1,1_3,0.16,0.08466,0.08124
7677,1,1_3,0.16,0.04233,0.1007
7678,1,1_3,0.16,0.04257,0.08105
7679,1,1_3,0.16,0.04562,0.091
7680,1,1_3,0.16,0.02568,0.0734
7681,1,1_3,0.16,0.0291,0.0797
7682,1,1_3,0.16,0.08307,0.09296
7683,1,1_3,0.16,0.0447,0.0963
7684,1,1_3,0.16,0.04346,0.0884
7685,1,1_3,0.16,0.05106,0.0844
7686,1,1_3,0.16,0.0468,0.07635
7687,1,1_3,0.16,0.04944,0.11194
7688,1,1_3,0.16,0.078,0.08606
7689,1,1_3,0.16,0.04102,0.0794
7690,1,1_3,0.16,0.06384,0.081
7691,1,1_3,0.16,0.04205,0.0819
7692,1,1_3,0.16,0.0502,0.07355
7693,1,1_3,0.16,0.0445,0.10754
7694,1,1_3,0.16,0.0488,0.0788
7695,1,1_3,0.16,0.0386,0.07434
7696,1,1_3,0.16,0.03674,0.0745
7697,1,1_3,0.16,0.0569,0.08704
7698,1,1_3,0.16,0.03134,0.0867
7699,1,1_3,0.16,0.05774,0.08203
7700,1,1_3,0.16,0.04123,0.0764
7701,1,1_3,0.16,0.02985,0.0751
7702,1,1_3,0.16,0.0396,0.08527
7703,1,1_3,0.16,0.06696,0.0795
7704,1,1_3,0.16,0.04416,0.0828
7705,1,1_3,0.16,0.03683,0.0823
7706,1,1_3,0.16,0.03613,0.07227
7707,1,1_3,0.16,0.046,0.078
7708,1,1_3,0.16,0.0654,0.08014
7709,1,1_3,0.16,0.03174,0.077
7710,1,1_3,0.16,0.02849,0.0801
7711,1,1_3,0.16,0.04425,0.1129
7712,1,1_3,0.16,0.0388,0.0745
7713,1,1_3,0.16,0.05115,0.07086
7714,1,1_3,0.16,0.05286,0.07623
7715,1,1_3,0.16,0.04144,0.08093
7716,1,1_3,0.16,0.04184,0.0764
7717,1,1_3,0.16,0.04834,0.07837
7718,1,1_3,0.16,0.02728,0.08264
7719,1,1_3,0.16,0.02878,0.07477
7720,1,1_3,0.16,0.0425,0.07745
7721,1,1_3,0.16,0.02632,0.08636
7722,1,1_3,0.16,0.0407,0.07635
7723,1,1_3,0.16,0.05734,0.0767
7724,1,1_3,0.16,0.05475,0.09766
7725,1,1_3,0.16,0.0397,0.07495
7726,1,1_3,0.16,0.0384,0.0803
7727,1,1_3,0.16,0.02951,0.074
7728,1,1_3,0.16,0.0276,0.0891
7729,1,1_3,0.16,0.03766,0.07355
7730,1,1_3,0.16,0.05823,0.07416
7731,1,1_3,0.16,0.03308,0.0837
7732,1,1_3,0.16,0.0604,0.0765
7733,1,1_3,0.16,0.045,0.08966
7734,1,1_3,0.16,0.0456,0.0778
7735,1,1_3,0.16,0.02827,0.0714
7736,1,1_3,0.16,0.06647,0.07837
7737,1,1_3,0.16,0.0327,0.0827
7738,1,1_3,0.16,0.052,0.07965
7739,1,1_3,0.16,0.02516,0.0771
7740,1,1_3,0.16,0.06934,0.08386
7741,1,1_3,0.16,0.04642,0.0783
7742,1,1_3,0.16,0.0429,0.0788
7743,1,1_3,0.16,0.02927,0.0701
7744,1,1_3,0.16,0.0413,0.08307
7745,1,1_3,0.16,0.05283,0.0846
7746,1,1_3,0.16,0.0626,0.0924
7747,1,1_3,0.16,0.05002,0.0777
7748,1,1_3,0.16,0.03738,0.08545
7749,1,1_3,0.16,0.0551,0.10394
7750,1,1_3,0.16,0.0425,0.0764
7751,1,1_3,0.16,0.02753,0.08014
7752,1,1_3,0.16,0.02766,0.08386
7753,1,1_3,0.16,0.04602,0.0946
7754,1,1_3,0.16,0.03433,0.0714
7755,1,1_3,0.16,0.0687,0.0987
7756,1,1_3,0.16,0.03342,0.0876
7757,1,1_3,0.16,0.04532,0.0778
7758,1,1_3,0.16,0.04276,0.08594
7759,1,1_3,0.16,0.02708,0.0826
7760,1,1_3,0.16,0.04233,0.07874
7761,1,1_3,0.16,0.03207,0.07306
7762,1,1_3,0.16,0.02658,0.07324
7763,1,1_3,0.16,0.037,0.0828
7764,1,1_3,0.16,0.0343,0.07965
7765,1,1_3,0.16,0.03064,0.0835
7766,1,1_3,0.16,0.05045,0.07404
7767,1,1_3,0.16,0.03107,0.0776
7768,1,1_3,0.16,0.0447,0.07825
7769,1,1_3,0.16,0.04974,0.0837
7770,1,1_3,0.16,0.0436,0.07605
7771,1,1_3,0.16,0.05518,0.0938
7772,1,1_3,0.16,0.04248,0.0866
7773,1,1_3,0.16,0.0408,0.0963
7774,1,1_3,0.16,0.0481,0.0793
7775,1,1_3,0.16,0.0739,0.0896
7776,1,1_3,0.16,0.05478,0.08203
7777,1,1_3,0.16,0.03726,0.0829
7778,1,1_3,0.16,0.0886,0.08655
7779,1,1_3,0.16,0.0764,0.0767
7780,1,1_3,0.16,0.03412,0.0745
7781,1,1_3,0.16,0.04022,0.0761
7782,1,1_3,0.16,0.0355,0.0885
7783,1,1_3,0.16,0.0354,0.077
7784,1,1_3,0.16,0.04788,0.101
7785,1,1_3,0.16,0.04852,0.0988
7786,1,1_3,0.16,0.04996,0.0846
7787,1,1_3,0.16,0.1035,0.07654
7788,1,1_3,0.16,0.0373,0.0864
7789,1,1_3,0.16,0.03638,0.08826
7790,1,1_3,0.16,0.02995,0.0734
7791,1,1_3,0.16,0.0596,0.09937
7792,1,1_3,0.16,0.04636,0.07776
7793,1,1_3,0.16,0.05542,0.0791
7794,1,1_3,0.16,0.0303,0.07104
7795,1,1_3,0.16,0.03848,0.0762
7796,1,1_3,0.16,0.04575,0.0786
7797,1,1_3,0.16,0.04706,0.0867
7798,1,1_3,0.16,0.0643,0.09143
7799,1,1_3,0.16,0.0763,0.1027
7800,1,1_3,0.16,0.03476,0.08606
7801,1,1_3,0.16,0.04865,0.08105
7802,1,1_3,0.16,0.0734,0.0766
7803,1,1_3,0.16,0.0504,0.108
7804,1,1_3,0.16,0.0383,0.10443
7805,1,1_3,0.16,0.04343,0.08844
7806,1,1_3,0.16,0.04434,0.08655
7807,1,1_3,0.16,0.03992,0.0763
7808,1,1_3,0.16,0.0396,0.08496
7809,1,1_3,0.16,0.03394,0.0756
7810,1,1_3,0.16,0.04944,0.0825
7811,1,1_3,0.16,0.02615,0.0767
7812,1,1_3,0.16,0.05194,0.07983
7813,1,1_3,0.16,0.0724,0.0835
7814,1,1_3,0.16,0.02916,0.0757
7815,1,1_3,0.16,0.06757,0.08575
7816,1,1_3,0.16,0.03638,0.07574
7817,1,1_3,0.16,0.0728,0.0886
7818,1,1_3,0.16,0.02795,0.0714
7819,1,1_3,0.16,0.03915,0.09766
7820,1,1_3,0.16,0.02635,0.0716
7821,1,1_3,0.16,0.03702,0.0723
7822,1,1_3,0.16,0.06586,0.0989
7823,1,1_3,0.16,0.0608,0.0762
7824,1,1_3,0.16,0.07874,0.0965
7825,1,1_3,0.16,0.05927,0.08887
7826,1,1_3,0.16,0.0407,0.0814
7827,1,1_3,0.16,0.0383,0.0763
7828,1,1_3,0.16,0.06238,0.07635
7829,1,1_3,0.16,0.0367,0.0824
7830,1,1_3,0.16,0.06494,0.0826
7831,1,1_3,0.16,0.04678,0.0798
7832,1,1_3,0.16,0.08997,0.1066
7833,1,1_3,0.16,0.03845,0.08527
7834,1,1_3,0.16,0.05914,0.0766
7835,1,1_3,0.16,0.03088,0.0718
7836,1,1_3,0.16,0.0983,0.0788
7837,1,1_3,0.16,0.02603,0.07104
7838,1,1_3,0.16,0.03024,0.07306
7839,1,1_3,0.16,0.02614,0.0842
7840,1,1_3,0.16,0.03305,0.0799
7841,1,1_3,0.16,0.03096,0.07684
7842,1,1_3,0.16,0.04187,0.0715
7843,1,1_3,0.16,0.0695,0.0804
7844,1,1_3,0.16,0.0794,0.077
7845,1,1_3,0.16,0.03345,0.0904
7846,1,1_3,0.16,0.044,0.09454
7847,1,1_3,0.16,0.02757,0.07404
7848,1,1_3,0.16,0.02704,0.082
7849,1,1_3,0.16,0.05545,0.0762
7850,1,1_3,0.16,0.04504,0.09
7851,1,1_3,0.16,0.02467,0.0732
7852,1,1_3,0.16,0.04422,0.08734
7853,1,1_3,0.16,0.02922,0.0716
7854,1,1_3,0.16,0.03476,0.0754
7855,1,1_3,0.16,0.1108,0.0766
7856,1,1_3,0.16,0.04614,0.09955
7857,1,1_3,0.16,0.04297,0.07715
7858,1,1_3,0.16,0.03088,0.07465
7859,1,1_3,0.16,0.0489,0.07983
7860,1,1_3,0.16,0.03345,0.10223
7861,1,1_3,0.16,0.05582,0.08246
7862,1,1_3,0.16,0.03305,0.0755
7863,1,1_3,0.16,0.02547,0.07745
7864,1,1_3,0.16,0.03973,0.08905
7865,1,1_3,0.16,0.03534,0.07587
7866,1,1_3,0.16,0.03308,0.07513
7867,1,1_3,0.16,0.02652,0.08295
7868,1,1_3,0.16,0.0572,0.0815
7869,1,1_3,0.16,0.04138,0.0736
7870,1,1_3,0.16,0.02937,0.08154
7871,1,1_3,0.16,0.03406,0.0952
7872,1,1_3,0.16,0.0448,0.0778
7873,1,1_3,0.16,0.03046,0.08496
7874,1,1_3,0.16,0.0407,0.0891
7875,1,1_3,0.16,0.06976,0.0946
7876,1,1_3,0.16,0.032,0.07214
7877,1,1_3,0.16,0.0694,0.0967
7878,1,1_3,0.16,0.03473,0.08026
7879,1,1_3,0.16,0.03836,0.08466
7880,1,1_3,0.16,0.03757,0.07623
7881,1,1_3,0.16,0.04977,0.0758
7882,1,1_3,0.16,0.0314,0.09973
7883,1,1_3,0.16,0.0309,0.07513
7884,1,1_3,0.16,0.04858,0.0728
7885,1,1_3,0.16,0.04263,0.09125
7886,1,1_3,0.16,0.0812,0.0835
7887,1,1_3,0.16,0.04865,0.07117
7888,1,1_3,0.16,0.02922,0.0832
7889,1,1_3,0.16,0.0314,0.0766
7890,1,1_3,0.16,0.04242,0.0707
7891,1,1_3,0.16,0.0361,0.0744
7892,1,1_3,0.16,0.02797,0.0724
7893,1,1_3,0.16,0.0803,0.07745
7894,1,1_3,0.16,0.02458,0.0718
7895,1,1_3,0.16,0.05933,0.0823
7896,1,1_3,0.16,0.09296,0.0868
7897,1,1_3,0.16,0.0473,0.082
7898,1,1_3,0.16,0.08276,0.0901
7899,1,1_3,0.16,0.03967,0.0963
7900,1,1_3,0.16,0.0323,0.0896
7901,1,1_3,0.16,0.127,0.0794
7902,1,1_3,0.16,0.04172,0.08246
7903,1,1_3,0.16,0.06207,0.0811
7904,1,1_3,0.16,0.03705,0.0809
7905,1,1_3,0.16,0.04358,0.08325
7906,1,1_3,0.16,0.03162,0.07605
7907,1,1_3,0.16,0.0531,0.10394
7908,1,1_3,0.16,0.03308,0.08856
7909,1,1_3,0.16,0.05258,0.07837
7910,1,1_3,0.16,0.02844,0.075
7911,1,1_3,0.16,0.05228,0.0837
7912,1,1_3,0.16,0.03192,0.0723
7913,1,1_3,0.16,0.0378,0.0783
7914,1,1_3,0.16,0.02957,0.0799
7915,1,1_3,0.16,0.03552,0.0757
7916,1,1_3,0.16,0.0899,0.07715
7917,1,1_3,0.16,0.083,0.0843
7918,1,1_3,0.16,0.03198,0.07294
7919,1,1_3,0.16,0.02913,0.0765
7920,1,1_3,0.16,0.067,0.08246
7921,1,1_3,0.16,0.02763,0.0709
7922,1,1_3,0.16,0.04807,0.0798
7923,1,1_3,0.16,0.0447,0.09015
7924,1,1_3,0.16,0.03198,0.0915
7925,1,1_3,0.16,0.06885,0.0799
7926,1,1_3,0.16,0.0396,0.0807
7927,1,1_3,0.16,0.02744,0.07605
7928,1,1_3,0.16,0.0667,0.08295
7929,1,1_3,0.16,0.0344,0.0762
7930,1,1_3,0.16,0.03604,0.0779
7931,1,1_3,0.16,0.05844,0.078
7932,1,1_3,0.16,0.06866,0.08374
7933,1,1_3,0.16,0.03186,0.07324
7934,1,1_3,0.16,0.03238,0.07495
7935,1,1_3,0.16,0.02983,0.07227
7936,1,1_3,0.16,0.05927,0.1003
7937,1,1_3,0.16,0.04086,0.0871
7938,1,1_3,0.16,0.02533,0.0812
7939,1,1_3,0.16,0.02391,0.09283
7940,1,1_3,0.16,0.0322,0.0764
7941,1,1_3,0.16,0.03833,0.1121
7942,1,1_3,0.16,0.03099,0.07697
7943,1,1_3,0.16,0.04056,0.08124
7944,1,1_3,0.16,0.0435,0.08
7945,1,1_3,0.16,0.0325,0.09186
7946,1,1_3,0.16,0.0372,0.1024
7947,1,1_3,0.16,0.02602,0.0723
7948,1,1_3,0.16,0.03696,0.0807
7949,1,1_3,0.16,0.03093,0.07697
7950,1,1_3,0.16,0.0351,0.0724
7951,1,1_3,0.16,0.07477,0.0931
7952,1,1_3,0.16,0.0633,0.08746
7953,1,1_3,0.16,0.0304,0.0756
7954,1,1_3,0.16,0.02777,0.07355
7955,1,1_3,0.16,0.05215,0.0864
7956,1,1_3,0.16,0.0639,0.0882
7957,1,1_3,0.16,0.02739,0.07306
7958,1,1_3,0.16,0.03488,0.08026
7959,1,1_3,0.16,0.0463,0.0783
7960,1,1_3,0.16,0.07886,0.09656
7961,1,1_3,0.16,0.0383,0.09314
7962,1,1_3,0.16,0.02979,0.07806
7963,1,1_3,0.16,0.0347,0.0912
7964,1,1_3,0.16,0.03336,0.1009
7965,1,1_3,0.16,0.0955,0.07806
7966,1,1_3,0.16,0.04056,0.0815
7967,1,1_3,0.16,0.02682,0.07574
7968,1,1_3,0.16,0.0474,0.0758
7969,1,1_3,0.16,0.05374,0.07306
7970,1,1_3,0.16,0.06174,0.08716
7971,1,1_3,0.16,0.027,0.0756
7972,1,1_3,0.16,0.0325,0.072
7973,1,1_3,0.16,0.0466,0.08606
7974,1,1_3,0.16,0.02673,0.08374
7975,1,1_3,0.16,0.03595,0.073
7976,1,1_3,0.16,0.03467,0.08246
7977,1,1_3,0.16,0.042,0.08276
7978,1,1_3,0.16,0.0528,0.0879
7979,1,1_3,0.16,0.03516,0.07556
7980,1,1_3,0.16,0.03708,0.0919
7981,1,1_3,0.16,0.0637,0.076
7982,1,1_3,0.16,0.03802,0.09686
7983,1,1_3,0.16,0.0525,0.08636
7984,1,1_3,0.16,0.0529,0.10004
7985,1,1_3,0.16,0.03757,0.09406
7986,1,1_3,0.16,0.0449,0.07367
7987,1,1_3,0.16,0.04788,0.0773
7988,1,1_3,0.16,0.04416,0.0951
7989,1,1_3,0.16,0.04703,0.0803
7990,1,1_3,0.16,0.03598,0.07513
7991,1,1_3,0.16,0.03662,0.10333
7992,1,1_3,0.16,0.0553,0.08026
7993,1,1_3,0.16,0.0895,0.0812
7994,1,1_3,0.16,0.0606,0.0853
7995,1,1_3,0.16,0.0376,0.07495
7996,1,1_3,0.16,0.04202,0.0806
7997,1,1_3,0.16,0.04654,0.0722
7998,1,1_3,0.16,0.0469,0.0877
7999,1,1_3,0.16,0.05023,0.0799
8000,1,1_3,0.24,0.09503,0.1008
8001,1,1_3,0.24,0.05533,0.08075
8002,1,1_3,0.24,0.05798,0.0817
8003,1,1_3,0.24,0.0861,0.0939
8004,1,1_3,0.24,0.04553,0.0854
8005,1,1_3,0.24,0.0679,0.1688
8006,1,1_3,0.24,0.04932,0.07623
8007,1,1_3,0.24,0.06433,0.0835
8008,1,1_3,0.24,0.0918,0.11584
8009,1,1_3,0.24,0.08075,0.08905
8010,1,1_3,0.24,0.03632,0.0749
8011,1,1_3,0.24,0.05484,0.0959
8012,1,1_3,0.24,0.0731,0.0895
8013,1,1_3,0.24,0.04913,0.0792
8014,1,1_3,0.24,0.0976,0.0916
8015,1,1_3,0.24,0.036,0.072
8016,1,1_3,0.24,0.139,0.09
8017,1,1_3,0.24,0.1304,0.0846
8018,1,1_3,0.24,0.1176,0.1254
8019,1,1_3,0.24,0.04507,0.0795
8020,1,1_3,0.24,0.0681,0.0769
8021,1,1_3,0.24,0.0626,0.0948
8022,1,1_3,0.24,0.03247,0.0723
8023,1,1_3,0.24,0.04742,0.07336
8024,1,1_3,0.24,0.06726,0.0867
8025,1,1_3,0.24,0.06125,0.07367
8026,1,1_3,0.24,0.1685,0.0849
8027,1,1_3,0.24,0.06537,0.12256
8028,1,1_3,0.24,0.119,0.114
8029,1,1_3,0.24,0.04245,0.0987
8030,1,1_3,0.24,0.093,0.0959
8031,1,1_3,0.24,0.06604,0.0792
8032,1,1_3,0.24,0.0519,0.0822
8033,1,1_3,0.24,0.05215,0.07715
8034,1,1_3,0.24,0.08936,0.0879
8035,1,1_3,0.24,0.04547,0.078
8036,1,1_3,0.24,0.0616,0.092
8037,1,1_3,0.24,0.0666,0.08746
8038,1,1_3,0.24,0.0872,0.11304
8039,1,1_3,0.24,0.0682,0.088
8040,1,1_3,0.24,0.0663,0.0952
8041,1,1_3,0.24,0.05307,0.1192
8042,1,1_3,0.24,0.03595,0.07477
8043,1,1_3,0.24,0.03244,0.07764
8044,1,1_3,0.24,0.08453,0.0854
8045,1,1_3,0.24,0.05692,0.07153
8046,1,1_3,0.24,0.06256,0.0855
8047,1,1_3,0.24,0.061,0.0794
8048,1,1_3,0.24,0.04633,0.07336
8049,1,1_3,0.24,0.04492,0.07043
8050,1,1_3,0.24,0.05298,0.0848
8051,1,1_3,0.24,0.03564,0.08527
8052,1,1_3,0.24,0.0574,0.1034
8053,1,1_3,0.24,0.0613,0.0838
8054,1,1_3,0.24,0.03265,0.0736
8055,1,1_3,0.24,0.0599,0.08295
8056,1,1_3,0.24,0.1427,0.09326
8057,1,1_3,0.24,0.06525,0.0834
8058,1,1_3,0.24,0.08405,0.09204
8059,1,1_3,0.24,0.06396,0.11676
8060,1,1_3,0.24,0.0484,0.09845
8061,1,1_3,0.24,0.03134,0.07086
8062,1,1_3,0.24,0.065,0.10175
8063,1,1_3,0.24,0.02975,0.0687
8064,1,1_3,0.24,0.05844,0.10803
8065,1,1_3,0.24,0.07196,0.092
8066,1,1_3,0.24,0.0473,0.0776
8067,1,1_3,0.24,0.1243,0.09424
8068,1,1_3,0.24,0.0395,0.08826
8069,1,1_3,0.24,0.05746,0.09265
8070,1,1_3,0.24,0.03958,0.0756
8071,1,1_3,0.24,0.0644,0.0892
8072,1,1_3,0.24,0.10126,0.08777
8073,1,1_3,0.24,0.0631,0.0825
8074,1,1_3,0.24,0.0684,0.07794
8075,1,1_3,0.24,0.04956,0.07806
8076,1,1_3,0.24,0.03397,0.07623
8077,1,1_3,0.24,0.0652,0.1001
8078,1,1_3,0.24,0.0696,0.10156
8079,1,1_3,0.24,0.0529,0.08234
8080,1,1_3,0.24,0.08026,0.08673
8081,1,1_3,0.24,0.0812,0.0888
8082,1,1_3,0.24,0.05173,0.0738
8083,1,1_3,0.24,0.1213,0.0963
8084,1,1_3,0.24,0.03522,0.0738
8085,1,1_3,0.24,0.09674,0.0917
8086,1,1_3,0.24,0.03375,0.0981
8087,1,1_3,0.24,0.04898,0.1259
8088,1,1_3,0.24,0.0456,0.08014
8089,1,1_3,0.24,0.0791,0.0847
8090,1,1_3,0.24,0.03552,0.0751
8091,1,1_3,0.24,0.0688,0.09717
8092,1,1_3,0.24,0.064,0.08386
8093,1,1_3,0.24,0.05948,0.09814
8094,1,1_3,0.24,0.05603,0.08417
8095,1,1_3,0.24,0.0685,0.09155
8096,1,1_3,0.24,0.06024,0.07947
8097,1,1_3,0.24,0.0662,0.1066
8098,1,1_3,0.24,0.0908,0.0876
8099,1,1_3,0.24,0.104,0.08984
8100,1,1_3,0.24,0.1161,0.0879
8101,1,1_3,0.24,0.03354,0.0884
8102,1,1_3,0.24,0.03952,0.0903
8103,1,1_3,0.24,0.04233,0.08057
8104,1,1_3,0.24,0.03305,0.0778
8105,1,1_3,0.24,0.04208,0.08484
8106,1,1_3,0.24,0.0673,0.097
8107,1,1_3,0.24,0.04785,0.09534
8108,1,1_3,0.24,0.05634,0.0997
8109,1,1_3,0.24,0.0911,0.1017
8110,1,1_3,0.24,0.05542,0.0873
8111,1,1_3,0.24,0.0389,0.08234
8112,1,1_3,0.24,0.0929,0.0982
8113,1,1_3,0.24,0.0647,0.0761
8114,1,1_3,0.24,0.0869,0.08234
8115,1,1_3,0.24,0.03714,0.0714
8116,1,1_3,0.24,0.0365,0.0728
8117,1,1_3,0.24,0.0896,0.1093
8118,1,1_3,0.24,0.06207,0.0829
8119,1,1_3,0.24,0.1284,0.1131
8120,1,1_3,0.24,0.0865,0.0783
8121,1,1_3,0.24,0.1108,0.0892
8122,1,1_3,0.24,0.0478,0.1067
8123,1,1_3,0.24,0.05338,0.0883
8124,1,1_3,0.24,0.06198,0.0793
8125,1,1_3,0.24,0.0706,0.1261
8126,1,1_3,0.24,0.03488,0.0824
8127,1,1_3,0.24,0.03143,0.08685
8128,1,1_3,0.24,0.1216,0.084
8129,1,1_3,0.24,0.0462,0.0905
8130,1,1_3,0.24,0.0894,0.0839
8131,1,1_3,0.24,0.04068,0.0881
8132,1,1_3,0.24,0.0465,0.0872
8133,1,1_3,0.24,0.08295,0.07355
8134,1,1_3,0.24,0.1122,0.0819
8135,1,1_3,0.24,0.0485,0.08435
8136,1,1_3,0.24,0.06744,0.09204
8137,1,1_3,0.24,0.06396,0.08295
8138,1,1_3,0.24,0.08575,0.10065
8139,1,1_3,0.24,0.0693,0.0745
8140,1,1_3,0.24,0.05667,0.081
8141,1,1_3,0.24,0.137,0.08057
8142,1,1_3,0.24,0.0543,0.0823
8143,1,1_3,0.24,0.07635,0.11426
8144,1,1_3,0.24,0.0487,0.07825
8145,1,1_3,0.24,0.08105,0.10535
8146,1,1_3,0.24,0.04968,0.0802
8147,1,1_3,0.24,0.1367,0.0781
8148,1,1_3,0.24,0.0991,0.0987
8149,1,1_3,0.24,0.165,0.08936
8150,1,1_3,0.24,0.04514,0.08264
8151,1,1_3,0.24,0.03546,0.08514
8152,1,1_3,0.24,0.094,0.07367
8153,1,1_3,0.24,0.0752,0.0845
8154,1,1_3,0.24,0.0647,0.0883
8155,1,1_3,0.24,0.0565,0.08014
8156,1,1_3,0.24,0.06134,0.10864
8157,1,1_3,0.24,0.06235,0.09955
8158,1,1_3,0.24,0.0642,0.08887
8159,1,1_3,0.24,0.0567,0.12085
8160,1,1_3,0.24,0.0498,0.0922
8161,1,1_3,0.24,0.09326,0.0937
8162,1,1_3,0.24,0.04395,0.0835
8163,1,1_3,0.24,0.1235,0.07556
8164,1,1_3,0.24,0.03778,0.0709
8165,1,1_3,0.24,0.04218,0.078
8166,1,1_3,0.24,0.0431,0.07404
8167,1,1_3,0.24,0.0637,0.08563
8168,1,1_3,0.24,0.05066,0.08514
8169,1,1_3,0.24,0.07745,0.0946
8170,1,1_3,0.24,0.03595,0.0733
8171,1,1_3,0.24,0.0668,0.0928
8172,1,1_3,0.24,0.03696,0.0752
8173,1,1_3,0.24,0.04773,0.09894
8174,1,1_3,0.24,0.05582,0.0816
8175,1,1_3,0.24,0.09955,0.0796
8176,1,1_3,0.24,0.04678,0.1011
8177,1,1_3,0.24,0.0957,0.0954
8178,1,1_3,0.24,0.0799,0.1127
8179,1,1_3,0.24,0.1587,0.0852
8180,1,1_3,0.24,0.04324,0.0797
8181,1,1_3,0.24,0.0851,0.08093
8182,1,1_3,0.24,0.05844,0.09546
8183,1,1_3,0.24,0.0533,0.0985
8184,1,1_3,0.24,0.1443,0.1186
8185,1,1_3,0.24,0.06137,0.08344
8186,1,1_3,0.24,0.05582,0.1169
8187,1,1_3,0.24,0.0605,0.10846
8188,1,1_3,0.24,0.04553,0.0809
8189,1,1_3,0.24,0.07745,0.08453
8190,1,1_3,0.24,0.1469,0.09454
8191,1,1_3,0.24,0.0409,0.07654
8192,1,1_3,0.24,0.03192,0.0772
8193,1,1_3,0.24,0.0757,0.0836
8194,1,1_3,0.24,0.02846,0.0728
8195,1,1_3,0.24,0.049,0.0779
8196,1,1_3,0.24,0.0711,0.0946
8197,1,1_3,0.24,0.1353,0.12476
8198,1,1_3,0.24,0.1659,0.11816
8199,1,1_3,0.24,0.04156,0.0787
8200,1,1_3,0.24,0.0364,0.0788
8201,1,1_3,0.24,0.06903,0.098
8202,1,1_3,0.24,0.0687,0.1194
8203,1,1_3,0.24,0.05524,0.07556
8204,1,1_3,0.24,0.1047,0.08514
8205,1,1_3,0.24,0.1045,0.09436
8206,1,1_3,0.24,0.0693,0.1166
8207,1,1_3,0.24,0.11316,0.09064
8208,1,1_3,0.24,0.064,0.11066
8209,1,1_3,0.24,0.04346,0.0842
8210,1,1_3,0.24,0.0888,0.1077
8211,1,1_3,0.24,0.04684,0.08435
8212,1,1_3,0.24,0.03897,0.08405
8213,1,1_3,0.24,0.09174,0.09753
8214,1,1_3,0.24,0.1548,0.10443
8215,1,1_3,0.24,0.0674,0.08417
8216,1,1_3,0.24,0.11993,0.0855
8217,1,1_3,0.24,0.05923,0.092
8218,1,1_3,0.24,0.04153,0.0789
8219,1,1_3,0.24,0.0856,0.0999
8220,1,1_3,0.24,0.113,0.08356
8221,1,1_3,0.24,0.04263,0.10913
8222,1,1_3,0.24,0.05902,0.07904
8223,1,1_3,0.24,0.0864,0.09515
8224,1,1_3,0.24,0.09076,0.08527
8225,1,1_3,0.24,0.0819,0.09283
8226,1,1_3,0.24,0.05173,0.0861
8227,1,1_3,0.24,0.05777,0.0765
8228,1,1_3,0.24,0.092,0.0989
8229,1,1_3,0.24,0.0603,0.08167
8230,1,1_3,0.24,0.05356,0.11725
8231,1,1_3,0.24,0.05344,0.09186
8232,1,1_3,0.24,0.0647,0.1079
8233,1,1_3,0.24,0.06305,0.1288
8234,1,1_3,0.24,0.08276,0.0907
8235,1,1_3,0.24,0.06506,0.0787
8236,1,1_3,0.24,0.09875,0.08496
8237,1,1_3,0.24,0.0838,0.11334
8238,1,1_3,0.24,0.0776,0.09424
8239,1,1_3,0.24,0.03592,0.0793
8240,1,1_3,0.24,0.03506,0.0741
8241,1,1_3,0.24,0.0729,0.08856
8242,1,1_3,0.24,0.0337,0.07666
8243,1,1_3,0.24,0.08795,0.08984
8244,1,1_3,0.24,0.04495,0.0863
8245,1,1_3,0.24,0.0923,0.0949
8246,1,1_3,0.24,0.0437,0.0868
8247,1,1_3,0.24,0.04105,0.075
8248,1,1_3,0.24,0.03714,0.0781
8249,1,1_3,0.24,0.0834,0.0846
8250,1,1_3,0.24,0.0733,0.12177
8251,1,1_3,0.24,0.05872,0.1306
8252,1,1_3,0.24,0.02487,0.06995
8253,1,1_3,0.24,0.0666,0.09717
8254,1,1_3,0.24,0.0722,0.1067
8255,1,1_3,0.24,0.06995,0.1288
8256,1,1_3,0.24,0.04578,0.08276
8257,1,1_3,0.24,0.11676,0.0961
8258,1,1_3,0.24,0.05237,0.0859
8259,1,1_3,0.24,0.04318,0.0824
8260,1,1_3,0.24,0.0723,0.1011
8261,1,1_3,0.24,0.0844,0.1006
8262,1,1_3,0.24,0.0695,0.11676
8263,1,1_3,0.24,0.0973,0.0878
8264,1,1_3,0.24,0.06168,0.07965
8265,1,1_3,0.24,0.04327,0.0879
8266,1,1_3,0.24,0.0748,0.0849
8267,1,1_3,0.24,0.0424,0.0755
8268,1,1_3,0.24,0.11444,0.11
8269,1,1_3,0.24,0.04776,0.10095
8270,1,1_3,0.24,0.0897,0.084
8271,1,1_3,0.24,0.03235,0.07623
8272,1,1_3,0.24,0.06464,0.1364
8273,1,1_3,0.24,0.08905,0.103
8274,1,1_3,0.24,0.0403,0.08527
8275,1,1_3,0.24,0.05518,0.0872
8276,1,1_3,0.24,0.04343,0.0932
8277,1,1_3,0.24,0.04092,0.0774
8278,1,1_3,0.24,0.05798,0.0793
8279,1,1_3,0.24,0.08484,0.0927
8280,1,1_3,0.24,0.03427,0.07227
8281,1,1_3,0.24,0.1669,0.0962
8282,1,1_3,0.24,0.03912,0.0846
8283,1,1_3,0.24,0.06714,0.0827
8284,1,1_3,0.24,0.0472,0.0799
8285,1,1_3,0.24,0.05212,0.101
8286,1,1_3,0.24,0.0525,0.08417
8287,1,1_3,0.24,0.1376,0.0827
8288,1,1_3,0.24,0.05865,0.09827
8289,1,1_3,0.24,0.0672,0.097
8290,1,1_3,0.24,0.09485,0.0921
8291,1,1_3,0.24,0.04123,0.0817
8292,1,1_3,0.24,0.0552,0.09064
8293,1,1_3,0.24,0.0522,0.11084
8294,1,1_3,0.24,0.04233,0.0789
8295,1,1_3,0.24,0.087,0.1002
8296,1,1_3,0.24,0.08215,0.0796
8297,1,1_3,0.24,0.05536,0.0986
8298,1,1_3,0.24,0.03802,0.0806
8299,1,1_3,0.24,0.0696,0.08594
8300,1,1_3,0.24,0.06137,0.1069
8301,1,1_3,0.24,0.03078,0.0775
8302,1,1_3,0.24,0.059,0.08795
8303,1,1_3,0.24,0.06946,0.0837
8304,1,1_3,0.24,0.07153,0.10535
8305,1,1_3,0.24,0.10223,0.08496
8306,1,1_3,0.24,0.0313,0.08203
8307,1,1_3,0.24,0.0346,0.07605
8308,1,1_3,0.24,0.02992,0.0754
8309,1,1_3,0.24,0.04266,0.1287
8310,1,1_3,0.24,0.0538,0.0971
8311,1,1_3,0.24,0.0795,0.0883
8312,1,1_3,0.24,0.0629,0.0971
8313,1,1_3,0.24,0.04123,0.08386
8314,1,1_3,0.24,0.0975,0.0986
8315,1,1_3,0.24,0.04526,0.1105
8316,1,1_3,0.24,0.03247,0.0788
8317,1,1_3,0.24,0.04517,0.09143
8318,1,1_3,0.24,0.08777,0.1127
8319,1,1_3,0.24,0.06305,0.11664
8320,1,1_3,0.24,0.06256,0.0738
8321,1,1_3,0.24,0.04724,0.0859
8322,1,1_3,0.24,0.03026,0.0814
8323,1,1_3,0.24,0.0306,0.0718
8324,1,1_3,0.24,0.06012,0.0785
8325,1,1_3,0.24,0.0674,0.10126
8326,1,1_3,0.24,0.0662,0.0788
8327,1,1_3,0.24,0.03778,0.0862
8328,1,1_3,0.24,0.07025,0.09216
8329,1,1_3,0.24,0.04633,0.0861
8330,1,1_3,0.24,0.05023,0.0823
8331,1,1_3,0.24,0.06647,0.1108
8332,1,1_3,0.24,0.03867,0.0775
8333,1,1_3,0.24,0.0557,0.08154
8334,1,1_3,0.24,0.04367,0.1019
8335,1,1_3,0.24,0.05405,0.1156
8336,1,1_3,0.24,0.05234,0.0981
8337,1,1_3,0.24,0.0582,0.0942
8338,1,1_3,0.24,0.08496,0.09406
8339,1,1_3,0.24,0.05728,0.11633
8340,1,1_3,0.24,0.1584,0.09235
8341,1,1_3,0.24,0.12213,0.1054
8342,1,1_3,0.24,0.0644,0.1322
8343,1,1_3,0.24,0.1127,0.1052
8344,1,1_3,0.24,0.03818,0.0919
8345,1,1_3,0.24,0.0392,0.0768
8346,1,1_3,0.24,0.0415,0.0843
8347,1,1_3,0.24,0.04227,0.08
8348,1,1_3,0.24,0.1517,0.10175
8349,1,1_3,0.24,0.1715,0.09216
8350,1,1_3,0.24,0.1509,0.10065
8351,1,1_3,0.24,0.05185,0.08295
8352,1,1_3,0.24,0.0965,0.08386
8353,1,1_3,0.24,0.0667,0.0808
8354,1,1_3,0.24,0.1196,0.07886
8355,1,1_3,0.24,0.0387,0.0768
8356,1,1_3,0.24,0.0936,0.1133
8357,1,1_3,0.24,0.07117,0.09845
8358,1,1_3,0.24,0.04474,0.1078
8359,1,1_3,0.24,0.11664,0.08093
8360,1,1_3,0.24,0.066,0.08575
8361,1,1_3,0.24,0.0876,0.0843
8362,1,1_3,0.24,0.0335,0.08655
8363,1,1_3,0.24,0.1213,0.0877
8364,1,1_3,0.24,0.07446,0.09283
8365,1,1_3,0.24,0.05225,0.1109
8366,1,1_3,0.24,0.0465,0.0855
8367,1,1_3,0.24,0.0578,0.0944
8368,1,1_3,0.24,0.08093,0.0845
8369,1,1_3,0.24,0.0584,0.0894
8370,1,1_3,0.24,0.0661,0.0993
8371,1,1_3,0.24,0.03763,0.08624
8372,1,1_3,0.24,0.1115,0.082
8373,1,1_3,0.24,0.05344,0.0832
8374,1,1_3,0.24,0.05075,0.1311
8375,1,1_3,0.24,0.0668,0.09094
8376,1,1_3,0.24,0.07214,0.0985
8377,1,1_3,0.24,0.05536,0.1063
8378,1,1_3,0.24,0.0478,0.12427
8379,1,1_3,0.24,0.05286,0.0902
8380,1,1_3,0.24,0.08154,0.0925
8381,1,1_3,0.24,0.02997,0.07477
8382,1,1_3,0.24,0.0316,0.073
8383,1,1_3,0.24,0.1523,0.0799
8384,1,1_3,0.24,0.0813,0.09125
8385,1,1_3,0.24,0.06555,0.0958
8386,1,1_3,0.24,0.04358,0.0999
8387,1,1_3,0.24,0.0934,0.0878
8388,1,1_3,0.24,0.04514,0.0966
8389,1,1_3,0.24,0.0756,0.0834
8390,1,1_3,0.24,0.06836,0.1005
8391,1,1_3,0.24,0.06604,0.096
8392,1,1_3,0.24,0.0707,0.1059
8393,1,1_3,0.24,0.06525,0.0817
8394,1,1_3,0.24,0.10034,0.08453
8395,1,1_3,0.24,0.04932,0.0901
8396,1,1_3,0.24,0.0582,0.08984
8397,1,1_3,0.24,0.0588,0.0914
8398,1,1_3,0.24,0.05807,0.10504
8399,1,1_3,0.24,0.05353,0.10693
8400,1,1_3,0.24,0.0405,0.0871
8401,1,1_3,0.24,0.05823,0.0844
8402,1,1_3,0.24,0.0907,0.0936
8403,1,1_3,0.24,0.0573,0.08765
8404,1,1_3,0.24,0.0661,0.097
8405,1,1_3,0.24,0.1239,0.0933
8406,1,1_3,0.24,0.05408,0.0971
8407,1,1_3,0.24,0.0753,0.084
8408,1,1_3,0.24,0.02911,0.09204
8409,1,1_3,0.24,0.11597,0.0926
8410,1,1_3,0.24,0.0384,0.07904
8411,1,1_3,0.24,0.0704,0.0832
8412,1,1_3,0.24,0.0885,0.0815
8413,1,1_3,0.24,0.10486,0.09
8414,1,1_3,0.24,0.0635,0.0887
8415,1,1_3,0.24,0.06152,0.09595
8416,1,1_3,0.24,0.1721,0.10876
8417,1,1_3,0.24,0.04343,0.08136
8418,1,1_3,0.24,0.04187,0.0936
8419,1,1_3,0.24,0.08405,0.07904
8420,1,1_3,0.24,0.1326,0.09094
8421,1,1_3,0.24,0.1472,0.081
8422,1,1_3,0.24,0.1598,0.1115
8423,1,1_3,0.24,0.04886,0.0917
8424,1,1_3,0.24,0.06537,0.1019
8425,1,1_3,0.24,0.0888,0.10266
8426,1,1_3,0.24,0.05997,0.08685
8427,1,1_3,0.24,0.05313,0.10724
8428,1,1_3,0.24,0.07666,0.1017
8429,1,1_3,0.24,0.05478,0.0888
8430,1,1_3,0.24,0.1182,0.10443
8431,1,1_3,0.24,0.0521,0.0881
8432,1,1_3,0.24,0.05066,0.0943
8433,1,1_3,0.24,0.0326,0.07446
8434,1,1_3,0.24,0.112,0.09564
8435,1,1_3,0.24,0.04797,0.0818
8436,1,1_3,0.24,0.08856,0.11615
8437,1,1_3,0.24,0.09106,0.0863
8438,1,1_3,0.24,0.05096,0.0922
8439,1,1_3,0.24,0.0893,0.101
8440,1,1_3,0.24,0.03656,0.0786
8441,1,1_3,0.24,0.06158,0.08386
8442,1,1_3,0.24,0.0663,0.08746
8443,1,1_3,0.24,0.0688,0.07886
8444,1,1_3,0.24,0.108,0.0988
8445,1,1_3,0.24,0.04907,0.08417
8446,1,1_3,0.24,0.08466,0.07825
8447,1,1_3,0.24,0.08203,0.0936
8448,1,1_3,0.24,0.04474,0.07556
8449,1,1_3,0.24,0.05856,0.11304
8450,1,1_3,0.24,0.09534,0.1
8451,1,1_3,0.24,0.04858,0.10864
8452,1,1_3,0.24,0.0972,0.09247
8453,1,1_3,0.24,0.04504,0.09155
8454,1,1_3,0.24,0.06085,0.1101
8455,1,1_3,0.24,0.0928,0.0794
8456,1,1_3,0.24,0.08234,0.0818
8457,1,1_3,0.24,0.08594,0.0826
8458,1,1_3,0.24,0.12396,0.1059
8459,1,1_3,0.24,0.06085,0.0937
8460,1,1_3,0.24,0.08203,0.0927
8461,1,1_3,0.24,0.06223,0.08234
8462,1,1_3,0.24,0.07635,0.08936
8463,1,1_3,0.24,0.04694,0.0913
8464,1,1_3,0.24,0.0431,0.0806
8465,1,1_3,0.24,0.06055,0.09143
8466,1,1_3,0.24,0.0831,0.0868
8467,1,1_3,0.24,0.05402,0.0838
8468,1,1_3,0.24,0.0849,0.0885
8469,1,1_3,0.24,0.0928,0.1059
8470,1,1_3,0.24,0.03497,0.08215
8471,1,1_3,0.24,0.1277,0.11053
8472,1,1_3,0.24,0.0525,0.07544
8473,1,1_3,0.24,0.03806,0.08295
8474,1,1_3,0.24,0.05606,0.09375
8475,1,1_3,0.24,0.05948,0.08844
8476,1,1_3,0.24,0.07007,0.11456
8477,1,1_3,0.24,0.04813,0.09033
8478,1,1_3,0.24,0.08374,0.08246
8479,1,1_3,0.24,0.1225,0.0857
8480,1,1_3,0.24,0.0654,0.0852
8481,1,1_3,0.24,0.0761,0.09674
8482,1,1_3,0.24,0.03687,0.0768
8483,1,1_3,0.24,0.0866,0.08215
8484,1,1_3,0.24,0.0832,0.07837
8485,1,1_3,0.24,0.0641,0.09326
8486,1,1_3,0.24,0.08246,0.10596
8487,1,1_3,0.24,0.08734,0.0956
8488,1,1_3,0.24,0.1326,0.0818
8489,1,1_3,0.24,0.0632,0.08826
8490,1,1_3,0.24,0.05075,0.08154
8491,1,1_3,0.24,0.073,0.09644
8492,1,1_3,0.24,0.05518,0.0925
8493,1,1_3,0.24,0.05292,0.0825
8494,1,1_3,0.24,0.0525,0.0936
8495,1,1_3,0.24,0.1643,0.1117
8496,1,1_3,0.24,0.05823,0.0996
8497,1,1_3,0.24,0.04712,0.08875
8498,1,1_3,0.24,0.059,0.0766
8499,1,1_3,0.24,0.041,0.07764
8500,1,1_3,0.24,0.04733,0.0861
8501,1,1_3,0.24,0.06635,0.1174
8502,1,1_3,0.24,0.1278,0.0954
8503,1,1_3,0.24,0.0677,0.0938
8504,1,1_3,0.24,0.0616,0.10504
8505,1,1_3,0.24,0.0735,0.08344
8506,1,1_3,0.24,0.03394,0.08124
8507,1,1_3,0.24,0.0507,0.07654
8508,1,1_3,0.24,0.02553,0.077
8509,1,1_3,0.24,0.04745,0.1068
8510,1,1_3,0.24,0.066,0.0873
8511,1,1_3,0.24,0.04407,0.0787
8512,1,1_3,0.24,0.06155,0.09406
8513,1,1_3,0.24,0.06573,0.10034
8514,1,1_3,0.24,0.0433,0.1028
8515,1,1_3,0.24,0.05002,0.08936
8516,1,1_3,0.24,0.05902,0.0796
8517,1,1_3,0.24,0.1039,0.08264
8518,1,1_3,0.24,0.03296,0.0783
8519,1,1_3,0.24,0.04996,0.0933
8520,1,1_3,0.24,0.06274,0.10175
8521,1,1_3,0.24,0.07495,0.1028
8522,1,1_3,0.24,0.11084,0.074
8523,1,1_3,0.24,0.05103,0.0791
8524,1,1_3,0.24,0.0442,0.10864
8525,1,1_3,0.24,0.0957,0.10144
8526,1,1_3,0.24,0.0964,0.0985
8527,1,1_3,0.24,0.04886,0.09235
8528,1,1_3,0.24,0.0737,0.1193
8529,1,1_3,0.24,0.0849,0.12427
8530,1,1_3,0.24,0.06256,0.09375
8531,1,1_3,0.24,0.04764,0.09106
8532,1,1_3,0.24,0.0941,0.0885
8533,1,1_3,0.24,0.06287,0.1128
8534,1,1_3,0.24,0.09155,0.1023
8535,1,1_3,0.24,0.04483,0.0849
8536,1,1_3,0.24,0.04,0.0894
8537,1,1_3,0.24,0.04657,0.09
8538,1,1_3,0.24,0.04288,0.10815
8539,1,1_3,0.24,0.07886,0.1071
8540,1,1_3,0.24,0.1222,0.0747
8541,1,1_3,0.24,0.06335,0.0953
8542,1,1_3,0.24,0.0817,0.08746
8543,1,1_3,0.24,0.1628,0.0923
8544,1,1_3,0.24,0.0533,0.08514
8545,1,1_3,0.24,0.04868,0.0818
8546,1,1_3,0.24,0.08856,0.1134
8547,1,1_3,0.24,0.04254,0.08716
8548,1,1_3,0.24,0.0733,0.1092
8549,1,1_3,0.24,0.0892,0.101
8550,1,1_3,0.24,0.09735,0.0999
8551,1,1_3,0.24,0.0694,0.0954
8552,1,1_3,0.24,0.0648,0.0839
8553,1,1_3,0.24,0.04526,0.081
8554,1,1_3,0.24,0.04587,0.0817
8555,1,1_3,0.24,0.1064,0.0948
8556,1,1_3,0.24,0.07214,0.09094
8557,1,1_3,0.24,0.0933,0.1068
8558,1,1_3,0.24,0.0587,0.08014
8559,1,1_3,0.24,0.0405,0.09235
8560,1,1_3,0.24,0.03714,0.08636
8561,1,1_3,0.24,0.0414,0.08563
8562,1,1_3,0.24,0.06836,0.0928
8563,1,1_3,0.24,0.0442,0.0848
8564,1,1_3,0.24,0.04535,0.08466
8565,1,1_3,0.24,0.0688,0.09485
8566,1,1_3,0.24,0.0412,0.08026
8567,1,1_3,0.24,0.03326,0.08466
8568,1,1_3,0.24,0.1322,0.11957
8569,1,1_3,0.24,0.05582,0.088
8570,1,1_3,0.24,0.0533,0.10266
8571,1,1_3,0.24,0.04126,0.08484
8572,1,1_3,0.24,0.041,0.08655
8573,1,1_3,0.24,0.0441,0.08734
8574,1,1_3,0.24,0.02928,0.0761
8575,1,1_3,0.24,0.0892,0.10944
8576,1,1_3,0.24,0.1065,0.0911
8577,1,1_3,0.24,0.03455,0.1094
8578,1,1_3,0.24,0.0625,0.0912
8579,1,1_3,0.24,0.0314,0.0758
8580,1,1_3,0.24,0.04474,0.07776
8581,1,1_3,0.24,0.0811,0.09595
8582,1,1_3,0.24,0.0721,0.0858
8583,1,1_3,0.24,0.09235,0.1131
8584,1,1_3,0.24,0.1051,0.078
8585,1,1_3,0.24,0.0511,0.11914
8586,1,1_3,0.24,0.0551,0.1006
8587,1,1_3,0.24,0.1231,0.0879
8588,1,1_3,0.24,0.07043,0.092
8589,1,1_3,0.24,0.07983,0.0869
8590,1,1_3,0.24,0.0793,0.0827
8591,1,1_3,0.24,0.05447,0.08704
8592,1,1_3,0.24,0.05585,0.0828
8593,1,1_3,0.24,0.11475,0.087
8594,1,1_3,0.24,0.1122,0.0799
8595,1,1_3,0.24,0.0731,0.11163
8596,1,1_3,0.24,0.0708,0.09186
8597,1,1_3,0.24,0.07806,0.08167
8598,1,1_3,0.24,0.0695,0.1064
8599,1,1_3,0.24,0.0846,0.0935
8600,1,1_3,0.24,0.04803,0.1091
8601,1,1_3,0.24,0.0775,0.0853
8602,1,1_3,0.24,0.12024,0.11053
8603,1,1_3,0.24,0.04413,0.0758
8604,1,1_3,0.24,0.06915,0.0806
8605,1,1_3,0.24,0.0694,0.1102
8606,1,1_3,0.24,0.0521,0.09467
8607,1,1_3,0.24,0.0704,0.08716
8608,1,1_3,0.24,0.03223,0.08594
8609,1,1_3,0.24,0.089,0.10864
8610,1,1_3,0.24,0.1118,0.0912
8611,1,1_3,0.24,0.04166,0.0813
8612,1,1_3,0.24,0.0421,0.08746
8613,1,1_3,0.24,0.0443,0.0859
8614,1,1_3,0.24,0.0788,0.1074
8615,1,1_3,0.24,0.06058,0.08514
8616,1,1_3,0.24,0.06805,0.0995
8617,1,1_3,0.24,0.0645,0.1219
8618,1,1_3,0.24,0.05637,0.09326
8619,1,1_3,0.24,0.06726,0.1063
8620,1,1_3,0.24,0.03918,0.0823
8621,1,1_3,0.24,0.06012,0.08923
8622,1,1_3,0.24,0.0766,0.0995
8623,1,1_3,0.24,0.0804,0.0846
8624,1,1_3,0.24,0.04477,0.1047
8625,1,1_3,0.24,0.05002,0.1044
8626,1,1_3,0.24,0.0735,0.09204
8627,1,1_3,0.24,0.05576,0.0909
8628,1,1_3,0.24,0.0856,0.08606
8629,1,1_3,0.24,0.1092,0.08997
8630,1,1_3,0.24,0.0647,0.10785
8631,1,1_3,0.24,0.03412,0.0834
8632,1,1_3,0.24,0.0695,0.0988
8633,1,1_3,0.24,0.0609,0.1058
8634,1,1_3,0.24,0.09375,0.0894
8635,1,1_3,0.24,0.06616,0.10596
8636,1,1_3,0.24,0.05234,0.09424
8637,1,1_3,0.24,0.0331,0.07855
8638,1,1_3,0.24,0.07477,0.10425
8639,1,1_3,0.24,0.0653,0.08746
8640,1,1_3,0.24,0.07306,0.1257
8641,1,1_3,0.24,0.05402,0.08563
8642,1,1_3,0.24,0.08966,0.09705
8643,1,1_3,0.24,0.03903,0.0767
8644,1,1_3,0.24,0.05283,0.0891
8645,1,1_3,0.24,0.03372,0.0762
8646,1,1_3,0.24,0.03622,0.07794
8647,1,1_3,0.24,0.0498,0.0967
8648,1,1_3,0.24,0.0659,0.07745
8649,1,1_3,0.24,0.04614,0.08466
8650,1,1_3,0.24,0.05807,0.0942
8651,1,1_3,0.24,0.03119,0.0788
8652,1,1_3,0.24,0.0727,0.0973
8653,1,1_3,0.24,0.08844,0.11383
8654,1,1_3,0.24,0.06305,0.0869
8655,1,1_3,0.24,0.1338,0.09344
8656,1,1_3,0.24,0.0732,0.0862
8657,1,1_3,0.24,0.05743,0.07654
8658,1,1_3,0.24,0.09546,0.08264
8659,1,1_3,0.24,0.0542,0.0931
8660,1,1_3,0.24,0.03525,0.07733
8661,1,1_3,0.24,0.03387,0.0762
8662,1,1_3,0.24,0.0591,0.1219
8663,1,1_3,0.24,0.1396,0.0792
8664,1,1_3,0.24,0.0966,0.1171
8665,1,1_3,0.24,0.065,0.1046
8666,1,1_3,0.24,0.07666,0.0924
8667,1,1_3,0.24,0.04877,0.08636
8668,1,1_3,0.24,0.05933,0.0871
8669,1,1_3,0.24,0.10376,0.09094
8670,1,1_3,0.24,0.05753,0.0799
8671,1,1_3,0.24,0.0959,0.10254
8672,1,1_3,0.24,0.06995,0.10864
8673,1,1_3,0.24,0.07623,0.09357
8674,1,1_3,0.24,0.03455,0.09344
8675,1,1_3,0.24,0.05173,0.0821
8676,1,1_3,0.24,0.09454,0.10394
8677,1,1_3,0.24,0.05997,0.0873
8678,1,1_3,0.24,0.0451,0.0828
8679,1,1_3,0.24,0.0372,0.0895
8680,1,1_3,0.24,0.03735,0.07385
8681,1,1_3,0.24,0.04056,0.0814
8682,1,1_3,0.24,0.06113,0.08875
8683,1,1_3,0.24,0.038,0.0946
8684,1,1_3,0.24,0.0866,0.08966
8685,1,1_3,0.24,0.04236,0.08563
8686,1,1_3,0.24,0.0592,0.0848
8687,1,1_3,0.24,0.05777,0.09204
8688,1,1_3,0.24,0.05112,0.08777
8689,1,1_3,0.24,0.08875,0.08887
8690,1,1_3,0.24,0.06003,0.09546
8691,1,1_3,0.24,0.03796,0.0759
8692,1,1_3,0.24,0.0578,0.11115
8693,1,1_3,0.24,0.0714,0.0947
8694,1,1_3,0.24,0.16,0.107
8695,1,1_3,0.24,0.0839,0.08984
8696,1,1_3,0.24,0.1115,0.0923
8697,1,1_3,0.24,0.08093,0.0806
8698,1,1_3,0.24,0.05533,0.09344
8699,1,1_3,0.24,0.03192,0.08435
8700,1,1_3,0.24,0.0442,0.0819
8701,1,1_3,0.24,0.03967,0.07715
8702,1,1_3,0.24,0.05557,0.09906
8703,1,1_3,0.24,0.0399,0.084
8704,1,1_3,0.24,0.0439,0.0884
8705,1,1_3,0.24,0.04395,0.0883
8706,1,1_3,0.24,0.06116,0.08777
8707,1,1_3,0.24,0.0634,0.08234
8708,1,1_3,0.24,0.03217,0.0947
8709,1,1_3,0.24,0.0464,0.0807
8710,1,1_3,0.24,0.06323,0.0837
8711,1,1_3,0.24,0.0627,0.0982
8712,1,1_3,0.24,0.0662,0.1092
8713,1,1_3,0.24,0.081,0.1137
8714,1,1_3,0.24,0.1284,0.0881
8715,1,1_3,0.24,0.05215,0.10095
8716,1,1_3,0.24,0.0301,0.07855
8717,1,1_3,0.24,0.11414,0.0997
8718,1,1_3,0.24,0.04227,0.0851
8719,1,1_3,0.24,0.03656,0.0739
8720,1,1_3,0.24,0.04123,0.0869
8721,1,1_3,0.24,0.03876,0.08527
8722,1,1_3,0.24,0.0913,0.0927
8723,1,1_3,0.24,0.03867,0.0941
8724,1,1_3,0.24,0.1076,0.1092
8725,1,1_3,0.24,0.0673,0.0981
8726,1,1_3,0.24,0.06995,0.1009
8727,1,1_3,0.24,0.0519,0.0885
8728,1,1_3,0.24,0.1109,0.09
8729,1,1_3,0.24,0.0431,0.08014
8730,1,1_3,0.24,0.04584,0.0945
8731,1,1_3,0.24,0.05203,0.0927
8732,1,1_3,0.24,0.03586,0.0868
8733,1,1_3,0.24,0.0691,0.08887
8734,1,1_3,0.24,0.05936,0.10846
8735,1,1_3,0.24,0.03748,0.07574
8736,1,1_3,0.24,0.065,0.11395
8737,1,1_3,0.24,0.03918,0.08624
8738,1,1_3,0.24,0.0732,0.0919
8739,1,1_3,0.24,0.06476,0.1055
8740,1,1_3,0.24,0.0457,0.11224
8741,1,1_3,0.24,0.1183,0.09485
8742,1,1_3,0.24,0.04498,0.0859
8743,1,1_3,0.24,0.04953,0.0805
8744,1,1_3,0.24,0.03702,0.07983
8745,1,1_3,0.24,0.03723,0.0838
8746,1,1_3,0.24,0.03168,0.08685
8747,1,1_3,0.24,0.0506,0.09515
8748,1,1_3,0.24,0.12244,0.09595
8749,1,1_3,0.24,0.04187,0.07623
8750,1,1_3,0.24,0.04962,0.0972
8751,1,1_3,0.24,0.04584,0.0873
8752,1,1_3,0.24,0.0285,0.07886
8753,1,1_3,0.24,0.0621,0.089
8754,1,1_3,0.24,0.0816,0.1309
8755,1,1_3,0.24,0.03967,0.08105
8756,1,1_3,0.24,0.05347,0.1092
8757,1,1_3,0.24,0.03983,0.0797
8758,1,1_3,0.24,0.04962,0.08966
8759,1,1_3,0.24,0.0564,0.0933
8760,1,1_3,0.24,0.10065,0.0789
8761,1,1_3,0.24,0.03412,0.0813
8762,1,1_3,0.24,0.05295,0.08765
8763,1,1_3,0.24,0.06573,0.0928
8764,1,1_3,0.24,0.0339,0.07336
8765,1,1_3,0.24,0.0663,0.10455
8766,1,1_3,0.24,0.05612,0.0993
8767,1,1_3,0.24,0.0963,0.1129
8768,1,1_3,0.24,0.0442,0.07837
8769,1,1_3,0.24,0.0453,0.08386
8770,1,1_3,0.24,0.04,0.0979
8771,1,1_3,0.24,0.0654,0.08795
8772,1,1_3,0.24,0.04535,0.07495
8773,1,1_3,0.24,0.1318,0.07635
8774,1,1_3,0.24,0.03833,0.07385
8775,1,1_3,0.24,0.0733,0.08923
8776,1,1_3,0.24,0.07306,0.0796
8777,1,1_3,0.24,0.05515,0.10614
8778,1,1_3,0.24,0.0842,0.10706
8779,1,1_3,0.24,0.0551,0.09973
8780,1,1_3,0.24,0.0402,0.0772
8781,1,1_3,0.24,0.04587,0.095
8782,1,1_3,0.24,0.0406,0.08716
8783,1,1_3,0.24,0.0429,0.0999
8784,1,1_3,0.24,0.04922,0.0897
8785,1,1_3,0.24,0.10834,0.0983
8786,1,1_3,0.24,0.078,0.0903
8787,1,1_3,0.24,0.0583,0.09753
8788,1,1_3,0.24,0.0945,0.09845
8789,1,1_3,0.24,0.05496,0.0857
8790,1,1_3,0.24,0.0842,0.07715
8791,1,1_3,0.24,0.04993,0.1054
8792,1,1_3,0.24,0.05957,0.08997
8793,1,1_3,0.24,0.04773,0.0815
8794,1,1_3,0.24,0.0476,0.09564
8795,1,1_3,0.24,0.0919,0.10034
8796,1,1_3,0.24,0.06018,0.0967
8797,1,1_3,0.24,0.05536,0.0917
8798,1,1_3,0.24,0.0879,0.1184
8799,1,1_3,0.24,0.06323,0.09595
8800,1,1_3,0.24,0.0439,0.08167
8801,1,1_3,0.24,0.0471,0.0852
8802,1,1_3,0.24,0.0792,0.0845
8803,1,1_3,0.24,0.0446,0.0877
8804,1,1_3,0.24,0.0361,0.08484
8805,1,1_3,0.24,0.0544,0.093
8806,1,1_3,0.24,0.0883,0.0845
8807,1,1_3,0.24,0.06445,0.10724
8808,1,1_3,0.24,0.04175,0.0852
8809,1,1_3,0.24,0.0829,0.0887
8810,1,1_3,0.24,0.0639,0.1003
8811,1,1_3,0.24,0.07806,0.0912
8812,1,1_3,0.24,0.05795,0.07666
8813,1,1_3,0.24,0.1095,0.0992
8814,1,1_3,0.24,0.04083,0.08044
8815,1,1_3,0.24,0.04422,0.11755
8816,1,1_3,0.24,0.06287,0.1245
8817,1,1_3,0.24,0.0736,0.0929
8818,1,1_3,0.24,0.0451,0.07733
8819,1,1_3,0.24,0.05014,0.092
8820,1,1_3,0.24,0.1344,0.0875
8821,1,1_3,0.24,0.05106,0.09644
8822,1,1_3,0.24,0.0421,0.09436
8823,1,1_3,0.24,0.06525,0.08685
8824,1,1_3,0.24,0.0687,0.0905
8825,1,1_3,0.24,0.06726,0.08026
8826,1,1_3,0.24,0.0674,0.1112
8827,1,1_3,0.24,0.1433,0.10126
8828,1,1_3,0.24,0.0959,0.07733
8829,1,1_3,0.24,0.04993,0.0859
8830,1,1_3,0.24,0.05103,0.0889
8831,1,1_3,0.24,0.04922,0.09064
8832,1,1_3,0.24,0.05463,0.0973
8833,1,1_3,0.24,0.06494,0.0862
8834,1,1_3,0.24,0.05533,0.10785
8835,1,1_3,0.24,0.0643,0.10486
8836,1,1_3,0.24,0.04498,0.08575
8837,1,1_3,0.24,0.04327,0.08813
8838,1,1_3,0.24,0.12354,0.09644
8839,1,1_3,0.24,0.0977,0.0931
8840,1,1_3,0.24,0.03093,0.07526
8841,1,1_3,0.24,0.03455,0.0906
8842,1,1_3,0.24,0.10864,0.11975
8843,1,1_3,0.24,0.0836,0.0854
8844,1,1_3,0.24,0.04782,0.10297
8845,1,1_3,0.24,0.05655,0.08856
8846,1,1_3,0.24,0.04224,0.09576
8847,1,1_3,0.24,0.0794,0.0822
8848,1,1_3,0.24,0.04138,0.0826
8849,1,1_3,0.24,0.09406,0.1036
8850,1,1_3,0.24,0.04373,0.0781
8851,1,1_3,0.24,0.0654,0.1034
8852,1,1_3,0.24,0.0652,0.07996
8853,1,1_3,0.24,0.1057,0.1013
8854,1,1_3,0.24,0.04996,0.0877
8855,1,1_3,0.24,0.06683,0.0886
8856,1,1_3,0.24,0.05246,0.09546
8857,1,1_3,0.24,0.037,0.08954
8858,1,1_3,0.24,0.08185,0.08704
8859,1,1_3,0.24,0.1013,0.0763
8860,1,1_3,0.24,0.1542,0.08453
8861,1,1_3,0.24,0.06165,0.0778
8862,1,1_3,0.24,0.1378,0.07855
8863,1,1_3,0.24,0.0837,0.0785
8864,1,1_3,0.24,0.0565,0.1428
8865,1,1_3,0.24,0.02477,0.07153
8866,1,1_3,0.24,0.05405,0.09467
8867,1,1_3,0.24,0.05945,0.0816
8868,1,1_3,0.24,0.04443,0.0867
8869,1,1_3,0.24,0.04602,0.096
8870,1,1_3,0.24,0.07983,0.0901
8871,1,1_3,0.24,0.03415,0.07623
8872,1,1_3,0.24,0.0956,0.08826
8873,1,1_3,0.24,0.13,0.09216
8874,1,1_3,0.24,0.03275,0.0796
8875,1,1_3,0.24,0.05545,0.0803
8876,1,1_3,0.24,0.08044,0.09863
8877,1,1_3,0.24,0.06067,0.09467
8878,1,1_3,0.24,0.05435,0.07983
8879,1,1_3,0.24,0.0605,0.07837
8880,1,1_3,0.24,0.05392,0.07837
8881,1,1_3,0.24,0.05154,0.08514
8882,1,1_3,0.24,0.02835,0.0947
8883,1,1_3,0.24,0.05612,0.1185
8884,1,1_3,0.24,0.0691,0.0943
8885,1,1_3,0.24,0.10065,0.1112
8886,1,1_3,0.24,0.04086,0.08966
8887,1,1_3,0.24,0.0688,0.11053
8888,1,1_3,0.24,0.03268,0.0852
8889,1,1_3,0.24,0.11115,0.1113
8890,1,1_3,0.24,0.1041,0.078
8891,1,1_3,0.24,0.08594,0.10767
8892,1,1_3,0.24,0.05933,0.0829
8893,1,1_3,0.24,0.03976,0.0759
8894,1,1_3,0.24,0.04465,0.08386
8895,1,1_3,0.24,0.0476,0.08044
8896,1,1_3,0.24,0.103,0.09515
8897,1,1_3,0.24,0.03784,0.07874
8898,1,1_3,0.24,0.05835,0.10114
8899,1,1_3,0.24,0.146,0.0991
8900,1,1_3,0.24,0.06155,0.0886
8901,1,1_3,0.24,0.064,0.1103
8902,1,1_3,0.24,0.0522,0.09045
8903,1,1_3,0.24,0.06494,0.0957
8904,1,1_3,0.24,0.0526,0.085
8905,1,1_3,0.24,0.0414,0.0774
8906,1,1_3,0.24,0.0921,0.07574
8907,1,1_3,0.24,0.08514,0.08704
8908,1,1_3,0.24,0.04184,0.07684
8909,1,1_3,0.24,0.1222,0.0827
8910,1,1_3,0.24,0.04462,0.0805
8911,1,1_3,0.24,0.05515,0.082
8912,1,1_3,0.24,0.04996,0.09564
8913,1,1_3,0.24,0.04315,0.0743
8914,1,1_3,0.24,0.10785,0.10345
8915,1,1_3,0.24,0.08704,0.1015
8916,1,1_3,0.24,0.05832,0.0917
8917,1,1_3,0.24,0.1272,0.123
8918,1,1_3,0.24,0.04297,0.0949
8919,1,1_3,0.24,0.08374,0.0934
8920,1,1_3,0.24,0.0843,0.08136
8921,1,1_3,0.24,0.1465,0.092
8922,1,1_3,0.24,0.03345,0.0786
8923,1,1_3,0.24,0.051,0.1088
8924,1,1_3,0.24,0.05383,0.0824
8925,1,1_3,0.24,0.03662,0.0761
8926,1,1_3,0.24,0.0327,0.0894
8927,1,1_3,0.24,0.0346,0.08453
8928,1,1_3,0.24,0.0389,0.0869
8929,1,1_3,0.24,0.0752,0.0783
8930,1,1_3,0.24,0.06665,0.0931
8931,1,1_3,0.24,0.0376,0.07916
8932,1,1_3,0.24,0.0475,0.088
8933,1,1_3,0.24,0.1218,0.10126
8934,1,1_3,0.24,0.05435,0.11816
8935,1,1_3,0.24,0.0995,0.1063
8936,1,1_3,0.24,0.05627,0.0751
8937,1,1_3,0.24,0.09106,0.09033
8938,1,1_3,0.24,0.0524,0.1018
8939,1,1_3,0.24,0.03111,0.0898
8940,1,1_3,0.24,0.04892,0.08026
8941,1,1_3,0.24,0.05048,0.107
8942,1,1_3,0.24,0.04492,0.0887
8943,1,1_3,0.24,0.08496,0.0898
8944,1,1_3,0.24,0.1057,0.1103
8945,1,1_3,0.24,0.09705,0.1021
8946,1,1_3,0.24,0.03934,0.08844
8947,1,1_3,0.24,0.0829,0.0952
8948,1,1_3,0.24,0.0519,0.0791
8949,1,1_3,0.24,0.079,0.08923
8950,1,1_3,0.24,0.07715,0.11127
8951,1,1_3,0.24,0.06226,0.08905
8952,1,1_3,0.24,0.05115,0.08984
8953,1,1_3,0.24,0.1543,0.0858
8954,1,1_3,0.24,0.05356,0.09247
8955,1,1_3,0.24,0.1451,0.09576
8956,1,1_3,0.24,0.04675,0.11414
8957,1,1_3,0.24,0.05618,0.0773
8958,1,1_3,0.24,0.1059,0.1181
8959,1,1_3,0.24,0.0793,0.08545
8960,1,1_3,0.24,0.1323,0.08746
8961,1,1_3,0.24,0.04874,0.08124
8962,1,1_3,0.24,0.05225,0.0818
8963,1,1_3,0.24,0.031,0.07874
8964,1,1_3,0.24,0.04575,0.10187
8965,1,1_3,0.24,0.10767,0.07684
8966,1,1_3,0.24,0.05707,0.0756
8967,1,1_3,0.24,0.03125,0.0814
8968,1,1_3,0.24,0.0421,0.0879
8969,1,1_3,0.24,0.06445,0.09265
8970,1,1_3,0.24,0.05823,0.08563
8971,1,1_3,0.24,0.03833,0.0812
8972,1,1_3,0.24,0.04257,0.077
8973,1,1_3,0.24,0.1273,0.08936
8974,1,1_3,0.24,0.0475,0.0805
8975,1,1_3,0.24,0.0678,0.09033
8976,1,1_3,0.24,0.07587,0.1287
8977,1,1_3,0.24,0.05212,0.0917
8978,1,1_3,0.24,0.06287,0.08344
8979,1,1_3,0.24,0.0411,0.09686
8980,1,1_3,0.24,0.04596,0.08405
8981,1,1_3,0.24,0.0873,0.1274
8982,1,1_3,0.24,0.08344,0.0928
8983,1,1_3,0.24,0.04022,0.0867
8984,1,1_3,0.24,0.05157,0.1068
8985,1,1_3,0.24,0.0874,0.0841
8986,1,1_3,0.24,0.02805,0.0784
8987,1,1_3,0.24,0.1102,0.0868
8988,1,1_3,0.24,0.0419,0.0916
8989,1,1_3,0.24,0.06137,0.0867
8990,1,1_3,0.24,0.1266,0.0979
8991,1,1_3,0.24,0.05072,0.0833
8992,1,1_3,0.24,0.0588,0.08594
8993,1,1_3,0.24,0.0865,0.1121
8994,1,1_3,0.24,0.04553,0.08496
8995,1,1_3,0.24,0.06854,0.0978
8996,1,1_3,0.24,0.0519,0.0866
8997,1,1_3,0.24,0.0877,0.09424
8998,1,1_3,0.24,0.04514,0.0954
8999,1,1_3,0.24,0.04605,0.0815
9000,2,2_1,0.08,0.0539,0.08844
9001,2,2_1,0.08,0.06775,0.08936
9002,2,2_1,0.08,0.03412,0.0683
9003,2,2_1,0.08,0.03174,0.07184
9004,2,2_1,0.08,0.03378,0.072
9005,2,2_1,0.08,0.0755,0.0889
9006,2,2_1,0.08,0.03032,0.07007
9007,2,2_1,0.08,0.04254,0.0811
9008,2,2_1,0.08,0.07336,0.0775
9009,2,2_1,0.08,0.02437,0.06824
9010,2,2_1,0.08,0.0455,0.0943
9011,2,2_1,0.08,0.0732,0.0941
9012,2,2_1,0.08,0.05438,0.09235
9013,2,2_1,0.08,0.06232,0.0788
9014,2,2_1,0.08,0.03592,0.08435
9015,2,2_1,0.08,0.0767,0.09375
9016,2,2_1,0.08,0.0729,0.0773
9017,2,2_1,0.08,0.04575,0.093
9018,2,2_1,0.08,0.05167,0.0722
9019,2,2_1,0.08,0.0305,0.08466
9020,2,2_1,0.08,0.0311,0.07544
9021,2,2_1,0.08,0.06183,0.0821
9022,2,2_1,0.08,0.04175,0.07776
9023,2,2_1,0.08,0.03787,0.0823
9024,2,2_1,0.08,0.02164,0.0697
9025,2,2_1,0.08,0.036,0.08203
9026,2,2_1,0.08,0.03226,0.07153
9027,2,2_1,0.08,0.0667,0.1036
9028,2,2_1,0.08,0.0672,0.083
9029,2,2_1,0.08,0.04865,0.07263
9030,2,2_1,0.08,0.0535,0.0732
9031,2,2_1,0.08,0.0403,0.0767
9032,2,2_1,0.08,0.03336,0.074
9033,2,2_1,0.08,0.02237,0.07214
9034,2,2_1,0.08,0.0205,0.0687
9035,2,2_1,0.08,0.0517,0.08636
9036,2,2_1,0.08,0.0565,0.078
9037,2,2_1,0.08,0.02995,0.0774
9038,2,2_1,0.08,0.02632,0.0807
9039,2,2_1,0.08,0.02837,0.0994
9040,2,2_1,0.08,0.04208,0.0753
9041,2,2_1,0.08,0.0739,0.07965
9042,2,2_1,0.08,0.04306,0.09973
9043,2,2_1,0.08,0.0492,0.0837
9044,2,2_1,0.08,0.058,0.0754
9045,2,2_1,0.08,0.051,0.0794
9046,2,2_1,0.08,0.035,0.0848
9047,2,2_1,0.08,0.04807,0.07806
9048,2,2_1,0.08,0.06192,0.08856
9049,2,2_1,0.08,0.05545,0.0758
9050,2,2_1,0.08,0.03564,0.0759
9051,2,2_1,0.08,0.07715,0.09656
9052,2,2_1,0.08,0.01837,0.0802
9053,2,2_1,0.08,0.03111,0.0726
9054,2,2_1,0.08,0.06036,0.0912
9055,2,2_1,0.08,0.01956,0.07196
9056,2,2_1,0.08,0.03162,0.07404
9057,2,2_1,0.08,0.0447,0.074
9058,2,2_1,0.08,0.07,0.0824
9059,2,2_1,0.08,0.0481,0.0845
9060,2,2_1,0.08,0.05103,0.0774
9061,2,2_1,0.08,0.0694,0.0752
9062,2,2_1,0.08,0.07104,0.0811
9063,2,2_1,0.08,0.048,0.07513
9064,2,2_1,0.08,0.03265,0.0698
9065,2,2_1,0.08,0.05066,0.0755
9066,2,2_1,0.08,0.03375,0.0829
9067,2,2_1,0.08,0.04123,0.0867
9068,2,2_1,0.08,0.0343,0.07526
9069,2,2_1,0.08,0.05435,0.0778
9070,2,2_1,0.08,0.0571,0.08453
9071,2,2_1,0.08,0.0218,0.07214
9072,2,2_1,0.08,0.02036,0.07666
9073,2,2_1,0.08,0.0503,0.10016
9074,2,2_1,0.08,0.03998,0.07135
9075,2,2_1,0.08,0.02202,0.0796
9076,2,2_1,0.08,0.01846,0.0768
9077,2,2_1,0.08,0.06555,0.0822
9078,2,2_1,0.08,0.03757,0.0739
9079,2,2_1,0.08,0.04007,0.0883
9080,2,2_1,0.08,0.02777,0.07166
9081,2,2_1,0.08,0.05542,0.0788
9082,2,2_1,0.08,0.03152,0.07306
9083,2,2_1,0.08,0.02539,0.071
9084,2,2_1,0.08,0.02203,0.07214
9085,2,2_1,0.08,0.06128,0.08813
9086,2,2_1,0.08,0.01912,0.0781
9087,2,2_1,0.08,0.06256,0.1116
9088,2,2_1,0.08,0.06976,0.0859
9089,2,2_1,0.08,0.0752,0.0939
9090,2,2_1,0.08,0.07355,0.0729
9091,2,2_1,0.08,0.0369,0.0725
9092,2,2_1,0.08,0.05896,0.1278
9093,2,2_1,0.08,0.074,0.0888
9094,2,2_1,0.08,0.03497,0.0841
9095,2,2_1,0.08,0.02869,0.0725
9096,2,2_1,0.08,0.038,0.0804
9097,2,2_1,0.08,0.02853,0.06805
9098,2,2_1,0.08,0.02719,0.0785
9099,2,2_1,0.08,0.03004,0.07404
9100,2,2_1,0.08,0.02756,0.0798
9101,2,2_1,0.08,0.03656,0.0767
9102,2,2_1,0.08,0.03314,0.0724
9103,2,2_1,0.08,0.02661,0.07043
9104,2,2_1,0.08,0.03217,0.0796
9105,2,2_1,0.08,0.03592,0.0726
9106,2,2_1,0.08,0.03006,0.0718
9107,2,2_1,0.08,0.02016,0.06946
9108,2,2_1,0.08,0.03333,0.0881
9109,2,2_1,0.08,0.02132,0.07025
9110,2,2_1,0.08,0.04492,0.0797
9111,2,2_1,0.08,0.05185,0.09216
9112,2,2_1,0.08,0.0709,0.0998
9113,2,2_1,0.08,0.0448,0.08356
9114,2,2_1,0.08,0.04834,0.0905
9115,2,2_1,0.08,0.05246,0.0772
9116,2,2_1,0.08,0.05368,0.0902
9117,2,2_1,0.08,0.02893,0.08453
9118,2,2_1,0.08,0.03008,0.0702
9119,2,2_1,0.08,0.02556,0.07025
9120,2,2_1,0.08,0.046,0.077
9121,2,2_1,0.08,0.02292,0.07275
9122,2,2_1,0.08,0.0294,0.0748
9123,2,2_1,0.08,0.0496,0.0801
9124,2,2_1,0.08,0.05368,0.0924
9125,2,2_1,0.08,0.03552,0.0787
9126,2,2_1,0.08,0.07074,0.0974
9127,2,2_1,0.08,0.02419,0.076
9128,2,2_1,0.08,0.0411,0.07764
9129,2,2_1,0.08,0.06274,0.08215
9130,2,2_1,0.08,0.04425,0.07574
9131,2,2_1,0.08,0.0298,0.0777
9132,2,2_1,0.08,0.01698,0.0709
9133,2,2_1,0.08,0.02509,0.0859
9134,2,2_1,0.08,0.0455,0.0888
9135,2,2_1,0.08,0.0378,0.0748
9136,2,2_1,0.08,0.0168,0.0757
9137,2,2_1,0.08,0.03003,0.0819
9138,2,2_1,0.08,0.01389,0.0702
9139,2,2_1,0.08,0.02975,0.0718
9140,2,2_1,0.08,0.06174,0.0812
9141,2,2_1,0.08,0.0748,0.0838
9142,2,2_1,0.08,0.03485,0.0735
9143,2,2_1,0.08,0.02731,0.0771
9144,2,2_1,0.08,0.05817,0.0954
9145,2,2_1,0.08,0.01971,0.07025
9146,2,2_1,0.08,0.04193,0.0806
9147,2,2_1,0.08,0.06067,0.0787
9148,2,2_1,0.08,0.05905,0.0856
9149,2,2_1,0.08,0.04425,0.07587
9150,2,2_1,0.08,0.01903,0.06915
9151,2,2_1,0.08,0.0315,0.0731
9152,2,2_1,0.08,0.05646,0.0824
9153,2,2_1,0.08,0.028,0.0794
9154,2,2_1,0.08,0.0628,0.08984
9155,2,2_1,0.08,0.06396,0.08746
9156,2,2_1,0.08,0.03568,0.07074
9157,2,2_1,0.08,0.04886,0.0796
9158,2,2_1,0.08,0.03403,0.095
9159,2,2_1,0.08,0.0452,0.0754
9160,2,2_1,0.08,0.04678,0.0896
9161,2,2_1,0.08,0.05563,0.07886
9162,2,2_1,0.08,0.05936,0.0794
9163,2,2_1,0.08,0.0372,0.08276
9164,2,2_1,0.08,0.0603,0.0918
9165,2,2_1,0.08,0.03992,0.0796
9166,2,2_1,0.08,0.02997,0.0781
9167,2,2_1,0.08,0.03732,0.0917
9168,2,2_1,0.08,0.0597,0.08344
9169,2,2_1,0.08,0.03613,0.09
9170,2,2_1,0.08,0.0637,0.08514
9171,2,2_1,0.08,0.0336,0.0715
9172,2,2_1,0.08,0.02867,0.0748
9173,2,2_1,0.08,0.0623,0.0875
9174,2,2_1,0.08,0.04736,0.0928
9175,2,2_1,0.08,0.0608,0.0856
9176,2,2_1,0.08,0.0404,0.07684
9177,2,2_1,0.08,0.0605,0.07886
9178,2,2_1,0.08,0.02472,0.0711
9179,2,2_1,0.08,0.02965,0.0784
9180,2,2_1,0.08,0.04266,0.0769
9181,2,2_1,0.08,0.0515,0.09326
9182,2,2_1,0.08,0.04147,0.0893
9183,2,2_1,0.08,0.03354,0.0741
9184,2,2_1,0.08,0.03192,0.0858
9185,2,2_1,0.08,0.02945,0.0778
9186,2,2_1,0.08,0.03485,0.0744
9187,2,2_1,0.08,0.07605,0.0828
9188,2,2_1,0.08,0.0709,0.0851
9189,2,2_1,0.08,0.04477,0.08716
9190,2,2_1,0.08,0.06616,0.08575
9191,2,2_1,0.08,0.02635,0.0735
9192,2,2_1,0.08,0.06885,0.0773
9193,2,2_1,0.08,0.06976,0.093
9194,2,2_1,0.08,0.05942,0.0735
9195,2,2_1,0.08,0.04486,0.0857
9196,2,2_1,0.08,0.02702,0.0803
9197,2,2_1,0.08,0.0482,0.0938
9198,2,2_1,0.08,0.068,0.0865
9199,2,2_1,0.08,0.0367,0.0714
9200,2,2_1,0.08,0.0564,0.08856
9201,2,2_1,0.08,0.06726,0.0926
9202,2,2_1,0.08,0.05414,0.1145
9203,2,2_1,0.08,0.0334,0.07776
9204,2,2_1,0.08,0.0214,0.07495
9205,2,2_1,0.08,0.0683,0.11163
9206,2,2_1,0.08,0.01976,0.0703
9207,2,2_1,0.08,0.0461,0.08575
9208,2,2_1,0.08,0.03094,0.0714
9209,2,2_1,0.08,0.01837,0.07477
9210,2,2_1,0.08,0.02223,0.0768
9211,2,2_1,0.08,0.04782,0.0863
9212,2,2_1,0.08,0.03183,0.0783
9213,2,2_1,0.08,0.0727,0.09784
9214,2,2_1,0.08,0.02686,0.0888
9215,2,2_1,0.08,0.04602,0.08307
9216,2,2_1,0.08,0.05737,0.0961
9217,2,2_1,0.08,0.02734,0.07733
9218,2,2_1,0.08,0.03543,0.0792
9219,2,2_1,0.08,0.02089,0.07214
9220,2,2_1,0.08,0.0661,0.07715
9221,2,2_1,0.08,0.05142,0.0837
9222,2,2_1,0.08,0.06235,0.0859
9223,2,2_1,0.08,0.02399,0.0805
9224,2,2_1,0.08,0.06,0.09265
9225,2,2_1,0.08,0.03047,0.0733
9226,2,2_1,0.08,0.0609,0.0792
9227,2,2_1,0.08,0.0308,0.081
9228,2,2_1,0.08,0.02312,0.0748
9229,2,2_1,0.08,0.02077,0.06964
9230,2,2_1,0.08,0.05106,0.07745
9231,2,2_1,0.08,0.06775,0.0815
9232,2,2_1,0.08,0.0503,0.09784
9233,2,2_1,0.08,0.01685,0.07007
9234,2,2_1,0.08,0.05975,0.08527
9235,2,2_1,0.08,0.0695,0.0753
9236,2,2_1,0.08,0.0575,0.0818
9237,2,2_1,0.08,0.04932,0.0956
9238,2,2_1,0.08,0.03717,0.08746
9239,2,2_1,0.08,0.02368,0.0685
9240,2,2_1,0.08,0.03165,0.0765
9241,2,2_1,0.08,0.06,0.0784
9242,2,2_1,0.08,0.0435,0.0811
9243,2,2_1,0.08,0.0395,0.07074
9244,2,2_1,0.08,0.0224,0.07117
9245,2,2_1,0.08,0.0534,0.0792
9246,2,2_1,0.08,0.05533,0.0825
9247,2,2_1,0.08,0.04922,0.09076
9248,2,2_1,0.08,0.05807,0.07745
9249,2,2_1,0.08,0.03186,0.0943
9250,2,2_1,0.08,0.03458,0.0714
9251,2,2_1,0.08,0.04153,0.0874
9252,2,2_1,0.08,0.0614,0.10077
9253,2,2_1,0.08,0.02759,0.06995
9254,2,2_1,0.08,0.05234,0.07513
9255,2,2_1,0.08,0.0551,0.07465
9256,2,2_1,0.08,0.02063,0.0834
9257,2,2_1,0.08,0.06082,0.07806
9258,2,2_1,0.08,0.02534,0.0856
9259,2,2_1,0.08,0.0485,0.07837
9260,2,2_1,0.08,0.03952,0.0871
9261,2,2_1,0.08,0.03238,0.07117
9262,2,2_1,0.08,0.05136,0.0843
9263,2,2_1,0.08,0.04874,0.0961
9264,2,2_1,0.08,0.03568,0.0779
9265,2,2_1,0.08,0.05237,0.0821
9266,2,2_1,0.08,0.06274,0.0729
9267,2,2_1,0.08,0.06287,0.0824
9268,2,2_1,0.08,0.03745,0.0742
9269,2,2_1,0.08,0.0284,0.08435
9270,2,2_1,0.08,0.06287,0.09125
9271,2,2_1,0.08,0.0378,0.0974
9272,2,2_1,0.08,0.03876,0.0824
9273,2,2_1,0.08,0.05194,0.0809
9274,2,2_1,0.08,0.04346,0.074
9275,2,2_1,0.08,0.0221,0.069
9276,2,2_1,0.08,0.03513,0.0777
9277,2,2_1,0.08,0.05295,0.08514
9278,2,2_1,0.08,0.04312,0.0795
9279,2,2_1,0.08,0.03763,0.07806
9280,2,2_1,0.08,0.0515,0.0757
9281,2,2_1,0.08,0.01616,0.0694
9282,2,2_1,0.08,0.04178,0.0854
9283,2,2_1,0.08,0.06116,0.0755
9284,2,2_1,0.08,0.03995,0.08264
9285,2,2_1,0.08,0.02997,0.07324
9286,2,2_1,0.08,0.03622,0.0753
9287,2,2_1,0.08,0.0326,0.0698
9288,2,2_1,0.08,0.03598,0.0932
9289,2,2_1,0.08,0.05103,0.0792
9290,2,2_1,0.08,0.077,0.08484
9291,2,2_1,0.08,0.02773,0.08514
9292,2,2_1,0.08,0.0433,0.08765
9293,2,2_1,0.08,0.02834,0.0772
9294,2,2_1,0.08,0.04056,0.07935
9295,2,2_1,0.08,0.03546,0.0706
9296,2,2_1,0.08,0.059,0.0861
9297,2,2_1,0.08,0.03415,0.0836
9298,2,2_1,0.08,0.02829,0.0898
9299,2,2_1,0.08,0.0404,0.1164
9300,2,2_1,0.08,0.04987,0.0743
9301,2,2_1,0.08,0.0556,0.0922
9302,2,2_1,0.08,0.05865,0.08185
9303,2,2_1,0.08,0.03308,0.09503
9304,2,2_1,0.08,0.03592,0.07263
9305,2,2_1,0.08,0.0502,0.07837
9306,2,2_1,0.08,0.04245,0.081
9307,2,2_1,0.08,0.02519,0.0844
9308,2,2_1,0.08,0.0259,0.07086
9309,2,2_1,0.08,0.0579,0.0837
9310,2,2_1,0.08,0.0718,0.0786
9311,2,2_1,0.08,0.05942,0.07526
9312,2,2_1,0.08,0.04428,0.07733
9313,2,2_1,0.08,0.04254,0.0755
9314,2,2_1,0.08,0.02383,0.0691
9315,2,2_1,0.08,0.04727,0.10315
9316,2,2_1,0.08,0.06006,0.0776
9317,2,2_1,0.08,0.04617,0.0923
9318,2,2_1,0.08,0.04324,0.0798
9319,2,2_1,0.08,0.01967,0.0792
9320,2,2_1,0.08,0.03613,0.07935
9321,2,2_1,0.08,0.0668,0.07776
9322,2,2_1,0.08,0.0618,0.09753
9323,2,2_1,0.08,0.02837,0.07935
9324,2,2_1,0.08,0.0426,0.0899
9325,2,2_1,0.08,0.03113,0.0805
9326,2,2_1,0.08,0.05206,0.0863
9327,2,2_1,0.08,0.04593,0.0791
9328,2,2_1,0.08,0.0607,0.0783
9329,2,2_1,0.08,0.0501,0.07947
9330,2,2_1,0.08,0.01461,0.08246
9331,2,2_1,0.08,0.0683,0.0881
9332,2,2_1,0.08,0.06256,0.0834
9333,2,2_1,0.08,0.04587,0.09656
9334,2,2_1,0.08,0.0443,0.0811
9335,2,2_1,0.08,0.0237,0.0756
9336,2,2_1,0.08,0.0507,0.0775
9337,2,2_1,0.08,0.05737,0.08954
9338,2,2_1,0.08,0.0484,0.0767
9339,2,2_1,0.08,0.0639,0.1003
9340,2,2_1,0.08,0.05078,0.0837
9341,2,2_1,0.08,0.05643,0.08417
9342,2,2_1,0.08,0.02522,0.0775
9343,2,2_1,0.08,0.0468,0.0741
9344,2,2_1,0.08,0.04578,0.0845
9345,2,2_1,0.08,0.057,0.083
9346,2,2_1,0.08,0.02892,0.07587
9347,2,2_1,0.08,0.05505,0.07825
9348,2,2_1,0.08,0.0496,0.0879
9349,2,2_1,0.08,0.06018,0.07935
9350,2,2_1,0.08,0.0645,0.083
9351,2,2_1,0.08,0.02129,0.07007
9352,2,2_1,0.08,0.0462,0.0791
9353,2,2_1,0.08,0.05328,0.1162
9354,2,2_1,0.08,0.05078,0.0826
9355,2,2_1,0.08,0.05872,0.0841
9356,2,2_1,0.08,0.058,0.1149
9357,2,2_1,0.08,0.0271,0.07733
9358,2,2_1,0.08,0.05774,0.1039
9359,2,2_1,0.08,0.01715,0.0691
9360,2,2_1,0.08,0.02914,0.07196
9361,2,2_1,0.08,0.05127,0.09875
9362,2,2_1,0.08,0.0423,0.08954
9363,2,2_1,0.08,0.0413,0.0836
9364,2,2_1,0.08,0.05157,0.09973
9365,2,2_1,0.08,0.0524,0.0949
9366,2,2_1,0.08,0.06195,0.1052
9367,2,2_1,0.08,0.04156,0.0728
9368,2,2_1,0.08,0.0457,0.07513
9369,2,2_1,0.08,0.05807,0.0759
9370,2,2_1,0.08,0.02782,0.0716
9371,2,2_1,0.08,0.05573,0.0948
9372,2,2_1,0.08,0.0345,0.07263
9373,2,2_1,0.08,0.0476,0.0783
9374,2,2_1,0.08,0.06824,0.1147
9375,2,2_1,0.08,0.03967,0.1083
9376,2,2_1,0.08,0.05576,0.08606
9377,2,2_1,0.08,0.02847,0.0905
9378,2,2_1,0.08,0.037,0.07544
9379,2,2_1,0.08,0.04727,0.0973
9380,2,2_1,0.08,0.0357,0.07947
9381,2,2_1,0.08,0.04688,0.08777
9382,2,2_1,0.08,0.0686,0.0862
9383,2,2_1,0.08,0.0701,0.1283
9384,2,2_1,0.08,0.02173,0.0716
9385,2,2_1,0.08,0.03595,0.07623
9386,2,2_1,0.08,0.0611,0.07684
9387,2,2_1,0.08,0.06445,0.0876
9388,2,2_1,0.08,0.0662,0.0833
9389,2,2_1,0.08,0.0638,0.12274
9390,2,2_1,0.08,0.04102,0.10394
9391,2,2_1,0.08,0.04144,0.08624
9392,2,2_1,0.08,0.03387,0.07526
9393,2,2_1,0.08,0.0491,0.0889
9394,2,2_1,0.08,0.0689,0.083
9395,2,2_1,0.08,0.02727,0.0726
9396,2,2_1,0.08,0.04025,0.07404
9397,2,2_1,0.08,0.0245,0.0721
9398,2,2_1,0.08,0.02165,0.0895
9399,2,2_1,0.08,0.0527,0.0832
9400,2,2_1,0.08,0.05426,0.1
9401,2,2_1,0.08,0.057,0.08344
9402,2,2_1,0.08,0.02304,0.07886
9403,2,2_1,0.08,0.0689,0.07764
9404,2,2_1,0.08,0.0456,0.11804
9405,2,2_1,0.08,0.0667,0.07635
9406,2,2_1,0.08,0.0296,0.0842
9407,2,2_1,0.08,0.0189,0.0775
9408,2,2_1,0.08,0.03099,0.08014
9409,2,2_1,0.08,0.0678,0.0817
9410,2,2_1,0.08,0.0548,0.08167
9411,2,2_1,0.08,0.06213,0.07623
9412,2,2_1,0.08,0.05765,0.08484
9413,2,2_1,0.08,0.03714,0.08765
9414,2,2_1,0.08,0.0546,0.0848
9415,2,2_1,0.08,0.03262,0.07874
9416,2,2_1,0.08,0.04654,0.0916
9417,2,2_1,0.08,0.04376,0.0722
9418,2,2_1,0.08,0.06274,0.1001
9419,2,2_1,0.08,0.0644,0.08514
9420,2,2_1,0.08,0.03415,0.08154
9421,2,2_1,0.08,0.05637,0.07874
9422,2,2_1,0.08,0.0573,0.1467
9423,2,2_1,0.08,0.0729,0.0803
9424,2,2_1,0.08,0.01656,0.0805
9425,2,2_1,0.08,0.03525,0.0729
9426,2,2_1,0.08,0.05026,0.08044
9427,2,2_1,0.08,0.05002,0.095
9428,2,2_1,0.08,0.06793,0.0814
9429,2,2_1,0.08,0.0157,0.07294
9430,2,2_1,0.08,0.06207,0.07355
9431,2,2_1,0.08,0.06866,0.08044
9432,2,2_1,0.08,0.05286,0.07355
9433,2,2_1,0.08,0.05154,0.1329
9434,2,2_1,0.08,0.03055,0.0731
9435,2,2_1,0.08,0.02328,0.0786
9436,2,2_1,0.08,0.03644,0.079
9437,2,2_1,0.08,0.05933,0.085
9438,2,2_1,0.08,0.07,0.0784
9439,2,2_1,0.08,0.03668,0.0721
9440,2,2_1,0.08,0.02663,0.0729
9441,2,2_1,0.08,0.03357,0.0827
9442,2,2_1,0.08,0.02635,0.0785
9443,2,2_1,0.08,0.0272,0.0791
9444,2,2_1,0.08,0.0612,0.07825
9445,2,2_1,0.08,0.03102,0.0709
9446,2,2_1,0.08,0.01888,0.0728
9447,2,2_1,0.08,0.055,0.0986
9448,2,2_1,0.08,0.03455,0.0715
9449,2,2_1,0.08,0.046,0.0841
9450,2,2_1,0.08,0.05576,0.0958
9451,2,2_1,0.08,0.0448,0.0866
9452,2,2_1,0.08,0.0616,0.081
9453,2,2_1,0.08,0.03928,0.0802
9454,2,2_1,0.08,0.04407,0.0759
9455,2,2_1,0.08,0.02208,0.07245
9456,2,2_1,0.08,0.04587,0.07227
9457,2,2_1,0.08,0.03806,0.07654
9458,2,2_1,0.08,0.0373,0.0815
9459,2,2_1,0.08,0.03824,0.079
9460,2,2_1,0.08,0.02025,0.0852
9461,2,2_1,0.08,0.05453,0.08685
9462,2,2_1,0.08,0.04303,0.0896
9463,2,2_1,0.08,0.0593,0.092
9464,2,2_1,0.08,0.03284,0.0778
9465,2,2_1,0.08,0.04147,0.07404
9466,2,2_1,0.08,0.0357,0.0799
9467,2,2_1,0.08,0.04938,0.0989
9468,2,2_1,0.08,0.0286,0.073
9469,2,2_1,0.08,0.032,0.0734
9470,2,2_1,0.08,0.0547,0.07684
9471,2,2_1,0.08,0.02899,0.07434
9472,2,2_1,0.08,0.03287,0.0748
9473,2,2_1,0.08,0.02367,0.07025
9474,2,2_1,0.08,0.03445,0.0772
9475,2,2_1,0.08,0.06155,0.1061
9476,2,2_1,0.08,0.0272,0.08154
9477,2,2_1,0.08,0.03192,0.07745
9478,2,2_1,0.08,0.03955,0.0701
9479,2,2_1,0.08,0.03308,0.0743
9480,2,2_1,0.08,0.02501,0.07184
9481,2,2_1,0.08,0.02098,0.08264
9482,2,2_1,0.08,0.04047,0.09326
9483,2,2_1,0.08,0.0324,0.08136
9484,2,2_1,0.08,0.03543,0.0757
9485,2,2_1,0.08,0.05212,0.0944
9486,2,2_1,0.08,0.05948,0.0888
9487,2,2_1,0.08,0.04788,0.09174
9488,2,2_1,0.08,0.05292,0.0774
9489,2,2_1,0.08,0.0692,0.08307
9490,2,2_1,0.08,0.01692,0.06793
9491,2,2_1,0.08,0.0442,0.0847
9492,2,2_1,0.08,0.06067,0.087
9493,2,2_1,0.08,0.02475,0.071
9494,2,2_1,0.08,0.05252,0.0837
9495,2,2_1,0.08,0.04388,0.07745
9496,2,2_1,0.08,0.04822,0.0778
9497,2,2_1,0.08,0.05487,0.0869
9498,2,2_1,0.08,0.04535,0.0832
9499,2,2_1,0.08,0.03177,0.07544
9500,2,2_1,0.08,0.06,0.1039
9501,2,2_1,0.08,0.04724,0.08795
9502,2,2_1,0.08,0.03238,0.0707
9503,2,2_1,0.08,0.0526,0.0816
9504,2,2_1,0.08,0.02089,0.07074
9505,2,2_1,0.08,0.05783,0.088
9506,2,2_1,0.08,0.0742,0.0889
9507,2,2_1,0.08,0.02402,0.0749
9508,2,2_1,0.08,0.03632,0.084
9509,2,2_1,0.08,0.07074,0.0945
9510,2,2_1,0.08,0.04294,0.0764
9511,2,2_1,0.08,0.0279,0.0851
9512,2,2_1,0.08,0.0472,0.0851
9513,2,2_1,0.08,0.06116,0.0784
9514,2,2_1,0.08,0.03888,0.07385
9515,2,2_1,0.08,0.05057,0.09125
9516,2,2_1,0.08,0.0696,0.082
9517,2,2_1,0.08,0.0379,0.0757
9518,2,2_1,0.08,0.0468,0.0833
9519,2,2_1,0.08,0.03093,0.0844
9520,2,2_1,0.08,0.05206,0.081
9521,2,2_1,0.08,0.05103,0.0792
9522,2,2_1,0.08,0.01895,0.06976
9523,2,2_1,0.08,0.0503,0.084
9524,2,2_1,0.08,0.0651,0.0745
9525,2,2_1,0.08,0.0448,0.0743
9526,2,2_1,0.08,0.0449,0.07587
9527,2,2_1,0.08,0.0639,0.10675
9528,2,2_1,0.08,0.05524,0.07635
9529,2,2_1,0.08,0.0536,0.0877
9530,2,2_1,0.08,0.0392,0.07404
9531,2,2_1,0.08,0.02527,0.0762
9532,2,2_1,0.08,0.07074,0.0856
9533,2,2_1,0.08,0.06244,0.08014
9534,2,2_1,0.08,0.02782,0.0959
9535,2,2_1,0.08,0.03687,0.08154
9536,2,2_1,0.08,0.03555,0.0864
9537,2,2_1,0.08,0.02907,0.0779
9538,2,2_1,0.08,0.03177,0.0779
9539,2,2_1,0.08,0.07336,0.08307
9540,2,2_1,0.08,0.05743,0.08044
9541,2,2_1,0.08,0.04028,0.1048
9542,2,2_1,0.08,0.04645,0.0824
9543,2,2_1,0.08,0.02989,0.07574
9544,2,2_1,0.08,0.0652,0.0784
9545,2,2_1,0.08,0.03314,0.08014
9546,2,2_1,0.08,0.0595,0.08966
9547,2,2_1,0.08,0.0538,0.0777
9548,2,2_1,0.08,0.04184,0.0783
9549,2,2_1,0.08,0.0382,0.0712
9550,2,2_1,0.08,0.01875,0.0693
9551,2,2_1,0.08,0.0691,0.0813
9552,2,2_1,0.08,0.02908,0.0755
9553,2,2_1,0.08,0.0457,0.08136
9554,2,2_1,0.08,0.01956,0.07135
9555,2,2_1,0.08,0.03885,0.08136
9556,2,2_1,0.08,0.03818,0.0745
9557,2,2_1,0.08,0.0189,0.0847
9558,2,2_1,0.08,0.05017,0.0888
9559,2,2_1,0.08,0.05722,0.0772
9560,2,2_1,0.08,0.03632,0.0773
9561,2,2_1,0.08,0.03864,0.0761
9562,2,2_1,0.08,0.01947,0.07074
9563,2,2_1,0.08,0.04984,0.07715
9564,2,2_1,0.08,0.06305,0.077
9565,2,2_1,0.08,0.06464,0.08136
9566,2,2_1,0.08,0.0629,0.08167
9567,2,2_1,0.08,0.05414,0.08234
9568,2,2_1,0.08,0.0491,0.07574
9569,2,2_1,0.08,0.02374,0.08514
9570,2,2_1,0.08,0.04984,0.09247
9571,2,2_1,0.08,0.03293,0.0761
9572,2,2_1,0.08,0.03662,0.0741
9573,2,2_1,0.08,0.01473,0.0698
9574,2,2_1,0.08,0.03564,0.0974
9575,2,2_1,0.08,0.05676,0.09827
9576,2,2_1,0.08,0.0484,0.078
9577,2,2_1,0.08,0.04938,0.1462
9578,2,2_1,0.08,0.04346,0.0873
9579,2,2_1,0.08,0.03433,0.0829
9580,2,2_1,0.08,0.05264,0.0749
9581,2,2_1,0.08,0.014984,0.07214
9582,2,2_1,0.08,0.03903,0.0825
9583,2,2_1,0.08,0.04987,0.0844
9584,2,2_1,0.08,0.072,0.0792
9585,2,2_1,0.08,0.0547,0.0784
9586,2,2_1,0.08,0.04965,0.07416
9587,2,2_1,0.08,0.04312,0.07886
9588,2,2_1,0.08,0.04474,0.07587
9589,2,2_1,0.08,0.05222,0.0935
9590,2,2_1,0.08,0.06354,0.07715
9591,2,2_1,0.08,0.0611,0.081
9592,2,2_1,0.08,0.0583,0.0825
9593,2,2_1,0.08,0.01706,0.07227
9594,2,2_1,0.08,0.02515,0.0739
9595,2,2_1,0.08,0.0649,0.0902
9596,2,2_1,0.08,0.0425,0.0737
9597,2,2_1,0.08,0.06198,0.08075
9598,2,2_1,0.08,0.04318,0.0801
9599,2,2_1,0.08,0.06006,0.1073
9600,2,2_1,0.08,0.05072,0.08093
9601,2,2_1,0.08,0.0698,0.0872
9602,2,2_1,0.08,0.04407,0.0765
9603,2,2_1,0.08,0.0628,0.0799
9604,2,2_1,0.08,0.0469,0.0757
9605,2,2_1,0.08,0.0561,0.07794
9606,2,2_1,0.08,0.0417,0.07446
9607,2,2_1,0.08,0.03204,0.07556
9608,2,2_1,0.08,0.05365,0.0753
9609,2,2_1,0.08,0.03516,0.071
9610,2,2_1,0.08,0.0332,0.0914
9611,2,2_1,0.08,0.041,0.0745
9612,2,2_1,0.08,0.02882,0.0783
9613,2,2_1,0.08,0.01863,0.06854
9614,2,2_1,0.08,0.0492,0.0739
9615,2,2_1,0.08,0.06027,0.0864
9616,2,2_1,0.08,0.0475,0.08606
9617,2,2_1,0.08,0.0442,0.0868
9618,2,2_1,0.08,0.02318,0.0808
9619,2,2_1,0.08,0.05612,0.0944
9620,2,2_1,0.08,0.05414,0.0796
9621,2,2_1,0.08,0.03998,0.0781
9622,2,2_1,0.08,0.03763,0.0781
9623,2,2_1,0.08,0.0522,0.07654
9624,2,2_1,0.08,0.05243,0.098
9625,2,2_1,0.08,0.02481,0.0726
9626,2,2_1,0.08,0.07025,0.0901
9627,2,2_1,0.08,0.04544,0.0781
9628,2,2_1,0.08,0.05112,0.0752
9629,2,2_1,0.08,0.04758,0.08844
9630,2,2_1,0.08,0.04828,0.11017
9631,2,2_1,0.08,0.04947,0.0764
9632,2,2_1,0.08,0.0718,0.0836
9633,2,2_1,0.08,0.05957,0.0767
9634,2,2_1,0.08,0.0653,0.09247
9635,2,2_1,0.08,0.04303,0.0779
9636,2,2_1,0.08,0.0614,0.0939
9637,2,2_1,0.08,0.06476,0.0943
9638,2,2_1,0.08,0.0614,0.0912
9639,2,2_1,0.08,0.0462,0.0936
9640,2,2_1,0.08,0.05646,0.0888
9641,2,2_1,0.08,0.03604,0.08856
9642,2,2_1,0.08,0.03323,0.0786
9643,2,2_1,0.08,0.05438,0.0775
9644,2,2_1,0.08,0.0626,0.0813
9645,2,2_1,0.08,0.02644,0.08307
9646,2,2_1,0.08,0.06125,0.08765
9647,2,2_1,0.08,0.03827,0.07623
9648,2,2_1,0.08,0.03973,0.07214
9649,2,2_1,0.08,0.02547,0.07465
9650,2,2_1,0.08,0.02539,0.0715
9651,2,2_1,0.08,0.02405,0.0764
9652,2,2_1,0.08,0.06055,0.08136
9653,2,2_1,0.08,0.0604,0.08374
9654,2,2_1,0.08,0.03754,0.0729
9655,2,2_1,0.08,0.0569,0.0807
9656,2,2_1,0.08,0.04117,0.0766
9657,2,2_1,0.08,0.0477,0.0777
9658,2,2_1,0.08,0.034,0.0734
9659,2,2_1,0.08,0.05853,0.0839
9660,2,2_1,0.08,0.03217,0.07623
9661,2,2_1,0.08,0.06125,0.10205
9662,2,2_1,0.08,0.05054,0.0769
9663,2,2_1,0.08,0.02953,0.0798
9664,2,2_1,0.08,0.0707,0.0891
9665,2,2_1,0.08,0.0699,0.0802
9666,2,2_1,0.08,0.03198,0.0724
9667,2,2_1,0.08,0.02441,0.0698
9668,2,2_1,0.08,0.07153,0.1056
9669,2,2_1,0.08,0.05463,0.0867
9670,2,2_1,0.08,0.0554,0.0899
9671,2,2_1,0.08,0.0406,0.076
9672,2,2_1,0.08,0.0718,0.08026
9673,2,2_1,0.08,0.07166,0.0895
9674,2,2_1,0.08,0.04028,0.0729
9675,2,2_1,0.08,0.069,0.0756
9676,2,2_1,0.08,0.0602,0.0807
9677,2,2_1,0.08,0.05383,0.0781
9678,2,2_1,0.08,0.01306,0.0726
9679,2,2_1,0.08,0.0673,0.08545
9680,2,2_1,0.08,0.03026,0.0953
9681,2,2_1,0.08,0.0691,0.0948
9682,2,2_1,0.08,0.02028,0.06805
9683,2,2_1,0.08,0.05548,0.08124
9684,2,2_1,0.08,0.01973,0.0812
9685,2,2_1,0.08,0.0685,0.0966
9686,2,2_1,0.08,0.0501,0.0755
9687,2,2_1,0.08,0.04138,0.0801
9688,2,2_1,0.08,0.04266,0.0862
9689,2,2_1,0.08,0.06183,0.08923
9690,2,2_1,0.08,0.05597,0.08594
9691,2,2_1,0.08,0.0416,0.0781
9692,2,2_1,0.08,0.05627,0.0825
9693,2,2_1,0.08,0.03888,0.0756
9694,2,2_1,0.08,0.06274,0.0862
9695,2,2_1,0.08,0.01918,0.075
9696,2,2_1,0.08,0.06714,0.08057
9697,2,2_1,0.08,0.06934,0.0868
9698,2,2_1,0.08,0.0754,0.08185
9699,2,2_1,0.08,0.03003,0.08356
9700,2,2_1,0.08,0.06198,0.0838
9701,2,2_1,0.08,0.03864,0.07184
9702,2,2_1,0.08,0.02953,0.0701
9703,2,2_1,0.08,0.03122,0.07654
9704,2,2_1,0.08,0.01657,0.0727
9705,2,2_1,0.08,0.02171,0.07385
9706,2,2_1,0.08,0.04413,0.0806
9707,2,2_1,0.08,0.02504,0.06946
9708,2,2_1,0.08,0.04346,0.0857
9709,2,2_1,0.08,0.0763,0.0819
9710,2,2_1,0.08,0.04578,0.08026
9711,2,2_1,0.08,0.02795,0.0714
9712,2,2_1,0.08,0.02644,0.07166
9713,2,2_1,0.08,0.06042,0.07587
9714,2,2_1,0.08,0.04153,0.10474
9715,2,2_1,0.08,0.06036,0.0969
9716,2,2_1,0.08,0.05902,0.08435
9717,2,2_1,0.08,0.0715,0.0875
9718,2,2_1,0.08,0.0452,0.081
9719,2,2_1,0.08,0.0743,0.08325
9720,2,2_1,0.08,0.03824,0.0861
9721,2,2_1,0.08,0.03662,0.09644
9722,2,2_1,0.08,0.05905,0.0816
9723,2,2_1,0.08,0.03842,0.07733
9724,2,2_1,0.08,0.02013,0.0738
9725,2,2_1,0.08,0.01982,0.071
9726,2,2_1,0.08,0.0595,0.1438
9727,2,2_1,0.08,0.06464,0.0759
9728,2,2_1,0.08,0.05887,0.0817
9729,2,2_1,0.08,0.04712,0.0782
9730,2,2_1,0.08,0.0512,0.0731
9731,2,2_1,0.08,0.03757,0.07605
9732,2,2_1,0.08,0.0397,0.0748
9733,2,2_1,0.08,0.04825,0.0807
9734,2,2_1,0.08,0.03134,0.07324
9735,2,2_1,0.08,0.0485,0.0882
9736,2,2_1,0.08,0.0471,0.08514
9737,2,2_1,0.08,0.05005,0.0844
9738,2,2_1,0.08,0.07074,0.12036
9739,2,2_1,0.08,0.04935,0.0861
9740,2,2_1,0.08,0.0602,0.08636
9741,2,2_1,0.08,0.02374,0.0791
9742,2,2_1,0.08,0.01843,0.0758
9743,2,2_1,0.08,0.02306,0.08856
9744,2,2_1,0.08,0.05548,0.08386
9745,2,2_1,0.08,0.01804,0.071
9746,2,2_1,0.08,0.0468,0.08826
9747,2,2_1,0.08,0.02684,0.084
9748,2,2_1,0.08,0.02174,0.0763
9749,2,2_1,0.08,0.05005,0.08954
9750,2,2_1,0.08,0.0686,0.0747
9751,2,2_1,0.08,0.05063,0.07635
9752,2,2_1,0.08,0.05884,0.08777
9753,2,2_1,0.08,0.03928,0.0745
9754,2,2_1,0.08,0.0264,0.11505
9755,2,2_1,0.08,0.02487,0.0847
9756,2,2_1,0.08,0.04596,0.0866
9757,2,2_1,0.08,0.04462,0.0873
9758,2,2_1,0.08,0.0154,0.074
9759,2,2_1,0.08,0.02582,0.0879
9760,2,2_1,0.08,0.03564,0.0726
9761,2,2_1,0.08,0.0349,0.0802
9762,2,2_1,0.08,0.04172,0.07587
9763,2,2_1,0.08,0.07355,0.0772
9764,2,2_1,0.08,0.05527,0.08435
9765,2,2_1,0.08,0.0353,0.0739
9766,2,2_1,0.08,0.03278,0.07434
9767,2,2_1,0.08,0.05,0.08813
9768,2,2_1,0.08,0.03052,0.0785
9769,2,2_1,0.08,0.03674,0.077
9770,2,2_1,0.08,0.05853,0.0988
9771,2,2_1,0.08,0.05386,0.08734
9772,2,2_1,0.08,0.03442,0.079
9773,2,2_1,0.08,0.07495,0.0839
9774,2,2_1,0.08,0.02208,0.0759
9775,2,2_1,0.08,0.0679,0.0788
9776,2,2_1,0.08,0.0628,0.1037
9777,2,2_1,0.08,0.02513,0.0795
9778,2,2_1,0.08,0.04184,0.0747
9779,2,2_1,0.08,0.0247,0.07745
9780,2,2_1,0.08,0.04492,0.0776
9781,2,2_1,0.08,0.0659,0.0818
9782,2,2_1,0.08,0.0217,0.0741
9783,2,2_1,0.08,0.04453,0.08545
9784,2,2_1,0.08,0.03842,0.0777
9785,2,2_1,0.08,0.03192,0.07886
9786,2,2_1,0.08,0.03662,0.0748
9787,2,2_1,0.08,0.042,0.0745
9788,2,2_1,0.08,0.04257,0.07983
9789,2,2_1,0.08,0.06525,0.0866
9790,2,2_1,0.08,0.04758,0.0815
9791,2,2_1,0.08,0.03723,0.08057
9792,2,2_1,0.08,0.0241,0.0747
9793,2,2_1,0.08,0.0263,0.0716
9794,2,2_1,0.08,0.03217,0.076
9795,2,2_1,0.08,0.0527,0.0995
9796,2,2_1,0.08,0.02292,0.07007
9797,2,2_1,0.08,0.03397,0.0748
9798,2,2_1,0.08,0.05252,0.0806
9799,2,2_1,0.08,0.04074,0.07806
9800,2,2_1,0.08,0.0267,0.0728
9801,2,2_1,0.08,0.02222,0.0779
9802,2,2_1,0.08,0.0632,0.0893
9803,2,2_1,0.08,0.03705,0.0777
9804,2,2_1,0.08,0.04272,0.083
9805,2,2_1,0.08,0.02412,0.0795
9806,2,2_1,0.08,0.03055,0.0811
9807,2,2_1,0.08,0.05258,0.085
9808,2,2_1,0.08,0.05798,0.08124
9809,2,2_1,0.08,0.0362,0.0804
9810,2,2_1,0.08,0.01686,0.07404
9811,2,2_1,0.08,0.02925,0.0714
9812,2,2_1,0.08,0.02315,0.0749
9813,2,2_1,0.08,0.04736,0.0866
9814,2,2_1,0.08,0.06476,0.081
9815,2,2_1,0.08,0.02168,0.07434
9816,2,2_1,0.08,0.02357,0.08124
9817,2,2_1,0.08,0.03378,0.07275
9818,2,2_1,0.08,0.0515,0.08026
9819,2,2_1,0.08,0.03827,0.07904
9820,2,2_1,0.08,0.06082,0.09424
9821,2,2_1,0.08,0.04858,0.0843
9822,2,2_1,0.08,0.0471,0.07806
9823,2,2_1,0.08,0.0439,0.08325
9824,2,2_1,0.08,0.03796,0.0851
9825,2,2_1,0.08,0.05124,0.1106
9826,2,2_1,0.08,0.066,0.0836
9827,2,2_1,0.08,0.03964,0.0943
9828,2,2_1,0.08,0.05496,0.0809
9829,2,2_1,0.08,0.02121,0.0706
9830,2,2_1,0.08,0.02814,0.0951
9831,2,2_1,0.08,0.05792,0.0762
9832,2,2_1,0.08,0.04422,0.0767
9833,2,2_1,0.08,0.0684,0.0825
9834,2,2_1,0.08,0.0585,0.0945
9835,2,2_1,0.08,0.03656,0.0854
9836,2,2_1,0.08,0.0657,0.0957
9837,2,2_1,0.08,0.05963,0.07965
9838,2,2_1,0.08,0.04343,0.08105
9839,2,2_1,0.08,0.0531,0.0842
9840,2,2_1,0.08,0.05066,0.0787
9841,2,2_1,0.08,0.01598,0.0702
9842,2,2_1,0.08,0.02473,0.0776
9843,2,2_1,0.08,0.04678,0.0763
9844,2,2_1,0.08,0.04654,0.08154
9845,2,2_1,0.08,0.0673,0.08527
9846,2,2_1,0.08,0.04788,0.104
9847,2,2_1,0.08,0.04736,0.08624
9848,2,2_1,0.08,0.04526,0.0761
9849,2,2_1,0.08,0.02788,0.077
9850,2,2_1,0.08,0.06433,0.0881
9851,2,2_1,0.08,0.0586,0.07983
9852,2,2_1,0.08,0.02925,0.0783
9853,2,2_1,0.08,0.0441,0.07855
9854,2,2_1,0.08,0.03763,0.08057
9855,2,2_1,0.08,0.03574,0.0825
9856,2,2_1,0.08,0.04822,0.0898
9857,2,2_1,0.08,0.03976,0.0748
9858,2,2_1,0.08,0.04224,0.0882
9859,2,2_1,0.08,0.06155,0.07855
9860,2,2_1,0.08,0.04178,0.07935
9861,2,2_1,0.08,0.02348,0.0691
9862,2,2_1,0.08,0.071,0.088
9863,2,2_1,0.08,0.04172,0.0735
9864,2,2_1,0.08,0.02911,0.0759
9865,2,2_1,0.08,0.0582,0.0863
9866,2,2_1,0.08,0.0335,0.0754
9867,2,2_1,0.08,0.0468,0.0938
9868,2,2_1,0.08,0.0735,0.0802
9869,2,2_1,0.08,0.0642,0.0838
9870,2,2_1,0.08,0.0664,0.07965
9871,2,2_1,0.08,0.02417,0.0742
9872,2,2_1,0.08,0.05972,0.08875
9873,2,2_1,0.08,0.0669,0.084
9874,2,2_1,0.08,0.03418,0.08026
9875,2,2_1,0.08,0.04626,0.0866
9876,2,2_1,0.08,0.04504,0.0878
9877,2,2_1,0.08,0.0758,0.08966
9878,2,2_1,0.08,0.02905,0.0827
9879,2,2_1,0.08,0.0567,0.07886
9880,2,2_1,0.08,0.06775,0.08295
9881,2,2_1,0.08,0.03882,0.0803
9882,2,2_1,0.08,0.06107,0.0807
9883,2,2_1,0.08,0.03613,0.0776
9884,2,2_1,0.08,0.0318,0.07666
9885,2,2_1,0.08,0.02478,0.0718
9886,2,2_1,0.08,0.05664,0.07556
9887,2,2_1,0.08,0.0736,0.08405
9888,2,2_1,0.08,0.05856,0.0933
9889,2,2_1,0.08,0.02562,0.07367
9890,2,2_1,0.08,0.0731,0.09393
9891,2,2_1,0.08,0.0371,0.09235
9892,2,2_1,0.08,0.03445,0.07544
9893,2,2_1,0.08,0.0198,0.07465
9894,2,2_1,0.08,0.02496,0.0734
9895,2,2_1,0.08,0.042,0.0807
9896,2,2_1,0.08,0.07,0.08136
9897,2,2_1,0.08,0.02846,0.0754
9898,2,2_1,0.08,0.064,0.0771
9899,2,2_1,0.08,0.0715,0.08704
9900,2,2_1,0.08,0.02107,0.0768
9901,2,2_1,0.08,0.0447,0.07983
9902,2,2_1,0.08,0.03302,0.08405
9903,2,2_1,0.08,0.04105,0.07733
9904,2,2_1,0.08,0.04742,0.08905
9905,2,2_1,0.08,0.03522,0.07434
9906,2,2_1,0.08,0.03482,0.0744
9907,2,2_1,0.08,0.0649,0.08856
9908,2,2_1,0.08,0.0605,0.0761
9909,2,2_1,0.08,0.03079,0.087
9910,2,2_1,0.08,0.02122,0.07916
9911,2,2_1,0.08,0.04013,0.07874
9912,2,2_1,0.08,0.0464,0.07495
9913,2,2_1,0.08,0.03015,0.07715
9914,2,2_1,0.08,0.05832,0.07904
9915,2,2_1,0.08,0.06964,0.08563
9916,2,2_1,0.08,0.0475,0.0747
9917,2,2_1,0.08,0.03586,0.0726
9918,2,2_1,0.08,0.02257,0.0764
9919,2,2_1,0.08,0.03925,0.0806
9920,2,2_1,0.08,0.0461,0.0774
9921,2,2_1,0.08,0.06555,0.0825
9922,2,2_1,0.08,0.0729,0.0897
9923,2,2_1,0.08,0.071,0.08813
9924,2,2_1,0.08,0.04794,0.076
9925,2,2_1,0.08,0.05038,0.09235
9926,2,2_1,0.08,0.04837,0.1082
9927,2,2_1,0.08,0.04138,0.0842
9928,2,2_1,0.08,0.06015,0.0985
9929,2,2_1,0.08,0.0503,0.07837
9930,2,2_1,0.08,0.05484,0.1026
9931,2,2_1,0.08,0.042,0.0859
9932,2,2_1,0.08,0.04404,0.0756
9933,2,2_1,0.08,0.02747,0.087
9934,2,2_1,0.08,0.04993,0.0747
9935,2,2_1,0.08,0.04327,0.0789
9936,2,2_1,0.08,0.03638,0.0805
9937,2,2_1,0.08,0.05182,0.07635
9938,2,2_1,0.08,0.0689,0.0779
9939,2,2_1,0.08,0.0649,0.0849
9940,2,2_1,0.08,0.03867,0.0917
9941,2,2_1,0.08,0.069,0.0803
9942,2,2_1,0.08,0.04245,0.07605
9943,2,2_1,0.08,0.04886,0.0847
9944,2,2_1,0.08,0.01498,0.076
9945,2,2_1,0.08,0.04416,0.0794
9946,2,2_1,0.08,0.04828,0.08185
9947,2,2_1,0.08,0.0614,0.08453
9948,2,2_1,0.08,0.0419,0.07776
9949,2,2_1,0.08,0.05234,0.08466
9950,2,2_1,0.08,0.04767,0.0916
9951,2,2_1,0.08,0.03702,0.0844
9952,2,2_1,0.08,0.06006,0.0794
9953,2,2_1,0.08,0.06775,0.0872
9954,2,2_1,0.08,0.0696,0.0925
9955,2,2_1,0.08,0.04764,0.0914
9956,2,2_1,0.08,0.0403,0.07935
9957,2,2_1,0.08,0.02806,0.07184
9958,2,2_1,0.08,0.0525,0.0807
9959,2,2_1,0.08,0.03001,0.0749
9960,2,2_1,0.08,0.0539,0.0792
9961,2,2_1,0.08,0.02756,0.0735
9962,2,2_1,0.08,0.03555,0.09985
9963,2,2_1,0.08,0.03078,0.08746
9964,2,2_1,0.08,0.0535,0.07684
9965,2,2_1,0.08,0.0639,0.0983
9966,2,2_1,0.08,0.0651,0.0772
9967,2,2_1,0.08,0.02895,0.07556
9968,2,2_1,0.08,0.0429,0.0745
9969,2,2_1,0.08,0.05185,0.0754
9970,2,2_1,0.08,0.0646,0.0815
9971,2,2_1,0.08,0.05154,0.0731
9972,2,2_1,0.08,0.0646,0.08453
9973,2,2_1,0.08,0.07294,0.08405
9974,2,2_1,0.08,0.05893,0.07764
9975,2,2_1,0.08,0.02821,0.0751
9976,2,2_1,0.08,0.04517,0.083
9977,2,2_1,0.08,0.05026,0.08606
9978,2,2_1,0.08,0.03885,0.0913
9979,2,2_1,0.08,0.06354,0.08264
9980,2,2_1,0.08,0.05664,0.076
9981,2,2_1,0.08,0.0429,0.0787
9982,2,2_1,0.08,0.0393,0.09796
9983,2,2_1,0.08,0.02249,0.0759
9984,2,2_1,0.08,0.03029,0.0768
9985,2,2_1,0.08,0.03333,0.07574
9986,2,2_1,0.08,0.02003,0.0866
9987,2,2_1,0.08,0.02362,0.0715
9988,2,2_1,0.08,0.02753,0.0744
9989,2,2_1,0.08,0.03836,0.07745
9990,2,2_1,0.08,0.03717,0.0764
9991,2,2_1,0.08,0.0355,0.07794
9992,2,2_1,0.08,0.0324,0.07544
9993,2,2_1,0.08,0.02834,0.07556
9994,2,2_1,0.08,0.06113,0.0817
9995,2,2_1,0.08,0.02147,0.0735
9996,2,2_1,0.08,0.02943,0.0744
9997,2,2_1,0.08,0.0701,0.1262
9998,2,2_1,0.08,0.0526,0.09106
9999,2,2_1,0.08,0.02196,0.0734
10000,2,2_1,0.16,0.08923,0.1002
10001,2,2_1,0.16,0.04065,0.0883
10002,2,2_1,0.16,0.1317,0.1146
10003,2,2_1,0.16,0.1009,0.1166
10004,2,2_1,0.16,0.1357,0.10504
10005,2,2_1,0.16,0.0929,0.10864
10006,2,2_1,0.16,0.07166,0.08405
10007,2,2_1,0.16,0.14,0.0986
10008,2,2_1,0.16,0.0852,0.1007
10009,2,2_1,0.16,0.12103,0.083
10010,2,2_1,0.16,0.109,0.0963
10011,2,2_1,0.16,0.05527,0.086
10012,2,2_1,0.16,0.09686,0.0956
10013,2,2_1,0.16,0.06647,0.10077
10014,2,2_1,0.16,0.0932,0.10077
10015,2,2_1,0.16,0.1562,0.098
10016,2,2_1,0.16,0.0588,0.089
10017,2,2_1,0.16,0.0762,0.10876
10018,2,2_1,0.16,0.1204,0.1026
10019,2,2_1,0.16,0.06714,0.10614
10020,2,2_1,0.16,0.1272,0.0834
10021,2,2_1,0.16,0.04272,0.08374
10022,2,2_1,0.16,0.07605,0.11847
10023,2,2_1,0.16,0.04697,0.0741
10024,2,2_1,0.16,0.1217,0.0856
10025,2,2_1,0.16,0.0239,0.09265
10026,2,2_1,0.16,0.09894,0.0989
10027,2,2_1,0.16,0.03574,0.10767
10028,2,2_1,0.16,0.10706,0.0844
10029,2,2_1,0.16,0.1295,0.0782
10030,2,2_1,0.16,0.08685,0.094
10031,2,2_1,0.16,0.03705,0.0733
10032,2,2_1,0.16,0.1068,0.09064
10033,2,2_1,0.16,0.0844,0.08295
10034,2,2_1,0.16,0.05707,0.08923
10035,2,2_1,0.16,0.07697,0.0929
10036,2,2_1,0.16,0.0946,0.1033
10037,2,2_1,0.16,0.08417,0.08136
10038,2,2_1,0.16,0.02466,0.07794
10039,2,2_1,0.16,0.0828,0.0775
10040,2,2_1,0.16,0.0706,0.1026
10041,2,2_1,0.16,0.06995,0.0779
10042,2,2_1,0.16,0.1465,0.0843
10043,2,2_1,0.16,0.06744,0.09863
10044,2,2_1,0.16,0.0434,0.0736
10045,2,2_1,0.16,0.06015,0.08234
10046,2,2_1,0.16,0.1289,0.09705
10047,2,2_1,0.16,0.1155,0.0808
10048,2,2_1,0.16,0.1388,0.10535
10049,2,2_1,0.16,0.1054,0.1032
10050,2,2_1,0.16,0.0317,0.0723
10051,2,2_1,0.16,0.1203,0.0885
10052,2,2_1,0.16,0.04694,0.1022
10053,2,2_1,0.16,0.11096,0.0842
10054,2,2_1,0.16,0.05695,0.08594
10055,2,2_1,0.16,0.0796,0.1004
10056,2,2_1,0.16,0.1218,0.0959
10057,2,2_1,0.16,0.0793,0.1193
10058,2,2_1,0.16,0.1522,0.1299
10059,2,2_1,0.16,0.1138,0.1004
10060,2,2_1,0.16,0.10913,0.0837
10061,2,2_1,0.16,0.05048,0.0737
10062,2,2_1,0.16,0.1254,0.0823
10063,2,2_1,0.16,0.11847,0.0975
10064,2,2_1,0.16,0.08264,0.0755
10065,2,2_1,0.16,0.11536,0.09924
10066,2,2_1,0.16,0.02705,0.07
10067,2,2_1,0.16,0.10547,0.08795
10068,2,2_1,0.16,0.1351,0.0868
10069,2,2_1,0.16,0.1153,0.0799
10070,2,2_1,0.16,0.03564,0.0722
10071,2,2_1,0.16,0.11084,0.1125
10072,2,2_1,0.16,0.05893,0.0877
10073,2,2_1,0.16,0.0768,0.09265
10074,2,2_1,0.16,0.1448,0.0908
10075,2,2_1,0.16,0.07587,0.09564
10076,2,2_1,0.16,0.0894,0.1
10077,2,2_1,0.16,0.1312,0.0847
10078,2,2_1,0.16,0.07263,0.09143
10079,2,2_1,0.16,0.1462,0.0831
10080,2,2_1,0.16,0.08093,0.09344
10081,2,2_1,0.16,0.0595,0.08777
10082,2,2_1,0.16,0.0639,0.11316
10083,2,2_1,0.16,0.06305,0.08954
10084,2,2_1,0.16,0.1127,0.11304
10085,2,2_1,0.16,0.1177,0.08545
10086,2,2_1,0.16,0.06305,0.0784
10087,2,2_1,0.16,0.0781,0.1092
10088,2,2_1,0.16,0.071,0.0771
10089,2,2_1,0.16,0.13,0.10657
10090,2,2_1,0.16,0.134,0.09937
10091,2,2_1,0.16,0.1523,0.08856
10092,2,2_1,0.16,0.1217,0.0909
10093,2,2_1,0.16,0.08887,0.0869
10094,2,2_1,0.16,0.04672,0.1198
10095,2,2_1,0.16,0.1433,0.0864
10096,2,2_1,0.16,0.1351,0.0883
10097,2,2_1,0.16,0.1434,0.1027
10098,2,2_1,0.16,0.0821,0.10144
10099,2,2_1,0.16,0.1246,0.0996
10100,2,2_1,0.16,0.1011,0.0859
10101,2,2_1,0.16,0.1094,0.10284
10102,2,2_1,0.16,0.06537,0.0928
10103,2,2_1,0.16,0.06082,0.08624
10104,2,2_1,0.16,0.1295,0.0961
10105,2,2_1,0.16,0.0544,0.0881
10106,2,2_1,0.16,0.0765,0.07794
10107,2,2_1,0.16,0.05817,0.0818
10108,2,2_1,0.16,0.1044,0.09283
10109,2,2_1,0.16,0.1322,0.08453
10110,2,2_1,0.16,0.0916,0.131
10111,2,2_1,0.16,0.04346,0.0847
10112,2,2_1,0.16,0.1231,0.132
10113,2,2_1,0.16,0.0635,0.0822
10114,2,2_1,0.16,0.1425,0.08856
10115,2,2_1,0.16,0.0714,0.0884
10116,2,2_1,0.16,0.11273,0.1274
10117,2,2_1,0.16,0.09283,0.1029
10118,2,2_1,0.16,0.04163,0.0833
10119,2,2_1,0.16,0.1226,0.08167
10120,2,2_1,0.16,0.127,0.0804
10121,2,2_1,0.16,0.05136,0.0992
10122,2,2_1,0.16,0.03845,0.0821
10123,2,2_1,0.16,0.06287,0.08093
10124,2,2_1,0.16,0.0808,0.107
10125,2,2_1,0.16,0.08624,0.1577
10126,2,2_1,0.16,0.1477,0.10004
10127,2,2_1,0.16,0.1254,0.07904
10128,2,2_1,0.16,0.091,0.0831
10129,2,2_1,0.16,0.07794,0.0845
10130,2,2_1,0.16,0.0905,0.09686
10131,2,2_1,0.16,0.07684,0.07764
10132,2,2_1,0.16,0.1318,0.1373
10133,2,2_1,0.16,0.02893,0.0802
10134,2,2_1,0.16,0.0653,0.09894
10135,2,2_1,0.16,0.12067,0.08545
10136,2,2_1,0.16,0.0714,0.0868
10137,2,2_1,0.16,0.1307,0.0841
10138,2,2_1,0.16,0.08856,0.1892
10139,2,2_1,0.16,0.11743,0.09015
10140,2,2_1,0.16,0.1193,0.1098
10141,2,2_1,0.16,0.1375,0.10254
10142,2,2_1,0.16,0.0796,0.10345
10143,2,2_1,0.16,0.02457,0.07465
10144,2,2_1,0.16,0.1495,0.0856
10145,2,2_1,0.16,0.0704,0.08234
10146,2,2_1,0.16,0.06665,0.0917
10147,2,2_1,0.16,0.07196,0.0802
10148,2,2_1,0.16,0.07623,0.09283
10149,2,2_1,0.16,0.039,0.0812
10150,2,2_1,0.16,0.10986,0.0806
10151,2,2_1,0.16,0.1487,0.1023
10152,2,2_1,0.16,0.10736,0.07965
10153,2,2_1,0.16,0.1227,0.0978
10154,2,2_1,0.16,0.04495,0.0953
10155,2,2_1,0.16,0.1508,0.0864
10156,2,2_1,0.16,0.1456,0.0785
10157,2,2_1,0.16,0.0334,0.07227
10158,2,2_1,0.16,0.0763,0.0784
10159,2,2_1,0.16,0.06885,0.0819
10160,2,2_1,0.16,0.04297,0.08264
10161,2,2_1,0.16,0.07367,0.1011
10162,2,2_1,0.16,0.08856,0.0972
10163,2,2_1,0.16,0.0653,0.0869
10164,2,2_1,0.16,0.0331,0.07904
10165,2,2_1,0.16,0.04053,0.0752
10166,2,2_1,0.16,0.08417,0.1292
10167,2,2_1,0.16,0.1076,0.096
10168,2,2_1,0.16,0.02597,0.0709
10169,2,2_1,0.16,0.1282,0.08057
10170,2,2_1,0.16,0.0836,0.0927
10171,2,2_1,0.16,0.02422,0.07715
10172,2,2_1,0.16,0.0744,0.09784
10173,2,2_1,0.16,0.07086,0.0853
10174,2,2_1,0.16,0.0884,0.0966
10175,2,2_1,0.16,0.1278,0.09204
10176,2,2_1,0.16,0.05096,0.0921
10177,2,2_1,0.16,0.06635,0.08264
10178,2,2_1,0.16,0.0995,0.1158
10179,2,2_1,0.16,0.0585,0.08246
10180,2,2_1,0.16,0.1075,0.0863
10181,2,2_1,0.16,0.0643,0.0982
10182,2,2_1,0.16,0.02982,0.0748
10183,2,2_1,0.16,0.11053,0.0901
10184,2,2_1,0.16,0.1227,0.1571
10185,2,2_1,0.16,0.0471,0.08167
10186,2,2_1,0.16,0.0564,0.0849
10187,2,2_1,0.16,0.1268,0.0936
10188,2,2_1,0.16,0.07227,0.0873
10189,2,2_1,0.16,0.03458,0.076
10190,2,2_1,0.16,0.05557,0.11127
10191,2,2_1,0.16,0.0848,0.1055
10192,2,2_1,0.16,0.03207,0.0811
10193,2,2_1,0.16,0.03796,0.08435
10194,2,2_1,0.16,0.1335,0.0879
10195,2,2_1,0.16,0.141,0.09106
10196,2,2_1,0.16,0.0664,0.0847
10197,2,2_1,0.16,0.0775,0.1301
10198,2,2_1,0.16,0.1084,0.1073
10199,2,2_1,0.16,0.10046,0.1287
10200,2,2_1,0.16,0.0547,0.0888
10201,2,2_1,0.16,0.0701,0.0832
10202,2,2_1,0.16,0.0854,0.09607
10203,2,2_1,0.16,0.0857,0.07947
10204,2,2_1,0.16,0.08325,0.08746
10205,2,2_1,0.16,0.05975,0.0988
10206,2,2_1,0.16,0.1091,0.1505
10207,2,2_1,0.16,0.05844,0.09937
10208,2,2_1,0.16,0.10223,0.0866
10209,2,2_1,0.16,0.1135,0.10223
10210,2,2_1,0.16,0.06177,0.0831
10211,2,2_1,0.16,0.08325,0.087
10212,2,2_1,0.16,0.1144,0.10614
10213,2,2_1,0.16,0.03256,0.0762
10214,2,2_1,0.16,0.0691,0.09973
10215,2,2_1,0.16,0.1362,0.0886
10216,2,2_1,0.16,0.0655,0.09106
10217,2,2_1,0.16,0.08075,0.07776
10218,2,2_1,0.16,0.05435,0.08325
10219,2,2_1,0.16,0.11676,0.1293
10220,2,2_1,0.16,0.07465,0.0895
10221,2,2_1,0.16,0.1405,0.1344
10222,2,2_1,0.16,0.12463,0.0849
10223,2,2_1,0.16,0.02293,0.0734
10224,2,2_1,0.16,0.1114,0.08984
10225,2,2_1,0.16,0.1444,0.09064
10226,2,2_1,0.16,0.1476,0.1159
10227,2,2_1,0.16,0.1278,0.1533
10228,2,2_1,0.16,0.0328,0.074
10229,2,2_1,0.16,0.0898,0.1141
10230,2,2_1,0.16,0.0792,0.08984
10231,2,2_1,0.16,0.0462,0.0908
10232,2,2_1,0.16,0.1378,0.0841
10233,2,2_1,0.16,0.05884,0.1027
10234,2,2_1,0.16,0.1152,0.0984
10235,2,2_1,0.16,0.1423,0.0896
10236,2,2_1,0.16,0.1351,0.0866
10237,2,2_1,0.16,0.10205,0.1554
10238,2,2_1,0.16,0.07635,0.142
10239,2,2_1,0.16,0.06647,0.0794
10240,2,2_1,0.16,0.1242,0.0825
10241,2,2_1,0.16,0.1073,0.09235
10242,2,2_1,0.16,0.08673,0.0834
10243,2,2_1,0.16,0.09216,0.0887
10244,2,2_1,0.16,0.0352,0.0804
10245,2,2_1,0.16,0.12036,0.0803
10246,2,2_1,0.16,0.1018,0.0981
10247,2,2_1,0.16,0.1442,0.0861
10248,2,2_1,0.16,0.02315,0.0881
10249,2,2_1,0.16,0.04147,0.0863
10250,2,2_1,0.16,0.1112,0.10785
10251,2,2_1,0.16,0.1354,0.08105
10252,2,2_1,0.16,0.0474,0.0929
10253,2,2_1,0.16,0.08813,0.07556
10254,2,2_1,0.16,0.0995,0.1162
10255,2,2_1,0.16,0.1101,0.106
10256,2,2_1,0.16,0.08154,0.08057
10257,2,2_1,0.16,0.05173,0.09125
10258,2,2_1,0.16,0.1173,0.0835
10259,2,2_1,0.16,0.10645,0.0823
10260,2,2_1,0.16,0.0756,0.11456
10261,2,2_1,0.16,0.0541,0.0862
10262,2,2_1,0.16,0.1041,0.086
10263,2,2_1,0.16,0.0961,0.0841
10264,2,2_1,0.16,0.03677,0.10657
10265,2,2_1,0.16,0.1299,0.139
10266,2,2_1,0.16,0.06006,0.0918
10267,2,2_1,0.16,0.1154,0.0885
10268,2,2_1,0.16,0.0367,0.0772
10269,2,2_1,0.16,0.141,0.0922
10270,2,2_1,0.16,0.1004,0.1552
10271,2,2_1,0.16,0.10034,0.0997
10272,2,2_1,0.16,0.03464,0.0895
10273,2,2_1,0.16,0.064,0.0867
10274,2,2_1,0.16,0.0927,0.0838
10275,2,2_1,0.16,0.04355,0.082
10276,2,2_1,0.16,0.05618,0.10016
10277,2,2_1,0.16,0.08514,0.0928
10278,2,2_1,0.16,0.03653,0.0908
10279,2,2_1,0.16,0.0892,0.0806
10280,2,2_1,0.16,0.11676,0.0898
10281,2,2_1,0.16,0.07495,0.0907
10282,2,2_1,0.16,0.02817,0.1
10283,2,2_1,0.16,0.10333,0.08954
10284,2,2_1,0.16,0.1234,0.10095
10285,2,2_1,0.16,0.08673,0.0885
10286,2,2_1,0.16,0.0725,0.09515
10287,2,2_1,0.16,0.083,0.0833
10288,2,2_1,0.16,0.0962,0.085
10289,2,2_1,0.16,0.04733,0.104
10290,2,2_1,0.16,0.06866,0.10583
10291,2,2_1,0.16,0.0735,0.08435
10292,2,2_1,0.16,0.05615,0.10754
10293,2,2_1,0.16,0.0667,0.0938
10294,2,2_1,0.16,0.05862,0.0895
10295,2,2_1,0.16,0.07855,0.09906
10296,2,2_1,0.16,0.0748,0.09485
10297,2,2_1,0.16,0.0482,0.08325
10298,2,2_1,0.16,0.0932,0.1122
10299,2,2_1,0.16,0.1248,0.09076
10300,2,2_1,0.16,0.0649,0.0915
10301,2,2_1,0.16,0.0318,0.0777
10302,2,2_1,0.16,0.0434,0.1051
10303,2,2_1,0.16,0.1411,0.0821
10304,2,2_1,0.16,0.03442,0.0875
10305,2,2_1,0.16,0.03625,0.09045
10306,2,2_1,0.16,0.04547,0.1185
10307,2,2_1,0.16,0.10187,0.09033
10308,2,2_1,0.16,0.064,0.0783
10309,2,2_1,0.16,0.0921,0.1178
10310,2,2_1,0.16,0.1095,0.1103
10311,2,2_1,0.16,0.074,0.0746
10312,2,2_1,0.16,0.0776,0.1017
10313,2,2_1,0.16,0.03082,0.0717
10314,2,2_1,0.16,0.0947,0.08563
10315,2,2_1,0.16,0.08276,0.0989
10316,2,2_1,0.16,0.1307,0.07935
10317,2,2_1,0.16,0.0626,0.08563
10318,2,2_1,0.16,0.1366,0.09265
10319,2,2_1,0.16,0.12146,0.09985
10320,2,2_1,0.16,0.05307,0.091
10321,2,2_1,0.16,0.037,0.08
10322,2,2_1,0.16,0.0768,0.1256
10323,2,2_1,0.16,0.0396,0.0814
10324,2,2_1,0.16,0.0413,0.1022
10325,2,2_1,0.16,0.05267,0.09247
10326,2,2_1,0.16,0.1378,0.0948
10327,2,2_1,0.16,0.0544,0.07935
10328,2,2_1,0.16,0.0382,0.0767
10329,2,2_1,0.16,0.10913,0.1138
10330,2,2_1,0.16,0.0474,0.1012
10331,2,2_1,0.16,0.0801,0.10645
10332,2,2_1,0.16,0.1466,0.0896
10333,2,2_1,0.16,0.1484,0.0978
10334,2,2_1,0.16,0.12036,0.0943
10335,2,2_1,0.16,0.01836,0.0735
10336,2,2_1,0.16,0.1572,0.0773
10337,2,2_1,0.16,0.0656,0.08295
10338,2,2_1,0.16,0.04507,0.07745
10339,2,2_1,0.16,0.1251,0.1061
10340,2,2_1,0.16,0.08264,0.10614
10341,2,2_1,0.16,0.0295,0.0808
10342,2,2_1,0.16,0.0932,0.0849
10343,2,2_1,0.16,0.0419,0.09674
10344,2,2_1,0.16,0.0932,0.0889
10345,2,2_1,0.16,0.0833,0.1154
10346,2,2_1,0.16,0.11774,0.0947
10347,2,2_1,0.16,0.1288,0.1005
10348,2,2_1,0.16,0.08014,0.098
10349,2,2_1,0.16,0.1115,0.08575
10350,2,2_1,0.16,0.083,0.0843
10351,2,2_1,0.16,0.02101,0.07434
10352,2,2_1,0.16,0.0836,0.10425
10353,2,2_1,0.16,0.05197,0.1016
10354,2,2_1,0.16,0.04077,0.0845
10355,2,2_1,0.16,0.05856,0.1017
10356,2,2_1,0.16,0.1517,0.0981
10357,2,2_1,0.16,0.08405,0.0971
10358,2,2_1,0.16,0.04074,0.0828
10359,2,2_1,0.16,0.0979,0.12274
10360,2,2_1,0.16,0.07214,0.09503
10361,2,2_1,0.16,0.0975,0.0848
10362,2,2_1,0.16,0.1138,0.08514
10363,2,2_1,0.16,0.11414,0.0831
10364,2,2_1,0.16,0.02711,0.0711
10365,2,2_1,0.16,0.06107,0.0888
10366,2,2_1,0.16,0.0721,0.08234
10367,2,2_1,0.16,0.05695,0.08734
10368,2,2_1,0.16,0.02527,0.0787
10369,2,2_1,0.16,0.142,0.09454
10370,2,2_1,0.16,0.1088,0.0807
10371,2,2_1,0.16,0.04163,0.0735
10372,2,2_1,0.16,0.1357,0.1149
10373,2,2_1,0.16,0.1475,0.11566
10374,2,2_1,0.16,0.05377,0.079
10375,2,2_1,0.16,0.04642,0.0788
10376,2,2_1,0.16,0.1149,0.1211
10377,2,2_1,0.16,0.09625,0.086
10378,2,2_1,0.16,0.1044,0.0862
10379,2,2_1,0.16,0.1315,0.1022
10380,2,2_1,0.16,0.1449,0.0797
10381,2,2_1,0.16,0.135,0.084
10382,2,2_1,0.16,0.10626,0.0877
10383,2,2_1,0.16,0.081,0.1005
10384,2,2_1,0.16,0.08673,0.0897
10385,2,2_1,0.16,0.1192,0.09155
10386,2,2_1,0.16,0.0883,0.0878
10387,2,2_1,0.16,0.0564,0.11053
10388,2,2_1,0.16,0.1023,0.12476
10389,2,2_1,0.16,0.04858,0.0867
10390,2,2_1,0.16,0.0497,0.0789
10391,2,2_1,0.16,0.0769,0.1166
10392,2,2_1,0.16,0.02823,0.075
10393,2,2_1,0.16,0.09546,0.0886
10394,2,2_1,0.16,0.1189,0.09546
10395,2,2_1,0.16,0.09393,0.1008
10396,2,2_1,0.16,0.07025,0.0872
10397,2,2_1,0.16,0.02565,0.0921
10398,2,2_1,0.16,0.1209,0.0899
10399,2,2_1,0.16,0.09955,0.0836
10400,2,2_1,0.16,0.1292,0.0981
10401,2,2_1,0.16,0.03613,0.0829
10402,2,2_1,0.16,0.1444,0.08386
10403,2,2_1,0.16,0.12445,0.11725
10404,2,2_1,0.16,0.0638,0.0843
10405,2,2_1,0.16,0.1212,0.08057
10406,2,2_1,0.16,0.02031,0.07434
10407,2,2_1,0.16,0.147,0.11316
10408,2,2_1,0.16,0.08026,0.0833
10409,2,2_1,0.16,0.0758,0.0882
10410,2,2_1,0.16,0.1384,0.0867
10411,2,2_1,0.16,0.10675,0.09393
10412,2,2_1,0.16,0.098,0.0968
10413,2,2_1,0.16,0.1163,0.1063
10414,2,2_1,0.16,0.10767,0.09094
10415,2,2_1,0.16,0.1014,0.1108
10416,2,2_1,0.16,0.03314,0.08057
10417,2,2_1,0.16,0.1088,0.08154
10418,2,2_1,0.16,0.1348,0.0811
10419,2,2_1,0.16,0.04352,0.0783
10420,2,2_1,0.16,0.07825,0.1122
10421,2,2_1,0.16,0.1097,0.09564
10422,2,2_1,0.16,0.05237,0.1039
10423,2,2_1,0.16,0.1153,0.0832
10424,2,2_1,0.16,0.1401,0.08246
10425,2,2_1,0.16,0.09827,0.11273
10426,2,2_1,0.16,0.1186,0.1511
10427,2,2_1,0.16,0.0296,0.0846
10428,2,2_1,0.16,0.06287,0.1059
10429,2,2_1,0.16,0.0449,0.0957
10430,2,2_1,0.16,0.0862,0.0911
10431,2,2_1,0.16,0.05035,0.0896
10432,2,2_1,0.16,0.1234,0.093
10433,2,2_1,0.16,0.1176,0.1191
10434,2,2_1,0.16,0.089,0.1022
10435,2,2_1,0.16,0.06128,0.09576
10436,2,2_1,0.16,0.0358,0.09064
10437,2,2_1,0.16,0.09753,0.08655
10438,2,2_1,0.16,0.10565,0.08795
10439,2,2_1,0.16,0.10547,0.1035
10440,2,2_1,0.16,0.03885,0.07916
10441,2,2_1,0.16,0.03305,0.0792
10442,2,2_1,0.16,0.1159,0.0823
10443,2,2_1,0.16,0.11646,0.077
10444,2,2_1,0.16,0.0712,0.08905
10445,2,2_1,0.16,0.1101,0.0826
10446,2,2_1,0.16,0.10516,0.0948
10447,2,2_1,0.16,0.05902,0.08154
10448,2,2_1,0.16,0.141,0.0792
10449,2,2_1,0.16,0.119,0.0905
10450,2,2_1,0.16,0.1009,0.0791
10451,2,2_1,0.16,0.03687,0.0778
10452,2,2_1,0.16,0.1222,0.115
10453,2,2_1,0.16,0.0793,0.0945
10454,2,2_1,0.16,0.0611,0.08514
10455,2,2_1,0.16,0.1081,0.09033
10456,2,2_1,0.16,0.0556,0.0875
10457,2,2_1,0.16,0.09906,0.08154
10458,2,2_1,0.16,0.0555,0.0895
10459,2,2_1,0.16,0.1324,0.0914
10460,2,2_1,0.16,0.1268,0.08417
10461,2,2_1,0.16,0.1166,0.0838
10462,2,2_1,0.16,0.0351,0.0831
10463,2,2_1,0.16,0.04263,0.10785
10464,2,2_1,0.16,0.04514,0.0767
10465,2,2_1,0.16,0.09576,0.1074
10466,2,2_1,0.16,0.08325,0.10583
10467,2,2_1,0.16,0.075,0.1041
10468,2,2_1,0.16,0.0735,0.0782
10469,2,2_1,0.16,0.05975,0.08417
10470,2,2_1,0.16,0.08484,0.0859
10471,2,2_1,0.16,0.11487,0.09436
10472,2,2_1,0.16,0.109,0.1082
10473,2,2_1,0.16,0.08386,0.1124
10474,2,2_1,0.16,0.0783,0.10754
10475,2,2_1,0.16,0.0434,0.08875
10476,2,2_1,0.16,0.0546,0.10425
10477,2,2_1,0.16,0.148,0.0963
10478,2,2_1,0.16,0.104,0.08923
10479,2,2_1,0.16,0.11835,0.0877
10480,2,2_1,0.16,0.04398,0.07477
10481,2,2_1,0.16,0.03336,0.0752
10482,2,2_1,0.16,0.1142,0.09314
10483,2,2_1,0.16,0.0718,0.0896
10484,2,2_1,0.16,0.1445,0.09314
10485,2,2_1,0.16,0.05002,0.0861
10486,2,2_1,0.16,0.091,0.08044
10487,2,2_1,0.16,0.05328,0.09595
10488,2,2_1,0.16,0.05716,0.0959
10489,2,2_1,0.16,0.1343,0.1086
10490,2,2_1,0.16,0.1392,0.0835
10491,2,2_1,0.16,0.1475,0.08954
10492,2,2_1,0.16,0.0697,0.07733
10493,2,2_1,0.16,0.1306,0.0908
10494,2,2_1,0.16,0.0369,0.0964
10495,2,2_1,0.16,0.104,0.0828
10496,2,2_1,0.16,0.0908,0.1059
10497,2,2_1,0.16,0.02203,0.07007
10498,2,2_1,0.16,0.12317,0.0828
10499,2,2_1,0.16,0.08545,0.1172
10500,2,2_1,0.16,0.1464,0.0839
10501,2,2_1,0.16,0.03683,0.08813
10502,2,2_1,0.16,0.0777,0.09644
10503,2,2_1,0.16,0.02882,0.08716
10504,2,2_1,0.16,0.0953,0.1178
10505,2,2_1,0.16,0.1186,0.08795
10506,2,2_1,0.16,0.1432,0.08704
10507,2,2_1,0.16,0.1266,0.08307
10508,2,2_1,0.16,0.1202,0.08746
10509,2,2_1,0.16,0.1392,0.08295
10510,2,2_1,0.16,0.04837,0.0915
10511,2,2_1,0.16,0.0674,0.10223
10512,2,2_1,0.16,0.02925,0.08685
10513,2,2_1,0.16,0.12225,0.10205
10514,2,2_1,0.16,0.12195,0.0878
10515,2,2_1,0.16,0.0767,0.0902
10516,2,2_1,0.16,0.0356,0.07556
10517,2,2_1,0.16,0.0923,0.11206
10518,2,2_1,0.16,0.0914,0.0857
10519,2,2_1,0.16,0.05112,0.0918
10520,2,2_1,0.16,0.05313,0.0822
10521,2,2_1,0.16,0.04758,0.09106
10522,2,2_1,0.16,0.1324,0.0852
10523,2,2_1,0.16,0.1313,0.0787
10524,2,2_1,0.16,0.10236,0.0891
10525,2,2_1,0.16,0.04315,0.07733
10526,2,2_1,0.16,0.11,0.10455
10527,2,2_1,0.16,0.0998,0.11914
10528,2,2_1,0.16,0.03442,0.07983
10529,2,2_1,0.16,0.06476,0.11035
10530,2,2_1,0.16,0.1423,0.0819
10531,2,2_1,0.16,0.10583,0.0831
10532,2,2_1,0.16,0.0755,0.0784
10533,2,2_1,0.16,0.04282,0.1073
10534,2,2_1,0.16,0.0533,0.0798
10535,2,2_1,0.16,0.1388,0.1476
10536,2,2_1,0.16,0.1021,0.09045
10537,2,2_1,0.16,0.1118,0.0822
10538,2,2_1,0.16,0.1415,0.1013
10539,2,2_1,0.16,0.0794,0.1011
10540,2,2_1,0.16,0.05017,0.07874
10541,2,2_1,0.16,0.1051,0.08044
10542,2,2_1,0.16,0.0387,0.0785
10543,2,2_1,0.16,0.1289,0.10077
10544,2,2_1,0.16,0.0681,0.0918
10545,2,2_1,0.16,0.03017,0.0853
10546,2,2_1,0.16,0.1302,0.08124
10547,2,2_1,0.16,0.07666,0.07745
10548,2,2_1,0.16,0.0329,0.0877
10549,2,2_1,0.16,0.1318,0.12384
10550,2,2_1,0.16,0.0538,0.08
10551,2,2_1,0.16,0.1436,0.1098
10552,2,2_1,0.16,0.11395,0.08344
10553,2,2_1,0.16,0.11847,0.0891
10554,2,2_1,0.16,0.1418,0.0848
10555,2,2_1,0.16,0.03705,0.07904
10556,2,2_1,0.16,0.1415,0.0839
10557,2,2_1,0.16,0.0921,0.09467
10558,2,2_1,0.16,0.12085,0.1525
10559,2,2_1,0.16,0.0342,0.0841
10560,2,2_1,0.16,0.1091,0.107
10561,2,2_1,0.16,0.1298,0.11304
10562,2,2_1,0.16,0.057,0.0748
10563,2,2_1,0.16,0.1083,0.1035
10564,2,2_1,0.16,0.1094,0.0823
10565,2,2_1,0.16,0.04205,0.08203
10566,2,2_1,0.16,0.10583,0.1084
10567,2,2_1,0.16,0.1022,0.0846
10568,2,2_1,0.16,0.0886,0.0795
10569,2,2_1,0.16,0.1044,0.0976
10570,2,2_1,0.16,0.119,0.08575
10571,2,2_1,0.16,0.1416,0.1031
10572,2,2_1,0.16,0.04688,0.0899
10573,2,2_1,0.16,0.0624,0.0747
10574,2,2_1,0.16,0.05035,0.08856
10575,2,2_1,0.16,0.0698,0.09454
10576,2,2_1,0.16,0.12286,0.09357
10577,2,2_1,0.16,0.05203,0.0982
10578,2,2_1,0.16,0.03122,0.0717
10579,2,2_1,0.16,0.0966,0.11255
10580,2,2_1,0.16,0.0943,0.0886
10581,2,2_1,0.16,0.1086,0.1052
10582,2,2_1,0.16,0.1192,0.0876
10583,2,2_1,0.16,0.0697,0.08325
10584,2,2_1,0.16,0.1285,0.0872
10585,2,2_1,0.16,0.1109,0.0949
10586,2,2_1,0.16,0.0302,0.0719
10587,2,2_1,0.16,0.1399,0.08527
10588,2,2_1,0.16,0.03363,0.08514
10589,2,2_1,0.16,0.0649,0.09125
10590,2,2_1,0.16,0.1018,0.0774
10591,2,2_1,0.16,0.1101,0.0895
10592,2,2_1,0.16,0.06104,0.081
10593,2,2_1,0.16,0.0343,0.0874
10594,2,2_1,0.16,0.04694,0.09515
10595,2,2_1,0.16,0.1355,0.09863
10596,2,2_1,0.16,0.07465,0.09064
10597,2,2_1,0.16,0.05252,0.07745
10598,2,2_1,0.16,0.11145,0.0954
10599,2,2_1,0.16,0.04602,0.0858
10600,2,2_1,0.16,0.0946,0.08966
10601,2,2_1,0.16,0.1298,0.1154
10602,2,2_1,0.16,0.0712,0.08466
10603,2,2_1,0.16,0.02612,0.0964
10604,2,2_1,0.16,0.02226,0.0785
10605,2,2_1,0.16,0.06226,0.09717
10606,2,2_1,0.16,0.10376,0.1278
10607,2,2_1,0.16,0.1153,0.0804
10608,2,2_1,0.16,0.059,0.0871
10609,2,2_1,0.16,0.066,0.0905
10610,2,2_1,0.16,0.1283,0.10486
10611,2,2_1,0.16,0.10583,0.0817
10612,2,2_1,0.16,0.0843,0.09973
10613,2,2_1,0.16,0.1448,0.09174
10614,2,2_1,0.16,0.1373,0.09186
10615,2,2_1,0.16,0.1138,0.10913
10616,2,2_1,0.16,0.10645,0.11096
10617,2,2_1,0.16,0.0706,0.0788
10618,2,2_1,0.16,0.08527,0.1364
10619,2,2_1,0.16,0.1037,0.0811
10620,2,2_1,0.16,0.09174,0.0875
10621,2,2_1,0.16,0.0891,0.08154
10622,2,2_1,0.16,0.1145,0.0856
10623,2,2_1,0.16,0.1029,0.1083
10624,2,2_1,0.16,0.0844,0.07794
10625,2,2_1,0.16,0.06104,0.07935
10626,2,2_1,0.16,0.1245,0.1355
10627,2,2_1,0.16,0.0662,0.12195
10628,2,2_1,0.16,0.0815,0.1047
10629,2,2_1,0.16,0.08496,0.0795
10630,2,2_1,0.16,0.1099,0.08374
10631,2,2_1,0.16,0.135,0.0833
10632,2,2_1,0.16,0.1063,0.08795
10633,2,2_1,0.16,0.1023,0.09607
10634,2,2_1,0.16,0.1532,0.0908
10635,2,2_1,0.16,0.0319,0.0717
10636,2,2_1,0.16,0.1182,0.0884
10637,2,2_1,0.16,0.1143,0.08795
10638,2,2_1,0.16,0.11816,0.10016
10639,2,2_1,0.16,0.03235,0.0772
10640,2,2_1,0.16,0.0828,0.07764
10641,2,2_1,0.16,0.054,0.084
10642,2,2_1,0.16,0.123,0.078
10643,2,2_1,0.16,0.1165,0.0814
10644,2,2_1,0.16,0.11694,0.1105
10645,2,2_1,0.16,0.06018,0.09766
10646,2,2_1,0.16,0.0855,0.0825
10647,2,2_1,0.16,0.1225,0.08405
10648,2,2_1,0.16,0.108,0.08356
10649,2,2_1,0.16,0.05664,0.08405
10650,2,2_1,0.16,0.143,0.0838
10651,2,2_1,0.16,0.1259,0.1469
10652,2,2_1,0.16,0.05423,0.0937
10653,2,2_1,0.16,0.1299,0.09186
10654,2,2_1,0.16,0.05484,0.10736
10655,2,2_1,0.16,0.05643,0.09656
10656,2,2_1,0.16,0.05682,0.0893
10657,2,2_1,0.16,0.06085,0.08325
10658,2,2_1,0.16,0.13,0.11084
10659,2,2_1,0.16,0.1073,0.119
10660,2,2_1,0.16,0.0492,0.0771
10661,2,2_1,0.16,0.0728,0.08936
10662,2,2_1,0.16,0.06915,0.1015
10663,2,2_1,0.16,0.1259,0.1853
10664,2,2_1,0.16,0.10895,0.0885
10665,2,2_1,0.16,0.02527,0.0717
10666,2,2_1,0.16,0.04196,0.08484
10667,2,2_1,0.16,0.05923,0.0911
10668,2,2_1,0.16,0.07043,0.0824
10669,2,2_1,0.16,0.09406,0.1049
10670,2,2_1,0.16,0.08856,0.0976
10671,2,2_1,0.16,0.11194,0.1081
10672,2,2_1,0.16,0.10455,0.075
10673,2,2_1,0.16,0.1067,0.0765
10674,2,2_1,0.16,0.08453,0.0916
10675,2,2_1,0.16,0.0594,0.109
10676,2,2_1,0.16,0.0383,0.09485
10677,2,2_1,0.16,0.04074,0.0805
10678,2,2_1,0.16,0.02814,0.0761
10679,2,2_1,0.16,0.1316,0.10114
10680,2,2_1,0.16,0.088,0.096
10681,2,2_1,0.16,0.1287,0.08734
10682,2,2_1,0.16,0.1143,0.1134
10683,2,2_1,0.16,0.075,0.0988
10684,2,2_1,0.16,0.0424,0.0889
10685,2,2_1,0.16,0.08704,0.1025
10686,2,2_1,0.16,0.0483,0.08405
10687,2,2_1,0.16,0.1121,0.0871
10688,2,2_1,0.16,0.09814,0.09094
10689,2,2_1,0.16,0.0857,0.08887
10690,2,2_1,0.16,0.1233,0.08795
10691,2,2_1,0.16,0.06586,0.09064
10692,2,2_1,0.16,0.1035,0.1317
10693,2,2_1,0.16,0.04114,0.0818
10694,2,2_1,0.16,0.05112,0.0847
10695,2,2_1,0.16,0.06464,0.128
10696,2,2_1,0.16,0.0748,0.0764
10697,2,2_1,0.16,0.1149,0.09985
10698,2,2_1,0.16,0.1005,0.0926
10699,2,2_1,0.16,0.04376,0.07605
10700,2,2_1,0.16,0.0936,0.08606
10701,2,2_1,0.16,0.1411,0.0884
10702,2,2_1,0.16,0.10095,0.0897
10703,2,2_1,0.16,0.06805,0.0838
10704,2,2_1,0.16,0.0561,0.0898
10705,2,2_1,0.16,0.0467,0.07965
10706,2,2_1,0.16,0.0917,0.1031
10707,2,2_1,0.16,0.11005,0.0817
10708,2,2_1,0.16,0.126,0.0973
10709,2,2_1,0.16,0.1344,0.0888
10710,2,2_1,0.16,0.1487,0.08575
10711,2,2_1,0.16,0.12396,0.12146
10712,2,2_1,0.16,0.10004,0.08936
10713,2,2_1,0.16,0.11914,0.0775
10714,2,2_1,0.16,0.134,0.08215
10715,2,2_1,0.16,0.1252,0.0842
10716,2,2_1,0.16,0.06976,0.08356
10717,2,2_1,0.16,0.0787,0.092
10718,2,2_1,0.16,0.1141,0.1018
10719,2,2_1,0.16,0.1393,0.0858
10720,2,2_1,0.16,0.12335,0.1179
10721,2,2_1,0.16,0.05148,0.0995
10722,2,2_1,0.16,0.05478,0.0922
10723,2,2_1,0.16,0.096,0.0958
10724,2,2_1,0.16,0.05496,0.0889
10725,2,2_1,0.16,0.02893,0.07404
10726,2,2_1,0.16,0.08575,0.08936
10727,2,2_1,0.16,0.05804,0.0783
10728,2,2_1,0.16,0.08575,0.0961
10729,2,2_1,0.16,0.0452,0.09076
10730,2,2_1,0.16,0.02977,0.078
10731,2,2_1,0.16,0.1357,0.0969
10732,2,2_1,0.16,0.06915,0.0903
10733,2,2_1,0.16,0.0859,0.0848
10734,2,2_1,0.16,0.1134,0.08795
10735,2,2_1,0.16,0.138,0.09
10736,2,2_1,0.16,0.1051,0.11237
10737,2,2_1,0.16,0.0772,0.09454
10738,2,2_1,0.16,0.1549,0.0837
10739,2,2_1,0.16,0.1296,0.0945
10740,2,2_1,0.16,0.07587,0.0998
10741,2,2_1,0.16,0.0715,0.0795
10742,2,2_1,0.16,0.1166,0.08154
10743,2,2_1,0.16,0.0553,0.088
10744,2,2_1,0.16,0.0565,0.0775
10745,2,2_1,0.16,0.05362,0.0925
10746,2,2_1,0.16,0.07166,0.0831
10747,2,2_1,0.16,0.07056,0.08966
10748,2,2_1,0.16,0.02962,0.08655
10749,2,2_1,0.16,0.1216,0.0862
10750,2,2_1,0.16,0.09186,0.1022
10751,2,2_1,0.16,0.1167,0.08203
10752,2,2_1,0.16,0.12164,0.09
10753,2,2_1,0.16,0.1204,0.0862
10754,2,2_1,0.16,0.1418,0.11163
10755,2,2_1,0.16,0.0993,0.08954
10756,2,2_1,0.16,0.03708,0.07385
10757,2,2_1,0.16,0.11505,0.09906
10758,2,2_1,0.16,0.1511,0.07965
10759,2,2_1,0.16,0.1312,0.128
10760,2,2_1,0.16,0.1009,0.09076
10761,2,2_1,0.16,0.04175,0.08203
10762,2,2_1,0.16,0.0933,0.07495
10763,2,2_1,0.16,0.04202,0.0741
10764,2,2_1,0.16,0.1122,0.088
10765,2,2_1,0.16,0.08716,0.1052
10766,2,2_1,0.16,0.071,0.0992
10767,2,2_1,0.16,0.04535,0.0975
10768,2,2_1,0.16,0.04758,0.0909
10769,2,2_1,0.16,0.02383,0.08795
10770,2,2_1,0.16,0.0937,0.08453
10771,2,2_1,0.16,0.1193,0.1028
10772,2,2_1,0.16,0.0829,0.0791
10773,2,2_1,0.16,0.05435,0.0797
10774,2,2_1,0.16,0.0941,0.087
10775,2,2_1,0.16,0.06198,0.07715
10776,2,2_1,0.16,0.1033,0.10114
10777,2,2_1,0.16,0.1131,0.0938
10778,2,2_1,0.16,0.09503,0.1103
10779,2,2_1,0.16,0.1387,0.1626
10780,2,2_1,0.16,0.09546,0.1027
10781,2,2_1,0.16,0.08203,0.0986
10782,2,2_1,0.16,0.10535,0.08685
10783,2,2_1,0.16,0.1187,0.0913
10784,2,2_1,0.16,0.0719,0.10394
10785,2,2_1,0.16,0.0833,0.0974
10786,2,2_1,0.16,0.08545,0.1
10787,2,2_1,0.16,0.1227,0.0823
10788,2,2_1,0.16,0.1003,0.088
10789,2,2_1,0.16,0.03995,0.0903
10790,2,2_1,0.16,0.03323,0.0824
10791,2,2_1,0.16,0.0678,0.0951
10792,2,2_1,0.16,0.0562,0.0844
10793,2,2_1,0.16,0.0559,0.0771
10794,2,2_1,0.16,0.0489,0.1002
10795,2,2_1,0.16,0.04596,0.0801
10796,2,2_1,0.16,0.05746,0.08276
10797,2,2_1,0.16,0.04938,0.11725
10798,2,2_1,0.16,0.05826,0.08563
10799,2,2_1,0.16,0.1482,0.0849
10800,2,2_1,0.16,0.1055,0.0923
10801,2,2_1,0.16,0.0429,0.0825
10802,2,2_1,0.16,0.10846,0.09766
10803,2,2_1,0.16,0.1313,0.1065
10804,2,2_1,0.16,0.11163,0.1029
10805,2,2_1,0.16,0.1103,0.12286
10806,2,2_1,0.16,0.1445,0.0858
10807,2,2_1,0.16,0.0907,0.0894
10808,2,2_1,0.16,0.1373,0.08234
10809,2,2_1,0.16,0.08405,0.1226
10810,2,2_1,0.16,0.02638,0.0947
10811,2,2_1,0.16,0.1488,0.07733
10812,2,2_1,0.16,0.0684,0.08105
10813,2,2_1,0.16,0.11163,0.08453
10814,2,2_1,0.16,0.11475,0.09546
10815,2,2_1,0.16,0.0727,0.0801
10816,2,2_1,0.16,0.07404,0.1099
10817,2,2_1,0.16,0.0999,0.0919
10818,2,2_1,0.16,0.04694,0.0834
10819,2,2_1,0.16,0.1251,0.1246
10820,2,2_1,0.16,0.09845,0.1012
10821,2,2_1,0.16,0.1031,0.0951
10822,2,2_1,0.16,0.0992,0.1131
10823,2,2_1,0.16,0.0746,0.0862
10824,2,2_1,0.16,0.04037,0.076
10825,2,2_1,0.16,0.06616,0.0884
10826,2,2_1,0.16,0.128,0.0938
10827,2,2_1,0.16,0.07086,0.10016
10828,2,2_1,0.16,0.06058,0.104
10829,2,2_1,0.16,0.04703,0.1028
10830,2,2_1,0.16,0.1189,0.0916
10831,2,2_1,0.16,0.1177,0.0816
10832,2,2_1,0.16,0.08026,0.0856
10833,2,2_1,0.16,0.1296,0.09424
10834,2,2_1,0.16,0.02655,0.09094
10835,2,2_1,0.16,0.1357,0.1058
10836,2,2_1,0.16,0.0691,0.08575
10837,2,2_1,0.16,0.0918,0.1175
10838,2,2_1,0.16,0.0369,0.0837
10839,2,2_1,0.16,0.1017,0.10236
10840,2,2_1,0.16,0.11084,0.08417
10841,2,2_1,0.16,0.02829,0.0773
10842,2,2_1,0.16,0.04868,0.09204
10843,2,2_1,0.16,0.1036,0.0874
10844,2,2_1,0.16,0.0523,0.0876
10845,2,2_1,0.16,0.128,0.0817
10846,2,2_1,0.16,0.0864,0.0951
10847,2,2_1,0.16,0.09863,0.09845
10848,2,2_1,0.16,0.04822,0.09564
10849,2,2_1,0.16,0.03665,0.0791
10850,2,2_1,0.16,0.03546,0.0926
10851,2,2_1,0.16,0.0809,0.0808
10852,2,2_1,0.16,0.11084,0.0919
10853,2,2_1,0.16,0.0633,0.0746
10854,2,2_1,0.16,0.04633,0.09106
10855,2,2_1,0.16,0.1189,0.11066
10856,2,2_1,0.16,0.06696,0.0901
10857,2,2_1,0.16,0.0661,0.0902
10858,2,2_1,0.16,0.134,0.08295
10859,2,2_1,0.16,0.10754,0.1087
10860,2,2_1,0.16,0.11664,0.12244
10861,2,2_1,0.16,0.1098,0.0841
10862,2,2_1,0.16,0.0817,0.0906
10863,2,2_1,0.16,0.0969,0.08344
10864,2,2_1,0.16,0.08356,0.09174
10865,2,2_1,0.16,0.03622,0.0866
10866,2,2_1,0.16,0.07715,0.1129
10867,2,2_1,0.16,0.11884,0.1066
10868,2,2_1,0.16,0.05304,0.0857
10869,2,2_1,0.16,0.1111,0.09796
10870,2,2_1,0.16,0.0864,0.08344
10871,2,2_1,0.16,0.07635,0.0844
10872,2,2_1,0.16,0.1322,0.0895
10873,2,2_1,0.16,0.06287,0.08636
10874,2,2_1,0.16,0.1123,0.10956
10875,2,2_1,0.16,0.1294,0.0855
10876,2,2_1,0.16,0.08276,0.1161
10877,2,2_1,0.16,0.08295,0.08685
10878,2,2_1,0.16,0.1022,0.0812
10879,2,2_1,0.16,0.08685,0.0851
10880,2,2_1,0.16,0.145,0.0917
10881,2,2_1,0.16,0.06714,0.0982
10882,2,2_1,0.16,0.0993,0.10754
10883,2,2_1,0.16,0.1309,0.0794
10884,2,2_1,0.16,0.09595,0.1044
10885,2,2_1,0.16,0.05765,0.0883
10886,2,2_1,0.16,0.1478,0.1095
10887,2,2_1,0.16,0.0965,0.0897
10888,2,2_1,0.16,0.1266,0.08826
10889,2,2_1,0.16,0.11,0.0922
10890,2,2_1,0.16,0.01749,0.07745
10891,2,2_1,0.16,0.06995,0.0744
10892,2,2_1,0.16,0.1311,0.09143
10893,2,2_1,0.16,0.06665,0.1158
10894,2,2_1,0.16,0.1086,0.0754
10895,2,2_1,0.16,0.10284,0.0788
10896,2,2_1,0.16,0.0738,0.1103
10897,2,2_1,0.16,0.05066,0.07794
10898,2,2_1,0.16,0.1323,0.07965
10899,2,2_1,0.16,0.0984,0.1091
10900,2,2_1,0.16,0.0832,0.1322
10901,2,2_1,0.16,0.04105,0.0892
10902,2,2_1,0.16,0.0835,0.0998
10903,2,2_1,0.16,0.09265,0.0921
10904,2,2_1,0.16,0.09625,0.0947
10905,2,2_1,0.16,0.1401,0.0936
10906,2,2_1,0.16,0.08704,0.0884
10907,2,2_1,0.16,0.0745,0.0916
10908,2,2_1,0.16,0.0838,0.1095
10909,2,2_1,0.16,0.0959,0.1185
10910,2,2_1,0.16,0.0931,0.1124
10911,2,2_1,0.16,0.07715,0.0795
10912,2,2_1,0.16,0.11554,0.1001
10913,2,2_1,0.16,0.1456,0.10986
10914,2,2_1,0.16,0.02798,0.07294
10915,2,2_1,0.16,0.1166,0.0881
10916,2,2_1,0.16,0.05832,0.082
10917,2,2_1,0.16,0.1345,0.08606
10918,2,2_1,0.16,0.05774,0.08344
10919,2,2_1,0.16,0.06573,0.089
10920,2,2_1,0.16,0.04758,0.07587
10921,2,2_1,0.16,0.1454,0.0873
10922,2,2_1,0.16,0.04532,0.0737
10923,2,2_1,0.16,0.0968,0.08417
10924,2,2_1,0.16,0.1536,0.0838
10925,2,2_1,0.16,0.0974,0.08325
10926,2,2_1,0.16,0.0635,0.0825
10927,2,2_1,0.16,0.05322,0.08905
10928,2,2_1,0.16,0.06094,0.097
10929,2,2_1,0.16,0.1063,0.08905
10930,2,2_1,0.16,0.0859,0.0899
10931,2,2_1,0.16,0.12115,0.08936
10932,2,2_1,0.16,0.02202,0.1262
10933,2,2_1,0.16,0.129,0.08014
10934,2,2_1,0.16,0.08264,0.0933
10935,2,2_1,0.16,0.11536,0.08374
10936,2,2_1,0.16,0.084,0.08154
10937,2,2_1,0.16,0.1207,0.08563
10938,2,2_1,0.16,0.05292,0.07947
10939,2,2_1,0.16,0.07086,0.0921
10940,2,2_1,0.16,0.1311,0.1103
10941,2,2_1,0.16,0.08905,0.09106
10942,2,2_1,0.16,0.066,0.095
10943,2,2_1,0.16,0.03568,0.09406
10944,2,2_1,0.16,0.133,0.0948
10945,2,2_1,0.16,0.1028,0.07806
10946,2,2_1,0.16,0.04337,0.09814
10947,2,2_1,0.16,0.109,0.0889
10948,2,2_1,0.16,0.08765,0.1055
10949,2,2_1,0.16,0.02843,0.07404
10950,2,2_1,0.16,0.10834,0.09656
10951,2,2_1,0.16,0.04434,0.07556
10952,2,2_1,0.16,0.0616,0.11346
10953,2,2_1,0.16,0.05972,0.08844
10954,2,2_1,0.16,0.1299,0.0942
10955,2,2_1,0.16,0.045,0.10034
10956,2,2_1,0.16,0.1271,0.1126
10957,2,2_1,0.16,0.0424,0.0751
10958,2,2_1,0.16,0.1451,0.08136
10959,2,2_1,0.16,0.1442,0.09216
10960,2,2_1,0.16,0.1263,0.1199
10961,2,2_1,0.16,0.1387,0.0964
10962,2,2_1,0.16,0.0736,0.1055
10963,2,2_1,0.16,0.125,0.0915
10964,2,2_1,0.16,0.0379,0.099
10965,2,2_1,0.16,0.08185,0.09186
10966,2,2_1,0.16,0.1555,0.09717
10967,2,2_1,0.16,0.0966,0.0789
10968,2,2_1,0.16,0.1394,0.1111
10969,2,2_1,0.16,0.09314,0.0811
10970,2,2_1,0.16,0.15,0.093
10971,2,2_1,0.16,0.0583,0.0777
10972,2,2_1,0.16,0.0724,0.0781
10973,2,2_1,0.16,0.152,0.0972
10974,2,2_1,0.16,0.04224,0.09534
10975,2,2_1,0.16,0.1421,0.08527
10976,2,2_1,0.16,0.0637,0.0806
10977,2,2_1,0.16,0.0449,0.0956
10978,2,2_1,0.16,0.03662,0.09717
10979,2,2_1,0.16,0.114,0.08075
10980,2,2_1,0.16,0.093,0.07355
10981,2,2_1,0.16,0.0587,0.0862
10982,2,2_1,0.16,0.0766,0.09503
10983,2,2_1,0.16,0.0871,0.09155
10984,2,2_1,0.16,0.1036,0.0826
10985,2,2_1,0.16,0.0447,0.0822
10986,2,2_1,0.16,0.10474,0.07855
10987,2,2_1,0.16,0.1389,0.07764
10988,2,2_1,0.16,0.1335,0.08655
10989,2,2_1,0.16,0.0724,0.0943
10990,2,2_1,0.16,0.02736,0.0754
10991,2,2_1,0.16,0.1248,0.0938
10992,2,2_1,0.16,0.1197,0.1067
10993,2,2_1,0.16,0.10315,0.0857
10994,2,2_1,0.16,0.1254,0.0868
10995,2,2_1,0.16,0.09607,0.08185
10996,2,2_1,0.16,0.04153,0.082
10997,2,2_1,0.16,0.0497,0.0946
10998,2,2_1,0.16,0.0788,0.09985
10999,2,2_1,0.16,0.1061,0.08514
11000,2,2_1,0.24,0.1405,0.1257
11001,2,2_1,0.24,0.1812,0.1271
11002,2,2_1,0.24,0.1178,0.1197
11003,2,2_1,0.24,0.08856,0.0989
11004,2,2_1,0.24,0.1619,0.1586
11005,2,2_1,0.24,0.09235,0.0934
11006,2,2_1,0.24,0.0848,0.1672
11007,2,2_1,0.24,0.1741,0.091
11008,2,2_1,0.24,0.1582,0.0823
11009,2,2_1,0.24,0.1533,0.131
11010,2,2_1,0.24,0.1594,0.12476
11011,2,2_1,0.24,0.0915,0.08215
11012,2,2_1,0.24,0.1456,0.08984
11013,2,2_1,0.24,0.1039,0.1027
11014,2,2_1,0.24,0.1785,0.1019
11015,2,2_1,0.24,0.1901,0.1656
11016,2,2_1,0.24,0.1259,0.1044
11017,2,2_1,0.24,0.08594,0.0865
11018,2,2_1,0.24,0.1815,0.0899
11019,2,2_1,0.24,0.1829,0.10315
11020,2,2_1,0.24,0.1803,0.1337
11021,2,2_1,0.24,0.1318,0.1151
11022,2,2_1,0.24,0.1603,0.1126
11023,2,2_1,0.24,0.09375,0.0846
11024,2,2_1,0.24,0.05768,0.0965
11025,2,2_1,0.24,0.138,0.0988
11026,2,2_1,0.24,0.126,0.10254
11027,2,2_1,0.24,0.10913,0.11847
11028,2,2_1,0.24,0.1516,0.11237
11029,2,2_1,0.24,0.0672,0.1198
11030,2,2_1,0.24,0.0808,0.0989
11031,2,2_1,0.24,0.0544,0.08234
11032,2,2_1,0.24,0.01825,0.0889
11033,2,2_1,0.24,0.1654,0.10547
11034,2,2_1,0.24,0.03577,0.08514
11035,2,2_1,0.24,0.0611,0.1015
11036,2,2_1,0.24,0.161,0.08966
11037,2,2_1,0.24,0.1969,0.08527
11038,2,2_1,0.24,0.2201,0.10187
11039,2,2_1,0.24,0.1421,0.1962
11040,2,2_1,0.24,0.1499,0.0797
11041,2,2_1,0.24,0.06012,0.0914
11042,2,2_1,0.24,0.1482,0.0963
11043,2,2_1,0.24,0.207,0.11383
11044,2,2_1,0.24,0.0747,0.12494
11045,2,2_1,0.24,0.1263,0.1117
11046,2,2_1,0.24,0.02835,0.0809
11047,2,2_1,0.24,0.1564,0.0943
11048,2,2_1,0.24,0.02351,0.0747
11049,2,2_1,0.24,0.0939,0.07996
11050,2,2_1,0.24,0.12286,0.0966
11051,2,2_1,0.24,0.10236,0.10944
11052,2,2_1,0.24,0.11945,0.1109
11053,2,2_1,0.24,0.1622,0.0928
11054,2,2_1,0.24,0.11865,0.12115
11055,2,2_1,0.24,0.186,0.1953
11056,2,2_1,0.24,0.1407,0.12274
11057,2,2_1,0.24,0.1824,0.0962
11058,2,2_1,0.24,0.2119,0.09875
11059,2,2_1,0.24,0.1909,0.0987
11060,2,2_1,0.24,0.1847,0.1072
11061,2,2_1,0.24,0.12244,0.0991
11062,2,2_1,0.24,0.1992,0.0825
11063,2,2_1,0.24,0.1766,0.09125
11064,2,2_1,0.24,0.0751,0.10016
11065,2,2_1,0.24,0.1772,0.0936
11066,2,2_1,0.24,0.0454,0.1028
11067,2,2_1,0.24,0.07904,0.13
11068,2,2_1,0.24,0.2228,0.0955
11069,2,2_1,0.24,0.1214,0.1053
11070,2,2_1,0.24,0.1306,0.0909
11071,2,2_1,0.24,0.1335,0.09705
11072,2,2_1,0.24,0.1626,0.0947
11073,2,2_1,0.24,0.115,0.1442
11074,2,2_1,0.24,0.1857,0.09125
11075,2,2_1,0.24,0.1415,0.1565
11076,2,2_1,0.24,0.0708,0.0818
11077,2,2_1,0.24,0.181,0.10254
11078,2,2_1,0.24,0.171,0.0982
11079,2,2_1,0.24,0.1952,0.1126
11080,2,2_1,0.24,0.1833,0.1083
11081,2,2_1,0.24,0.08594,0.116
11082,2,2_1,0.24,0.1981,0.142
11083,2,2_1,0.24,0.1305,0.08356
11084,2,2_1,0.24,0.1779,0.2441
11085,2,2_1,0.24,0.143,0.1322
11086,2,2_1,0.24,0.1581,0.0815
11087,2,2_1,0.24,0.1418,0.1311
11088,2,2_1,0.24,0.2217,0.10254
11089,2,2_1,0.24,0.08997,0.10223
11090,2,2_1,0.24,0.0877,0.09503
11091,2,2_1,0.24,0.1466,0.1141
11092,2,2_1,0.24,0.1509,0.10596
11093,2,2_1,0.24,0.2118,0.10114
11094,2,2_1,0.24,0.1127,0.1642
11095,2,2_1,0.24,0.1831,0.08685
11096,2,2_1,0.24,0.1406,0.08563
11097,2,2_1,0.24,0.2098,0.1283
11098,2,2_1,0.24,0.1437,0.1047
11099,2,2_1,0.24,0.1814,0.0815
11100,2,2_1,0.24,0.06976,0.10785
11101,2,2_1,0.24,0.1279,0.09125
11102,2,2_1,0.24,0.1785,0.1247
11103,2,2_1,0.24,0.2247,0.1159
11104,2,2_1,0.24,0.09045,0.0872
11105,2,2_1,0.24,0.05743,0.0794
11106,2,2_1,0.24,0.1617,0.121
11107,2,2_1,0.24,0.0856,0.1131
11108,2,2_1,0.24,0.01659,0.0856
11109,2,2_1,0.24,0.03143,0.09814
11110,2,2_1,0.24,0.034,0.08435
11111,2,2_1,0.24,0.1622,0.09503
11112,2,2_1,0.24,0.217,0.1648
11113,2,2_1,0.24,0.1858,0.096
11114,2,2_1,0.24,0.10535,0.09827
11115,2,2_1,0.24,0.1532,0.1063
11116,2,2_1,0.24,0.187,0.10614
11117,2,2_1,0.24,0.1549,0.1344
11118,2,2_1,0.24,0.1025,0.08636
11119,2,2_1,0.24,0.05038,0.093
11120,2,2_1,0.24,0.10284,0.08203
11121,2,2_1,0.24,0.09106,0.1149
11122,2,2_1,0.24,0.05173,0.13
11123,2,2_1,0.24,0.09717,0.1057
11124,2,2_1,0.24,0.1464,0.09344
11125,2,2_1,0.24,0.1608,0.11774
11126,2,2_1,0.24,0.02873,0.1069
11127,2,2_1,0.24,0.1799,0.08496
11128,2,2_1,0.24,0.03464,0.0955
11129,2,2_1,0.24,0.1849,0.09204
11130,2,2_1,0.24,0.2109,0.08954
11131,2,2_1,0.24,0.1873,0.1033
11132,2,2_1,0.24,0.176,0.0844
11133,2,2_1,0.24,0.04483,0.0936
11134,2,2_1,0.24,0.11273,0.1294
11135,2,2_1,0.24,0.08264,0.1233
11136,2,2_1,0.24,0.07666,0.0886
11137,2,2_1,0.24,0.1265,0.0932
11138,2,2_1,0.24,0.2255,0.1501
11139,2,2_1,0.24,0.03574,0.1054
11140,2,2_1,0.24,0.1382,0.1241
11141,2,2_1,0.24,0.14,0.1649
11142,2,2_1,0.24,0.1853,0.08167
11143,2,2_1,0.24,0.0463,0.08875
11144,2,2_1,0.24,0.02425,0.0862
11145,2,2_1,0.24,0.06445,0.08844
11146,2,2_1,0.24,0.04156,0.0814
11147,2,2_1,0.24,0.1893,0.0975
11148,2,2_1,0.24,0.1858,0.08777
11149,2,2_1,0.24,0.1572,0.0867
11150,2,2_1,0.24,0.1997,0.10986
11151,2,2_1,0.24,0.0693,0.1228
11152,2,2_1,0.24,0.1329,0.1184
11153,2,2_1,0.24,0.0882,0.09204
11154,2,2_1,0.24,0.10846,0.1097
11155,2,2_1,0.24,0.1482,0.12494
11156,2,2_1,0.24,0.0394,0.0899
11157,2,2_1,0.24,0.0902,0.1049
11158,2,2_1,0.24,0.1876,0.11584
11159,2,2_1,0.24,0.04663,0.09485
11160,2,2_1,0.24,0.1417,0.1978
11161,2,2_1,0.24,0.1603,0.10034
11162,2,2_1,0.24,0.1599,0.09503
11163,2,2_1,0.24,0.2092,0.1218
11164,2,2_1,0.24,0.1709,0.11975
11165,2,2_1,0.24,0.1606,0.1024
11166,2,2_1,0.24,0.1876,0.09314
11167,2,2_1,0.24,0.0684,0.1261
11168,2,2_1,0.24,0.1092,0.095
11169,2,2_1,0.24,0.0426,0.118
11170,2,2_1,0.24,0.0324,0.0954
11171,2,2_1,0.24,0.1824,0.08514
11172,2,2_1,0.24,0.1974,0.09564
11173,2,2_1,0.24,0.10944,0.1445
11174,2,2_1,0.24,0.193,0.1052
11175,2,2_1,0.24,0.1494,0.11285
11176,2,2_1,0.24,0.04398,0.10815
11177,2,2_1,0.24,0.1691,0.1267
11178,2,2_1,0.24,0.178,0.09625
11179,2,2_1,0.24,0.206,0.0985
11180,2,2_1,0.24,0.12164,0.08527
11181,2,2_1,0.24,0.06824,0.11005
11182,2,2_1,0.24,0.1863,0.0822
11183,2,2_1,0.24,0.0993,0.0863
11184,2,2_1,0.24,0.05447,0.11053
11185,2,2_1,0.24,0.1871,0.09644
11186,2,2_1,0.24,0.2034,0.1087
11187,2,2_1,0.24,0.0672,0.08624
11188,2,2_1,0.24,0.12396,0.0834
11189,2,2_1,0.24,0.0767,0.08276
11190,2,2_1,0.24,0.0637,0.0946
11191,2,2_1,0.24,0.2129,0.12225
11192,2,2_1,0.24,0.2198,0.10516
11193,2,2_1,0.24,0.2163,0.103
11194,2,2_1,0.24,0.06573,0.0965
11195,2,2_1,0.24,0.1804,0.0883
11196,2,2_1,0.24,0.04544,0.0711
11197,2,2_1,0.24,0.1981,0.1444
11198,2,2_1,0.24,0.05847,0.0829
11199,2,2_1,0.24,0.2062,0.08606
11200,2,2_1,0.24,0.1528,0.11926
11201,2,2_1,0.24,0.05164,0.0784
11202,2,2_1,0.24,0.216,0.10065
11203,2,2_1,0.24,0.07935,0.1087
11204,2,2_1,0.24,0.1462,0.0876
11205,2,2_1,0.24,0.0953,0.0802
11206,2,2_1,0.24,0.0736,0.114
11207,2,2_1,0.24,0.2269,0.0859
11208,2,2_1,0.24,0.0532,0.1043
11209,2,2_1,0.24,0.135,0.1065
11210,2,2_1,0.24,0.08826,0.0915
11211,2,2_1,0.24,0.1306,0.10614
11212,2,2_1,0.24,0.1558,0.1093
11213,2,2_1,0.24,0.03363,0.0772
11214,2,2_1,0.24,0.1498,0.1226
11215,2,2_1,0.24,0.0881,0.0884
11216,2,2_1,0.24,0.04706,0.1034
11217,2,2_1,0.24,0.127,0.09515
11218,2,2_1,0.24,0.1836,0.1162
11219,2,2_1,0.24,0.03653,0.08875
11220,2,2_1,0.24,0.1398,0.093
11221,2,2_1,0.24,0.1783,0.1044
11222,2,2_1,0.24,0.1783,0.0811
11223,2,2_1,0.24,0.08466,0.1095
11224,2,2_1,0.24,0.03464,0.08856
11225,2,2_1,0.24,0.1976,0.08954
11226,2,2_1,0.24,0.1562,0.117
11227,2,2_1,0.24,0.1349,0.0826
11228,2,2_1,0.24,0.1637,0.0832
11229,2,2_1,0.24,0.0865,0.1571
11230,2,2_1,0.24,0.1288,0.1108
11231,2,2_1,0.24,0.0845,0.09827
11232,2,2_1,0.24,0.08246,0.1152
11233,2,2_1,0.24,0.0346,0.09827
11234,2,2_1,0.24,0.12366,0.0844
11235,2,2_1,0.24,0.11993,0.0983
11236,2,2_1,0.24,0.121,0.094
11237,2,2_1,0.24,0.22,0.1059
11238,2,2_1,0.24,0.2026,0.1389
11239,2,2_1,0.24,0.125,0.1488
11240,2,2_1,0.24,0.06158,0.09314
11241,2,2_1,0.24,0.1945,0.0864
11242,2,2_1,0.24,0.05792,0.1153
11243,2,2_1,0.24,0.2052,0.0994
11244,2,2_1,0.24,0.1073,0.10236
11245,2,2_1,0.24,0.1052,0.1053
11246,2,2_1,0.24,0.1818,0.1594
11247,2,2_1,0.24,0.11096,0.08685
11248,2,2_1,0.24,0.0976,0.162
11249,2,2_1,0.24,0.0655,0.09863
11250,2,2_1,0.24,0.1049,0.11163
11251,2,2_1,0.24,0.1887,0.1041
11252,2,2_1,0.24,0.1464,0.1161
11253,2,2_1,0.24,0.2079,0.09894
11254,2,2_1,0.24,0.0613,0.0875
11255,2,2_1,0.24,0.1548,0.08624
11256,2,2_1,0.24,0.2151,0.0911
11257,2,2_1,0.24,0.175,0.093
11258,2,2_1,0.24,0.02629,0.1085
11259,2,2_1,0.24,0.02776,0.0888
11260,2,2_1,0.24,0.0925,0.11084
11261,2,2_1,0.24,0.0989,0.09326
11262,2,2_1,0.24,0.07104,0.1048
11263,2,2_1,0.24,0.1547,0.094
11264,2,2_1,0.24,0.0753,0.096
11265,2,2_1,0.24,0.2047,0.2515
11266,2,2_1,0.24,0.0184,0.0907
11267,2,2_1,0.24,0.11707,0.1387
11268,2,2_1,0.24,0.2036,0.0895
11269,2,2_1,0.24,0.1365,0.1023
11270,2,2_1,0.24,0.068,0.10095
11271,2,2_1,0.24,0.1254,0.0977
11272,2,2_1,0.24,0.196,0.1404
11273,2,2_1,0.24,0.0804,0.1076
11274,2,2_1,0.24,0.1231,0.123
11275,2,2_1,0.24,0.1254,0.1214
11276,2,2_1,0.24,0.02597,0.11096
11277,2,2_1,0.24,0.0401,0.0944
11278,2,2_1,0.24,0.0474,0.09174
11279,2,2_1,0.24,0.1484,0.07855
11280,2,2_1,0.24,0.04965,0.09625
11281,2,2_1,0.24,0.1635,0.11414
11282,2,2_1,0.24,0.1465,0.10223
11283,2,2_1,0.24,0.1473,0.08026
11284,2,2_1,0.24,0.2095,0.07965
11285,2,2_1,0.24,0.1609,0.11566
11286,2,2_1,0.24,0.1676,0.1139
11287,2,2_1,0.24,0.0727,0.09534
11288,2,2_1,0.24,0.03955,0.0896
11289,2,2_1,0.24,0.1495,0.1488
11290,2,2_1,0.24,0.1932,0.0952
11291,2,2_1,0.24,0.2112,0.1512
11292,2,2_1,0.24,0.0523,0.09686
11293,2,2_1,0.24,0.1464,0.1256
11294,2,2_1,0.24,0.1378,0.1394
11295,2,2_1,0.24,0.03287,0.0951
11296,2,2_1,0.24,0.1362,0.1147
11297,2,2_1,0.24,0.0659,0.1217
11298,2,2_1,0.24,0.10175,0.1425
11299,2,2_1,0.24,0.1296,0.09576
11300,2,2_1,0.24,0.2115,0.1731
11301,2,2_1,0.24,0.2202,0.1284
11302,2,2_1,0.24,0.1538,0.1387
11303,2,2_1,0.24,0.2087,0.0892
11304,2,2_1,0.24,0.1267,0.1062
11305,2,2_1,0.24,0.1787,0.0924
11306,2,2_1,0.24,0.1338,0.11346
11307,2,2_1,0.24,0.1835,0.0886
11308,2,2_1,0.24,0.0973,0.1025
11309,2,2_1,0.24,0.1569,0.10345
11310,2,2_1,0.24,0.1622,0.08734
11311,2,2_1,0.24,0.09186,0.1277
11312,2,2_1,0.24,0.1174,0.10614
11313,2,2_1,0.24,0.1372,0.11414
11314,2,2_1,0.24,0.1962,0.0887
11315,2,2_1,0.24,0.1278,0.151
11316,2,2_1,0.24,0.1464,0.0964
11317,2,2_1,0.24,0.1869,0.1123
11318,2,2_1,0.24,0.1567,0.1287
11319,2,2_1,0.24,0.0822,0.1008
11320,2,2_1,0.24,0.1881,0.08124
11321,2,2_1,0.24,0.151,0.1224
11322,2,2_1,0.24,0.1475,0.1096
11323,2,2_1,0.24,0.2177,0.1073
11324,2,2_1,0.24,0.1031,0.1016
11325,2,2_1,0.24,0.079,0.1013
11326,2,2_1,0.24,0.2046,0.1268
11327,2,2_1,0.24,0.1508,0.12305
11328,2,2_1,0.24,0.1133,0.0954
11329,2,2_1,0.24,0.0924,0.1073
11330,2,2_1,0.24,0.06042,0.0831
11331,2,2_1,0.24,0.1884,0.1542
11332,2,2_1,0.24,0.1278,0.09515
11333,2,2_1,0.24,0.1653,0.1561
11334,2,2_1,0.24,0.0873,0.0875
11335,2,2_1,0.24,0.2057,0.0902
11336,2,2_1,0.24,0.1418,0.0953
11337,2,2_1,0.24,0.0767,0.10547
11338,2,2_1,0.24,0.1979,0.1
11339,2,2_1,0.24,0.1838,0.0886
11340,2,2_1,0.24,0.1384,0.10803
11341,2,2_1,0.24,0.0804,0.089
11342,2,2_1,0.24,0.1084,0.0971
11343,2,2_1,0.24,0.0983,0.127
11344,2,2_1,0.24,0.1675,0.164
11345,2,2_1,0.24,0.0836,0.1198
11346,2,2_1,0.24,0.152,0.0877
11347,2,2_1,0.24,0.1093,0.09125
11348,2,2_1,0.24,0.1466,0.09766
11349,2,2_1,0.24,0.1259,0.1271
11350,2,2_1,0.24,0.0647,0.08295
11351,2,2_1,0.24,0.1628,0.09467
11352,2,2_1,0.24,0.11237,0.1033
11353,2,2_1,0.24,0.1926,0.08875
11354,2,2_1,0.24,0.04993,0.09674
11355,2,2_1,0.24,0.04456,0.0811
11356,2,2_1,0.24,0.1349,0.08966
11357,2,2_1,0.24,0.137,0.10156
11358,2,2_1,0.24,0.1082,0.10406
11359,2,2_1,0.24,0.0974,0.09955
11360,2,2_1,0.24,0.10944,0.1031
11361,2,2_1,0.24,0.1927,0.1151
11362,2,2_1,0.24,0.03757,0.08856
11363,2,2_1,0.24,0.1219,0.1279
11364,2,2_1,0.24,0.1608,0.1436
11365,2,2_1,0.24,0.1454,0.0947
11366,2,2_1,0.24,0.1759,0.0996
11367,2,2_1,0.24,0.1646,0.1162
11368,2,2_1,0.24,0.1604,0.1033
11369,2,2_1,0.24,0.1841,0.0991
11370,2,2_1,0.24,0.1855,0.0891
11371,2,2_1,0.24,0.0488,0.0975
11372,2,2_1,0.24,0.07367,0.1375
11373,2,2_1,0.24,0.10626,0.1458
11374,2,2_1,0.24,0.08606,0.1262
11375,2,2_1,0.24,0.1433,0.125
11376,2,2_1,0.24,0.1672,0.1268
11377,2,2_1,0.24,0.2092,0.08344
11378,2,2_1,0.24,0.07996,0.1199
11379,2,2_1,0.24,0.1191,0.0891
11380,2,2_1,0.24,0.1859,0.0891
11381,2,2_1,0.24,0.0432,0.0746
11382,2,2_1,0.24,0.03053,0.0792
11383,2,2_1,0.24,0.2073,0.1473
11384,2,2_1,0.24,0.037,0.1035
11385,2,2_1,0.24,0.2057,0.0929
11386,2,2_1,0.24,0.183,0.1353
11387,2,2_1,0.24,0.04987,0.08563
11388,2,2_1,0.24,0.1989,0.1147
11389,2,2_1,0.24,0.1753,0.10315
11390,2,2_1,0.24,0.1652,0.08875
11391,2,2_1,0.24,0.0638,0.08026
11392,2,2_1,0.24,0.1493,0.1003
11393,2,2_1,0.24,0.1137,0.0848
11394,2,2_1,0.24,0.07,0.1058
11395,2,2_1,0.24,0.07635,0.08624
11396,2,2_1,0.24,0.1818,0.09094
11397,2,2_1,0.24,0.0967,0.1268
11398,2,2_1,0.24,0.0407,0.08307
11399,2,2_1,0.24,0.02652,0.07605
11400,2,2_1,0.24,0.177,0.0974
11401,2,2_1,0.24,0.1636,0.1873
11402,2,2_1,0.24,0.1321,0.0806
11403,2,2_1,0.24,0.1526,0.1183
11404,2,2_1,0.24,0.1265,0.10175
11405,2,2_1,0.24,0.0687,0.1144
11406,2,2_1,0.24,0.2236,0.1302
11407,2,2_1,0.24,0.1576,0.0905
11408,2,2_1,0.24,0.1287,0.086
11409,2,2_1,0.24,0.1342,0.0798
11410,2,2_1,0.24,0.1755,0.1272
11411,2,2_1,0.24,0.1873,0.08453
11412,2,2_1,0.24,0.0695,0.1071
11413,2,2_1,0.24,0.1824,0.12445
11414,2,2_1,0.24,0.1389,0.1118
11415,2,2_1,0.24,0.1301,0.11816
11416,2,2_1,0.24,0.1249,0.1112
11417,2,2_1,0.24,0.1815,0.0905
11418,2,2_1,0.24,0.0803,0.1312
11419,2,2_1,0.24,0.183,0.0981
11420,2,2_1,0.24,0.154,0.0872
11421,2,2_1,0.24,0.1691,0.1092
11422,2,2_1,0.24,0.1586,0.1279
11423,2,2_1,0.24,0.07025,0.08154
11424,2,2_1,0.24,0.07446,0.10266
11425,2,2_1,0.24,0.1283,0.1654
11426,2,2_1,0.24,0.06186,0.1026
11427,2,2_1,0.24,0.196,0.09576
11428,2,2_1,0.24,0.1355,0.11035
11429,2,2_1,0.24,0.0471,0.0805
11430,2,2_1,0.24,0.1037,0.07874
11431,2,2_1,0.24,0.06494,0.1247
11432,2,2_1,0.24,0.1514,0.0869
11433,2,2_1,0.24,0.05023,0.0804
11434,2,2_1,0.24,0.1808,0.1097
11435,2,2_1,0.24,0.1389,0.1157
11436,2,2_1,0.24,0.10223,0.0982
11437,2,2_1,0.24,0.1395,0.105
11438,2,2_1,0.24,0.0833,0.12164
11439,2,2_1,0.24,0.0996,0.09674
11440,2,2_1,0.24,0.1039,0.1056
11441,2,2_1,0.24,0.1085,0.0973
11442,2,2_1,0.24,0.1262,0.1272
11443,2,2_1,0.24,0.183,0.0874
11444,2,2_1,0.24,0.213,0.0896
11445,2,2_1,0.24,0.165,0.1403
11446,2,2_1,0.24,0.0429,0.112
11447,2,2_1,0.24,0.1206,0.08844
11448,2,2_1,0.24,0.0947,0.09546
11449,2,2_1,0.24,0.1968,0.09045
11450,2,2_1,0.24,0.04535,0.08075
11451,2,2_1,0.24,0.1309,0.09076
11452,2,2_1,0.24,0.0997,0.10394
11453,2,2_1,0.24,0.08484,0.08374
11454,2,2_1,0.24,0.1036,0.11774
11455,2,2_1,0.24,0.1876,0.0919
11456,2,2_1,0.24,0.177,0.1261
11457,2,2_1,0.24,0.07214,0.0992
11458,2,2_1,0.24,0.1963,0.2118
11459,2,2_1,0.24,0.133,0.09283
11460,2,2_1,0.24,0.04434,0.10474
11461,2,2_1,0.24,0.1627,0.1043
11462,2,2_1,0.24,0.12317,0.1167
11463,2,2_1,0.24,0.1148,0.1462
11464,2,2_1,0.24,0.1714,0.0848
11465,2,2_1,0.24,0.1501,0.0999
11466,2,2_1,0.24,0.09644,0.0984
11467,2,2_1,0.24,0.1765,0.10675
11468,2,2_1,0.24,0.03705,0.1006
11469,2,2_1,0.24,0.0769,0.11066
11470,2,2_1,0.24,0.1477,0.1125
11471,2,2_1,0.24,0.04633,0.10425
11472,2,2_1,0.24,0.2056,0.0967
11473,2,2_1,0.24,0.1736,0.1075
11474,2,2_1,0.24,0.1797,0.0922
11475,2,2_1,0.24,0.1993,0.089
11476,2,2_1,0.24,0.1075,0.0919
11477,2,2_1,0.24,0.2129,0.0998
11478,2,2_1,0.24,0.1082,0.1359
11479,2,2_1,0.24,0.0928,0.1209
11480,2,2_1,0.24,0.1395,0.0855
11481,2,2_1,0.24,0.1616,0.0775
11482,2,2_1,0.24,0.1537,0.1251
11483,2,2_1,0.24,0.12476,0.07715
11484,2,2_1,0.24,0.1958,0.0891
11485,2,2_1,0.24,0.2101,0.1244
11486,2,2_1,0.24,0.1493,0.0969
11487,2,2_1,0.24,0.0789,0.125
11488,2,2_1,0.24,0.1307,0.092
11489,2,2_1,0.24,0.0763,0.08795
11490,2,2_1,0.24,0.0676,0.09015
11491,2,2_1,0.24,0.0651,0.07904
11492,2,2_1,0.24,0.188,0.1461
11493,2,2_1,0.24,0.0632,0.0793
11494,2,2_1,0.24,0.1753,0.1028
11495,2,2_1,0.24,0.196,0.107
11496,2,2_1,0.24,0.09845,0.0873
11497,2,2_1,0.24,0.1882,0.11707
11498,2,2_1,0.24,0.1914,0.10596
11499,2,2_1,0.24,0.1746,0.0921
11500,2,2_1,0.24,0.0782,0.11255
11501,2,2_1,0.24,0.12006,0.116
11502,2,2_1,0.24,0.11127,0.10803
11503,2,2_1,0.24,0.1635,0.08997
11504,2,2_1,0.24,0.07635,0.0899
11505,2,2_1,0.24,0.02405,0.0793
11506,2,2_1,0.24,0.067,0.0845
11507,2,2_1,0.24,0.141,0.142
11508,2,2_1,0.24,0.03262,0.08185
11509,2,2_1,0.24,0.1202,0.1122
11510,2,2_1,0.24,0.1061,0.1196
11511,2,2_1,0.24,0.12085,0.12146
11512,2,2_1,0.24,0.1025,0.11224
11513,2,2_1,0.24,0.10345,0.0915
11514,2,2_1,0.24,0.11017,0.1376
11515,2,2_1,0.24,0.169,0.09467
11516,2,2_1,0.24,0.0709,0.1276
11517,2,2_1,0.24,0.0697,0.144
11518,2,2_1,0.24,0.0867,0.1008
11519,2,2_1,0.24,0.1145,0.1372
11520,2,2_1,0.24,0.117,0.1283
11521,2,2_1,0.24,0.1864,0.08777
11522,2,2_1,0.24,0.0704,0.10913
11523,2,2_1,0.24,0.1403,0.1029
11524,2,2_1,0.24,0.06647,0.1008
11525,2,2_1,0.24,0.1771,0.1008
11526,2,2_1,0.24,0.0592,0.098
11527,2,2_1,0.24,0.08594,0.1708
11528,2,2_1,0.24,0.1802,0.0846
11529,2,2_1,0.24,0.08307,0.099
11530,2,2_1,0.24,0.1864,0.08563
11531,2,2_1,0.24,0.1815,0.0887
11532,2,2_1,0.24,0.06305,0.0784
11533,2,2_1,0.24,0.1403,0.08075
11534,2,2_1,0.24,0.1545,0.0991
11535,2,2_1,0.24,0.03192,0.07916
11536,2,2_1,0.24,0.2205,0.11707
11537,2,2_1,0.24,0.1628,0.09375
11538,2,2_1,0.24,0.09015,0.1312
11539,2,2_1,0.24,0.1849,0.1313
11540,2,2_1,0.24,0.1528,0.12225
11541,2,2_1,0.24,0.1292,0.08704
11542,2,2_1,0.24,0.2091,0.088
11543,2,2_1,0.24,0.2025,0.0984
11544,2,2_1,0.24,0.1655,0.1378
11545,2,2_1,0.24,0.04953,0.07526
11546,2,2_1,0.24,0.1653,0.1002
11547,2,2_1,0.24,0.1511,0.1165
11548,2,2_1,0.24,0.1688,0.0899
11549,2,2_1,0.24,0.1354,0.0968
11550,2,2_1,0.24,0.12115,0.1133
11551,2,2_1,0.24,0.02556,0.103
11552,2,2_1,0.24,0.1766,0.08575
11553,2,2_1,0.24,0.1302,0.10547
11554,2,2_1,0.24,0.10767,0.1163
11555,2,2_1,0.24,0.1333,0.12476
11556,2,2_1,0.24,0.1771,0.1177
11557,2,2_1,0.24,0.147,0.0922
11558,2,2_1,0.24,0.1818,0.09454
11559,2,2_1,0.24,0.1459,0.106
11560,2,2_1,0.24,0.199,0.0838
11561,2,2_1,0.24,0.1587,0.1082
11562,2,2_1,0.24,0.1428,0.1246
11563,2,2_1,0.24,0.1299,0.09076
11564,2,2_1,0.24,0.06104,0.0939
11565,2,2_1,0.24,0.1683,0.0907
11566,2,2_1,0.24,0.1464,0.0861
11567,2,2_1,0.24,0.1909,0.09467
11568,2,2_1,0.24,0.11066,0.099
11569,2,2_1,0.24,0.1487,0.1072
11570,2,2_1,0.24,0.10724,0.1222
11571,2,2_1,0.24,0.136,0.10443
11572,2,2_1,0.24,0.1757,0.09406
11573,2,2_1,0.24,0.1787,0.1186
11574,2,2_1,0.24,0.09045,0.0964
11575,2,2_1,0.24,0.1603,0.08246
11576,2,2_1,0.24,0.1566,0.08563
11577,2,2_1,0.24,0.1571,0.11304
11578,2,2_1,0.24,0.1285,0.11005
11579,2,2_1,0.24,0.08246,0.1171
11580,2,2_1,0.24,0.1576,0.1743
11581,2,2_1,0.24,0.1918,0.08325
11582,2,2_1,0.24,0.05728,0.1902
11583,2,2_1,0.24,0.10675,0.1068
11584,2,2_1,0.24,0.0939,0.113
11585,2,2_1,0.24,0.04324,0.09045
11586,2,2_1,0.24,0.1121,0.097
11587,2,2_1,0.24,0.06052,0.098
11588,2,2_1,0.24,0.08636,0.10016
11589,2,2_1,0.24,0.1512,0.1034
11590,2,2_1,0.24,0.1245,0.0951
11591,2,2_1,0.24,0.2117,0.1084
11592,2,2_1,0.24,0.1259,0.0809
11593,2,2_1,0.24,0.069,0.11017
11594,2,2_1,0.24,0.0469,0.0889
11595,2,2_1,0.24,0.1525,0.1677
11596,2,2_1,0.24,0.196,0.0814
11597,2,2_1,0.24,0.11285,0.10986
11598,2,2_1,0.24,0.1824,0.1096
11599,2,2_1,0.24,0.0682,0.0974
11600,2,2_1,0.24,0.1505,0.0845
11601,2,2_1,0.24,0.1948,0.1383
11602,2,2_1,0.24,0.0891,0.08545
11603,2,2_1,0.24,0.1522,0.1283
11604,2,2_1,0.24,0.0313,0.078
11605,2,2_1,0.24,0.1759,0.1558
11606,2,2_1,0.24,0.06058,0.12177
11607,2,2_1,0.24,0.2048,0.08215
11608,2,2_1,0.24,0.038,0.1093
11609,2,2_1,0.24,0.1056,0.10657
11610,2,2_1,0.24,0.06866,0.0853
11611,2,2_1,0.24,0.1187,0.116
11612,2,2_1,0.24,0.11145,0.0947
11613,2,2_1,0.24,0.1428,0.09076
11614,2,2_1,0.24,0.1804,0.11896
11615,2,2_1,0.24,0.1932,0.1178
11616,2,2_1,0.24,0.167,0.09314
11617,2,2_1,0.24,0.1685,0.09454
11618,2,2_1,0.24,0.10284,0.12085
11619,2,2_1,0.24,0.09595,0.128
11620,2,2_1,0.24,0.1427,0.083
11621,2,2_1,0.24,0.0437,0.0888
11622,2,2_1,0.24,0.2046,0.09656
11623,2,2_1,0.24,0.2274,0.09155
11624,2,2_1,0.24,0.08746,0.0856
11625,2,2_1,0.24,0.0619,0.07776
11626,2,2_1,0.24,0.1488,0.102
11627,2,2_1,0.24,0.08124,0.09467
11628,2,2_1,0.24,0.05923,0.0944
11629,2,2_1,0.24,0.03815,0.09033
11630,2,2_1,0.24,0.04916,0.1033
11631,2,2_1,0.24,0.0526,0.0919
11632,2,2_1,0.24,0.1896,0.10767
11633,2,2_1,0.24,0.1853,0.115
11634,2,2_1,0.24,0.08704,0.09235
11635,2,2_1,0.24,0.07227,0.10156
11636,2,2_1,0.24,0.2035,0.0881
11637,2,2_1,0.24,0.1185,0.09265
11638,2,2_1,0.24,0.2184,0.0874
11639,2,2_1,0.24,0.0718,0.11285
11640,2,2_1,0.24,0.12384,0.11676
11641,2,2_1,0.24,0.0827,0.1616
11642,2,2_1,0.24,0.07983,0.1065
11643,2,2_1,0.24,0.1895,0.1005
11644,2,2_1,0.24,0.1313,0.11584
11645,2,2_1,0.24,0.143,0.1107
11646,2,2_1,0.24,0.1542,0.1169
11647,2,2_1,0.24,0.02943,0.08655
11648,2,2_1,0.24,0.0851,0.1024
11649,2,2_1,0.24,0.1398,0.09375
11650,2,2_1,0.24,0.0975,0.1157
11651,2,2_1,0.24,0.1509,0.1143
11652,2,2_1,0.24,0.1578,0.0929
11653,2,2_1,0.24,0.08856,0.09216
11654,2,2_1,0.24,0.1641,0.0806
11655,2,2_1,0.24,0.1353,0.0878
11656,2,2_1,0.24,0.04507,0.0856
11657,2,2_1,0.24,0.1401,0.0946
11658,2,2_1,0.24,0.05283,0.0996
11659,2,2_1,0.24,0.1797,0.0986
11660,2,2_1,0.24,0.0436,0.0742
11661,2,2_1,0.24,0.1606,0.11176
11662,2,2_1,0.24,0.1711,0.1257
11663,2,2_1,0.24,0.1691,0.10046
11664,2,2_1,0.24,0.1117,0.1381
11665,2,2_1,0.24,0.1233,0.12085
11666,2,2_1,0.24,0.0945,0.1172
11667,2,2_1,0.24,0.2063,0.0955
11668,2,2_1,0.24,0.1576,0.1284
11669,2,2_1,0.24,0.1849,0.08746
11670,2,2_1,0.24,0.1864,0.1388
11671,2,2_1,0.24,0.1225,0.0996
11672,2,2_1,0.24,0.1975,0.09766
11673,2,2_1,0.24,0.07184,0.0842
11674,2,2_1,0.24,0.04996,0.10345
11675,2,2_1,0.24,0.0665,0.1027
11676,2,2_1,0.24,0.1843,0.1092
11677,2,2_1,0.24,0.2017,0.085
11678,2,2_1,0.24,0.1776,0.119
11679,2,2_1,0.24,0.1279,0.0804
11680,2,2_1,0.24,0.0369,0.08215
11681,2,2_1,0.24,0.1809,0.0904
11682,2,2_1,0.24,0.08636,0.0841
11683,2,2_1,0.24,0.1313,0.09467
11684,2,2_1,0.24,0.197,0.12195
11685,2,2_1,0.24,0.12134,0.1043
11686,2,2_1,0.24,0.11597,0.11066
11687,2,2_1,0.24,0.1614,0.1167
11688,2,2_1,0.24,0.178,0.1002
11689,2,2_1,0.24,0.1606,0.12006
11690,2,2_1,0.24,0.1566,0.1085
11691,2,2_1,0.24,0.1329,0.1014
11692,2,2_1,0.24,0.1823,0.129
11693,2,2_1,0.24,0.1234,0.09064
11694,2,2_1,0.24,0.1774,0.09784
11695,2,2_1,0.24,0.119,0.10846
11696,2,2_1,0.24,0.1157,0.1018
11697,2,2_1,0.24,0.1755,0.0874
11698,2,2_1,0.24,0.1956,0.08374
11699,2,2_1,0.24,0.0885,0.1209
11700,2,2_1,0.24,0.0862,0.1079
11701,2,2_1,0.24,0.06757,0.07935
11702,2,2_1,0.24,0.1197,0.10034
11703,2,2_1,0.24,0.06143,0.0863
11704,2,2_1,0.24,0.1578,0.1056
11705,2,2_1,0.24,0.2152,0.08014
11706,2,2_1,0.24,0.1793,0.09766
11707,2,2_1,0.24,0.2175,0.1017
11708,2,2_1,0.24,0.1724,0.09845
11709,2,2_1,0.24,0.1669,0.1616
11710,2,2_1,0.24,0.2014,0.08136
11711,2,2_1,0.24,0.0905,0.1199
11712,2,2_1,0.24,0.1975,0.1131
11713,2,2_1,0.24,0.2117,0.1181
11714,2,2_1,0.24,0.1117,0.10455
11715,2,2_1,0.24,0.1848,0.0814
11716,2,2_1,0.24,0.1942,0.12115
11717,2,2_1,0.24,0.1681,0.0953
11718,2,2_1,0.24,0.0979,0.11145
11719,2,2_1,0.24,0.147,0.09656
11720,2,2_1,0.24,0.1754,0.08386
11721,2,2_1,0.24,0.09216,0.1068
11722,2,2_1,0.24,0.05356,0.09467
11723,2,2_1,0.24,0.1548,0.0797
11724,2,2_1,0.24,0.1864,0.09796
11725,2,2_1,0.24,0.0431,0.10175
11726,2,2_1,0.24,0.0721,0.0872
11727,2,2_1,0.24,0.1782,0.10406
11728,2,2_1,0.24,0.179,0.1365
11729,2,2_1,0.24,0.1635,0.09155
11730,2,2_1,0.24,0.0824,0.081
11731,2,2_1,0.24,0.1125,0.10394
11732,2,2_1,0.24,0.09796,0.10626
11733,2,2_1,0.24,0.116,0.1039
11734,2,2_1,0.24,0.0867,0.12134
11735,2,2_1,0.24,0.03757,0.0998
11736,2,2_1,0.24,0.0743,0.11945
11737,2,2_1,0.24,0.1652,0.10767
11738,2,2_1,0.24,0.06586,0.0902
11739,2,2_1,0.24,0.1361,0.11786
11740,2,2_1,0.24,0.08636,0.10846
11741,2,2_1,0.24,0.04138,0.10944
11742,2,2_1,0.24,0.1318,0.1332
11743,2,2_1,0.24,0.12177,0.09265
11744,2,2_1,0.24,0.1997,0.09314
11745,2,2_1,0.24,0.0473,0.0837
11746,2,2_1,0.24,0.1498,0.1022
11747,2,2_1,0.24,0.1209,0.09467
11748,2,2_1,0.24,0.2031,0.10645
11749,2,2_1,0.24,0.0917,0.10114
11750,2,2_1,0.24,0.1092,0.07794
11751,2,2_1,0.24,0.1696,0.10065
11752,2,2_1,0.24,0.015526,0.08264
11753,2,2_1,0.24,0.1713,0.091
11754,2,2_1,0.24,0.1532,0.1467
11755,2,2_1,0.24,0.1335,0.1349
11756,2,2_1,0.24,0.0913,0.1256
11757,2,2_1,0.24,0.1052,0.1512
11758,2,2_1,0.24,0.165,0.0952
11759,2,2_1,0.24,0.03995,0.10486
11760,2,2_1,0.24,0.04324,0.08167
11761,2,2_1,0.24,0.0774,0.1017
11762,2,2_1,0.24,0.1753,0.10846
11763,2,2_1,0.24,0.0343,0.1009
11764,2,2_1,0.24,0.1202,0.102
11765,2,2_1,0.24,0.1508,0.0968
11766,2,2_1,0.24,0.07294,0.1163
11767,2,2_1,0.24,0.0947,0.0836
11768,2,2_1,0.24,0.1484,0.0929
11769,2,2_1,0.24,0.05106,0.1107
11770,2,2_1,0.24,0.1881,0.10284
11771,2,2_1,0.24,0.05658,0.10144
11772,2,2_1,0.24,0.03125,0.0754
11773,2,2_1,0.24,0.1172,0.108
11774,2,2_1,0.24,0.1877,0.0885
11775,2,2_1,0.24,0.2161,0.0909
11776,2,2_1,0.24,0.1348,0.09576
11777,2,2_1,0.24,0.1205,0.1019
11778,2,2_1,0.24,0.10156,0.1042
11779,2,2_1,0.24,0.1974,0.0924
11780,2,2_1,0.24,0.11993,0.10175
11781,2,2_1,0.24,0.04797,0.09607
11782,2,2_1,0.24,0.1962,0.11505
11783,2,2_1,0.24,0.1322,0.099
11784,2,2_1,0.24,0.1807,0.08514
11785,2,2_1,0.24,0.06073,0.08887
11786,2,2_1,0.24,0.1982,0.1059
11787,2,2_1,0.24,0.1417,0.1124
11788,2,2_1,0.24,0.09076,0.1126
11789,2,2_1,0.24,0.0348,0.0787
11790,2,2_1,0.24,0.1766,0.1072
11791,2,2_1,0.24,0.05945,0.11383
11792,2,2_1,0.24,0.1873,0.111
11793,2,2_1,0.24,0.12274,0.0936
11794,2,2_1,0.24,0.1611,0.1004
11795,2,2_1,0.24,0.1632,0.1381
11796,2,2_1,0.24,0.1383,0.1198
11797,2,2_1,0.24,0.02753,0.0805
11798,2,2_1,0.24,0.0997,0.09607
11799,2,2_1,0.24,0.2073,0.1132
11800,2,2_1,0.24,0.1389,0.0977
11801,2,2_1,0.24,0.05875,0.0966
11802,2,2_1,0.24,0.1826,0.0908
11803,2,2_1,0.24,0.1621,0.0963
11804,2,2_1,0.24,0.1608,0.10114
11805,2,2_1,0.24,0.0784,0.12164
11806,2,2_1,0.24,0.1227,0.1127
11807,2,2_1,0.24,0.1764,0.08154
11808,2,2_1,0.24,0.1638,0.09064
11809,2,2_1,0.24,0.0969,0.0975
11810,2,2_1,0.24,0.1755,0.1111
11811,2,2_1,0.24,0.2227,0.0955
11812,2,2_1,0.24,0.02754,0.08923
11813,2,2_1,0.24,0.1515,0.0976
11814,2,2_1,0.24,0.08386,0.1084
11815,2,2_1,0.24,0.11786,0.11664
11816,2,2_1,0.24,0.1743,0.1276
11817,2,2_1,0.24,0.1232,0.0889
11818,2,2_1,0.24,0.05316,0.08875
11819,2,2_1,0.24,0.1589,0.0886
11820,2,2_1,0.24,0.0929,0.09174
11821,2,2_1,0.24,0.0746,0.08496
11822,2,2_1,0.24,0.1676,0.10156
11823,2,2_1,0.24,0.1101,0.08276
11824,2,2_1,0.24,0.0639,0.08966
11825,2,2_1,0.24,0.1428,0.1373
11826,2,2_1,0.24,0.1322,0.0971
11827,2,2_1,0.24,0.2314,0.1221
11828,2,2_1,0.24,0.1848,0.09186
11829,2,2_1,0.24,0.129,0.1196
11830,2,2_1,0.24,0.0381,0.0834
11831,2,2_1,0.24,0.213,0.10254
11832,2,2_1,0.24,0.1881,0.10284
11833,2,2_1,0.24,0.1141,0.09845
11834,2,2_1,0.24,0.1648,0.113
11835,2,2_1,0.24,0.0531,0.0844
11836,2,2_1,0.24,0.1652,0.09204
11837,2,2_1,0.24,0.1561,0.0984
11838,2,2_1,0.24,0.0723,0.1238
11839,2,2_1,0.24,0.1028,0.0995
11840,2,2_1,0.24,0.0565,0.09204
11841,2,2_1,0.24,0.2024,0.1934
11842,2,2_1,0.24,0.2145,0.1324
11843,2,2_1,0.24,0.1859,0.11395
11844,2,2_1,0.24,0.112,0.0976
11845,2,2_1,0.24,0.1582,0.0912
11846,2,2_1,0.24,0.1193,0.1366
11847,2,2_1,0.24,0.04742,0.0881
11848,2,2_1,0.24,0.156,0.0899
11849,2,2_1,0.24,0.2144,0.12036
11850,2,2_1,0.24,0.1506,0.0943
11851,2,2_1,0.24,0.196,0.08826
11852,2,2_1,0.24,0.1824,0.11835
11853,2,2_1,0.24,0.10443,0.09045
11854,2,2_1,0.24,0.1901,0.09064
11855,2,2_1,0.24,0.1919,0.0852
11856,2,2_1,0.24,0.1223,0.152
11857,2,2_1,0.24,0.10913,0.11584
11858,2,2_1,0.24,0.1506,0.0897
11859,2,2_1,0.24,0.2098,0.1031
11860,2,2_1,0.24,0.0981,0.0953
11861,2,2_1,0.24,0.0545,0.0783
11862,2,2_1,0.24,0.1945,0.1411
11863,2,2_1,0.24,0.202,0.11316
11864,2,2_1,0.24,0.05164,0.1362
11865,2,2_1,0.24,0.2147,0.1114
11866,2,2_1,0.24,0.1835,0.127
11867,2,2_1,0.24,0.1925,0.12134
11868,2,2_1,0.24,0.1711,0.1599
11869,2,2_1,0.24,0.1788,0.0903
11870,2,2_1,0.24,0.1602,0.1001
11871,2,2_1,0.24,0.08734,0.1185
11872,2,2_1,0.24,0.08435,0.1292
11873,2,2_1,0.24,0.1394,0.1037
11874,2,2_1,0.24,0.1692,0.1312
11875,2,2_1,0.24,0.1527,0.085
11876,2,2_1,0.24,0.09,0.0966
11877,2,2_1,0.24,0.1123,0.10834
11878,2,2_1,0.24,0.07355,0.1181
11879,2,2_1,0.24,0.1065,0.082
11880,2,2_1,0.24,0.0828,0.1005
11881,2,2_1,0.24,0.1842,0.1059
11882,2,2_1,0.24,0.1475,0.0845
11883,2,2_1,0.24,0.2146,0.0871
11884,2,2_1,0.24,0.03787,0.09485
11885,2,2_1,0.24,0.1031,0.0846
11886,2,2_1,0.24,0.07465,0.0986
11887,2,2_1,0.24,0.03378,0.08044
11888,2,2_1,0.24,0.1675,0.10376
11889,2,2_1,0.24,0.1151,0.09985
11890,2,2_1,0.24,0.11395,0.1365
11891,2,2_1,0.24,0.1533,0.0986
11892,2,2_1,0.24,0.1512,0.07733
11893,2,2_1,0.24,0.0835,0.1039
11894,2,2_1,0.24,0.1735,0.0941
11895,2,2_1,0.24,0.0988,0.097
11896,2,2_1,0.24,0.16,0.1263
11897,2,2_1,0.24,0.2126,0.08514
11898,2,2_1,0.24,0.1816,0.0774
11899,2,2_1,0.24,0.201,0.1073
11900,2,2_1,0.24,0.1986,0.1187
11901,2,2_1,0.24,0.1544,0.11456
11902,2,2_1,0.24,0.0935,0.11017
11903,2,2_1,0.24,0.1326,0.10394
11904,2,2_1,0.24,0.1685,0.1256
11905,2,2_1,0.24,0.05905,0.10004
11906,2,2_1,0.24,0.1053,0.1506
11907,2,2_1,0.24,0.1172,0.1188
11908,2,2_1,0.24,0.02458,0.089
11909,2,2_1,0.24,0.2095,0.0959
11910,2,2_1,0.24,0.0765,0.1034
11911,2,2_1,0.24,0.1957,0.0904
11912,2,2_1,0.24,0.1567,0.09766
11913,2,2_1,0.24,0.1857,0.1292
11914,2,2_1,0.24,0.1531,0.1044
11915,2,2_1,0.24,0.17,0.1075
11916,2,2_1,0.24,0.2153,0.1039
11917,2,2_1,0.24,0.05054,0.1108
11918,2,2_1,0.24,0.1032,0.0929
11919,2,2_1,0.24,0.1727,0.09644
11920,2,2_1,0.24,0.1099,0.1415
11921,2,2_1,0.24,0.0914,0.105
11922,2,2_1,0.24,0.2058,0.10693
11923,2,2_1,0.24,0.1274,0.1147
11924,2,2_1,0.24,0.1825,0.1091
11925,2,2_1,0.24,0.1361,0.084
11926,2,2_1,0.24,0.1399,0.08765
11927,2,2_1,0.24,0.0725,0.1317
11928,2,2_1,0.24,0.1302,0.1389
11929,2,2_1,0.24,0.0666,0.1175
11930,2,2_1,0.24,0.2074,0.0934
11931,2,2_1,0.24,0.1782,0.09827
11932,2,2_1,0.24,0.0605,0.0839
11933,2,2_1,0.24,0.1165,0.07886
11934,2,2_1,0.24,0.11676,0.10333
11935,2,2_1,0.24,0.03604,0.08563
11936,2,2_1,0.24,0.1827,0.09357
11937,2,2_1,0.24,0.1628,0.0904
11938,2,2_1,0.24,0.0706,0.093
11939,2,2_1,0.24,0.1915,0.09
11940,2,2_1,0.24,0.1747,0.12256
11941,2,2_1,0.24,0.1184,0.1415
11942,2,2_1,0.24,0.04404,0.1088
11943,2,2_1,0.24,0.1052,0.1115
11944,2,2_1,0.24,0.07874,0.09015
11945,2,2_1,0.24,0.154,0.11865
11946,2,2_1,0.24,0.03177,0.097
11947,2,2_1,0.24,0.0889,0.1108
11948,2,2_1,0.24,0.0772,0.0825
11949,2,2_1,0.24,0.05978,0.08997
11950,2,2_1,0.24,0.161,0.11066
11951,2,2_1,0.24,0.179,0.09357
11952,2,2_1,0.24,0.093,0.0936
11953,2,2_1,0.24,0.1943,0.11035
11954,2,2_1,0.24,0.1097,0.0914
11955,2,2_1,0.24,0.2004,0.0871
11956,2,2_1,0.24,0.081,0.10364
11957,2,2_1,0.24,0.0592,0.0948
11958,2,2_1,0.24,0.1863,0.1041
11959,2,2_1,0.24,0.218,0.1217
11960,2,2_1,0.24,0.198,0.11694
11961,2,2_1,0.24,0.2007,0.0906
11962,2,2_1,0.24,0.0733,0.1083
11963,2,2_1,0.24,0.03946,0.10974
11964,2,2_1,0.24,0.04184,0.07776
11965,2,2_1,0.24,0.1584,0.0901
11966,2,2_1,0.24,0.103,0.08936
11967,2,2_1,0.24,0.0982,0.09393
11968,2,2_1,0.24,0.182,0.099
11969,2,2_1,0.24,0.12213,0.1178
11970,2,2_1,0.24,0.1276,0.0948
11971,2,2_1,0.24,0.08307,0.0958
11972,2,2_1,0.24,0.1461,0.11426
11973,2,2_1,0.24,0.1173,0.1235
11974,2,2_1,0.24,0.1388,0.0956
11975,2,2_1,0.24,0.1522,0.08673
11976,2,2_1,0.24,0.02548,0.0868
11977,2,2_1,0.24,0.1945,0.09015
11978,2,2_1,0.24,0.1478,0.1718
11979,2,2_1,0.24,0.1335,0.092
11980,2,2_1,0.24,0.0914,0.1138
11981,2,2_1,0.24,0.1515,0.11554
11982,2,2_1,0.24,0.2247,0.09424
11983,2,2_1,0.24,0.03537,0.08154
11984,2,2_1,0.24,0.2097,0.0883
11985,2,2_1,0.24,0.077,0.108
11986,2,2_1,0.24,0.1475,0.0959
11987,2,2_1,0.24,0.0297,0.09534
11988,2,2_1,0.24,0.1765,0.0971
11989,2,2_1,0.24,0.2277,0.1036
11990,2,2_1,0.24,0.1498,0.0989
11991,2,2_1,0.24,0.146,0.08765
11992,2,2_1,0.24,0.03072,0.08844
11993,2,2_1,0.24,0.0692,0.09454
11994,2,2_1,0.24,0.1932,0.0994
11995,2,2_1,0.24,0.05383,0.11285
11996,2,2_1,0.24,0.0687,0.0966
11997,2,2_1,0.24,0.06174,0.08276
11998,2,2_1,0.24,0.05786,0.08325
11999,2,2_1,0.24,0.1619,0.1115
12000,2,2_2,0.08,0.01371,0.0701
12001,2,2_2,0.08,0.01316,0.0717
12002,2,2_2,0.08,0.01553,0.0676
12003,2,2_2,0.08,0.01596,0.0681
12004,2,2_2,0.08,0.0185,0.0764
12005,2,2_2,0.08,0.015114,0.0775
12006,2,2_2,0.08,0.01437,0.0684
12007,2,2_2,0.08,0.01516,0.068
12008,2,2_2,0.08,0.01682,0.06775
12009,2,2_2,0.08,0.01468,0.069
12010,2,2_2,0.08,0.01772,0.0708
12011,2,2_2,0.08,0.01528,0.079
12012,2,2_2,0.08,0.01741,0.06854
12013,2,2_2,0.08,0.012886,0.06934
12014,2,2_2,0.08,0.015564,0.0737
12015,2,2_2,0.08,0.01306,0.0669
12016,2,2_2,0.08,0.01398,0.066
12017,2,2_2,0.08,0.01752,0.0712
12018,2,2_2,0.08,0.01457,0.076
12019,2,2_2,0.08,0.01479,0.0708
12020,2,2_2,0.08,0.01578,0.0739
12021,2,2_2,0.08,0.013115,0.06885
12022,2,2_2,0.08,0.0169,0.07446
12023,2,2_2,0.08,0.01616,0.07056
12024,2,2_2,0.08,0.01944,0.069
12025,2,2_2,0.08,0.01377,0.0665
12026,2,2_2,0.08,0.01701,0.06757
12027,2,2_2,0.08,0.0159,0.0687
12028,2,2_2,0.08,0.01633,0.06793
12029,2,2_2,0.08,0.01773,0.08093
12030,2,2_2,0.08,0.01578,0.06793
12031,2,2_2,0.08,0.015594,0.0688
12032,2,2_2,0.08,0.014694,0.06824
12033,2,2_2,0.08,0.016,0.0719
12034,2,2_2,0.08,0.01819,0.06805
12035,2,2_2,0.08,0.01506,0.0736
12036,2,2_2,0.08,0.014496,0.0788
12037,2,2_2,0.08,0.01545,0.0666
12038,2,2_2,0.08,0.014854,0.07324
12039,2,2_2,0.08,0.01472,0.07043
12040,2,2_2,0.08,0.0181,0.0699
12041,2,2_2,0.08,0.01665,0.0692
12042,2,2_2,0.08,0.01437,0.06903
12043,2,2_2,0.08,0.015335,0.06696
12044,2,2_2,0.08,0.01677,0.0718
12045,2,2_2,0.08,0.013725,0.07166
12046,2,2_2,0.08,0.01791,0.079
12047,2,2_2,0.08,0.01775,0.0686
12048,2,2_2,0.08,0.01663,0.07117
12049,2,2_2,0.08,0.01556,0.06854
12050,2,2_2,0.08,0.01645,0.0706
12051,2,2_2,0.08,0.01671,0.07666
12052,2,2_2,0.08,0.0169,0.0697
12053,2,2_2,0.08,0.01941,0.07306
12054,2,2_2,0.08,0.01906,0.07056
12055,2,2_2,0.08,0.01363,0.0663
12056,2,2_2,0.08,0.01749,0.07074
12057,2,2_2,0.08,0.01447,0.0696
12058,2,2_2,0.08,0.012665,0.0749
12059,2,2_2,0.08,0.01833,0.07324
12060,2,2_2,0.08,0.01479,0.07513
12061,2,2_2,0.08,0.01828,0.0679
12062,2,2_2,0.08,0.01557,0.0697
12063,2,2_2,0.08,0.01478,0.0714
12064,2,2_2,0.08,0.01924,0.0679
12065,2,2_2,0.08,0.01578,0.0701
12066,2,2_2,0.08,0.01602,0.0754
12067,2,2_2,0.08,0.0149,0.07263
12068,2,2_2,0.08,0.01624,0.07245
12069,2,2_2,0.08,0.015144,0.0699
12070,2,2_2,0.08,0.0186,0.07056
12071,2,2_2,0.08,0.01445,0.08154
12072,2,2_2,0.08,0.01839,0.0694
12073,2,2_2,0.08,0.014366,0.0693
12074,2,2_2,0.08,0.01576,0.0914
12075,2,2_2,0.08,0.01404,0.0684
12076,2,2_2,0.08,0.01761,0.0757
12077,2,2_2,0.08,0.01677,0.06915
12078,2,2_2,0.08,0.01548,0.0707
12079,2,2_2,0.08,0.01338,0.0711
12080,2,2_2,0.08,0.01701,0.0683
12081,2,2_2,0.08,0.01524,0.07074
12082,2,2_2,0.08,0.013245,0.0759
12083,2,2_2,0.08,0.01776,0.07306
12084,2,2_2,0.08,0.01333,0.0683
12085,2,2_2,0.08,0.01826,0.0682
12086,2,2_2,0.08,0.01646,0.06903
12087,2,2_2,0.08,0.01915,0.06946
12088,2,2_2,0.08,0.01587,0.0895
12089,2,2_2,0.08,0.01492,0.0786
12090,2,2_2,0.08,0.01993,0.0706
12091,2,2_2,0.08,0.015366,0.07074
12092,2,2_2,0.08,0.0174,0.08325
12093,2,2_2,0.08,0.01514,0.08185
12094,2,2_2,0.08,0.01353,0.0695
12095,2,2_2,0.08,0.01674,0.0786
12096,2,2_2,0.08,0.01624,0.06866
12097,2,2_2,0.08,0.0158,0.0906
12098,2,2_2,0.08,0.01552,0.0692
12099,2,2_2,0.08,0.01822,0.0737
12100,2,2_2,0.08,0.01611,0.0692
12101,2,2_2,0.08,0.01611,0.0735
12102,2,2_2,0.08,0.01817,0.0752
12103,2,2_2,0.08,0.01645,0.0718
12104,2,2_2,0.08,0.01548,0.0704
12105,2,2_2,0.08,0.0151,0.0934
12106,2,2_2,0.08,0.01533,0.0678
12107,2,2_2,0.08,0.0147,0.06934
12108,2,2_2,0.08,0.013275,0.07965
12109,2,2_2,0.08,0.01377,0.06793
12110,2,2_2,0.08,0.01564,0.0686
12111,2,2_2,0.08,0.01545,0.0712
12112,2,2_2,0.08,0.013,0.0689
12113,2,2_2,0.08,0.01627,0.07007
12114,2,2_2,0.08,0.0169,0.06866
12115,2,2_2,0.08,0.01393,0.0712
12116,2,2_2,0.08,0.01449,0.0699
12117,2,2_2,0.08,0.01467,0.06946
12118,2,2_2,0.08,0.01984,0.06995
12119,2,2_2,0.08,0.01671,0.0674
12120,2,2_2,0.08,0.02113,0.07056
12121,2,2_2,0.08,0.01515,0.07153
12122,2,2_2,0.08,0.01654,0.07574
12123,2,2_2,0.08,0.01738,0.0682
12124,2,2_2,0.08,0.014404,0.06976
12125,2,2_2,0.08,0.01429,0.0724
12126,2,2_2,0.08,0.01216,0.0689
12127,2,2_2,0.08,0.01962,0.0681
12128,2,2_2,0.08,0.01671,0.0704
12129,2,2_2,0.08,0.01955,0.0712
12130,2,2_2,0.08,0.01309,0.0874
12131,2,2_2,0.08,0.0217,0.0679
12132,2,2_2,0.08,0.01362,0.0704
12133,2,2_2,0.08,0.01625,0.068
12134,2,2_2,0.08,0.01557,0.0696
12135,2,2_2,0.08,0.0165,0.0696
12136,2,2_2,0.08,0.01741,0.068
12137,2,2_2,0.08,0.01822,0.0783
12138,2,2_2,0.08,0.01306,0.0674
12139,2,2_2,0.08,0.01701,0.078
12140,2,2_2,0.08,0.01466,0.06854
12141,2,2_2,0.08,0.012825,0.07263
12142,2,2_2,0.08,0.01915,0.0698
12143,2,2_2,0.08,0.014915,0.0781
12144,2,2_2,0.08,0.01329,0.07367
12145,2,2_2,0.08,0.01566,0.0693
12146,2,2_2,0.08,0.01717,0.06824
12147,2,2_2,0.08,0.01663,0.0728
12148,2,2_2,0.08,0.01509,0.0801
12149,2,2_2,0.08,0.02032,0.071
12150,2,2_2,0.08,0.01707,0.0715
12151,2,2_2,0.08,0.01575,0.07117
12152,2,2_2,0.08,0.0192,0.08185
12153,2,2_2,0.08,0.0196,0.0691
12154,2,2_2,0.08,0.01614,0.0696
12155,2,2_2,0.08,0.01422,0.07056
12156,2,2_2,0.08,0.01738,0.0725
12157,2,2_2,0.08,0.01724,0.07135
12158,2,2_2,0.08,0.02032,0.0715
12159,2,2_2,0.08,0.01595,0.0703
12160,2,2_2,0.08,0.01217,0.07434
12161,2,2_2,0.08,0.01461,0.0698
12162,2,2_2,0.08,0.0181,0.0707
12163,2,2_2,0.08,0.01356,0.06946
12164,2,2_2,0.08,0.01724,0.07056
12165,2,2_2,0.08,0.0144,0.06934
12166,2,2_2,0.08,0.014496,0.076
12167,2,2_2,0.08,0.01367,0.06946
12168,2,2_2,0.08,0.01563,0.07526
12169,2,2_2,0.08,0.01651,0.07086
12170,2,2_2,0.08,0.0161,0.0726
12171,2,2_2,0.08,0.014175,0.0768
12172,2,2_2,0.08,0.01483,0.07086
12173,2,2_2,0.08,0.0163,0.0841
12174,2,2_2,0.08,0.0168,0.07336
12175,2,2_2,0.08,0.01578,0.071
12176,2,2_2,0.08,0.02101,0.06995
12177,2,2_2,0.08,0.01462,0.07025
12178,2,2_2,0.08,0.01477,0.0747
12179,2,2_2,0.08,0.01573,0.08105
12180,2,2_2,0.08,0.01749,0.07623
12181,2,2_2,0.08,0.01466,0.06964
12182,2,2_2,0.08,0.01459,0.0731
12183,2,2_2,0.08,0.01709,0.0689
12184,2,2_2,0.08,0.01464,0.07
12185,2,2_2,0.08,0.01518,0.0727
12186,2,2_2,0.08,0.01909,0.0715
12187,2,2_2,0.08,0.014046,0.0689
12188,2,2_2,0.08,0.01675,0.06995
12189,2,2_2,0.08,0.01443,0.0703
12190,2,2_2,0.08,0.01985,0.07043
12191,2,2_2,0.08,0.0159,0.0681
12192,2,2_2,0.08,0.01297,0.0853
12193,2,2_2,0.08,0.01479,0.0712
12194,2,2_2,0.08,0.014656,0.0727
12195,2,2_2,0.08,0.01355,0.0752
12196,2,2_2,0.08,0.02032,0.06903
12197,2,2_2,0.08,0.01686,0.0723
12198,2,2_2,0.08,0.01564,0.0765
12199,2,2_2,0.08,0.01517,0.07294
12200,2,2_2,0.08,0.014305,0.0703
12201,2,2_2,0.08,0.01732,0.0723
12202,2,2_2,0.08,0.01633,0.0685
12203,2,2_2,0.08,0.01791,0.0743
12204,2,2_2,0.08,0.01429,0.07733
12205,2,2_2,0.08,0.0197,0.0712
12206,2,2_2,0.08,0.01578,0.06964
12207,2,2_2,0.08,0.017,0.0792
12208,2,2_2,0.08,0.01578,0.06885
12209,2,2_2,0.08,0.0204,0.06793
12210,2,2_2,0.08,0.013596,0.06964
12211,2,2_2,0.08,0.01724,0.0679
12212,2,2_2,0.08,0.01572,0.07043
12213,2,2_2,0.08,0.01775,0.0786
12214,2,2_2,0.08,0.01325,0.08826
12215,2,2_2,0.08,0.0174,0.06866
12216,2,2_2,0.08,0.01512,0.06946
12217,2,2_2,0.08,0.01651,0.0702
12218,2,2_2,0.08,0.014305,0.0793
12219,2,2_2,0.08,0.01395,0.07294
12220,2,2_2,0.08,0.0191,0.0703
12221,2,2_2,0.08,0.01567,0.0718
12222,2,2_2,0.08,0.01921,0.07227
12223,2,2_2,0.08,0.0178,0.072
12224,2,2_2,0.08,0.01729,0.07983
12225,2,2_2,0.08,0.015564,0.073
12226,2,2_2,0.08,0.012344,0.07196
12227,2,2_2,0.08,0.01744,0.0712
12228,2,2_2,0.08,0.0203,0.0692
12229,2,2_2,0.08,0.0165,0.06964
12230,2,2_2,0.08,0.015175,0.07184
12231,2,2_2,0.08,0.01813,0.07117
12232,2,2_2,0.08,0.01611,0.0743
12233,2,2_2,0.08,0.01659,0.0704
12234,2,2_2,0.08,0.01595,0.07983
12235,2,2_2,0.08,0.01648,0.0698
12236,2,2_2,0.08,0.01567,0.0747
12237,2,2_2,0.08,0.01389,0.07385
12238,2,2_2,0.08,0.01319,0.0804
12239,2,2_2,0.08,0.014824,0.08264
12240,2,2_2,0.08,0.01599,0.0741
12241,2,2_2,0.08,0.01685,0.07996
12242,2,2_2,0.08,0.01433,0.0698
12243,2,2_2,0.08,0.01883,0.07056
12244,2,2_2,0.08,0.01467,0.07324
12245,2,2_2,0.08,0.01727,0.07367
12246,2,2_2,0.08,0.01208,0.07227
12247,2,2_2,0.08,0.0165,0.07086
12248,2,2_2,0.08,0.01761,0.0736
12249,2,2_2,0.08,0.01408,0.0694
12250,2,2_2,0.08,0.01573,0.0854
12251,2,2_2,0.08,0.014915,0.07404
12252,2,2_2,0.08,0.01234,0.07294
12253,2,2_2,0.08,0.01657,0.07434
12254,2,2_2,0.08,0.01826,0.0704
12255,2,2_2,0.08,0.014595,0.08026
12256,2,2_2,0.08,0.01933,0.0782
12257,2,2_2,0.08,0.01715,0.06854
12258,2,2_2,0.08,0.01859,0.0832
12259,2,2_2,0.08,0.01765,0.0716
12260,2,2_2,0.08,0.01226,0.0688
12261,2,2_2,0.08,0.02155,0.07086
12262,2,2_2,0.08,0.01604,0.0699
12263,2,2_2,0.08,0.0151,0.08276
12264,2,2_2,0.08,0.01608,0.0836
12265,2,2_2,0.08,0.01393,0.0728
12266,2,2_2,0.08,0.01282,0.06946
12267,2,2_2,0.08,0.01529,0.0771
12268,2,2_2,0.08,0.01646,0.0705
12269,2,2_2,0.08,0.01493,0.06866
12270,2,2_2,0.08,0.01468,0.0738
12271,2,2_2,0.08,0.01634,0.07263
12272,2,2_2,0.08,0.01614,0.0699
12273,2,2_2,0.08,0.01584,0.0687
12274,2,2_2,0.08,0.01291,0.06976
12275,2,2_2,0.08,0.01491,0.0691
12276,2,2_2,0.08,0.0134,0.0751
12277,2,2_2,0.08,0.015045,0.08014
12278,2,2_2,0.08,0.01767,0.0694
12279,2,2_2,0.08,0.01611,0.07043
12280,2,2_2,0.08,0.01921,0.07196
12281,2,2_2,0.08,0.01509,0.0765
12282,2,2_2,0.08,0.01507,0.0944
12283,2,2_2,0.08,0.01467,0.08
12284,2,2_2,0.08,0.01741,0.0701
12285,2,2_2,0.08,0.01567,0.074
12286,2,2_2,0.08,0.01857,0.1023
12287,2,2_2,0.08,0.01569,0.07056
12288,2,2_2,0.08,0.01682,0.07184
12289,2,2_2,0.08,0.015526,0.0768
12290,2,2_2,0.08,0.01602,0.0773
12291,2,2_2,0.08,0.01724,0.07245
12292,2,2_2,0.08,0.01814,0.0717
12293,2,2_2,0.08,0.01553,0.077
12294,2,2_2,0.08,0.01481,0.06885
12295,2,2_2,0.08,0.01749,0.0722
12296,2,2_2,0.08,0.01337,0.0736
12297,2,2_2,0.08,0.01706,0.07434
12298,2,2_2,0.08,0.02016,0.0733
12299,2,2_2,0.08,0.01325,0.06903
12300,2,2_2,0.08,0.01399,0.0728
12301,2,2_2,0.08,0.01504,0.0703
12302,2,2_2,0.08,0.01625,0.0839
12303,2,2_2,0.08,0.014366,0.06885
12304,2,2_2,0.08,0.01495,0.0699
12305,2,2_2,0.08,0.01608,0.0731
12306,2,2_2,0.08,0.01529,0.0907
12307,2,2_2,0.08,0.01477,0.07294
12308,2,2_2,0.08,0.01706,0.07025
12309,2,2_2,0.08,0.0144,0.07324
12310,2,2_2,0.08,0.01554,0.1001
12311,2,2_2,0.08,0.01593,0.0764
12312,2,2_2,0.08,0.01585,0.06903
12313,2,2_2,0.08,0.01953,0.06995
12314,2,2_2,0.08,0.0162,0.071
12315,2,2_2,0.08,0.01726,0.07214
12316,2,2_2,0.08,0.01422,0.0787
12317,2,2_2,0.08,0.0154,0.0679
12318,2,2_2,0.08,0.01787,0.06946
12319,2,2_2,0.08,0.01825,0.07196
12320,2,2_2,0.08,0.01353,0.07404
12321,2,2_2,0.08,0.01665,0.06757
12322,2,2_2,0.08,0.01399,0.0709
12323,2,2_2,0.08,0.014015,0.06903
12324,2,2_2,0.08,0.01642,0.0776
12325,2,2_2,0.08,0.01492,0.0786
12326,2,2_2,0.08,0.0147,0.06824
12327,2,2_2,0.08,0.01608,0.0709
12328,2,2_2,0.08,0.01836,0.07574
12329,2,2_2,0.08,0.01736,0.0708
12330,2,2_2,0.08,0.0202,0.07336
12331,2,2_2,0.08,0.013824,0.07874
12332,2,2_2,0.08,0.015114,0.07166
12333,2,2_2,0.08,0.01225,0.06976
12334,2,2_2,0.08,0.01859,0.07184
12335,2,2_2,0.08,0.015205,0.07477
12336,2,2_2,0.08,0.01328,0.07227
12337,2,2_2,0.08,0.01599,0.07697
12338,2,2_2,0.08,0.01839,0.07007
12339,2,2_2,0.08,0.01764,0.0727
12340,2,2_2,0.08,0.014465,0.07983
12341,2,2_2,0.08,0.014946,0.0698
12342,2,2_2,0.08,0.02026,0.0734
12343,2,2_2,0.08,0.0216,0.0787
12344,2,2_2,0.08,0.01712,0.07153
12345,2,2_2,0.08,0.01805,0.082
12346,2,2_2,0.08,0.014565,0.0786
12347,2,2_2,0.08,0.01303,0.0687
12348,2,2_2,0.08,0.01637,0.0691
12349,2,2_2,0.08,0.01651,0.0679
12350,2,2_2,0.08,0.013176,0.0715
12351,2,2_2,0.08,0.01857,0.0706
12352,2,2_2,0.08,0.01561,0.071
12353,2,2_2,0.08,0.01921,0.08374
12354,2,2_2,0.08,0.01335,0.0749
12355,2,2_2,0.08,0.01692,0.07855
12356,2,2_2,0.08,0.01442,0.07404
12357,2,2_2,0.08,0.01458,0.07275
12358,2,2_2,0.08,0.0168,0.0696
12359,2,2_2,0.08,0.01682,0.0881
12360,2,2_2,0.08,0.012924,0.0699
12361,2,2_2,0.08,0.0149,0.06934
12362,2,2_2,0.08,0.0167,0.0745
12363,2,2_2,0.08,0.01839,0.0854
12364,2,2_2,0.08,0.014984,0.0698
12365,2,2_2,0.08,0.01607,0.0728
12366,2,2_2,0.08,0.01569,0.0752
12367,2,2_2,0.08,0.015594,0.07495
12368,2,2_2,0.08,0.015076,0.07184
12369,2,2_2,0.08,0.0172,0.07806
12370,2,2_2,0.08,0.01441,0.07635
12371,2,2_2,0.08,0.01563,0.07056
12372,2,2_2,0.08,0.015434,0.0729
12373,2,2_2,0.08,0.01558,0.07245
12374,2,2_2,0.08,0.014015,0.0725
12375,2,2_2,0.08,0.01689,0.07605
12376,2,2_2,0.08,0.01855,0.06915
12377,2,2_2,0.08,0.01834,0.07465
12378,2,2_2,0.08,0.01682,0.0817
12379,2,2_2,0.08,0.01455,0.0763
12380,2,2_2,0.08,0.02187,0.07764
12381,2,2_2,0.08,0.01585,0.07806
12382,2,2_2,0.08,0.01616,0.06836
12383,2,2_2,0.08,0.01457,0.0852
12384,2,2_2,0.08,0.01855,0.0728
12385,2,2_2,0.08,0.01657,0.07385
12386,2,2_2,0.08,0.01642,0.06805
12387,2,2_2,0.08,0.01756,0.06976
12388,2,2_2,0.08,0.01685,0.0723
12389,2,2_2,0.08,0.01281,0.0703
12390,2,2_2,0.08,0.01411,0.071
12391,2,2_2,0.08,0.01537,0.07196
12392,2,2_2,0.08,0.01548,0.0706
12393,2,2_2,0.08,0.01648,0.0742
12394,2,2_2,0.08,0.0178,0.0723
12395,2,2_2,0.08,0.01369,0.0711
12396,2,2_2,0.08,0.01492,0.07367
12397,2,2_2,0.08,0.01817,0.0754
12398,2,2_2,0.08,0.0166,0.0833
12399,2,2_2,0.08,0.01413,0.0695
12400,2,2_2,0.08,0.0159,0.0709
12401,2,2_2,0.08,0.02208,0.0791
12402,2,2_2,0.08,0.01393,0.07404
12403,2,2_2,0.08,0.01743,0.0683
12404,2,2_2,0.08,0.0179,0.0724
12405,2,2_2,0.08,0.01947,0.0734
12406,2,2_2,0.08,0.01785,0.07227
12407,2,2_2,0.08,0.01608,0.0757
12408,2,2_2,0.08,0.01421,0.0775
12409,2,2_2,0.08,0.02376,0.081
12410,2,2_2,0.08,0.01283,0.0682
12411,2,2_2,0.08,0.01627,0.0688
12412,2,2_2,0.08,0.0164,0.0702
12413,2,2_2,0.08,0.01412,0.07294
12414,2,2_2,0.08,0.0117,0.0788
12415,2,2_2,0.08,0.01804,0.07733
12416,2,2_2,0.08,0.01538,0.0688
12417,2,2_2,0.08,0.01585,0.07947
12418,2,2_2,0.08,0.01522,0.07477
12419,2,2_2,0.08,0.01141,0.0738
12420,2,2_2,0.08,0.01536,0.07965
12421,2,2_2,0.08,0.01544,0.07074
12422,2,2_2,0.08,0.012085,0.0726
12423,2,2_2,0.08,0.01491,0.07733
12424,2,2_2,0.08,0.01587,0.07336
12425,2,2_2,0.08,0.014946,0.0714
12426,2,2_2,0.08,0.01872,0.0707
12427,2,2_2,0.08,0.01588,0.0709
12428,2,2_2,0.08,0.013725,0.07
12429,2,2_2,0.08,0.01819,0.06866
12430,2,2_2,0.08,0.01683,0.0801
12431,2,2_2,0.08,0.0141,0.07007
12432,2,2_2,0.08,0.014496,0.07214
12433,2,2_2,0.08,0.01501,0.07184
12434,2,2_2,0.08,0.01439,0.0697
12435,2,2_2,0.08,0.014656,0.07117
12436,2,2_2,0.08,0.01678,0.07007
12437,2,2_2,0.08,0.01464,0.0789
12438,2,2_2,0.08,0.01405,0.0726
12439,2,2_2,0.08,0.0168,0.068
12440,2,2_2,0.08,0.014534,0.07574
12441,2,2_2,0.08,0.01639,0.07446
12442,2,2_2,0.08,0.01455,0.0728
12443,2,2_2,0.08,0.01686,0.08344
12444,2,2_2,0.08,0.01901,0.0701
12445,2,2_2,0.08,0.0213,0.0721
12446,2,2_2,0.08,0.01637,0.082
12447,2,2_2,0.08,0.01628,0.07294
12448,2,2_2,0.08,0.01686,0.0724
12449,2,2_2,0.08,0.01614,0.06866
12450,2,2_2,0.08,0.01945,0.0807
12451,2,2_2,0.08,0.0172,0.08545
12452,2,2_2,0.08,0.01704,0.07
12453,2,2_2,0.08,0.01489,0.0733
12454,2,2_2,0.08,0.02087,0.0746
12455,2,2_2,0.08,0.01933,0.07007
12456,2,2_2,0.08,0.01845,0.0683
12457,2,2_2,0.08,0.01518,0.08746
12458,2,2_2,0.08,0.01489,0.0827
12459,2,2_2,0.08,0.0142,0.0721
12460,2,2_2,0.08,0.01619,0.09515
12461,2,2_2,0.08,0.01639,0.0762
12462,2,2_2,0.08,0.01567,0.06995
12463,2,2_2,0.08,0.01425,0.08496
12464,2,2_2,0.08,0.01944,0.07306
12465,2,2_2,0.08,0.0201,0.07935
12466,2,2_2,0.08,0.01865,0.07025
12467,2,2_2,0.08,0.01627,0.07855
12468,2,2_2,0.08,0.01674,0.0744
12469,2,2_2,0.08,0.01614,0.0717
12470,2,2_2,0.08,0.01552,0.072
12471,2,2_2,0.08,0.01662,0.082
12472,2,2_2,0.08,0.01383,0.0997
12473,2,2_2,0.08,0.01901,0.08075
12474,2,2_2,0.08,0.02074,0.06964
12475,2,2_2,0.08,0.01538,0.07245
12476,2,2_2,0.08,0.01704,0.0914
12477,2,2_2,0.08,0.01659,0.07153
12478,2,2_2,0.08,0.019,0.07355
12479,2,2_2,0.08,0.01788,0.0977
12480,2,2_2,0.08,0.01813,0.0741
12481,2,2_2,0.08,0.01582,0.07166
12482,2,2_2,0.08,0.01616,0.07227
12483,2,2_2,0.08,0.02066,0.07166
12484,2,2_2,0.08,0.01996,0.0702
12485,2,2_2,0.08,0.01403,0.06805
12486,2,2_2,0.08,0.02094,0.0748
12487,2,2_2,0.08,0.012726,0.0745
12488,2,2_2,0.08,0.01417,0.0754
12489,2,2_2,0.08,0.01755,0.0708
12490,2,2_2,0.08,0.015434,0.06946
12491,2,2_2,0.08,0.01797,0.06934
12492,2,2_2,0.08,0.01566,0.0751
12493,2,2_2,0.08,0.015434,0.07196
12494,2,2_2,0.08,0.01677,0.0729
12495,2,2_2,0.08,0.01451,0.0748
12496,2,2_2,0.08,0.01808,0.0704
12497,2,2_2,0.08,0.01973,0.0717
12498,2,2_2,0.08,0.01692,0.0732
12499,2,2_2,0.08,0.01501,0.0698
12500,2,2_2,0.08,0.01524,0.07196
12501,2,2_2,0.08,0.0169,0.0773
12502,2,2_2,0.08,0.014595,0.07697
12503,2,2_2,0.08,0.01755,0.07886
12504,2,2_2,0.08,0.01588,0.08246
12505,2,2_2,0.08,0.01394,0.0695
12506,2,2_2,0.08,0.01707,0.08844
12507,2,2_2,0.08,0.01822,0.07306
12508,2,2_2,0.08,0.01643,0.0701
12509,2,2_2,0.08,0.01359,0.0738
12510,2,2_2,0.08,0.01515,0.0853
12511,2,2_2,0.08,0.01429,0.07227
12512,2,2_2,0.08,0.013626,0.0705
12513,2,2_2,0.08,0.01782,0.07135
12514,2,2_2,0.08,0.01671,0.07025
12515,2,2_2,0.08,0.014244,0.07117
12516,2,2_2,0.08,0.01692,0.0783
12517,2,2_2,0.08,0.01324,0.07666
12518,2,2_2,0.08,0.01454,0.07513
12519,2,2_2,0.08,0.01373,0.0722
12520,2,2_2,0.08,0.01569,0.07764
12521,2,2_2,0.08,0.01741,0.0714
12522,2,2_2,0.08,0.01703,0.07605
12523,2,2_2,0.08,0.01784,0.0706
12524,2,2_2,0.08,0.01744,0.0851
12525,2,2_2,0.08,0.01666,0.0681
12526,2,2_2,0.08,0.0187,0.0912
12527,2,2_2,0.08,0.01625,0.07654
12528,2,2_2,0.08,0.01559,0.0687
12529,2,2_2,0.08,0.013214,0.07434
12530,2,2_2,0.08,0.01799,0.07007
12531,2,2_2,0.08,0.01566,0.0716
12532,2,2_2,0.08,0.01309,0.07355
12533,2,2_2,0.08,0.01945,0.0726
12534,2,2_2,0.08,0.02242,0.07306
12535,2,2_2,0.08,0.01346,0.0859
12536,2,2_2,0.08,0.014534,0.07135
12537,2,2_2,0.08,0.01552,0.085
12538,2,2_2,0.08,0.01269,0.07166
12539,2,2_2,0.08,0.0162,0.0733
12540,2,2_2,0.08,0.01663,0.07086
12541,2,2_2,0.08,0.01588,0.0837
12542,2,2_2,0.08,0.011894,0.0746
12543,2,2_2,0.08,0.01388,0.0776
12544,2,2_2,0.08,0.01513,0.0718
12545,2,2_2,0.08,0.0156,0.0707
12546,2,2_2,0.08,0.01651,0.06964
12547,2,2_2,0.08,0.013504,0.07556
12548,2,2_2,0.08,0.01643,0.0757
12549,2,2_2,0.08,0.01889,0.07587
12550,2,2_2,0.08,0.01796,0.07446
12551,2,2_2,0.08,0.01564,0.0786
12552,2,2_2,0.08,0.014046,0.06885
12553,2,2_2,0.08,0.01833,0.0697
12554,2,2_2,0.08,0.01539,0.07245
12555,2,2_2,0.08,0.015114,0.06946
12556,2,2_2,0.08,0.01909,0.0862
12557,2,2_2,0.08,0.01412,0.07074
12558,2,2_2,0.08,0.01527,0.0818
12559,2,2_2,0.08,0.01384,0.0735
12560,2,2_2,0.08,0.01971,0.0724
12561,2,2_2,0.08,0.01762,0.06946
12562,2,2_2,0.08,0.01752,0.0816
12563,2,2_2,0.08,0.01392,0.0712
12564,2,2_2,0.08,0.01636,0.08417
12565,2,2_2,0.08,0.01695,0.0677
12566,2,2_2,0.08,0.01756,0.0782
12567,2,2_2,0.08,0.01412,0.0787
12568,2,2_2,0.08,0.0157,0.0732
12569,2,2_2,0.08,0.01541,0.0711
12570,2,2_2,0.08,0.01794,0.07117
12571,2,2_2,0.08,0.01944,0.08044
12572,2,2_2,0.08,0.01591,0.0748
12573,2,2_2,0.08,0.01752,0.0724
12574,2,2_2,0.08,0.01805,0.087
12575,2,2_2,0.08,0.02057,0.0699
12576,2,2_2,0.08,0.01743,0.0708
12577,2,2_2,0.08,0.01723,0.0729
12578,2,2_2,0.08,0.01686,0.0819
12579,2,2_2,0.08,0.01851,0.073
12580,2,2_2,0.08,0.01729,0.0722
12581,2,2_2,0.08,0.01656,0.0696
12582,2,2_2,0.08,0.01203,0.0697
12583,2,2_2,0.08,0.0166,0.0701
12584,2,2_2,0.08,0.01464,0.0712
12585,2,2_2,0.08,0.02036,0.0859
12586,2,2_2,0.08,0.01761,0.0729
12587,2,2_2,0.08,0.014725,0.0767
12588,2,2_2,0.08,0.015465,0.0836
12589,2,2_2,0.08,0.01701,0.06885
12590,2,2_2,0.08,0.0168,0.0714
12591,2,2_2,0.08,0.02,0.0889
12592,2,2_2,0.08,0.01715,0.07605
12593,2,2_2,0.08,0.01837,0.0717
12594,2,2_2,0.08,0.0174,0.08466
12595,2,2_2,0.08,0.01452,0.07135
12596,2,2_2,0.08,0.01646,0.0744
12597,2,2_2,0.08,0.01814,0.07294
12598,2,2_2,0.08,0.01449,0.07416
12599,2,2_2,0.08,0.01536,0.08075
12600,2,2_2,0.08,0.01492,0.07306
12601,2,2_2,0.08,0.0129,0.07245
12602,2,2_2,0.08,0.01308,0.0752
12603,2,2_2,0.08,0.01689,0.07
12604,2,2_2,0.08,0.01604,0.0725
12605,2,2_2,0.08,0.01918,0.08105
12606,2,2_2,0.08,0.0154,0.0733
12607,2,2_2,0.08,0.014084,0.06995
12608,2,2_2,0.08,0.02242,0.07367
12609,2,2_2,0.08,0.01802,0.071
12610,2,2_2,0.08,0.01338,0.0746
12611,2,2_2,0.08,0.01915,0.0746
12612,2,2_2,0.08,0.01306,0.0695
12613,2,2_2,0.08,0.01825,0.0699
12614,2,2_2,0.08,0.0157,0.07135
12615,2,2_2,0.08,0.013626,0.0755
12616,2,2_2,0.08,0.01515,0.0719
12617,2,2_2,0.08,0.01807,0.07306
12618,2,2_2,0.08,0.01426,0.07404
12619,2,2_2,0.08,0.01338,0.0719
12620,2,2_2,0.08,0.01181,0.078
12621,2,2_2,0.08,0.01642,0.07416
12622,2,2_2,0.08,0.01845,0.0712
12623,2,2_2,0.08,0.01398,0.0725
12624,2,2_2,0.08,0.01735,0.0765
12625,2,2_2,0.08,0.01602,0.0687
12626,2,2_2,0.08,0.02187,0.07227
12627,2,2_2,0.08,0.0178,0.0724
12628,2,2_2,0.08,0.0148,0.0701
12629,2,2_2,0.08,0.012856,0.0763
12630,2,2_2,0.08,0.01598,0.069
12631,2,2_2,0.08,0.01424,0.07056
12632,2,2_2,0.08,0.01341,0.07605
12633,2,2_2,0.08,0.01805,0.08014
12634,2,2_2,0.08,0.01259,0.0691
12635,2,2_2,0.08,0.01447,0.0748
12636,2,2_2,0.08,0.01672,0.07764
12637,2,2_2,0.08,0.01695,0.0698
12638,2,2_2,0.08,0.01877,0.06976
12639,2,2_2,0.08,0.01672,0.07086
12640,2,2_2,0.08,0.01622,0.0744
12641,2,2_2,0.08,0.01228,0.07275
12642,2,2_2,0.08,0.01504,0.06946
12643,2,2_2,0.08,0.01481,0.07806
12644,2,2_2,0.08,0.01668,0.0721
12645,2,2_2,0.08,0.01648,0.0723
12646,2,2_2,0.08,0.01643,0.07684
12647,2,2_2,0.08,0.01717,0.07214
12648,2,2_2,0.08,0.01915,0.07275
12649,2,2_2,0.08,0.01671,0.0694
12650,2,2_2,0.08,0.014404,0.0772
12651,2,2_2,0.08,0.01232,0.0719
12652,2,2_2,0.08,0.01735,0.07544
12653,2,2_2,0.08,0.01683,0.0709
12654,2,2_2,0.08,0.01633,0.07874
12655,2,2_2,0.08,0.01831,0.0707
12656,2,2_2,0.08,0.01415,0.0709
12657,2,2_2,0.08,0.01791,0.07184
12658,2,2_2,0.08,0.012405,0.0756
12659,2,2_2,0.08,0.01906,0.07086
12660,2,2_2,0.08,0.0171,0.06976
12661,2,2_2,0.08,0.014366,0.0781
12662,2,2_2,0.08,0.01476,0.0736
12663,2,2_2,0.08,0.01382,0.0754
12664,2,2_2,0.08,0.02127,0.0719
12665,2,2_2,0.08,0.014915,0.06995
12666,2,2_2,0.08,0.01842,0.1067
12667,2,2_2,0.08,0.01591,0.07324
12668,2,2_2,0.08,0.01447,0.07007
12669,2,2_2,0.08,0.0169,0.0725
12670,2,2_2,0.08,0.01653,0.07513
12671,2,2_2,0.08,0.01595,0.08154
12672,2,2_2,0.08,0.0208,0.07043
12673,2,2_2,0.08,0.01756,0.07385
12674,2,2_2,0.08,0.015114,0.0697
12675,2,2_2,0.08,0.0182,0.07733
12676,2,2_2,0.08,0.01491,0.07184
12677,2,2_2,0.08,0.01596,0.07025
12678,2,2_2,0.08,0.02037,0.0752
12679,2,2_2,0.08,0.02058,0.0742
12680,2,2_2,0.08,0.0136,0.0715
12681,2,2_2,0.08,0.01461,0.0702
12682,2,2_2,0.08,0.01291,0.07355
12683,2,2_2,0.08,0.01807,0.07
12684,2,2_2,0.08,0.02377,0.075
12685,2,2_2,0.08,0.01527,0.0705
12686,2,2_2,0.08,0.01584,0.07336
12687,2,2_2,0.08,0.01695,0.07623
12688,2,2_2,0.08,0.01239,0.0754
12689,2,2_2,0.08,0.01497,0.0693
12690,2,2_2,0.08,0.01756,0.08044
12691,2,2_2,0.08,0.01323,0.0737
12692,2,2_2,0.08,0.01778,0.07385
12693,2,2_2,0.08,0.013885,0.0708
12694,2,2_2,0.08,0.01807,0.0738
12695,2,2_2,0.08,0.01538,0.0696
12696,2,2_2,0.08,0.01836,0.07153
12697,2,2_2,0.08,0.01437,0.0754
12698,2,2_2,0.08,0.01797,0.07135
12699,2,2_2,0.08,0.01694,0.0741
12700,2,2_2,0.08,0.01587,0.07513
12701,2,2_2,0.08,0.01741,0.06976
12702,2,2_2,0.08,0.02206,0.07416
12703,2,2_2,0.08,0.01727,0.07056
12704,2,2_2,0.08,0.017,0.0756
12705,2,2_2,0.08,0.01945,0.0787
12706,2,2_2,0.08,0.02039,0.0704
12707,2,2_2,0.08,0.01863,0.0742
12708,2,2_2,0.08,0.01378,0.07336
12709,2,2_2,0.08,0.01509,0.0787
12710,2,2_2,0.08,0.01471,0.0696
12711,2,2_2,0.08,0.01515,0.0739
12712,2,2_2,0.08,0.01651,0.0764
12713,2,2_2,0.08,0.01837,0.0716
12714,2,2_2,0.08,0.015366,0.09485
12715,2,2_2,0.08,0.0174,0.07654
12716,2,2_2,0.08,0.01228,0.07294
12717,2,2_2,0.08,0.01584,0.07043
12718,2,2_2,0.08,0.01421,0.07715
12719,2,2_2,0.08,0.015274,0.06866
12720,2,2_2,0.08,0.015175,0.07446
12721,2,2_2,0.08,0.01591,0.0983
12722,2,2_2,0.08,0.0152,0.09546
12723,2,2_2,0.08,0.015495,0.072
12724,2,2_2,0.08,0.01569,0.071
12725,2,2_2,0.08,0.01368,0.07513
12726,2,2_2,0.08,0.01709,0.0701
12727,2,2_2,0.08,0.01449,0.0797
12728,2,2_2,0.08,0.014404,0.07196
12729,2,2_2,0.08,0.01683,0.08606
12730,2,2_2,0.08,0.01654,0.07104
12731,2,2_2,0.08,0.01549,0.0828
12732,2,2_2,0.08,0.0196,0.07214
12733,2,2_2,0.08,0.0153,0.0748
12734,2,2_2,0.08,0.0173,0.0694
12735,2,2_2,0.08,0.01358,0.07623
12736,2,2_2,0.08,0.01776,0.07635
12737,2,2_2,0.08,0.015564,0.07336
12738,2,2_2,0.08,0.01718,0.07367
12739,2,2_2,0.08,0.01749,0.06946
12740,2,2_2,0.08,0.01654,0.08496
12741,2,2_2,0.08,0.01932,0.07806
12742,2,2_2,0.08,0.01852,0.07153
12743,2,2_2,0.08,0.0184,0.1101
12744,2,2_2,0.08,0.01604,0.081
12745,2,2_2,0.08,0.01683,0.0752
12746,2,2_2,0.08,0.01431,0.07587
12747,2,2_2,0.08,0.01547,0.0724
12748,2,2_2,0.08,0.01359,0.07074
12749,2,2_2,0.08,0.01657,0.0789
12750,2,2_2,0.08,0.02025,0.07086
12751,2,2_2,0.08,0.01447,0.0698
12752,2,2_2,0.08,0.01613,0.0725
12753,2,2_2,0.08,0.0203,0.0789
12754,2,2_2,0.08,0.01917,0.07764
12755,2,2_2,0.08,0.01335,0.0763
12756,2,2_2,0.08,0.01768,0.0767
12757,2,2_2,0.08,0.01831,0.0752
12758,2,2_2,0.08,0.015015,0.0755
12759,2,2_2,0.08,0.01625,0.0714
12760,2,2_2,0.08,0.01779,0.0845
12761,2,2_2,0.08,0.01852,0.0705
12762,2,2_2,0.08,0.01572,0.0957
12763,2,2_2,0.08,0.01888,0.07385
12764,2,2_2,0.08,0.0131,0.0855
12765,2,2_2,0.08,0.01636,0.074
12766,2,2_2,0.08,0.014435,0.07544
12767,2,2_2,0.08,0.02086,0.0741
12768,2,2_2,0.08,0.01564,0.07135
12769,2,2_2,0.08,0.01726,0.07104
12770,2,2_2,0.08,0.015015,0.07367
12771,2,2_2,0.08,0.014046,0.071
12772,2,2_2,0.08,0.01428,0.07355
12773,2,2_2,0.08,0.019,0.0771
12774,2,2_2,0.08,0.01542,0.07324
12775,2,2_2,0.08,0.01353,0.07104
12776,2,2_2,0.08,0.01439,0.0865
12777,2,2_2,0.08,0.01424,0.07184
12778,2,2_2,0.08,0.01572,0.0716
12779,2,2_2,0.08,0.01663,0.072
12780,2,2_2,0.08,0.01508,0.06934
12781,2,2_2,0.08,0.01642,0.07166
12782,2,2_2,0.08,0.0181,0.07135
12783,2,2_2,0.08,0.01904,0.0843
12784,2,2_2,0.08,0.01776,0.07367
12785,2,2_2,0.08,0.01837,0.0815
12786,2,2_2,0.08,0.01223,0.0723
12787,2,2_2,0.08,0.01904,0.07245
12788,2,2_2,0.08,0.01799,0.0697
12789,2,2_2,0.08,0.02206,0.0724
12790,2,2_2,0.08,0.01599,0.0718
12791,2,2_2,0.08,0.01991,0.07184
12792,2,2_2,0.08,0.01793,0.07214
12793,2,2_2,0.08,0.01949,0.068
12794,2,2_2,0.08,0.01628,0.07654
12795,2,2_2,0.08,0.02203,0.0712
12796,2,2_2,0.08,0.02003,0.07947
12797,2,2_2,0.08,0.0189,0.0723
12798,2,2_2,0.08,0.0168,0.0766
12799,2,2_2,0.08,0.014824,0.0691
12800,2,2_2,0.08,0.0138,0.07623
12801,2,2_2,0.08,0.01846,0.07056
12802,2,2_2,0.08,0.01727,0.0798
12803,2,2_2,0.08,0.01682,0.0707
12804,2,2_2,0.08,0.014626,0.073
12805,2,2_2,0.08,0.014336,0.07764
12806,2,2_2,0.08,0.0139,0.0753
12807,2,2_2,0.08,0.0182,0.077
12808,2,2_2,0.08,0.01457,0.07794
12809,2,2_2,0.08,0.01767,0.0859
12810,2,2_2,0.08,0.01973,0.0694
12811,2,2_2,0.08,0.02086,0.0735
12812,2,2_2,0.08,0.0262,0.08594
12813,2,2_2,0.08,0.01624,0.07196
12814,2,2_2,0.08,0.015526,0.07874
12815,2,2_2,0.08,0.01872,0.0934
12816,2,2_2,0.08,0.01351,0.0847
12817,2,2_2,0.08,0.01293,0.0875
12818,2,2_2,0.08,0.01611,0.0707
12819,2,2_2,0.08,0.02097,0.0761
12820,2,2_2,0.08,0.01613,0.06854
12821,2,2_2,0.08,0.01435,0.0814
12822,2,2_2,0.08,0.01712,0.0699
12823,2,2_2,0.08,0.01524,0.07935
12824,2,2_2,0.08,0.02042,0.0767
12825,2,2_2,0.08,0.01267,0.08307
12826,2,2_2,0.08,0.01646,0.0836
12827,2,2_2,0.08,0.01715,0.07416
12828,2,2_2,0.08,0.014755,0.0703
12829,2,2_2,0.08,0.015465,0.07367
12830,2,2_2,0.08,0.02542,0.07275
12831,2,2_2,0.08,0.02089,0.0717
12832,2,2_2,0.08,0.01958,0.07227
12833,2,2_2,0.08,0.01682,0.07196
12834,2,2_2,0.08,0.014435,0.0707
12835,2,2_2,0.08,0.01576,0.07574
12836,2,2_2,0.08,0.01369,0.0715
12837,2,2_2,0.08,0.01112,0.07764
12838,2,2_2,0.08,0.02208,0.0707
12839,2,2_2,0.08,0.0168,0.0782
12840,2,2_2,0.08,0.0188,0.0732
12841,2,2_2,0.08,0.01277,0.07294
12842,2,2_2,0.08,0.01078,0.0788
12843,2,2_2,0.08,0.01749,0.07294
12844,2,2_2,0.08,0.01372,0.07245
12845,2,2_2,0.08,0.01672,0.07117
12846,2,2_2,0.08,0.01582,0.07104
12847,2,2_2,0.08,0.014435,0.08765
12848,2,2_2,0.08,0.01784,0.07214
12849,2,2_2,0.08,0.01949,0.07043
12850,2,2_2,0.08,0.01631,0.07355
12851,2,2_2,0.08,0.01773,0.0733
12852,2,2_2,0.08,0.01413,0.079
12853,2,2_2,0.08,0.01877,0.0687
12854,2,2_2,0.08,0.01872,0.0744
12855,2,2_2,0.08,0.01511,0.0717
12856,2,2_2,0.08,0.01674,0.07263
12857,2,2_2,0.08,0.01848,0.0753
12858,2,2_2,0.08,0.01852,0.0726
12859,2,2_2,0.08,0.013954,0.1004
12860,2,2_2,0.08,0.01508,0.096
12861,2,2_2,0.08,0.02153,0.073
12862,2,2_2,0.08,0.01712,0.0792
12863,2,2_2,0.08,0.01204,0.0739
12864,2,2_2,0.08,0.01536,0.0733
12865,2,2_2,0.08,0.0176,0.07214
12866,2,2_2,0.08,0.014046,0.0899
12867,2,2_2,0.08,0.01743,0.07263
12868,2,2_2,0.08,0.0175,0.0761
12869,2,2_2,0.08,0.01449,0.0732
12870,2,2_2,0.08,0.01714,0.0719
12871,2,2_2,0.08,0.01788,0.07605
12872,2,2_2,0.08,0.0161,0.0735
12873,2,2_2,0.08,0.01854,0.07495
12874,2,2_2,0.08,0.01785,0.0755
12875,2,2_2,0.08,0.01354,0.0719
12876,2,2_2,0.08,0.01979,0.07654
12877,2,2_2,0.08,0.01338,0.0775
12878,2,2_2,0.08,0.01544,0.07605
12879,2,2_2,0.08,0.01537,0.07806
12880,2,2_2,0.08,0.01192,0.0724
12881,2,2_2,0.08,0.01755,0.0714
12882,2,2_2,0.08,0.0164,0.07214
12883,2,2_2,0.08,0.014175,0.0757
12884,2,2_2,0.08,0.01724,0.0794
12885,2,2_2,0.08,0.01345,0.07336
12886,2,2_2,0.08,0.01582,0.0717
12887,2,2_2,0.08,0.01329,0.0713
12888,2,2_2,0.08,0.01607,0.07526
12889,2,2_2,0.08,0.01572,0.0765
12890,2,2_2,0.08,0.01886,0.0789
12891,2,2_2,0.08,0.0241,0.0809
12892,2,2_2,0.08,0.014885,0.0746
12893,2,2_2,0.08,0.01379,0.07135
12894,2,2_2,0.08,0.01602,0.07135
12895,2,2_2,0.08,0.0167,0.0709
12896,2,2_2,0.08,0.01395,0.07385
12897,2,2_2,0.08,0.01675,0.0712
12898,2,2_2,0.08,0.0224,0.0797
12899,2,2_2,0.08,0.01726,0.06995
12900,2,2_2,0.08,0.01727,0.07404
12901,2,2_2,0.08,0.01218,0.07306
12902,2,2_2,0.08,0.01768,0.08417
12903,2,2_2,0.08,0.01692,0.07025
12904,2,2_2,0.08,0.01923,0.0748
12905,2,2_2,0.08,0.01787,0.0785
12906,2,2_2,0.08,0.01415,0.08057
12907,2,2_2,0.08,0.0175,0.08026
12908,2,2_2,0.08,0.01624,0.0724
12909,2,2_2,0.08,0.01964,0.0708
12910,2,2_2,0.08,0.01141,0.07086
12911,2,2_2,0.08,0.013954,0.0709
12912,2,2_2,0.08,0.01484,0.07245
12913,2,2_2,0.08,0.013916,0.08887
12914,2,2_2,0.08,0.01473,0.07605
12915,2,2_2,0.08,0.01765,0.0738
12916,2,2_2,0.08,0.0108,0.07477
12917,2,2_2,0.08,0.01825,0.07416
12918,2,2_2,0.08,0.01653,0.07526
12919,2,2_2,0.08,0.01499,0.07544
12920,2,2_2,0.08,0.01585,0.073
12921,2,2_2,0.08,0.02081,0.07635
12922,2,2_2,0.08,0.01416,0.08105
12923,2,2_2,0.08,0.01241,0.0813
12924,2,2_2,0.08,0.02075,0.076
12925,2,2_2,0.08,0.016,0.0799
12926,2,2_2,0.08,0.01784,0.0707
12927,2,2_2,0.08,0.01659,0.0772
12928,2,2_2,0.08,0.014206,0.07074
12929,2,2_2,0.08,0.01855,0.0893
12930,2,2_2,0.08,0.01692,0.0722
12931,2,2_2,0.08,0.0226,0.0733
12932,2,2_2,0.08,0.01614,0.0821
12933,2,2_2,0.08,0.0174,0.0725
12934,2,2_2,0.08,0.01657,0.0694
12935,2,2_2,0.08,0.01717,0.0709
12936,2,2_2,0.08,0.01782,0.07965
12937,2,2_2,0.08,0.02707,0.0743
12938,2,2_2,0.08,0.01529,0.0742
12939,2,2_2,0.08,0.01388,0.07074
12940,2,2_2,0.08,0.01793,0.0772
12941,2,2_2,0.08,0.0146,0.07623
12942,2,2_2,0.08,0.01625,0.06995
12943,2,2_2,0.08,0.01633,0.08057
12944,2,2_2,0.08,0.01428,0.08295
12945,2,2_2,0.08,0.01758,0.0756
12946,2,2_2,0.08,0.02527,0.0727
12947,2,2_2,0.08,0.01904,0.08124
12948,2,2_2,0.08,0.02058,0.0781
12949,2,2_2,0.08,0.01974,0.07367
12950,2,2_2,0.08,0.013306,0.0754
12951,2,2_2,0.08,0.0196,0.083
12952,2,2_2,0.08,0.02187,0.0765
12953,2,2_2,0.08,0.0162,0.08014
12954,2,2_2,0.08,0.011536,0.0732
12955,2,2_2,0.08,0.0142,0.07294
12956,2,2_2,0.08,0.013405,0.0733
12957,2,2_2,0.08,0.01587,0.06995
12958,2,2_2,0.08,0.013504,0.0727
12959,2,2_2,0.08,0.0213,0.0789
12960,2,2_2,0.08,0.01465,0.0952
12961,2,2_2,0.08,0.01979,0.0733
12962,2,2_2,0.08,0.01543,0.07306
12963,2,2_2,0.08,0.013306,0.0715
12964,2,2_2,0.08,0.0178,0.0722
12965,2,2_2,0.08,0.0186,0.07935
12966,2,2_2,0.08,0.01741,0.07367
12967,2,2_2,0.08,0.01675,0.0745
12968,2,2_2,0.08,0.01514,0.0782
12969,2,2_2,0.08,0.01813,0.07263
12970,2,2_2,0.08,0.015,0.0881
12971,2,2_2,0.08,0.02737,0.08215
12972,2,2_2,0.08,0.01653,0.07336
12973,2,2_2,0.08,0.01353,0.0787
12974,2,2_2,0.08,0.014626,0.0831
12975,2,2_2,0.08,0.01542,0.0773
12976,2,2_2,0.08,0.01272,0.0727
12977,2,2_2,0.08,0.01624,0.0791
12978,2,2_2,0.08,0.013794,0.0956
12979,2,2_2,0.08,0.02051,0.07074
12980,2,2_2,0.08,0.02213,0.0739
12981,2,2_2,0.08,0.01393,0.0715
12982,2,2_2,0.08,0.013115,0.082
12983,2,2_2,0.08,0.01682,0.0722
12984,2,2_2,0.08,0.0167,0.0709
12985,2,2_2,0.08,0.01802,0.08795
12986,2,2_2,0.08,0.01988,0.0794
12987,2,2_2,0.08,0.01357,0.0774
12988,2,2_2,0.08,0.015465,0.075
12989,2,2_2,0.08,0.014824,0.0704
12990,2,2_2,0.08,0.02124,0.07263
12991,2,2_2,0.08,0.01533,0.0845
12992,2,2_2,0.08,0.01255,0.07306
12993,2,2_2,0.08,0.01617,0.0713
12994,2,2_2,0.08,0.0176,0.0749
12995,2,2_2,0.08,0.016,0.0752
12996,2,2_2,0.08,0.02681,0.072
12997,2,2_2,0.08,0.01851,0.07263
12998,2,2_2,0.08,0.01768,0.0797
12999,2,2_2,0.08,0.01785,0.07
13000,2,2_2,0.16,0.01656,0.06995
13001,2,2_2,0.16,0.02101,0.0791
13002,2,2_2,0.16,0.01903,0.07385
13003,2,2_2,0.16,0.01656,0.07947
13004,2,2_2,0.16,0.02274,0.0772
13005,2,2_2,0.16,0.01576,0.07733
13006,2,2_2,0.16,0.01634,0.0764
13007,2,2_2,0.16,0.01863,0.07294
13008,2,2_2,0.16,0.02136,0.0734
13009,2,2_2,0.16,0.0203,0.0838
13010,2,2_2,0.16,0.01816,0.0768
13011,2,2_2,0.16,0.01746,0.0716
13012,2,2_2,0.16,0.0172,0.0816
13013,2,2_2,0.16,0.01901,0.0834
13014,2,2_2,0.16,0.02635,0.07025
13015,2,2_2,0.16,0.014534,0.07904
13016,2,2_2,0.16,0.01968,0.0685
13017,2,2_2,0.16,0.02162,0.07745
13018,2,2_2,0.16,0.02657,0.07745
13019,2,2_2,0.16,0.0202,0.0859
13020,2,2_2,0.16,0.02112,0.0902
13021,2,2_2,0.16,0.01643,0.06946
13022,2,2_2,0.16,0.02126,0.0806
13023,2,2_2,0.16,0.02283,0.0872
13024,2,2_2,0.16,0.01842,0.0711
13025,2,2_2,0.16,0.0168,0.0707
13026,2,2_2,0.16,0.0293,0.1109
13027,2,2_2,0.16,0.0181,0.0831
13028,2,2_2,0.16,0.0178,0.07477
13029,2,2_2,0.16,0.02219,0.07043
13030,2,2_2,0.16,0.02122,0.075
13031,2,2_2,0.16,0.01622,0.06744
13032,2,2_2,0.16,0.02164,0.0747
13033,2,2_2,0.16,0.01775,0.069
13034,2,2_2,0.16,0.02147,0.0702
13035,2,2_2,0.16,0.01971,0.07965
13036,2,2_2,0.16,0.01791,0.0758
13037,2,2_2,0.16,0.01947,0.07263
13038,2,2_2,0.16,0.0244,0.08014
13039,2,2_2,0.16,0.0196,0.0737
13040,2,2_2,0.16,0.01863,0.06775
13041,2,2_2,0.16,0.022,0.0723
13042,2,2_2,0.16,0.01898,0.07245
13043,2,2_2,0.16,0.01768,0.0698
13044,2,2_2,0.16,0.0226,0.07336
13045,2,2_2,0.16,0.0205,0.0831
13046,2,2_2,0.16,0.01877,0.07996
13047,2,2_2,0.16,0.02069,0.0806
13048,2,2_2,0.16,0.0207,0.079
13049,2,2_2,0.16,0.02705,0.0817
13050,2,2_2,0.16,0.02293,0.07556
13051,2,2_2,0.16,0.01768,0.0827
13052,2,2_2,0.16,0.02185,0.07947
13053,2,2_2,0.16,0.02455,0.0695
13054,2,2_2,0.16,0.01793,0.07587
13055,2,2_2,0.16,0.01462,0.0694
13056,2,2_2,0.16,0.02136,0.0823
13057,2,2_2,0.16,0.01875,0.0732
13058,2,2_2,0.16,0.01445,0.0748
13059,2,2_2,0.16,0.02307,0.08875
13060,2,2_2,0.16,0.02344,0.0699
13061,2,2_2,0.16,0.02261,0.0812
13062,2,2_2,0.16,0.02243,0.09784
13063,2,2_2,0.16,0.01738,0.07104
13064,2,2_2,0.16,0.02675,0.0798
13065,2,2_2,0.16,0.02316,0.0788
13066,2,2_2,0.16,0.02043,0.08374
13067,2,2_2,0.16,0.01717,0.07
13068,2,2_2,0.16,0.02034,0.06757
13069,2,2_2,0.16,0.01697,0.0787
13070,2,2_2,0.16,0.02623,0.07294
13071,2,2_2,0.16,0.02463,0.07794
13072,2,2_2,0.16,0.01996,0.0887
13073,2,2_2,0.16,0.01906,0.07513
13074,2,2_2,0.16,0.02544,0.0831
13075,2,2_2,0.16,0.01955,0.0758
13076,2,2_2,0.16,0.02551,0.08545
13077,2,2_2,0.16,0.01746,0.07697
13078,2,2_2,0.16,0.01912,0.0723
13079,2,2_2,0.16,0.02158,0.07825
13080,2,2_2,0.16,0.01682,0.082
13081,2,2_2,0.16,0.02426,0.0774
13082,2,2_2,0.16,0.015465,0.0803
13083,2,2_2,0.16,0.01698,0.0741
13084,2,2_2,0.16,0.01836,0.0747
13085,2,2_2,0.16,0.01877,0.094
13086,2,2_2,0.16,0.02303,0.0784
13087,2,2_2,0.16,0.02275,0.0767
13088,2,2_2,0.16,0.02022,0.09125
13089,2,2_2,0.16,0.02547,0.079
13090,2,2_2,0.16,0.03043,0.0738
13091,2,2_2,0.16,0.02455,0.07574
13092,2,2_2,0.16,0.01926,0.07733
13093,2,2_2,0.16,0.02412,0.0714
13094,2,2_2,0.16,0.01732,0.084
13095,2,2_2,0.16,0.01979,0.0733
13096,2,2_2,0.16,0.01903,0.08093
13097,2,2_2,0.16,0.02261,0.0873
13098,2,2_2,0.16,0.01793,0.08276
13099,2,2_2,0.16,0.02007,0.0795
13100,2,2_2,0.16,0.02332,0.0872
13101,2,2_2,0.16,0.02048,0.0825
13102,2,2_2,0.16,0.01799,0.08075
13103,2,2_2,0.16,0.01703,0.1067
13104,2,2_2,0.16,0.02596,0.0757
13105,2,2_2,0.16,0.02719,0.0802
13106,2,2_2,0.16,0.01877,0.0877
13107,2,2_2,0.16,0.02347,0.08203
13108,2,2_2,0.16,0.01675,0.0754
13109,2,2_2,0.16,0.0165,0.0724
13110,2,2_2,0.16,0.01991,0.07324
13111,2,2_2,0.16,0.02167,0.08307
13112,2,2_2,0.16,0.01391,0.0763
13113,2,2_2,0.16,0.02348,0.08167
13114,2,2_2,0.16,0.02771,0.0825
13115,2,2_2,0.16,0.01729,0.09607
13116,2,2_2,0.16,0.01768,0.07935
13117,2,2_2,0.16,0.01443,0.0912
13118,2,2_2,0.16,0.02765,0.07855
13119,2,2_2,0.16,0.02505,0.07605
13120,2,2_2,0.16,0.02808,0.10626
13121,2,2_2,0.16,0.01976,0.0827
13122,2,2_2,0.16,0.02596,0.0784
13123,2,2_2,0.16,0.01543,0.0755
13124,2,2_2,0.16,0.02205,0.0728
13125,2,2_2,0.16,0.02133,0.07837
13126,2,2_2,0.16,0.01645,0.07697
13127,2,2_2,0.16,0.02061,0.07806
13128,2,2_2,0.16,0.0214,0.08704
13129,2,2_2,0.16,0.02257,0.0817
13130,2,2_2,0.16,0.01895,0.07306
13131,2,2_2,0.16,0.02353,0.0752
13132,2,2_2,0.16,0.01624,0.0857
13133,2,2_2,0.16,0.02469,0.0853
13134,2,2_2,0.16,0.02438,0.07477
13135,2,2_2,0.16,0.02429,0.0755
13136,2,2_2,0.16,0.025,0.0815
13137,2,2_2,0.16,0.02106,0.07446
13138,2,2_2,0.16,0.01556,0.07623
13139,2,2_2,0.16,0.02293,0.07684
13140,2,2_2,0.16,0.01932,0.0819
13141,2,2_2,0.16,0.01686,0.07544
13142,2,2_2,0.16,0.02678,0.0778
13143,2,2_2,0.16,0.01875,0.0803
13144,2,2_2,0.16,0.01994,0.0749
13145,2,2_2,0.16,0.02011,0.0861
13146,2,2_2,0.16,0.01788,0.0814
13147,2,2_2,0.16,0.02356,0.08374
13148,2,2_2,0.16,0.01689,0.0735
13149,2,2_2,0.16,0.0247,0.072
13150,2,2_2,0.16,0.0277,0.0822
13151,2,2_2,0.16,0.02077,0.07434
13152,2,2_2,0.16,0.02634,0.085
13153,2,2_2,0.16,0.0299,0.1117
13154,2,2_2,0.16,0.01938,0.07806
13155,2,2_2,0.16,0.01952,0.0763
13156,2,2_2,0.16,0.02031,0.0769
13157,2,2_2,0.16,0.0263,0.08246
13158,2,2_2,0.16,0.0182,0.07385
13159,2,2_2,0.16,0.01468,0.0778
13160,2,2_2,0.16,0.01799,0.074
13161,2,2_2,0.16,0.01686,0.0718
13162,2,2_2,0.16,0.02527,0.08923
13163,2,2_2,0.16,0.01547,0.0806
13164,2,2_2,0.16,0.02495,0.0699
13165,2,2_2,0.16,0.01646,0.0688
13166,2,2_2,0.16,0.0189,0.07574
13167,2,2_2,0.16,0.02122,0.0732
13168,2,2_2,0.16,0.01929,0.10394
13169,2,2_2,0.16,0.02763,0.0937
13170,2,2_2,0.16,0.0262,0.0793
13171,2,2_2,0.16,0.02013,0.0832
13172,2,2_2,0.16,0.02174,0.0811
13173,2,2_2,0.16,0.02188,0.08234
13174,2,2_2,0.16,0.01796,0.0855
13175,2,2_2,0.16,0.02084,0.07086
13176,2,2_2,0.16,0.02394,0.0758
13177,2,2_2,0.16,0.01727,0.0745
13178,2,2_2,0.16,0.02792,0.08167
13179,2,2_2,0.16,0.022,0.0737
13180,2,2_2,0.16,0.02121,0.07574
13181,2,2_2,0.16,0.0185,0.0785
13182,2,2_2,0.16,0.02028,0.0809
13183,2,2_2,0.16,0.0276,0.0725
13184,2,2_2,0.16,0.02501,0.0807
13185,2,2_2,0.16,0.01797,0.0777
13186,2,2_2,0.16,0.02184,0.07874
13187,2,2_2,0.16,0.01987,0.07855
13188,2,2_2,0.16,0.02441,0.1059
13189,2,2_2,0.16,0.0217,0.088
13190,2,2_2,0.16,0.02225,0.0897
13191,2,2_2,0.16,0.01985,0.1049
13192,2,2_2,0.16,0.01656,0.07526
13193,2,2_2,0.16,0.015396,0.0727
13194,2,2_2,0.16,0.01741,0.07605
13195,2,2_2,0.16,0.02109,0.08636
13196,2,2_2,0.16,0.042,0.0737
13197,2,2_2,0.16,0.02278,0.08545
13198,2,2_2,0.16,0.0248,0.0836
13199,2,2_2,0.16,0.0198,0.07
13200,2,2_2,0.16,0.01643,0.07007
13201,2,2_2,0.16,0.02145,0.07825
13202,2,2_2,0.16,0.02126,0.0782
13203,2,2_2,0.16,0.02385,0.0813
13204,2,2_2,0.16,0.016,0.0809
13205,2,2_2,0.16,0.02287,0.0706
13206,2,2_2,0.16,0.01566,0.06946
13207,2,2_2,0.16,0.02509,0.0781
13208,2,2_2,0.16,0.01726,0.08
13209,2,2_2,0.16,0.0276,0.07574
13210,2,2_2,0.16,0.02061,0.0788
13211,2,2_2,0.16,0.02036,0.078
13212,2,2_2,0.16,0.01826,0.076
13213,2,2_2,0.16,0.02623,0.0778
13214,2,2_2,0.16,0.015114,0.07153
13215,2,2_2,0.16,0.01971,0.0805
13216,2,2_2,0.16,0.01953,0.0811
13217,2,2_2,0.16,0.01778,0.07605
13218,2,2_2,0.16,0.0209,0.0808
13219,2,2_2,0.16,0.02295,0.0863
13220,2,2_2,0.16,0.0294,0.07654
13221,2,2_2,0.16,0.0182,0.07227
13222,2,2_2,0.16,0.02278,0.07166
13223,2,2_2,0.16,0.01924,0.07434
13224,2,2_2,0.16,0.0272,0.09033
13225,2,2_2,0.16,0.02115,0.0861
13226,2,2_2,0.16,0.01764,0.08215
13227,2,2_2,0.16,0.01984,0.0953
13228,2,2_2,0.16,0.0192,0.08203
13229,2,2_2,0.16,0.01551,0.0858
13230,2,2_2,0.16,0.01912,0.0815
13231,2,2_2,0.16,0.03024,0.0743
13232,2,2_2,0.16,0.02661,0.0741
13233,2,2_2,0.16,0.02014,0.0792
13234,2,2_2,0.16,0.02347,0.0851
13235,2,2_2,0.16,0.02391,0.08356
13236,2,2_2,0.16,0.02438,0.0826
13237,2,2_2,0.16,0.02727,0.11847
13238,2,2_2,0.16,0.01355,0.0836
13239,2,2_2,0.16,0.02217,0.08997
13240,2,2_2,0.16,0.01854,0.1027
13241,2,2_2,0.16,0.02264,0.07446
13242,2,2_2,0.16,0.02365,0.07806
13243,2,2_2,0.16,0.02655,0.0743
13244,2,2_2,0.16,0.02405,0.0818
13245,2,2_2,0.16,0.02226,0.1052
13246,2,2_2,0.16,0.01584,0.08136
13247,2,2_2,0.16,0.02061,0.0866
13248,2,2_2,0.16,0.02095,0.0734
13249,2,2_2,0.16,0.01554,0.07294
13250,2,2_2,0.16,0.02003,0.07526
13251,2,2_2,0.16,0.02888,0.08875
13252,2,2_2,0.16,0.01566,0.06866
13253,2,2_2,0.16,0.02167,0.0851
13254,2,2_2,0.16,0.02061,0.0703
13255,2,2_2,0.16,0.02596,0.10364
13256,2,2_2,0.16,0.02274,0.0737
13257,2,2_2,0.16,0.01712,0.07275
13258,2,2_2,0.16,0.02293,0.0778
13259,2,2_2,0.16,0.01877,0.07745
13260,2,2_2,0.16,0.01718,0.08624
13261,2,2_2,0.16,0.03458,0.0729
13262,2,2_2,0.16,0.02132,0.07385
13263,2,2_2,0.16,0.01797,0.07776
13264,2,2_2,0.16,0.02245,0.07587
13265,2,2_2,0.16,0.01662,0.07166
13266,2,2_2,0.16,0.01549,0.0911
13267,2,2_2,0.16,0.02551,0.0745
13268,2,2_2,0.16,0.0164,0.07446
13269,2,2_2,0.16,0.02573,0.07367
13270,2,2_2,0.16,0.023,0.083
13271,2,2_2,0.16,0.02199,0.0714
13272,2,2_2,0.16,0.01988,0.10284
13273,2,2_2,0.16,0.02008,0.074
13274,2,2_2,0.16,0.02083,0.0699
13275,2,2_2,0.16,0.02446,0.08527
13276,2,2_2,0.16,0.02097,0.0741
13277,2,2_2,0.16,0.01805,0.0994
13278,2,2_2,0.16,0.02518,0.07886
13279,2,2_2,0.16,0.02008,0.0736
13280,2,2_2,0.16,0.02588,0.06934
13281,2,2_2,0.16,0.0221,0.06775
13282,2,2_2,0.16,0.02113,0.1066
13283,2,2_2,0.16,0.0194,0.0737
13284,2,2_2,0.16,0.01741,0.0763
13285,2,2_2,0.16,0.02377,0.0727
13286,2,2_2,0.16,0.02797,0.0713
13287,2,2_2,0.16,0.03004,0.07404
13288,2,2_2,0.16,0.02182,0.0915
13289,2,2_2,0.16,0.0213,0.07355
13290,2,2_2,0.16,0.01987,0.0699
13291,2,2_2,0.16,0.02138,0.0818
13292,2,2_2,0.16,0.01808,0.0733
13293,2,2_2,0.16,0.02048,0.077
13294,2,2_2,0.16,0.02084,0.09143
13295,2,2_2,0.16,0.02072,0.07465
13296,2,2_2,0.16,0.01203,0.0819
13297,2,2_2,0.16,0.02228,0.0859
13298,2,2_2,0.16,0.02411,0.0773
13299,2,2_2,0.16,0.01904,0.08704
13300,2,2_2,0.16,0.02019,0.07825
13301,2,2_2,0.16,0.02286,0.07666
13302,2,2_2,0.16,0.02649,0.10376
13303,2,2_2,0.16,0.01656,0.10455
13304,2,2_2,0.16,0.02177,0.07874
13305,2,2_2,0.16,0.02156,0.084
13306,2,2_2,0.16,0.01695,0.1108
13307,2,2_2,0.16,0.01657,0.0876
13308,2,2_2,0.16,0.02284,0.07196
13309,2,2_2,0.16,0.02309,0.0804
13310,2,2_2,0.16,0.01602,0.07495
13311,2,2_2,0.16,0.02754,0.0739
13312,2,2_2,0.16,0.02242,0.0794
13313,2,2_2,0.16,0.02594,0.0774
13314,2,2_2,0.16,0.02512,0.0699
13315,2,2_2,0.16,0.02916,0.0782
13316,2,2_2,0.16,0.01429,0.0845
13317,2,2_2,0.16,0.0179,0.0788
13318,2,2_2,0.16,0.01903,0.06946
13319,2,2_2,0.16,0.02167,0.08405
13320,2,2_2,0.16,0.01929,0.0732
13321,2,2_2,0.16,0.01828,0.0944
13322,2,2_2,0.16,0.01788,0.07654
13323,2,2_2,0.16,0.01654,0.10425
13324,2,2_2,0.16,0.0189,0.09875
13325,2,2_2,0.16,0.02309,0.0798
13326,2,2_2,0.16,0.01749,0.08295
13327,2,2_2,0.16,0.01675,0.07153
13328,2,2_2,0.16,0.02249,0.0711
13329,2,2_2,0.16,0.0186,0.06866
13330,2,2_2,0.16,0.026,0.0736
13331,2,2_2,0.16,0.01802,0.0903
13332,2,2_2,0.16,0.01599,0.07263
13333,2,2_2,0.16,0.0145,0.0843
13334,2,2_2,0.16,0.0246,0.0739
13335,2,2_2,0.16,0.01595,0.0776
13336,2,2_2,0.16,0.01778,0.0833
13337,2,2_2,0.16,0.01752,0.0721
13338,2,2_2,0.16,0.0245,0.0716
13339,2,2_2,0.16,0.02457,0.0702
13340,2,2_2,0.16,0.02034,0.0802
13341,2,2_2,0.16,0.01617,0.08075
13342,2,2_2,0.16,0.02289,0.08527
13343,2,2_2,0.16,0.02573,0.1041
13344,2,2_2,0.16,0.01945,0.0827
13345,2,2_2,0.16,0.01962,0.07825
13346,2,2_2,0.16,0.02046,0.0772
13347,2,2_2,0.16,0.01976,0.07837
13348,2,2_2,0.16,0.0216,0.0769
13349,2,2_2,0.16,0.02365,0.0729
13350,2,2_2,0.16,0.01628,0.1172
13351,2,2_2,0.16,0.02267,0.0734
13352,2,2_2,0.16,0.0227,0.0889
13353,2,2_2,0.16,0.01817,0.09607
13354,2,2_2,0.16,0.0203,0.081
13355,2,2_2,0.16,0.02711,0.0826
13356,2,2_2,0.16,0.0204,0.08356
13357,2,2_2,0.16,0.01575,0.07855
13358,2,2_2,0.16,0.02095,0.09686
13359,2,2_2,0.16,0.02274,0.0788
13360,2,2_2,0.16,0.01499,0.0793
13361,2,2_2,0.16,0.02217,0.078
13362,2,2_2,0.16,0.01753,0.07556
13363,2,2_2,0.16,0.02103,0.0784
13364,2,2_2,0.16,0.01785,0.0786
13365,2,2_2,0.16,0.0234,0.07587
13366,2,2_2,0.16,0.01732,0.09094
13367,2,2_2,0.16,0.01762,0.0805
13368,2,2_2,0.16,0.01678,0.081
13369,2,2_2,0.16,0.02136,0.0728
13370,2,2_2,0.16,0.02249,0.08624
13371,2,2_2,0.16,0.02357,0.0741
13372,2,2_2,0.16,0.02155,0.0812
13373,2,2_2,0.16,0.01805,0.0693
13374,2,2_2,0.16,0.01753,0.0774
13375,2,2_2,0.16,0.02353,0.0734
13376,2,2_2,0.16,0.01695,0.1031
13377,2,2_2,0.16,0.0208,0.08093
13378,2,2_2,0.16,0.01889,0.09314
13379,2,2_2,0.16,0.0198,0.0816
13380,2,2_2,0.16,0.02368,0.0856
13381,2,2_2,0.16,0.02353,0.0758
13382,2,2_2,0.16,0.01729,0.0812
13383,2,2_2,0.16,0.0244,0.0973
13384,2,2_2,0.16,0.02261,0.07477
13385,2,2_2,0.16,0.01749,0.0759
13386,2,2_2,0.16,0.01964,0.0845
13387,2,2_2,0.16,0.02452,0.0757
13388,2,2_2,0.16,0.02802,0.0849
13389,2,2_2,0.16,0.015564,0.0918
13390,2,2_2,0.16,0.0213,0.08185
13391,2,2_2,0.16,0.01993,0.0857
13392,2,2_2,0.16,0.02567,0.07355
13393,2,2_2,0.16,0.0195,0.08344
13394,2,2_2,0.16,0.02156,0.07306
13395,2,2_2,0.16,0.01614,0.0799
13396,2,2_2,0.16,0.01941,0.0742
13397,2,2_2,0.16,0.02234,0.09375
13398,2,2_2,0.16,0.02458,0.087
13399,2,2_2,0.16,0.01447,0.0801
13400,2,2_2,0.16,0.0185,0.0907
13401,2,2_2,0.16,0.02126,0.08716
13402,2,2_2,0.16,0.01466,0.1036
13403,2,2_2,0.16,0.01973,0.0684
13404,2,2_2,0.16,0.01732,0.0727
13405,2,2_2,0.16,0.02406,0.0737
13406,2,2_2,0.16,0.0229,0.0807
13407,2,2_2,0.16,0.01999,0.06934
13408,2,2_2,0.16,0.01785,0.0718
13409,2,2_2,0.16,0.02599,0.07086
13410,2,2_2,0.16,0.014366,0.0706
13411,2,2_2,0.16,0.02292,0.0917
13412,2,2_2,0.16,0.01643,0.0948
13413,2,2_2,0.16,0.02776,0.0824
13414,2,2_2,0.16,0.01505,0.06976
13415,2,2_2,0.16,0.01955,0.07214
13416,2,2_2,0.16,0.01715,0.0716
13417,2,2_2,0.16,0.02647,0.1066
13418,2,2_2,0.16,0.0286,0.0892
13419,2,2_2,0.16,0.014786,0.0734
13420,2,2_2,0.16,0.02873,0.0831
13421,2,2_2,0.16,0.02411,0.08716
13422,2,2_2,0.16,0.01442,0.07416
13423,2,2_2,0.16,0.0157,0.0784
13424,2,2_2,0.16,0.01785,0.06995
13425,2,2_2,0.16,0.02177,0.0902
13426,2,2_2,0.16,0.02773,0.08215
13427,2,2_2,0.16,0.02213,0.08435
13428,2,2_2,0.16,0.0192,0.0737
13429,2,2_2,0.16,0.03058,0.07434
13430,2,2_2,0.16,0.02164,0.1249
13431,2,2_2,0.16,0.0168,0.095
13432,2,2_2,0.16,0.02344,0.072
13433,2,2_2,0.16,0.02235,0.06995
13434,2,2_2,0.16,0.02191,0.08575
13435,2,2_2,0.16,0.02144,0.0761
13436,2,2_2,0.16,0.01659,0.0707
13437,2,2_2,0.16,0.01953,0.0702
13438,2,2_2,0.16,0.01677,0.0773
13439,2,2_2,0.16,0.02657,0.0768
13440,2,2_2,0.16,0.01979,0.07275
13441,2,2_2,0.16,0.0276,0.0841
13442,2,2_2,0.16,0.02376,0.0853
13443,2,2_2,0.16,0.02383,0.07495
13444,2,2_2,0.16,0.01949,0.07825
13445,2,2_2,0.16,0.03079,0.0788
13446,2,2_2,0.16,0.02795,0.07385
13447,2,2_2,0.16,0.01884,0.0726
13448,2,2_2,0.16,0.03528,0.0886
13449,2,2_2,0.16,0.01646,0.0762
13450,2,2_2,0.16,0.02066,0.07153
13451,2,2_2,0.16,0.02055,0.071
13452,2,2_2,0.16,0.02406,0.0775
13453,2,2_2,0.16,0.019,0.0751
13454,2,2_2,0.16,0.02257,0.0713
13455,2,2_2,0.16,0.03029,0.08795
13456,2,2_2,0.16,0.02164,0.0739
13457,2,2_2,0.16,0.02141,0.0805
13458,2,2_2,0.16,0.02151,0.0858
13459,2,2_2,0.16,0.0175,0.08435
13460,2,2_2,0.16,0.01944,0.0814
13461,2,2_2,0.16,0.0178,0.0767
13462,2,2_2,0.16,0.02357,0.09015
13463,2,2_2,0.16,0.0197,0.0918
13464,2,2_2,0.16,0.01984,0.0773
13465,2,2_2,0.16,0.01994,0.0872
13466,2,2_2,0.16,0.02551,0.0723
13467,2,2_2,0.16,0.01942,0.0849
13468,2,2_2,0.16,0.02295,0.081
13469,2,2_2,0.16,0.01732,0.07904
13470,2,2_2,0.16,0.02205,0.0747
13471,2,2_2,0.16,0.01971,0.0801
13472,2,2_2,0.16,0.02187,0.07733
13473,2,2_2,0.16,0.0265,0.09045
13474,2,2_2,0.16,0.02191,0.0822
13475,2,2_2,0.16,0.01999,0.07434
13476,2,2_2,0.16,0.02832,0.07294
13477,2,2_2,0.16,0.0213,0.0934
13478,2,2_2,0.16,0.02512,0.09143
13479,2,2_2,0.16,0.02138,0.0712
13480,2,2_2,0.16,0.0253,0.07184
13481,2,2_2,0.16,0.0315,0.078
13482,2,2_2,0.16,0.02263,0.0721
13483,2,2_2,0.16,0.02411,0.09656
13484,2,2_2,0.16,0.02516,0.07806
13485,2,2_2,0.16,0.01616,0.0902
13486,2,2_2,0.16,0.02298,0.0839
13487,2,2_2,0.16,0.01874,0.0807
13488,2,2_2,0.16,0.02202,0.0887
13489,2,2_2,0.16,0.02344,0.0786
13490,2,2_2,0.16,0.0172,0.0764
13491,2,2_2,0.16,0.02547,0.0791
13492,2,2_2,0.16,0.01608,0.07733
13493,2,2_2,0.16,0.01613,0.0738
13494,2,2_2,0.16,0.02629,0.0707
13495,2,2_2,0.16,0.01837,0.0887
13496,2,2_2,0.16,0.02695,0.08563
13497,2,2_2,0.16,0.0202,0.0738
13498,2,2_2,0.16,0.01791,0.08344
13499,2,2_2,0.16,0.01952,0.10205
13500,2,2_2,0.16,0.01875,0.077
13501,2,2_2,0.16,0.02101,0.0706
13502,2,2_2,0.16,0.0238,0.0837
13503,2,2_2,0.16,0.02058,0.08167
13504,2,2_2,0.16,0.01633,0.08234
13505,2,2_2,0.16,0.01717,0.07465
13506,2,2_2,0.16,0.0271,0.0762
13507,2,2_2,0.16,0.01878,0.0876
13508,2,2_2,0.16,0.01976,0.07294
13509,2,2_2,0.16,0.02104,0.0887
13510,2,2_2,0.16,0.0301,0.10046
13511,2,2_2,0.16,0.01692,0.08386
13512,2,2_2,0.16,0.01805,0.0794
13513,2,2_2,0.16,0.01791,0.0733
13514,2,2_2,0.16,0.01779,0.0894
13515,2,2_2,0.16,0.01527,0.0731
13516,2,2_2,0.16,0.01816,0.07874
13517,2,2_2,0.16,0.01729,0.09686
13518,2,2_2,0.16,0.0222,0.0754
13519,2,2_2,0.16,0.01947,0.07184
13520,2,2_2,0.16,0.01889,0.07056
13521,2,2_2,0.16,0.01923,0.0752
13522,2,2_2,0.16,0.02257,0.0852
13523,2,2_2,0.16,0.02127,0.0795
13524,2,2_2,0.16,0.02374,0.07513
13525,2,2_2,0.16,0.02283,0.07635
13526,2,2_2,0.16,0.02124,0.0864
13527,2,2_2,0.16,0.01825,0.0728
13528,2,2_2,0.16,0.02696,0.0838
13529,2,2_2,0.16,0.02184,0.0781
13530,2,2_2,0.16,0.0246,0.0765
13531,2,2_2,0.16,0.02747,0.0986
13532,2,2_2,0.16,0.014854,0.0746
13533,2,2_2,0.16,0.0276,0.07477
13534,2,2_2,0.16,0.02025,0.0847
13535,2,2_2,0.16,0.01633,0.0829
13536,2,2_2,0.16,0.02216,0.10016
13537,2,2_2,0.16,0.0179,0.0747
13538,2,2_2,0.16,0.01648,0.0777
13539,2,2_2,0.16,0.01723,0.06976
13540,2,2_2,0.16,0.01828,0.0757
13541,2,2_2,0.16,0.01768,0.07245
13542,2,2_2,0.16,0.0175,0.07153
13543,2,2_2,0.16,0.01736,0.07855
13544,2,2_2,0.16,0.02249,0.07513
13545,2,2_2,0.16,0.02155,0.07275
13546,2,2_2,0.16,0.02206,0.0741
13547,2,2_2,0.16,0.01596,0.08264
13548,2,2_2,0.16,0.02065,0.0734
13549,2,2_2,0.16,0.02258,0.07654
13550,2,2_2,0.16,0.02118,0.0754
13551,2,2_2,0.16,0.01788,0.082
13552,2,2_2,0.16,0.01929,0.08673
13553,2,2_2,0.16,0.02335,0.10333
13554,2,2_2,0.16,0.02191,0.0995
13555,2,2_2,0.16,0.01598,0.07513
13556,2,2_2,0.16,0.03427,0.0712
13557,2,2_2,0.16,0.0184,0.0742
13558,2,2_2,0.16,0.01842,0.07654
13559,2,2_2,0.16,0.02583,0.0712
13560,2,2_2,0.16,0.02254,0.071
13561,2,2_2,0.16,0.01924,0.07025
13562,2,2_2,0.16,0.02112,0.0717
13563,2,2_2,0.16,0.02193,0.08606
13564,2,2_2,0.16,0.01701,0.07745
13565,2,2_2,0.16,0.01906,0.0891
13566,2,2_2,0.16,0.02315,0.0905
13567,2,2_2,0.16,0.01978,0.0717
13568,2,2_2,0.16,0.02576,0.0914
13569,2,2_2,0.16,0.0181,0.0722
13570,2,2_2,0.16,0.01787,0.0949
13571,2,2_2,0.16,0.02477,0.07263
13572,2,2_2,0.16,0.01944,0.08606
13573,2,2_2,0.16,0.01962,0.07477
13574,2,2_2,0.16,0.02765,0.1049
13575,2,2_2,0.16,0.0264,0.0816
13576,2,2_2,0.16,0.0275,0.0863
13577,2,2_2,0.16,0.02512,0.0727
13578,2,2_2,0.16,0.01804,0.0964
13579,2,2_2,0.16,0.02348,0.0753
13580,2,2_2,0.16,0.01886,0.0706
13581,2,2_2,0.16,0.02768,0.0956
13582,2,2_2,0.16,0.01874,0.07996
13583,2,2_2,0.16,0.0212,0.0762
13584,2,2_2,0.16,0.01874,0.08307
13585,2,2_2,0.16,0.02133,0.0735
13586,2,2_2,0.16,0.02188,0.1099
13587,2,2_2,0.16,0.02582,0.0777
13588,2,2_2,0.16,0.02522,0.08923
13589,2,2_2,0.16,0.01817,0.0753
13590,2,2_2,0.16,0.02686,0.08185
13591,2,2_2,0.16,0.03009,0.1114
13592,2,2_2,0.16,0.02966,0.09515
13593,2,2_2,0.16,0.02176,0.07605
13594,2,2_2,0.16,0.01868,0.083
13595,2,2_2,0.16,0.01591,0.08734
13596,2,2_2,0.16,0.0206,0.07605
13597,2,2_2,0.16,0.02003,0.075
13598,2,2_2,0.16,0.01685,0.0726
13599,2,2_2,0.16,0.01788,0.0787
13600,2,2_2,0.16,0.02086,0.0736
13601,2,2_2,0.16,0.01521,0.075
13602,2,2_2,0.16,0.01985,0.07513
13603,2,2_2,0.16,0.01499,0.0762
13604,2,2_2,0.16,0.023,0.09534
13605,2,2_2,0.16,0.02023,0.0766
13606,2,2_2,0.16,0.02264,0.0845
13607,2,2_2,0.16,0.01662,0.08154
13608,2,2_2,0.16,0.02005,0.0828
13609,2,2_2,0.16,0.02989,0.07715
13610,2,2_2,0.16,0.01443,0.0772
13611,2,2_2,0.16,0.02588,0.0946
13612,2,2_2,0.16,0.01826,0.08
13613,2,2_2,0.16,0.02371,0.07916
13614,2,2_2,0.16,0.02188,0.0894
13615,2,2_2,0.16,0.02043,0.077
13616,2,2_2,0.16,0.01508,0.0729
13617,2,2_2,0.16,0.01741,0.0794
13618,2,2_2,0.16,0.02675,0.08295
13619,2,2_2,0.16,0.01633,0.1241
13620,2,2_2,0.16,0.01381,0.0705
13621,2,2_2,0.16,0.02727,0.0761
13622,2,2_2,0.16,0.02377,0.0727
13623,2,2_2,0.16,0.01599,0.0825
13624,2,2_2,0.16,0.01984,0.0718
13625,2,2_2,0.16,0.01959,0.0766
13626,2,2_2,0.16,0.0225,0.0721
13627,2,2_2,0.16,0.02043,0.07104
13628,2,2_2,0.16,0.02083,0.09546
13629,2,2_2,0.16,0.01643,0.0774
13630,2,2_2,0.16,0.02304,0.08435
13631,2,2_2,0.16,0.0173,0.0816
13632,2,2_2,0.16,0.02098,0.0756
13633,2,2_2,0.16,0.02197,0.07324
13634,2,2_2,0.16,0.01764,0.0759
13635,2,2_2,0.16,0.02124,0.0903
13636,2,2_2,0.16,0.01773,0.07935
13637,2,2_2,0.16,0.02069,0.0805
13638,2,2_2,0.16,0.02107,0.0779
13639,2,2_2,0.16,0.01996,0.0909
13640,2,2_2,0.16,0.02354,0.07684
13641,2,2_2,0.16,0.014656,0.0873
13642,2,2_2,0.16,0.02306,0.08167
13643,2,2_2,0.16,0.02705,0.0774
13644,2,2_2,0.16,0.01753,0.08435
13645,2,2_2,0.16,0.02083,0.0868
13646,2,2_2,0.16,0.02153,0.0766
13647,2,2_2,0.16,0.0182,0.0735
13648,2,2_2,0.16,0.02092,0.07245
13649,2,2_2,0.16,0.01956,0.0716
13650,2,2_2,0.16,0.01775,0.07184
13651,2,2_2,0.16,0.01459,0.08875
13652,2,2_2,0.16,0.02104,0.07654
13653,2,2_2,0.16,0.0197,0.07404
13654,2,2_2,0.16,0.02295,0.08936
13655,2,2_2,0.16,0.02832,0.0745
13656,2,2_2,0.16,0.02016,0.0743
13657,2,2_2,0.16,0.0239,0.0753
13658,2,2_2,0.16,0.01573,0.0686
13659,2,2_2,0.16,0.02443,0.0791
13660,2,2_2,0.16,0.01869,0.0746
13661,2,2_2,0.16,0.01755,0.07574
13662,2,2_2,0.16,0.01585,0.084
13663,2,2_2,0.16,0.0171,0.0871
13664,2,2_2,0.16,0.02907,0.07965
13665,2,2_2,0.16,0.01958,0.07935
13666,2,2_2,0.16,0.01959,0.0706
13667,2,2_2,0.16,0.03014,0.0717
13668,2,2_2,0.16,0.01875,0.09033
13669,2,2_2,0.16,0.0225,0.0755
13670,2,2_2,0.16,0.02057,0.08344
13671,2,2_2,0.16,0.02615,0.0792
13672,2,2_2,0.16,0.02812,0.08154
13673,2,2_2,0.16,0.02048,0.0775
13674,2,2_2,0.16,0.02136,0.07336
13675,2,2_2,0.16,0.0237,0.07227
13676,2,2_2,0.16,0.02667,0.09064
13677,2,2_2,0.16,0.02565,0.0836
13678,2,2_2,0.16,0.02551,0.0747
13679,2,2_2,0.16,0.02849,0.078
13680,2,2_2,0.16,0.02162,0.07477
13681,2,2_2,0.16,0.01727,0.07654
13682,2,2_2,0.16,0.015144,0.06964
13683,2,2_2,0.16,0.02522,0.09644
13684,2,2_2,0.16,0.02649,0.0747
13685,2,2_2,0.16,0.02267,0.09894
13686,2,2_2,0.16,0.01752,0.0804
13687,2,2_2,0.16,0.02733,0.0852
13688,2,2_2,0.16,0.015526,0.0904
13689,2,2_2,0.16,0.02495,0.08966
13690,2,2_2,0.16,0.0231,0.08093
13691,2,2_2,0.16,0.01453,0.0781
13692,2,2_2,0.16,0.02934,0.0843
13693,2,2_2,0.16,0.01868,0.07434
13694,2,2_2,0.16,0.02484,0.0763
13695,2,2_2,0.16,0.01833,0.07855
13696,2,2_2,0.16,0.02252,0.07477
13697,2,2_2,0.16,0.01941,0.08685
13698,2,2_2,0.16,0.02425,0.09174
13699,2,2_2,0.16,0.0265,0.08307
13700,2,2_2,0.16,0.0238,0.0876
13701,2,2_2,0.16,0.02527,0.0752
13702,2,2_2,0.16,0.02359,0.0751
13703,2,2_2,0.16,0.03278,0.0859
13704,2,2_2,0.16,0.02135,0.08405
13705,2,2_2,0.16,0.02188,0.0789
13706,2,2_2,0.16,0.03342,0.07465
13707,2,2_2,0.16,0.02074,0.07196
13708,2,2_2,0.16,0.0149,0.0735
13709,2,2_2,0.16,0.01904,0.07336
13710,2,2_2,0.16,0.01947,0.0722
13711,2,2_2,0.16,0.02136,0.0759
13712,2,2_2,0.16,0.02023,0.0817
13713,2,2_2,0.16,0.03708,0.08203
13714,2,2_2,0.16,0.02283,0.0773
13715,2,2_2,0.16,0.01913,0.0826
13716,2,2_2,0.16,0.01942,0.07117
13717,2,2_2,0.16,0.01764,0.0768
13718,2,2_2,0.16,0.01944,0.07404
13719,2,2_2,0.16,0.02031,0.0784
13720,2,2_2,0.16,0.01886,0.08124
13721,2,2_2,0.16,0.01782,0.0777
13722,2,2_2,0.16,0.02298,0.0781
13723,2,2_2,0.16,0.02121,0.0753
13724,2,2_2,0.16,0.02023,0.0739
13725,2,2_2,0.16,0.0194,0.0719
13726,2,2_2,0.16,0.01947,0.08435
13727,2,2_2,0.16,0.01811,0.076
13728,2,2_2,0.16,0.01843,0.0729
13729,2,2_2,0.16,0.01952,0.0871
13730,2,2_2,0.16,0.0226,0.0835
13731,2,2_2,0.16,0.01953,0.08026
13732,2,2_2,0.16,0.01884,0.0791
13733,2,2_2,0.16,0.01796,0.0791
13734,2,2_2,0.16,0.02353,0.07874
13735,2,2_2,0.16,0.014114,0.0735
13736,2,2_2,0.16,0.02069,0.0829
13737,2,2_2,0.16,0.02396,0.0744
13738,2,2_2,0.16,0.01637,0.0773
13739,2,2_2,0.16,0.01872,0.0717
13740,2,2_2,0.16,0.02397,0.0776
13741,2,2_2,0.16,0.02808,0.0805
13742,2,2_2,0.16,0.0376,0.074
13743,2,2_2,0.16,0.02318,0.0837
13744,2,2_2,0.16,0.01945,0.08044
13745,2,2_2,0.16,0.02473,0.0722
13746,2,2_2,0.16,0.01859,0.07135
13747,2,2_2,0.16,0.02086,0.08435
13748,2,2_2,0.16,0.02115,0.0868
13749,2,2_2,0.16,0.02614,0.0862
13750,2,2_2,0.16,0.0385,0.07983
13751,2,2_2,0.16,0.02946,0.0858
13752,2,2_2,0.16,0.0271,0.1059
13753,2,2_2,0.16,0.02487,0.07404
13754,2,2_2,0.16,0.02434,0.08716
13755,2,2_2,0.16,0.01507,0.08014
13756,2,2_2,0.16,0.0273,0.1141
13757,2,2_2,0.16,0.02208,0.08527
13758,2,2_2,0.16,0.01642,0.09436
13759,2,2_2,0.16,0.01859,0.0757
13760,2,2_2,0.16,0.0338,0.0788
13761,2,2_2,0.16,0.0312,0.09143
13762,2,2_2,0.16,0.018,0.07574
13763,2,2_2,0.16,0.02142,0.075
13764,2,2_2,0.16,0.01508,0.08875
13765,2,2_2,0.16,0.02046,0.0801
13766,2,2_2,0.16,0.01761,0.0718
13767,2,2_2,0.16,0.02454,0.0705
13768,2,2_2,0.16,0.01619,0.07495
13769,2,2_2,0.16,0.02438,0.0747
13770,2,2_2,0.16,0.01898,0.09125
13771,2,2_2,0.16,0.01543,0.0813
13772,2,2_2,0.16,0.02127,0.09436
13773,2,2_2,0.16,0.02264,0.0789
13774,2,2_2,0.16,0.02315,0.0793
13775,2,2_2,0.16,0.0192,0.07935
13776,2,2_2,0.16,0.02254,0.07916
13777,2,2_2,0.16,0.02097,0.07947
13778,2,2_2,0.16,0.02348,0.0764
13779,2,2_2,0.16,0.02112,0.0955
13780,2,2_2,0.16,0.02245,0.0713
13781,2,2_2,0.16,0.02606,0.0809
13782,2,2_2,0.16,0.0196,0.0953
13783,2,2_2,0.16,0.01842,0.0726
13784,2,2_2,0.16,0.02263,0.1081
13785,2,2_2,0.16,0.01987,0.0715
13786,2,2_2,0.16,0.0176,0.0847
13787,2,2_2,0.16,0.02072,0.07355
13788,2,2_2,0.16,0.02074,0.07245
13789,2,2_2,0.16,0.02545,0.08466
13790,2,2_2,0.16,0.02185,0.07355
13791,2,2_2,0.16,0.02263,0.0765
13792,2,2_2,0.16,0.04062,0.08685
13793,2,2_2,0.16,0.04144,0.0835
13794,2,2_2,0.16,0.01811,0.088
13795,2,2_2,0.16,0.02661,0.104
13796,2,2_2,0.16,0.02475,0.0997
13797,2,2_2,0.16,0.02284,0.08624
13798,2,2_2,0.16,0.02316,0.07776
13799,2,2_2,0.16,0.01642,0.09784
13800,2,2_2,0.16,0.02132,0.0888
13801,2,2_2,0.16,0.02182,0.0748
13802,2,2_2,0.16,0.0241,0.0808
13803,2,2_2,0.16,0.02031,0.08417
13804,2,2_2,0.16,0.0174,0.07806
13805,2,2_2,0.16,0.01692,0.0797
13806,2,2_2,0.16,0.01953,0.0754
13807,2,2_2,0.16,0.0239,0.0878
13808,2,2_2,0.16,0.02214,0.09845
13809,2,2_2,0.16,0.02733,0.09656
13810,2,2_2,0.16,0.01921,0.07983
13811,2,2_2,0.16,0.03967,0.0733
13812,2,2_2,0.16,0.04294,0.0867
13813,2,2_2,0.16,0.01817,0.0726
13814,2,2_2,0.16,0.02077,0.07495
13815,2,2_2,0.16,0.02486,0.08453
13816,2,2_2,0.16,0.01627,0.0884
13817,2,2_2,0.16,0.02098,0.0763
13818,2,2_2,0.16,0.01883,0.07086
13819,2,2_2,0.16,0.03046,0.1024
13820,2,2_2,0.16,0.0181,0.0919
13821,2,2_2,0.16,0.01733,0.1001
13822,2,2_2,0.16,0.02174,0.0813
13823,2,2_2,0.16,0.02383,0.08167
13824,2,2_2,0.16,0.02347,0.07587
13825,2,2_2,0.16,0.02109,0.07715
13826,2,2_2,0.16,0.01898,0.0865
13827,2,2_2,0.16,0.01744,0.079
13828,2,2_2,0.16,0.01435,0.072
13829,2,2_2,0.16,0.0213,0.0792
13830,2,2_2,0.16,0.02357,0.0725
13831,2,2_2,0.16,0.03293,0.08154
13832,2,2_2,0.16,0.02147,0.09094
13833,2,2_2,0.16,0.02153,0.0749
13834,2,2_2,0.16,0.01468,0.088
13835,2,2_2,0.16,0.0281,0.08276
13836,2,2_2,0.16,0.01927,0.07117
13837,2,2_2,0.16,0.01351,0.07806
13838,2,2_2,0.16,0.03284,0.0816
13839,2,2_2,0.16,0.02538,0.0844
13840,2,2_2,0.16,0.02383,0.07904
13841,2,2_2,0.16,0.01344,0.078
13842,2,2_2,0.16,0.01186,0.0974
13843,2,2_2,0.16,0.01926,0.0796
13844,2,2_2,0.16,0.01578,0.07587
13845,2,2_2,0.16,0.0377,0.07983
13846,2,2_2,0.16,0.01811,0.0715
13847,2,2_2,0.16,0.01894,0.08203
13848,2,2_2,0.16,0.02646,0.0752
13849,2,2_2,0.16,0.02267,0.08923
13850,2,2_2,0.16,0.0212,0.0906
13851,2,2_2,0.16,0.02083,0.07904
13852,2,2_2,0.16,0.0148,0.0727
13853,2,2_2,0.16,0.02005,0.08594
13854,2,2_2,0.16,0.02657,0.07874
13855,2,2_2,0.16,0.02151,0.0885
13856,2,2_2,0.16,0.01784,0.08453
13857,2,2_2,0.16,0.0184,0.08765
13858,2,2_2,0.16,0.02844,0.0955
13859,2,2_2,0.16,0.014626,0.08905
13860,2,2_2,0.16,0.02129,0.0732
13861,2,2_2,0.16,0.0315,0.0809
13862,2,2_2,0.16,0.02652,0.0847
13863,2,2_2,0.16,0.01895,0.0717
13864,2,2_2,0.16,0.02188,0.0725
13865,2,2_2,0.16,0.0226,0.07684
13866,2,2_2,0.16,0.01828,0.0907
13867,2,2_2,0.16,0.02072,0.0941
13868,2,2_2,0.16,0.01499,0.07965
13869,2,2_2,0.16,0.01936,0.0732
13870,2,2_2,0.16,0.01645,0.0778
13871,2,2_2,0.16,0.02513,0.0742
13872,2,2_2,0.16,0.03226,0.0778
13873,2,2_2,0.16,0.01959,0.07025
13874,2,2_2,0.16,0.02107,0.07574
13875,2,2_2,0.16,0.01406,0.1305
13876,2,2_2,0.16,0.02747,0.08124
13877,2,2_2,0.16,0.01633,0.0749
13878,2,2_2,0.16,0.02289,0.08954
13879,2,2_2,0.16,0.019,0.0722
13880,2,2_2,0.16,0.01379,0.072
13881,2,2_2,0.16,0.02492,0.0767
13882,2,2_2,0.16,0.01785,0.09155
13883,2,2_2,0.16,0.02016,0.07715
13884,2,2_2,0.16,0.01917,0.0784
13885,2,2_2,0.16,0.01938,0.0753
13886,2,2_2,0.16,0.02473,0.08765
13887,2,2_2,0.16,0.01605,0.08154
13888,2,2_2,0.16,0.02025,0.08295
13889,2,2_2,0.16,0.01804,0.08466
13890,2,2_2,0.16,0.03021,0.08545
13891,2,2_2,0.16,0.03748,0.07355
13892,2,2_2,0.16,0.02382,0.0878
13893,2,2_2,0.16,0.01895,0.0761
13894,2,2_2,0.16,0.02489,0.0921
13895,2,2_2,0.16,0.02972,0.0852
13896,2,2_2,0.16,0.01868,0.0847
13897,2,2_2,0.16,0.01862,0.0924
13898,2,2_2,0.16,0.03082,0.0791
13899,2,2_2,0.16,0.01744,0.075
13900,2,2_2,0.16,0.0211,0.0754
13901,2,2_2,0.16,0.013626,0.0827
13902,2,2_2,0.16,0.02142,0.084
13903,2,2_2,0.16,0.02402,0.08777
13904,2,2_2,0.16,0.02347,0.09033
13905,2,2_2,0.16,0.0217,0.07697
13906,2,2_2,0.16,0.0161,0.07684
13907,2,2_2,0.16,0.0179,0.0947
13908,2,2_2,0.16,0.02441,0.076
13909,2,2_2,0.16,0.01843,0.07416
13910,2,2_2,0.16,0.01316,0.10046
13911,2,2_2,0.16,0.01447,0.0808
13912,2,2_2,0.16,0.01493,0.07495
13913,2,2_2,0.16,0.022,0.1192
13914,2,2_2,0.16,0.02167,0.08606
13915,2,2_2,0.16,0.02924,0.07227
13916,2,2_2,0.16,0.013504,0.0861
13917,2,2_2,0.16,0.02574,0.0818
13918,2,2_2,0.16,0.02264,0.0911
13919,2,2_2,0.16,0.01877,0.07806
13920,2,2_2,0.16,0.01921,0.07263
13921,2,2_2,0.16,0.02557,0.09424
13922,2,2_2,0.16,0.01717,0.0723
13923,2,2_2,0.16,0.01741,0.07587
13924,2,2_2,0.16,0.02083,0.07367
13925,2,2_2,0.16,0.02084,0.0732
13926,2,2_2,0.16,0.03238,0.0856
13927,2,2_2,0.16,0.01921,0.0773
13928,2,2_2,0.16,0.01695,0.0781
13929,2,2_2,0.16,0.02762,0.0919
13930,2,2_2,0.16,0.0293,0.0804
13931,2,2_2,0.16,0.0227,0.1033
13932,2,2_2,0.16,0.02153,0.0749
13933,2,2_2,0.16,0.02977,0.0825
13934,2,2_2,0.16,0.0161,0.07306
13935,2,2_2,0.16,0.02707,0.08386
13936,2,2_2,0.16,0.02441,0.08685
13937,2,2_2,0.16,0.0354,0.08344
13938,2,2_2,0.16,0.02524,0.0915
13939,2,2_2,0.16,0.01675,0.0738
13940,2,2_2,0.16,0.01834,0.08057
13941,2,2_2,0.16,0.02138,0.10144
13942,2,2_2,0.16,0.01958,0.0924
13943,2,2_2,0.16,0.02776,0.0766
13944,2,2_2,0.16,0.02725,0.0813
13945,2,2_2,0.16,0.01877,0.08026
13946,2,2_2,0.16,0.04163,0.08
13947,2,2_2,0.16,0.02979,0.08
13948,2,2_2,0.16,0.0332,0.0783
13949,2,2_2,0.16,0.03195,0.0816
13950,2,2_2,0.16,0.01695,0.0932
13951,2,2_2,0.16,0.02208,0.073
13952,2,2_2,0.16,0.03262,0.11237
13953,2,2_2,0.16,0.01868,0.0817
13954,2,2_2,0.16,0.01585,0.08215
13955,2,2_2,0.16,0.01834,0.0754
13956,2,2_2,0.16,0.0174,0.07623
13957,2,2_2,0.16,0.02718,0.0782
13958,2,2_2,0.16,0.01665,0.078
13959,2,2_2,0.16,0.02042,0.0962
13960,2,2_2,0.16,0.01666,0.0736
13961,2,2_2,0.16,0.02357,0.0709
13962,2,2_2,0.16,0.01758,0.087
13963,2,2_2,0.16,0.0175,0.0744
13964,2,2_2,0.16,0.02206,0.07513
13965,2,2_2,0.16,0.01875,0.08563
13966,2,2_2,0.16,0.02332,0.08075
13967,2,2_2,0.16,0.02066,0.0775
13968,2,2_2,0.16,0.01978,0.0743
13969,2,2_2,0.16,0.0204,0.07605
13970,2,2_2,0.16,0.02823,0.07983
13971,2,2_2,0.16,0.04144,0.07855
13972,2,2_2,0.16,0.03023,0.072
13973,2,2_2,0.16,0.01738,0.0814
13974,2,2_2,0.16,0.02672,0.07654
13975,2,2_2,0.16,0.01704,0.0957
13976,2,2_2,0.16,0.01917,0.0855
13977,2,2_2,0.16,0.02156,0.0715
13978,2,2_2,0.16,0.01991,0.08795
13979,2,2_2,0.16,0.02441,0.08246
13980,2,2_2,0.16,0.03787,0.07574
13981,2,2_2,0.16,0.02197,0.07404
13982,2,2_2,0.16,0.02162,0.0757
13983,2,2_2,0.16,0.02127,0.1076
13984,2,2_2,0.16,0.02992,0.0847
13985,2,2_2,0.16,0.0413,0.0955
13986,2,2_2,0.16,0.02722,0.0755
13987,2,2_2,0.16,0.0213,0.088
13988,2,2_2,0.16,0.02301,0.0777
13989,2,2_2,0.16,0.016,0.0738
13990,2,2_2,0.16,0.0341,0.0813
13991,2,2_2,0.16,0.01822,0.0726
13992,2,2_2,0.16,0.01782,0.0934
13993,2,2_2,0.16,0.0324,0.0766
13994,2,2_2,0.16,0.0265,0.0842
13995,2,2_2,0.16,0.02711,0.07434
13996,2,2_2,0.16,0.02919,0.07324
13997,2,2_2,0.16,0.02412,0.0813
13998,2,2_2,0.16,0.03174,0.07513
13999,2,2_2,0.16,0.01909,0.09125
14000,2,2_2,0.24,0.02287,0.079
14001,2,2_2,0.24,0.01671,0.0752
14002,2,2_2,0.24,0.02974,0.0974
14003,2,2_2,0.24,0.01898,0.07513
14004,2,2_2,0.24,0.02089,0.08856
14005,2,2_2,0.24,0.0205,0.0713
14006,2,2_2,0.24,0.0273,0.0875
14007,2,2_2,0.24,0.02339,0.0861
14008,2,2_2,0.24,0.02286,0.071
14009,2,2_2,0.24,0.02776,0.08466
14010,2,2_2,0.24,0.0211,0.0693
14011,2,2_2,0.24,0.01917,0.0776
14012,2,2_2,0.24,0.02347,0.1026
14013,2,2_2,0.24,0.01892,0.0733
14014,2,2_2,0.24,0.01872,0.1064
14015,2,2_2,0.24,0.01593,0.0864
14016,2,2_2,0.24,0.02496,0.07874
14017,2,2_2,0.24,0.02135,0.0779
14018,2,2_2,0.24,0.03354,0.0762
14019,2,2_2,0.24,0.02638,0.0816
14020,2,2_2,0.24,0.02536,0.0765
14021,2,2_2,0.24,0.0203,0.0839
14022,2,2_2,0.24,0.0369,0.10364
14023,2,2_2,0.24,0.03038,0.0851
14024,2,2_2,0.24,0.01952,0.0824
14025,2,2_2,0.24,0.01472,0.128
14026,2,2_2,0.24,0.03458,0.0821
14027,2,2_2,0.24,0.02686,0.0999
14028,2,2_2,0.24,0.0204,0.0928
14029,2,2_2,0.24,0.02399,0.0695
14030,2,2_2,0.24,0.02545,0.0709
14031,2,2_2,0.24,0.02385,0.08746
14032,2,2_2,0.24,0.02357,0.08044
14033,2,2_2,0.24,0.01985,0.0825
14034,2,2_2,0.24,0.02351,0.1008
14035,2,2_2,0.24,0.025,0.08356
14036,2,2_2,0.24,0.03296,0.08795
14037,2,2_2,0.24,0.0244,0.0907
14038,2,2_2,0.24,0.0303,0.0815
14039,2,2_2,0.24,0.02036,0.0767
14040,2,2_2,0.24,0.02821,0.0889
14041,2,2_2,0.24,0.02322,0.0744
14042,2,2_2,0.24,0.02791,0.08795
14043,2,2_2,0.24,0.01836,0.0828
14044,2,2_2,0.24,0.03537,0.1036
14045,2,2_2,0.24,0.02559,0.09705
14046,2,2_2,0.24,0.02396,0.0752
14047,2,2_2,0.24,0.0315,0.1103
14048,2,2_2,0.24,0.0305,0.1257
14049,2,2_2,0.24,0.02983,0.0925
14050,2,2_2,0.24,0.02296,0.0916
14051,2,2_2,0.24,0.02257,0.0701
14052,2,2_2,0.24,0.02606,0.0882
14053,2,2_2,0.24,0.0336,0.0884
14054,2,2_2,0.24,0.02226,0.07697
14055,2,2_2,0.24,0.0212,0.08954
14056,2,2_2,0.24,0.03061,0.08405
14057,2,2_2,0.24,0.02202,0.1127
14058,2,2_2,0.24,0.01875,0.10785
14059,2,2_2,0.24,0.01987,0.0717
14060,2,2_2,0.24,0.02032,0.1068
14061,2,2_2,0.24,0.02678,0.09717
14062,2,2_2,0.24,0.03174,0.1273
14063,2,2_2,0.24,0.01952,0.0804
14064,2,2_2,0.24,0.02652,0.1006
14065,2,2_2,0.24,0.0324,0.1062
14066,2,2_2,0.24,0.0295,0.0755
14067,2,2_2,0.24,0.02003,0.07184
14068,2,2_2,0.24,0.02344,0.07654
14069,2,2_2,0.24,0.03072,0.1121
14070,2,2_2,0.24,0.03445,0.0805
14071,2,2_2,0.24,0.02509,0.0723
14072,2,2_2,0.24,0.02466,0.101
14073,2,2_2,0.24,0.01958,0.07214
14074,2,2_2,0.24,0.02911,0.089
14075,2,2_2,0.24,0.02582,0.0945
14076,2,2_2,0.24,0.0354,0.0902
14077,2,2_2,0.24,0.0228,0.0884
14078,2,2_2,0.24,0.02171,0.1032
14079,2,2_2,0.24,0.0224,0.0751
14080,2,2_2,0.24,0.02356,0.07776
14081,2,2_2,0.24,0.02812,0.10065
14082,2,2_2,0.24,0.02129,0.0924
14083,2,2_2,0.24,0.02689,0.1007
14084,2,2_2,0.24,0.0206,0.1076
14085,2,2_2,0.24,0.0282,0.07916
14086,2,2_2,0.24,0.0318,0.09515
14087,2,2_2,0.24,0.02748,0.08356
14088,2,2_2,0.24,0.01933,0.072
14089,2,2_2,0.24,0.02281,0.0711
14090,2,2_2,0.24,0.03668,0.1154
14091,2,2_2,0.24,0.03053,0.0862
14092,2,2_2,0.24,0.02533,0.08386
14093,2,2_2,0.24,0.01991,0.0866
14094,2,2_2,0.24,0.01932,0.09625
14095,2,2_2,0.24,0.03052,0.1077
14096,2,2_2,0.24,0.01868,0.08044
14097,2,2_2,0.24,0.02728,0.08856
14098,2,2_2,0.24,0.01866,0.08246
14099,2,2_2,0.24,0.03146,0.0851
14100,2,2_2,0.24,0.02014,0.07043
14101,2,2_2,0.24,0.01845,0.0844
14102,2,2_2,0.24,0.03232,0.0864
14103,2,2_2,0.24,0.02504,0.0853
14104,2,2_2,0.24,0.02449,0.10394
14105,2,2_2,0.24,0.02151,0.0881
14106,2,2_2,0.24,0.0366,0.0929
14107,2,2_2,0.24,0.0244,0.0806
14108,2,2_2,0.24,0.02354,0.081
14109,2,2_2,0.24,0.0202,0.0857
14110,2,2_2,0.24,0.03253,0.1015
14111,2,2_2,0.24,0.0238,0.0794
14112,2,2_2,0.24,0.02014,0.0932
14113,2,2_2,0.24,0.02293,0.08026
14114,2,2_2,0.24,0.03796,0.1012
14115,2,2_2,0.24,0.02992,0.11755
14116,2,2_2,0.24,0.0238,0.0844
14117,2,2_2,0.24,0.01926,0.07196
14118,2,2_2,0.24,0.0224,0.10815
14119,2,2_2,0.24,0.0355,0.09546
14120,2,2_2,0.24,0.03702,0.1309
14121,2,2_2,0.24,0.01924,0.07996
14122,2,2_2,0.24,0.02512,0.1287
14123,2,2_2,0.24,0.02086,0.0957
14124,2,2_2,0.24,0.02621,0.09924
14125,2,2_2,0.24,0.01971,0.08075
14126,2,2_2,0.24,0.01964,0.1047
14127,2,2_2,0.24,0.03375,0.0797
14128,2,2_2,0.24,0.03087,0.0905
14129,2,2_2,0.24,0.03098,0.08887
14130,2,2_2,0.24,0.02089,0.08716
14131,2,2_2,0.24,0.05518,0.08435
14132,2,2_2,0.24,0.01602,0.07697
14133,2,2_2,0.24,0.04065,0.11255
14134,2,2_2,0.24,0.02016,0.0916
14135,2,2_2,0.24,0.02975,0.1061
14136,2,2_2,0.24,0.03111,0.0931
14137,2,2_2,0.24,0.0272,0.08417
14138,2,2_2,0.24,0.01752,0.07776
14139,2,2_2,0.24,0.03162,0.07355
14140,2,2_2,0.24,0.02467,0.10126
14141,2,2_2,0.24,0.01717,0.0785
14142,2,2_2,0.24,0.03284,0.10504
14143,2,2_2,0.24,0.025,0.1008
14144,2,2_2,0.24,0.02032,0.099
14145,2,2_2,0.24,0.02527,0.0737
14146,2,2_2,0.24,0.02245,0.072
14147,2,2_2,0.24,0.03403,0.0867
14148,2,2_2,0.24,0.02151,0.0914
14149,2,2_2,0.24,0.04276,0.1004
14150,2,2_2,0.24,0.02657,0.07935
14151,2,2_2,0.24,0.01967,0.0934
14152,2,2_2,0.24,0.02977,0.09296
14153,2,2_2,0.24,0.04263,0.0942
14154,2,2_2,0.24,0.03043,0.0847
14155,2,2_2,0.24,0.02234,0.0868
14156,2,2_2,0.24,0.02255,0.082
14157,2,2_2,0.24,0.02673,0.08923
14158,2,2_2,0.24,0.02885,0.1012
14159,2,2_2,0.24,0.01923,0.078
14160,2,2_2,0.24,0.01898,0.0799
14161,2,2_2,0.24,0.02255,0.08276
14162,2,2_2,0.24,0.02695,0.0881
14163,2,2_2,0.24,0.01599,0.1215
14164,2,2_2,0.24,0.02567,0.1019
14165,2,2_2,0.24,0.0284,0.1163
14166,2,2_2,0.24,0.02208,0.1001
14167,2,2_2,0.24,0.02486,0.1027
14168,2,2_2,0.24,0.03006,0.0939
14169,2,2_2,0.24,0.03464,0.0896
14170,2,2_2,0.24,0.02051,0.07043
14171,2,2_2,0.24,0.02205,0.0862
14172,2,2_2,0.24,0.02695,0.0857
14173,2,2_2,0.24,0.04114,0.0976
14174,2,2_2,0.24,0.02498,0.0808
14175,2,2_2,0.24,0.02187,0.0739
14176,2,2_2,0.24,0.02528,0.10693
14177,2,2_2,0.24,0.02454,0.0815
14178,2,2_2,0.24,0.02092,0.0755
14179,2,2_2,0.24,0.02022,0.0764
14180,2,2_2,0.24,0.02254,0.1092
14181,2,2_2,0.24,0.02974,0.078
14182,2,2_2,0.24,0.01797,0.0897
14183,2,2_2,0.24,0.04544,0.098
14184,2,2_2,0.24,0.02594,0.0769
14185,2,2_2,0.24,0.02522,0.084
14186,2,2_2,0.24,0.04306,0.09735
14187,2,2_2,0.24,0.0242,0.0764
14188,2,2_2,0.24,0.02559,0.092
14189,2,2_2,0.24,0.01929,0.08014
14190,2,2_2,0.24,0.02336,0.08716
14191,2,2_2,0.24,0.01857,0.09937
14192,2,2_2,0.24,0.02667,0.0967
14193,2,2_2,0.24,0.01964,0.07184
14194,2,2_2,0.24,0.0227,0.0902
14195,2,2_2,0.24,0.0288,0.0787
14196,2,2_2,0.24,0.0322,0.0894
14197,2,2_2,0.24,0.02876,0.1195
14198,2,2_2,0.24,0.02823,0.0812
14199,2,2_2,0.24,0.02986,0.0898
14200,2,2_2,0.24,0.0217,0.0841
14201,2,2_2,0.24,0.02943,0.0834
14202,2,2_2,0.24,0.02635,0.09814
14203,2,2_2,0.24,0.04846,0.0813
14204,2,2_2,0.24,0.016,0.0718
14205,2,2_2,0.24,0.03204,0.07825
14206,2,2_2,0.24,0.02072,0.0985
14207,2,2_2,0.24,0.0307,0.08026
14208,2,2_2,0.24,0.0229,0.08246
14209,2,2_2,0.24,0.02626,0.0945
14210,2,2_2,0.24,0.01872,0.0919
14211,2,2_2,0.24,0.03616,0.08673
14212,2,2_2,0.24,0.01956,0.07587
14213,2,2_2,0.24,0.05347,0.1012
14214,2,2_2,0.24,0.02213,0.0943
14215,2,2_2,0.24,0.02527,0.09985
14216,2,2_2,0.24,0.01945,0.0853
14217,2,2_2,0.24,0.0232,0.0705
14218,2,2_2,0.24,0.01947,0.0913
14219,2,2_2,0.24,0.02222,0.099
14220,2,2_2,0.24,0.0401,0.0875
14221,2,2_2,0.24,0.02548,0.10645
14222,2,2_2,0.24,0.03494,0.11176
14223,2,2_2,0.24,0.03226,0.08606
14224,2,2_2,0.24,0.02408,0.1073
14225,2,2_2,0.24,0.02899,0.0899
14226,2,2_2,0.24,0.0156,0.07825
14227,2,2_2,0.24,0.03534,0.0925
14228,2,2_2,0.24,0.0315,0.0851
14229,2,2_2,0.24,0.02391,0.1035
14230,2,2_2,0.24,0.0256,0.0915
14231,2,2_2,0.24,0.03162,0.0798
14232,2,2_2,0.24,0.03021,0.0975
14233,2,2_2,0.24,0.02422,0.10803
14234,2,2_2,0.24,0.02396,0.0994
14235,2,2_2,0.24,0.0243,0.0807
14236,2,2_2,0.24,0.02278,0.076
14237,2,2_2,0.24,0.0217,0.10364
14238,2,2_2,0.24,0.01775,0.1034
14239,2,2_2,0.24,0.02461,0.0825
14240,2,2_2,0.24,0.02489,0.0971
14241,2,2_2,0.24,0.0318,0.0771
14242,2,2_2,0.24,0.02223,0.09265
14243,2,2_2,0.24,0.04037,0.0879
14244,2,2_2,0.24,0.02196,0.09216
14245,2,2_2,0.24,0.03778,0.08923
14246,2,2_2,0.24,0.01582,0.1035
14247,2,2_2,0.24,0.03397,0.0907
14248,2,2_2,0.24,0.02892,0.1091
14249,2,2_2,0.24,0.01933,0.08685
14250,2,2_2,0.24,0.02338,0.0924
14251,2,2_2,0.24,0.03125,0.09033
14252,2,2_2,0.24,0.01909,0.10376
14253,2,2_2,0.24,0.02208,0.09625
14254,2,2_2,0.24,0.02417,0.0936
14255,2,2_2,0.24,0.0375,0.08624
14256,2,2_2,0.24,0.03026,0.08746
14257,2,2_2,0.24,0.02454,0.08777
14258,2,2_2,0.24,0.02469,0.0818
14259,2,2_2,0.24,0.02312,0.08813
14260,2,2_2,0.24,0.02342,0.10223
14261,2,2_2,0.24,0.0413,0.0966
14262,2,2_2,0.24,0.02057,0.11316
14263,2,2_2,0.24,0.02342,0.08856
14264,2,2_2,0.24,0.03772,0.0883
14265,2,2_2,0.24,0.02078,0.0805
14266,2,2_2,0.24,0.02046,0.07623
14267,2,2_2,0.24,0.02576,0.1094
14268,2,2_2,0.24,0.0262,0.1081
14269,2,2_2,0.24,0.0297,0.1165
14270,2,2_2,0.24,0.0327,0.1236
14271,2,2_2,0.24,0.026,0.1093
14272,2,2_2,0.24,0.01993,0.09827
14273,2,2_2,0.24,0.02783,0.09644
14274,2,2_2,0.24,0.01996,0.0778
14275,2,2_2,0.24,0.02805,0.075
14276,2,2_2,0.24,0.01976,0.1074
14277,2,2_2,0.24,0.03937,0.0884
14278,2,2_2,0.24,0.0371,0.0798
14279,2,2_2,0.24,0.02112,0.09424
14280,2,2_2,0.24,0.0375,0.08026
14281,2,2_2,0.24,0.03088,0.07153
14282,2,2_2,0.24,0.02917,0.07355
14283,2,2_2,0.24,0.02711,0.0917
14284,2,2_2,0.24,0.0304,0.0913
14285,2,2_2,0.24,0.0221,0.08325
14286,2,2_2,0.24,0.02715,0.1185
14287,2,2_2,0.24,0.03287,0.1077
14288,2,2_2,0.24,0.03253,0.107
14289,2,2_2,0.24,0.02852,0.0811
14290,2,2_2,0.24,0.03137,0.09894
14291,2,2_2,0.24,0.01907,0.09424
14292,2,2_2,0.24,0.03638,0.08997
14293,2,2_2,0.24,0.03098,0.0757
14294,2,2_2,0.24,0.02367,0.082
14295,2,2_2,0.24,0.02017,0.08167
14296,2,2_2,0.24,0.01562,0.07263
14297,2,2_2,0.24,0.02412,0.1383
14298,2,2_2,0.24,0.02661,0.0903
14299,2,2_2,0.24,0.01926,0.08453
14300,2,2_2,0.24,0.02602,0.1228
14301,2,2_2,0.24,0.02054,0.0907
14302,2,2_2,0.24,0.03375,0.09033
14303,2,2_2,0.24,0.02145,0.0771
14304,2,2_2,0.24,0.0202,0.0801
14305,2,2_2,0.24,0.01942,0.08636
14306,2,2_2,0.24,0.0181,0.0765
14307,2,2_2,0.24,0.02011,0.07916
14308,2,2_2,0.24,0.02292,0.09033
14309,2,2_2,0.24,0.02669,0.09216
14310,2,2_2,0.24,0.02206,0.0759
14311,2,2_2,0.24,0.03044,0.0832
14312,2,2_2,0.24,0.0314,0.0861
14313,2,2_2,0.24,0.03026,0.08856
14314,2,2_2,0.24,0.03354,0.0789
14315,2,2_2,0.24,0.0335,0.08307
14316,2,2_2,0.24,0.02744,0.08044
14317,2,2_2,0.24,0.03125,0.09674
14318,2,2_2,0.24,0.02634,0.0769
14319,2,2_2,0.24,0.02295,0.0981
14320,2,2_2,0.24,0.02533,0.0998
14321,2,2_2,0.24,0.0293,0.0828
14322,2,2_2,0.24,0.02647,0.0789
14323,2,2_2,0.24,0.02762,0.10016
14324,2,2_2,0.24,0.02472,0.0853
14325,2,2_2,0.24,0.0219,0.0755
14326,2,2_2,0.24,0.02794,0.0925
14327,2,2_2,0.24,0.02707,0.08923
14328,2,2_2,0.24,0.02347,0.09705
14329,2,2_2,0.24,0.0306,0.0965
14330,2,2_2,0.24,0.04153,0.0878
14331,2,2_2,0.24,0.02516,0.1002
14332,2,2_2,0.24,0.02678,0.11127
14333,2,2_2,0.24,0.02042,0.0795
14334,2,2_2,0.24,0.02643,0.10547
14335,2,2_2,0.24,0.01988,0.0982
14336,2,2_2,0.24,0.02448,0.07855
14337,2,2_2,0.24,0.02654,0.0846
14338,2,2_2,0.24,0.02194,0.0819
14339,2,2_2,0.24,0.02534,0.08057
14340,2,2_2,0.24,0.0289,0.0837
14341,2,2_2,0.24,0.02463,0.09314
14342,2,2_2,0.24,0.03308,0.09595
14343,2,2_2,0.24,0.0315,0.08875
14344,2,2_2,0.24,0.02724,0.0926
14345,2,2_2,0.24,0.02141,0.0807
14346,2,2_2,0.24,0.02101,0.08215
14347,2,2_2,0.24,0.01956,0.0879
14348,2,2_2,0.24,0.02927,0.08923
14349,2,2_2,0.24,0.03384,0.0922
14350,2,2_2,0.24,0.02034,0.0812
14351,2,2_2,0.24,0.03113,0.09515
14352,2,2_2,0.24,0.02069,0.08954
14353,2,2_2,0.24,0.0282,0.0835
14354,2,2_2,0.24,0.02475,0.113
14355,2,2_2,0.24,0.02176,0.0748
14356,2,2_2,0.24,0.02539,0.09705
14357,2,2_2,0.24,0.02422,0.10626
14358,2,2_2,0.24,0.02438,0.0776
14359,2,2_2,0.24,0.02449,0.0853
14360,2,2_2,0.24,0.02022,0.09143
14361,2,2_2,0.24,0.03001,0.0832
14362,2,2_2,0.24,0.02704,0.0771
14363,2,2_2,0.24,0.02106,0.0784
14364,2,2_2,0.24,0.0171,0.0887
14365,2,2_2,0.24,0.02509,0.1021
14366,2,2_2,0.24,0.02666,0.1
14367,2,2_2,0.24,0.0251,0.088
14368,2,2_2,0.24,0.02397,0.08734
14369,2,2_2,0.24,0.02603,0.08514
14370,2,2_2,0.24,0.03029,0.0986
14371,2,2_2,0.24,0.02519,0.0985
14372,2,2_2,0.24,0.02666,0.07947
14373,2,2_2,0.24,0.01808,0.1438
14374,2,2_2,0.24,0.0245,0.10284
14375,2,2_2,0.24,0.02979,0.09045
14376,2,2_2,0.24,0.02248,0.0911
14377,2,2_2,0.24,0.03876,0.0885
14378,2,2_2,0.24,0.02142,0.10016
14379,2,2_2,0.24,0.0286,0.0916
14380,2,2_2,0.24,0.02925,0.08746
14381,2,2_2,0.24,0.0241,0.0946
14382,2,2_2,0.24,0.02383,0.0979
14383,2,2_2,0.24,0.03033,0.094
14384,2,2_2,0.24,0.02118,0.0963
14385,2,2_2,0.24,0.02061,0.08
14386,2,2_2,0.24,0.03217,0.1004
14387,2,2_2,0.24,0.0438,0.1063
14388,2,2_2,0.24,0.02396,0.09674
14389,2,2_2,0.24,0.02176,0.0971
14390,2,2_2,0.24,0.01936,0.0795
14391,2,2_2,0.24,0.01996,0.0809
14392,2,2_2,0.24,0.02718,0.1295
14393,2,2_2,0.24,0.02701,0.0781
14394,2,2_2,0.24,0.03464,0.08374
14395,2,2_2,0.24,0.01994,0.0783
14396,2,2_2,0.24,0.02711,0.0938
14397,2,2_2,0.24,0.02386,0.08374
14398,2,2_2,0.24,0.02638,0.10315
14399,2,2_2,0.24,0.02264,0.0943
14400,2,2_2,0.24,0.0347,0.085
14401,2,2_2,0.24,0.0361,0.1241
14402,2,2_2,0.24,0.01866,0.10095
14403,2,2_2,0.24,0.02492,0.10236
14404,2,2_2,0.24,0.02238,0.0988
14405,2,2_2,0.24,0.02664,0.08307
14406,2,2_2,0.24,0.03336,0.07886
14407,2,2_2,0.24,0.02565,0.0778
14408,2,2_2,0.24,0.02174,0.0804
14409,2,2_2,0.24,0.07153,0.083
14410,2,2_2,0.24,0.02457,0.09644
14411,2,2_2,0.24,0.02444,0.0876
14412,2,2_2,0.24,0.02414,0.08734
14413,2,2_2,0.24,0.03223,0.10126
14414,2,2_2,0.24,0.01735,0.11975
14415,2,2_2,0.24,0.01999,0.0952
14416,2,2_2,0.24,0.02875,0.0927
14417,2,2_2,0.24,0.0361,0.1248
14418,2,2_2,0.24,0.02461,0.09247
14419,2,2_2,0.24,0.01468,0.08923
14420,2,2_2,0.24,0.03168,0.0883
14421,2,2_2,0.24,0.03345,0.09717
14422,2,2_2,0.24,0.01628,0.07684
14423,2,2_2,0.24,0.02295,0.0732
14424,2,2_2,0.24,0.03247,0.0842
14425,2,2_2,0.24,0.02046,0.0793
14426,2,2_2,0.24,0.03366,0.0974
14427,2,2_2,0.24,0.02364,0.09424
14428,2,2_2,0.24,0.01846,0.0832
14429,2,2_2,0.24,0.02737,0.09076
14430,2,2_2,0.24,0.02924,0.0818
14431,2,2_2,0.24,0.02234,0.0789
14432,2,2_2,0.24,0.0245,0.0849
14433,2,2_2,0.24,0.02274,0.09155
14434,2,2_2,0.24,0.03192,0.0879
14435,2,2_2,0.24,0.0292,0.0771
14436,2,2_2,0.24,0.02867,0.0829
14437,2,2_2,0.24,0.0377,0.0925
14438,2,2_2,0.24,0.0202,0.0944
14439,2,2_2,0.24,0.02626,0.07745
14440,2,2_2,0.24,0.0234,0.0911
14441,2,2_2,0.24,0.02702,0.0868
14442,2,2_2,0.24,0.02068,0.07336
14443,2,2_2,0.24,0.02615,0.0882
14444,2,2_2,0.24,0.03023,0.08734
14445,2,2_2,0.24,0.02982,0.07416
14446,2,2_2,0.24,0.02765,0.089
14447,2,2_2,0.24,0.01678,0.07874
14448,2,2_2,0.24,0.03476,0.10297
14449,2,2_2,0.24,0.03564,0.09265
14450,2,2_2,0.24,0.03333,0.08997
14451,2,2_2,0.24,0.026,0.1123
14452,2,2_2,0.24,0.02768,0.11017
14453,2,2_2,0.24,0.02701,0.1076
14454,2,2_2,0.24,0.03918,0.0976
14455,2,2_2,0.24,0.03024,0.08655
14456,2,2_2,0.24,0.02751,0.07733
14457,2,2_2,0.24,0.032,0.0836
14458,2,2_2,0.24,0.02594,0.10254
14459,2,2_2,0.24,0.01822,0.0778
14460,2,2_2,0.24,0.02505,0.09015
14461,2,2_2,0.24,0.02449,0.0883
14462,2,2_2,0.24,0.02322,0.08765
14463,2,2_2,0.24,0.02138,0.10266
14464,2,2_2,0.24,0.0243,0.0755
14465,2,2_2,0.24,0.02899,0.101
14466,2,2_2,0.24,0.02084,0.0991
14467,2,2_2,0.24,0.02956,0.0945
14468,2,2_2,0.24,0.02333,0.0831
14469,2,2_2,0.24,0.023,0.1146
14470,2,2_2,0.24,0.02408,0.09924
14471,2,2_2,0.24,0.0323,0.1098
14472,2,2_2,0.24,0.02597,0.1192
14473,2,2_2,0.24,0.02393,0.0967
14474,2,2_2,0.24,0.04016,0.1055
14475,2,2_2,0.24,0.02098,0.11017
14476,2,2_2,0.24,0.03026,0.0987
14477,2,2_2,0.24,0.01955,0.08887
14478,2,2_2,0.24,0.03998,0.0808
14479,2,2_2,0.24,0.04025,0.0854
14480,2,2_2,0.24,0.03528,0.0856
14481,2,2_2,0.24,0.0418,0.0845
14482,2,2_2,0.24,0.02425,0.076
14483,2,2_2,0.24,0.02882,0.09705
14484,2,2_2,0.24,0.0521,0.0862
14485,2,2_2,0.24,0.02121,0.1064
14486,2,2_2,0.24,0.03983,0.0991
14487,2,2_2,0.24,0.02135,0.0839
14488,2,2_2,0.24,0.02516,0.0819
14489,2,2_2,0.24,0.02766,0.0799
14490,2,2_2,0.24,0.01987,0.0829
14491,2,2_2,0.24,0.0378,0.0972
14492,2,2_2,0.24,0.02632,0.09753
14493,2,2_2,0.24,0.02628,0.08936
14494,2,2_2,0.24,0.02492,0.1111
14495,2,2_2,0.24,0.02747,0.0779
14496,2,2_2,0.24,0.03687,0.08264
14497,2,2_2,0.24,0.038,0.0807
14498,2,2_2,0.24,0.03302,0.0834
14499,2,2_2,0.24,0.01956,0.10565
14500,2,2_2,0.24,0.01834,0.08575
14501,2,2_2,0.24,0.02377,0.1007
14502,2,2_2,0.24,0.02628,0.08563
14503,2,2_2,0.24,0.03662,0.0834
14504,2,2_2,0.24,0.02036,0.0764
14505,2,2_2,0.24,0.01952,0.0891
14506,2,2_2,0.24,0.0419,0.09406
14507,2,2_2,0.24,0.04092,0.08966
14508,2,2_2,0.24,0.03114,0.09625
14509,2,2_2,0.24,0.01797,0.0864
14510,2,2_2,0.24,0.02719,0.08826
14511,2,2_2,0.24,0.02087,0.0866
14512,2,2_2,0.24,0.02028,0.0842
14513,2,2_2,0.24,0.0312,0.09265
14514,2,2_2,0.24,0.02585,0.0962
14515,2,2_2,0.24,0.01721,0.09283
14516,2,2_2,0.24,0.03055,0.07465
14517,2,2_2,0.24,0.02075,0.10034
14518,2,2_2,0.24,0.02718,0.0772
14519,2,2_2,0.24,0.01993,0.0811
14520,2,2_2,0.24,0.02794,0.0842
14521,2,2_2,0.24,0.03029,0.0844
14522,2,2_2,0.24,0.0207,0.08386
14523,2,2_2,0.24,0.02307,0.1156
14524,2,2_2,0.24,0.02715,0.1071
14525,2,2_2,0.24,0.02315,0.0806
14526,2,2_2,0.24,0.0249,0.1458
14527,2,2_2,0.24,0.0243,0.08386
14528,2,2_2,0.24,0.0283,0.0906
14529,2,2_2,0.24,0.02686,0.0752
14530,2,2_2,0.24,0.02832,0.0897
14531,2,2_2,0.24,0.02753,0.0964
14532,2,2_2,0.24,0.02103,0.10547
14533,2,2_2,0.24,0.0405,0.0808
14534,2,2_2,0.24,0.02771,0.1329
14535,2,2_2,0.24,0.02583,0.09827
14536,2,2_2,0.24,0.01944,0.08655
14537,2,2_2,0.24,0.02742,0.0818
14538,2,2_2,0.24,0.01823,0.0962
14539,2,2_2,0.24,0.02576,0.08594
14540,2,2_2,0.24,0.02206,0.07733
14541,2,2_2,0.24,0.02567,0.08264
14542,2,2_2,0.24,0.01843,0.0904
14543,2,2_2,0.24,0.02933,0.092
14544,2,2_2,0.24,0.02855,0.0776
14545,2,2_2,0.24,0.02306,0.0791
14546,2,2_2,0.24,0.02196,0.0864
14547,2,2_2,0.24,0.01749,0.09705
14548,2,2_2,0.24,0.0296,0.0871
14549,2,2_2,0.24,0.03079,0.07764
14550,2,2_2,0.24,0.02304,0.07605
14551,2,2_2,0.24,0.0255,0.0855
14552,2,2_2,0.24,0.02,0.0858
14553,2,2_2,0.24,0.0323,0.0877
14554,2,2_2,0.24,0.02644,0.07623
14555,2,2_2,0.24,0.028,0.08704
14556,2,2_2,0.24,0.03943,0.07776
14557,2,2_2,0.24,0.02179,0.0889
14558,2,2_2,0.24,0.02348,0.0912
14559,2,2_2,0.24,0.02423,0.08105
14560,2,2_2,0.24,0.03415,0.1036
14561,2,2_2,0.24,0.02365,0.09454
14562,2,2_2,0.24,0.02803,0.0807
14563,2,2_2,0.24,0.03004,0.09875
14564,2,2_2,0.24,0.02377,0.09705
14565,2,2_2,0.24,0.02458,0.11896
14566,2,2_2,0.24,0.04337,0.0928
14567,2,2_2,0.24,0.02283,0.08215
14568,2,2_2,0.24,0.02667,0.0796
14569,2,2_2,0.24,0.0275,0.0851
14570,2,2_2,0.24,0.02032,0.10046
14571,2,2_2,0.24,0.0225,0.0795
14572,2,2_2,0.24,0.0384,0.0955
14573,2,2_2,0.24,0.0283,0.09064
14574,2,2_2,0.24,0.0304,0.0919
14575,2,2_2,0.24,0.04495,0.08545
14576,2,2_2,0.24,0.0245,0.1032
14577,2,2_2,0.24,0.02797,0.0831
14578,2,2_2,0.24,0.0223,0.08984
14579,2,2_2,0.24,0.02803,0.08264
14580,2,2_2,0.24,0.0294,0.0965
14581,2,2_2,0.24,0.02664,0.10236
14582,2,2_2,0.24,0.01683,0.0739
14583,2,2_2,0.24,0.02336,0.07306
14584,2,2_2,0.24,0.02084,0.0808
14585,2,2_2,0.24,0.03503,0.10114
14586,2,2_2,0.24,0.03934,0.0851
14587,2,2_2,0.24,0.02165,0.0804
14588,2,2_2,0.24,0.02582,0.0961
14589,2,2_2,0.24,0.02753,0.087
14590,2,2_2,0.24,0.03348,0.07874
14591,2,2_2,0.24,0.0328,0.0921
14592,2,2_2,0.24,0.02898,0.0745
14593,2,2_2,0.24,0.0329,0.096
14594,2,2_2,0.24,0.01964,0.0914
14595,2,2_2,0.24,0.02795,0.11646
14596,2,2_2,0.24,0.02827,0.1003
14597,2,2_2,0.24,0.03168,0.10315
14598,2,2_2,0.24,0.01994,0.0901
14599,2,2_2,0.24,0.0219,0.08105
14600,2,2_2,0.24,0.02843,0.08624
14601,2,2_2,0.24,0.01414,0.083
14602,2,2_2,0.24,0.0276,0.0892
14603,2,2_2,0.24,0.01859,0.0734
14604,2,2_2,0.24,0.0341,0.0808
14605,2,2_2,0.24,0.02368,0.0877
14606,2,2_2,0.24,0.0445,0.0819
14607,2,2_2,0.24,0.01952,0.10724
14608,2,2_2,0.24,0.03738,0.0859
14609,2,2_2,0.24,0.0288,0.09076
14610,2,2_2,0.24,0.0201,0.072
14611,2,2_2,0.24,0.0383,0.09863
14612,2,2_2,0.24,0.02403,0.0824
14613,2,2_2,0.24,0.02492,0.0818
14614,2,2_2,0.24,0.0292,0.1007
14615,2,2_2,0.24,0.0177,0.0847
14616,2,2_2,0.24,0.02061,0.0765
14617,2,2_2,0.24,0.03049,0.0829
14618,2,2_2,0.24,0.02325,0.0758
14619,2,2_2,0.24,0.02177,0.08594
14620,2,2_2,0.24,0.01802,0.1313
14621,2,2_2,0.24,0.0297,0.08295
14622,2,2_2,0.24,0.02644,0.07947
14623,2,2_2,0.24,0.02074,0.0985
14624,2,2_2,0.24,0.02869,0.0875
14625,2,2_2,0.24,0.02623,0.09705
14626,2,2_2,0.24,0.03268,0.0873
14627,2,2_2,0.24,0.03836,0.103
14628,2,2_2,0.24,0.02979,0.0997
14629,2,2_2,0.24,0.01775,0.09576
14630,2,2_2,0.24,0.02864,0.0919
14631,2,2_2,0.24,0.02081,0.0879
14632,2,2_2,0.24,0.02673,0.08984
14633,2,2_2,0.24,0.02133,0.0914
14634,2,2_2,0.24,0.014946,0.10175
14635,2,2_2,0.24,0.02142,0.10046
14636,2,2_2,0.24,0.02731,0.08356
14637,2,2_2,0.24,0.03265,0.10065
14638,2,2_2,0.24,0.02809,0.0866
14639,2,2_2,0.24,0.02414,0.08307
14640,2,2_2,0.24,0.02675,0.0855
14641,2,2_2,0.24,0.01895,0.07684
14642,2,2_2,0.24,0.02794,0.0835
14643,2,2_2,0.24,0.0415,0.1033
14644,2,2_2,0.24,0.02782,0.0895
14645,2,2_2,0.24,0.02489,0.0811
14646,2,2_2,0.24,0.02939,0.0905
14647,2,2_2,0.24,0.02785,0.1159
14648,2,2_2,0.24,0.02193,0.1144
14649,2,2_2,0.24,0.02931,0.0854
14650,2,2_2,0.24,0.02153,0.10895
14651,2,2_2,0.24,0.015175,0.107
14652,2,2_2,0.24,0.03174,0.08
14653,2,2_2,0.24,0.02545,0.10425
14654,2,2_2,0.24,0.03738,0.0818
14655,2,2_2,0.24,0.02663,0.0912
14656,2,2_2,0.24,0.02264,0.0841
14657,2,2_2,0.24,0.02513,0.0991
14658,2,2_2,0.24,0.01868,0.0819
14659,2,2_2,0.24,0.02777,0.0991
14660,2,2_2,0.24,0.02728,0.0889
14661,2,2_2,0.24,0.0253,0.0891
14662,2,2_2,0.24,0.02278,0.0841
14663,2,2_2,0.24,0.02335,0.08234
14664,2,2_2,0.24,0.03436,0.0783
14665,2,2_2,0.24,0.02849,0.08704
14666,2,2_2,0.24,0.03647,0.11084
14667,2,2_2,0.24,0.03226,0.0796
14668,2,2_2,0.24,0.01897,0.0752
14669,2,2_2,0.24,0.03714,0.1292
14670,2,2_2,0.24,0.03622,0.1068
14671,2,2_2,0.24,0.03583,0.0829
14672,2,2_2,0.24,0.04007,0.0915
14673,2,2_2,0.24,0.0336,0.08405
14674,2,2_2,0.24,0.02504,0.10175
14675,2,2_2,0.24,0.03598,0.08655
14676,2,2_2,0.24,0.02144,0.07996
14677,2,2_2,0.24,0.0324,0.0889
14678,2,2_2,0.24,0.0416,0.084
14679,2,2_2,0.24,0.03546,0.0981
14680,2,2_2,0.24,0.03223,0.07965
14681,2,2_2,0.24,0.02162,0.1107
14682,2,2_2,0.24,0.01527,0.1117
14683,2,2_2,0.24,0.039,0.0897
14684,2,2_2,0.24,0.03857,0.08765
14685,2,2_2,0.24,0.0253,0.099
14686,2,2_2,0.24,0.02899,0.0854
14687,2,2_2,0.24,0.03226,0.08295
14688,2,2_2,0.24,0.01481,0.083
14689,2,2_2,0.24,0.02145,0.0884
14690,2,2_2,0.24,0.02788,0.1
14691,2,2_2,0.24,0.02037,0.0957
14692,2,2_2,0.24,0.02576,0.0965
14693,2,2_2,0.24,0.02121,0.1104
14694,2,2_2,0.24,0.02893,0.07886
14695,2,2_2,0.24,0.02159,0.09375
14696,2,2_2,0.24,0.01921,0.0953
14697,2,2_2,0.24,0.0285,0.1033
14698,2,2_2,0.24,0.0426,0.116
14699,2,2_2,0.24,0.02536,0.0875
14700,2,2_2,0.24,0.02357,0.07477
14701,2,2_2,0.24,0.03387,0.10657
14702,2,2_2,0.24,0.03072,0.10455
14703,2,2_2,0.24,0.03247,0.0787
14704,2,2_2,0.24,0.02258,0.081
14705,2,2_2,0.24,0.03403,0.0833
14706,2,2_2,0.24,0.03476,0.07776
14707,2,2_2,0.24,0.0401,0.09607
14708,2,2_2,0.24,0.01804,0.0993
14709,2,2_2,0.24,0.02437,0.0851
14710,2,2_2,0.24,0.02658,0.0842
14711,2,2_2,0.24,0.02109,0.0863
14712,2,2_2,0.24,0.0363,0.1045
14713,2,2_2,0.24,0.02855,0.0862
14714,2,2_2,0.24,0.02498,0.07745
14715,2,2_2,0.24,0.02386,0.08856
14716,2,2_2,0.24,0.02681,0.0905
14717,2,2_2,0.24,0.02,0.0834
14718,2,2_2,0.24,0.03186,0.08624
14719,2,2_2,0.24,0.0276,0.0872
14720,2,2_2,0.24,0.0194,0.08636
14721,2,2_2,0.24,0.02951,0.09735
14722,2,2_2,0.24,0.02727,0.1012
14723,2,2_2,0.24,0.04047,0.108
14724,2,2_2,0.24,0.02394,0.07166
14725,2,2_2,0.24,0.0327,0.0755
14726,2,2_2,0.24,0.02007,0.0911
14727,2,2_2,0.24,0.02275,0.1047
14728,2,2_2,0.24,0.02411,0.1019
14729,2,2_2,0.24,0.02881,0.07666
14730,2,2_2,0.24,0.02708,0.0787
14731,2,2_2,0.24,0.02109,0.09546
14732,2,2_2,0.24,0.02577,0.07806
14733,2,2_2,0.24,0.02216,0.0878
14734,2,2_2,0.24,0.0225,0.09015
14735,2,2_2,0.24,0.01909,0.0902
14736,2,2_2,0.24,0.01985,0.079
14737,2,2_2,0.24,0.0295,0.0843
14738,2,2_2,0.24,0.0313,0.0888
14739,2,2_2,0.24,0.0286,0.1131
14740,2,2_2,0.24,0.02916,0.0884
14741,2,2_2,0.24,0.0261,0.0845
14742,2,2_2,0.24,0.0397,0.0844
14743,2,2_2,0.24,0.02179,0.12146
14744,2,2_2,0.24,0.02989,0.08856
14745,2,2_2,0.24,0.0341,0.07654
14746,2,2_2,0.24,0.03256,0.0898
14747,2,2_2,0.24,0.02194,0.07697
14748,2,2_2,0.24,0.02684,0.08575
14749,2,2_2,0.24,0.0243,0.1103
14750,2,2_2,0.24,0.02667,0.0689
14751,2,2_2,0.24,0.02388,0.0772
14752,2,2_2,0.24,0.02774,0.0759
14753,2,2_2,0.24,0.03073,0.09
14754,2,2_2,0.24,0.02786,0.09467
14755,2,2_2,0.24,0.02278,0.10095
14756,2,2_2,0.24,0.03946,0.1134
14757,2,2_2,0.24,0.0212,0.08966
14758,2,2_2,0.24,0.02242,0.1114
14759,2,2_2,0.24,0.02592,0.08887
14760,2,2_2,0.24,0.0436,0.0862
14761,2,2_2,0.24,0.02943,0.10126
14762,2,2_2,0.24,0.03091,0.1097
14763,2,2_2,0.24,0.02432,0.08984
14764,2,2_2,0.24,0.01643,0.0929
14765,2,2_2,0.24,0.02357,0.0886
14766,2,2_2,0.24,0.0213,0.0921
14767,2,2_2,0.24,0.0307,0.08875
14768,2,2_2,0.24,0.01776,0.0776
14769,2,2_2,0.24,0.02443,0.1044
14770,2,2_2,0.24,0.0354,0.0778
14771,2,2_2,0.24,0.02524,0.0832
14772,2,2_2,0.24,0.02733,0.111
14773,2,2_2,0.24,0.03687,0.0867
14774,2,2_2,0.24,0.02466,0.09503
14775,2,2_2,0.24,0.02586,0.07526
14776,2,2_2,0.24,0.01952,0.0794
14777,2,2_2,0.24,0.02605,0.11096
14778,2,2_2,0.24,0.02708,0.0903
14779,2,2_2,0.24,0.02448,0.0888
14780,2,2_2,0.24,0.02338,0.1147
14781,2,2_2,0.24,0.04773,0.1078
14782,2,2_2,0.24,0.0314,0.0945
14783,2,2_2,0.24,0.03342,0.09174
14784,2,2_2,0.24,0.03226,0.1093
14785,2,2_2,0.24,0.04126,0.1091
14786,2,2_2,0.24,0.01627,0.0813
14787,2,2_2,0.24,0.04285,0.103
14788,2,2_2,0.24,0.0377,0.0885
14789,2,2_2,0.24,0.03027,0.08105
14790,2,2_2,0.24,0.01782,0.07074
14791,2,2_2,0.24,0.0371,0.11456
14792,2,2_2,0.24,0.04666,0.0964
14793,2,2_2,0.24,0.07043,0.08777
14794,2,2_2,0.24,0.02573,0.10046
14795,2,2_2,0.24,0.0414,0.08856
14796,2,2_2,0.24,0.0364,0.0942
14797,2,2_2,0.24,0.0404,0.0843
14798,2,2_2,0.24,0.02298,0.07587
14799,2,2_2,0.24,0.02019,0.1225
14800,2,2_2,0.24,0.0181,0.0805
14801,2,2_2,0.24,0.02425,0.08484
14802,2,2_2,0.24,0.02211,0.0856
14803,2,2_2,0.24,0.02122,0.1061
14804,2,2_2,0.24,0.02094,0.0754
14805,2,2_2,0.24,0.02467,0.1048
14806,2,2_2,0.24,0.02621,0.07697
14807,2,2_2,0.24,0.02939,0.0953
14808,2,2_2,0.24,0.0371,0.07837
14809,2,2_2,0.24,0.03265,0.093
14810,2,2_2,0.24,0.03464,0.1049
14811,2,2_2,0.24,0.05804,0.0829
14812,2,2_2,0.24,0.0385,0.0792
14813,2,2_2,0.24,0.02296,0.09595
14814,2,2_2,0.24,0.01823,0.07355
14815,2,2_2,0.24,0.04355,0.0933
14816,2,2_2,0.24,0.02907,0.1233
14817,2,2_2,0.24,0.01752,0.0903
14818,2,2_2,0.24,0.0307,0.0876
14819,2,2_2,0.24,0.02505,0.0778
14820,2,2_2,0.24,0.02559,0.09705
14821,2,2_2,0.24,0.02187,0.09125
14822,2,2_2,0.24,0.03882,0.0963
14823,2,2_2,0.24,0.02177,0.07446
14824,2,2_2,0.24,0.03333,0.11475
14825,2,2_2,0.24,0.02701,0.0888
14826,2,2_2,0.24,0.0239,0.124
14827,2,2_2,0.24,0.0314,0.0898
14828,2,2_2,0.24,0.01811,0.1242
14829,2,2_2,0.24,0.02481,0.0844
14830,2,2_2,0.24,0.02394,0.0875
14831,2,2_2,0.24,0.02846,0.0913
14832,2,2_2,0.24,0.02441,0.0791
14833,2,2_2,0.24,0.0232,0.07806
14834,2,2_2,0.24,0.02162,0.1049
14835,2,2_2,0.24,0.0211,0.0874
14836,2,2_2,0.24,0.02373,0.07886
14837,2,2_2,0.24,0.01846,0.09265
14838,2,2_2,0.24,0.03625,0.10345
14839,2,2_2,0.24,0.03244,0.1329
14840,2,2_2,0.24,0.04144,0.08203
14841,2,2_2,0.24,0.01796,0.08325
14842,2,2_2,0.24,0.0125,0.08234
14843,2,2_2,0.24,0.03253,0.0862
14844,2,2_2,0.24,0.01743,0.0895
14845,2,2_2,0.24,0.02803,0.09814
14846,2,2_2,0.24,0.02101,0.0902
14847,2,2_2,0.24,0.02249,0.0978
14848,2,2_2,0.24,0.03018,0.1018
14849,2,2_2,0.24,0.02167,0.07056
14850,2,2_2,0.24,0.02841,0.1025
14851,2,2_2,0.24,0.04617,0.1011
14852,2,2_2,0.24,0.02339,0.075
14853,2,2_2,0.24,0.03128,0.1058
14854,2,2_2,0.24,0.04526,0.078
14855,2,2_2,0.24,0.02473,0.0896
14856,2,2_2,0.24,0.0311,0.0808
14857,2,2_2,0.24,0.02184,0.1306
14858,2,2_2,0.24,0.02307,0.08844
14859,2,2_2,0.24,0.0184,0.0867
14860,2,2_2,0.24,0.0232,0.072
14861,2,2_2,0.24,0.04752,0.1147
14862,2,2_2,0.24,0.02313,0.08527
14863,2,2_2,0.24,0.01723,0.0776
14864,2,2_2,0.24,0.02936,0.08545
14865,2,2_2,0.24,0.02512,0.09314
14866,2,2_2,0.24,0.02519,0.0865
14867,2,2_2,0.24,0.02722,0.0867
14868,2,2_2,0.24,0.01936,0.1036
14869,2,2_2,0.24,0.02477,0.09985
14870,2,2_2,0.24,0.02898,0.1263
14871,2,2_2,0.24,0.0248,0.0746
14872,2,2_2,0.24,0.04126,0.07806
14873,2,2_2,0.24,0.0289,0.1005
14874,2,2_2,0.24,0.02147,0.1321
14875,2,2_2,0.24,0.01736,0.132
14876,2,2_2,0.24,0.03357,0.09503
14877,2,2_2,0.24,0.014725,0.1049
14878,2,2_2,0.24,0.01839,0.09576
14879,2,2_2,0.24,0.0234,0.0858
14880,2,2_2,0.24,0.01624,0.08264
14881,2,2_2,0.24,0.02028,0.1108
14882,2,2_2,0.24,0.0279,0.0737
14883,2,2_2,0.24,0.0282,0.125
14884,2,2_2,0.24,0.02943,0.1249
14885,2,2_2,0.24,0.02032,0.09186
14886,2,2_2,0.24,0.02135,0.07733
14887,2,2_2,0.24,0.02354,0.09784
14888,2,2_2,0.24,0.02118,0.0772
14889,2,2_2,0.24,0.03029,0.07544
14890,2,2_2,0.24,0.05508,0.0864
14891,2,2_2,0.24,0.0509,0.0868
14892,2,2_2,0.24,0.0313,0.0822
14893,2,2_2,0.24,0.02092,0.0782
14894,2,2_2,0.24,0.02827,0.081
14895,2,2_2,0.24,0.03522,0.0753
14896,2,2_2,0.24,0.02837,0.11285
14897,2,2_2,0.24,0.02849,0.08075
14898,2,2_2,0.24,0.04944,0.0834
14899,2,2_2,0.24,0.0266,0.0984
14900,2,2_2,0.24,0.03625,0.11017
14901,2,2_2,0.24,0.02187,0.0833
14902,2,2_2,0.24,0.03842,0.08655
14903,2,2_2,0.24,0.02179,0.1641
14904,2,2_2,0.24,0.0262,0.0848
14905,2,2_2,0.24,0.03265,0.0878
14906,2,2_2,0.24,0.01724,0.08466
14907,2,2_2,0.24,0.02065,0.09106
14908,2,2_2,0.24,0.02525,0.0773
14909,2,2_2,0.24,0.03458,0.12305
14910,2,2_2,0.24,0.0189,0.0944
14911,2,2_2,0.24,0.01894,0.0882
14912,2,2_2,0.24,0.0173,0.08716
14913,2,2_2,0.24,0.0222,0.0946
14914,2,2_2,0.24,0.02185,0.0766
14915,2,2_2,0.24,0.0333,0.1003
14916,2,2_2,0.24,0.01439,0.0742
14917,2,2_2,0.24,0.03424,0.09875
14918,2,2_2,0.24,0.03815,0.0774
14919,2,2_2,0.24,0.0242,0.0885
14920,2,2_2,0.24,0.03433,0.0912
14921,2,2_2,0.24,0.03015,0.0916
14922,2,2_2,0.24,0.02159,0.0791
14923,2,2_2,0.24,0.01753,0.1046
14924,2,2_2,0.24,0.0234,0.10706
14925,2,2_2,0.24,0.02266,0.07733
14926,2,2_2,0.24,0.03143,0.0837
14927,2,2_2,0.24,0.02487,0.0895
14928,2,2_2,0.24,0.02512,0.0784
14929,2,2_2,0.24,0.0354,0.10596
14930,2,2_2,0.24,0.02727,0.08795
14931,2,2_2,0.24,0.04288,0.0877
14932,2,2_2,0.24,0.03683,0.1118
14933,2,2_2,0.24,0.02968,0.08044
14934,2,2_2,0.24,0.02437,0.1066
14935,2,2_2,0.24,0.02927,0.097
14936,2,2_2,0.24,0.03912,0.0764
14937,2,2_2,0.24,0.0346,0.105
14938,2,2_2,0.24,0.02498,0.0915
14939,2,2_2,0.24,0.01918,0.08203
14940,2,2_2,0.24,0.02429,0.0724
14941,2,2_2,0.24,0.02841,0.08905
14942,2,2_2,0.24,0.02592,0.1166
14943,2,2_2,0.24,0.03506,0.10297
14944,2,2_2,0.24,0.03506,0.1058
14945,2,2_2,0.24,0.02753,0.0823
14946,2,2_2,0.24,0.0394,0.09314
14947,2,2_2,0.24,0.05347,0.09
14948,2,2_2,0.24,0.03546,0.0841
14949,2,2_2,0.24,0.03485,0.0837
14950,2,2_2,0.24,0.01791,0.07996
14951,2,2_2,0.24,0.04742,0.107
14952,2,2_2,0.24,0.04095,0.0907
14953,2,2_2,0.24,0.02786,0.0914
14954,2,2_2,0.24,0.01689,0.0916
14955,2,2_2,0.24,0.01852,0.0863
14956,2,2_2,0.24,0.02278,0.09467
14957,2,2_2,0.24,0.03494,0.0898
14958,2,2_2,0.24,0.02148,0.0896
14959,2,2_2,0.24,0.025,0.0795
14960,2,2_2,0.24,0.01894,0.0856
14961,2,2_2,0.24,0.03047,0.08344
14962,2,2_2,0.24,0.01614,0.0917
14963,2,2_2,0.24,0.02477,0.09937
14964,2,2_2,0.24,0.02994,0.0924
14965,2,2_2,0.24,0.02682,0.0757
14966,2,2_2,0.24,0.0235,0.08624
14967,2,2_2,0.24,0.04266,0.1037
14968,2,2_2,0.24,0.02646,0.1005
14969,2,2_2,0.24,0.03001,0.1013
14970,2,2_2,0.24,0.03833,0.0813
14971,2,2_2,0.24,0.05975,0.10846
14972,2,2_2,0.24,0.06006,0.10706
14973,2,2_2,0.24,0.02135,0.0809
14974,2,2_2,0.24,0.04446,0.1055
14975,2,2_2,0.24,0.03214,0.09015
14976,2,2_2,0.24,0.02065,0.0895
14977,2,2_2,0.24,0.02551,0.0878
14978,2,2_2,0.24,0.02983,0.0912
14979,2,2_2,0.24,0.0326,0.0984
14980,2,2_2,0.24,0.04092,0.10144
14981,2,2_2,0.24,0.01921,0.07947
14982,2,2_2,0.24,0.02397,0.076
14983,2,2_2,0.24,0.0285,0.08307
14984,2,2_2,0.24,0.02158,0.0734
14985,2,2_2,0.24,0.0325,0.0987
14986,2,2_2,0.24,0.05225,0.1077
14987,2,2_2,0.24,0.02547,0.0831
14988,2,2_2,0.24,0.02701,0.10187
14989,2,2_2,0.24,0.02142,0.0856
14990,2,2_2,0.24,0.03098,0.0758
14991,2,2_2,0.24,0.01724,0.08484
14992,2,2_2,0.24,0.02315,0.08655
14993,2,2_2,0.24,0.0326,0.0899
14994,2,2_2,0.24,0.0241,0.08594
14995,2,2_2,0.24,0.0345,0.0879
14996,2,2_2,0.24,0.058,0.08264
14997,2,2_2,0.24,0.02684,0.09985
14998,2,2_2,0.24,0.04547,0.0897
14999,2,2_2,0.24,0.03275,0.08905
15000,2,2_3,0.08,0.01816,0.06744
15001,2,2_3,0.08,0.02812,0.06976
15002,2,2_3,0.08,0.0451,0.07385
15003,2,2_3,0.08,0.01595,0.0665
15004,2,2_3,0.08,0.01881,0.06604
15005,2,2_3,0.08,0.03047,0.06793
15006,2,2_3,0.08,0.01796,0.06714
15007,2,2_3,0.08,0.0174,0.0687
15008,2,2_3,0.08,0.01866,0.0672
15009,2,2_3,0.08,0.0264,0.06964
15010,2,2_3,0.08,0.02193,0.0676
15011,2,2_3,0.08,0.03726,0.07153
15012,2,2_3,0.08,0.02034,0.074
15013,2,2_3,0.08,0.02733,0.076
15014,2,2_3,0.08,0.0332,0.0679
15015,2,2_3,0.08,0.04193,0.06805
15016,2,2_3,0.08,0.02055,0.0737
15017,2,2_3,0.08,0.02995,0.0759
15018,2,2_3,0.08,0.02351,0.06934
15019,2,2_3,0.08,0.01736,0.06885
15020,2,2_3,0.08,0.02304,0.0663
15021,2,2_3,0.08,0.02127,0.06866
15022,2,2_3,0.08,0.02048,0.0754
15023,2,2_3,0.08,0.03278,0.0738
15024,2,2_3,0.08,0.01907,0.06604
15025,2,2_3,0.08,0.01587,0.06903
15026,2,2_3,0.08,0.02472,0.06946
15027,2,2_3,0.08,0.02245,0.07007
15028,2,2_3,0.08,0.02489,0.06824
15029,2,2_3,0.08,0.03056,0.06775
15030,2,2_3,0.08,0.01802,0.0676
15031,2,2_3,0.08,0.0171,0.07117
15032,2,2_3,0.08,0.0229,0.0692
15033,2,2_3,0.08,0.01933,0.07477
15034,2,2_3,0.08,0.01793,0.0682
15035,2,2_3,0.08,0.04422,0.07166
15036,2,2_3,0.08,0.01958,0.0686
15037,2,2_3,0.08,0.06027,0.07336
15038,2,2_3,0.08,0.01738,0.0776
15039,2,2_3,0.08,0.03568,0.0726
15040,2,2_3,0.08,0.0248,0.0756
15041,2,2_3,0.08,0.0641,0.0692
15042,2,2_3,0.08,0.02837,0.0755
15043,2,2_3,0.08,0.013695,0.0751
15044,2,2_3,0.08,0.01784,0.0749
15045,2,2_3,0.08,0.0239,0.07153
15046,2,2_3,0.08,0.04092,0.0683
15047,2,2_3,0.08,0.06104,0.06824
15048,2,2_3,0.08,0.02962,0.07196
15049,2,2_3,0.08,0.02316,0.08105
15050,2,2_3,0.08,0.01714,0.07007
15051,2,2_3,0.08,0.01799,0.07074
15052,2,2_3,0.08,0.02106,0.06836
15053,2,2_3,0.08,0.02309,0.0693
15054,2,2_3,0.08,0.01517,0.07227
15055,2,2_3,0.08,0.01901,0.0746
15056,2,2_3,0.08,0.04205,0.0721
15057,2,2_3,0.08,0.01888,0.0716
15058,2,2_3,0.08,0.02203,0.0746
15059,2,2_3,0.08,0.0321,0.0685
15060,2,2_3,0.08,0.02002,0.06757
15061,2,2_3,0.08,0.03244,0.0791
15062,2,2_3,0.08,0.02908,0.0724
15063,2,2_3,0.08,0.02228,0.08264
15064,2,2_3,0.08,0.02077,0.06915
15065,2,2_3,0.08,0.02342,0.0867
15066,2,2_3,0.08,0.02275,0.0724
15067,2,2_3,0.08,0.02568,0.071
15068,2,2_3,0.08,0.02316,0.0708
15069,2,2_3,0.08,0.02292,0.073
15070,2,2_3,0.08,0.02142,0.07245
15071,2,2_3,0.08,0.03503,0.07446
15072,2,2_3,0.08,0.03644,0.07263
15073,2,2_3,0.08,0.01773,0.0687
15074,2,2_3,0.08,0.03357,0.0727
15075,2,2_3,0.08,0.02744,0.0699
15076,2,2_3,0.08,0.02974,0.0697
15077,2,2_3,0.08,0.02812,0.08325
15078,2,2_3,0.08,0.01895,0.0697
15079,2,2_3,0.08,0.02362,0.07367
15080,2,2_3,0.08,0.01588,0.06775
15081,2,2_3,0.08,0.04178,0.0741
15082,2,2_3,0.08,0.0199,0.0672
15083,2,2_3,0.08,0.02998,0.06976
15084,2,2_3,0.08,0.02301,0.06934
15085,2,2_3,0.08,0.03314,0.07544
15086,2,2_3,0.08,0.02972,0.07697
15087,2,2_3,0.08,0.01973,0.0732
15088,2,2_3,0.08,0.01978,0.07635
15089,2,2_3,0.08,0.01744,0.0712
15090,2,2_3,0.08,0.0545,0.07227
15091,2,2_3,0.08,0.02768,0.06744
15092,2,2_3,0.08,0.02245,0.06775
15093,2,2_3,0.08,0.0377,0.07227
15094,2,2_3,0.08,0.03647,0.0896
15095,2,2_3,0.08,0.01678,0.0723
15096,2,2_3,0.08,0.0161,0.0724
15097,2,2_3,0.08,0.0255,0.0717
15098,2,2_3,0.08,0.01755,0.07184
15099,2,2_3,0.08,0.02324,0.07294
15100,2,2_3,0.08,0.01746,0.07635
15101,2,2_3,0.08,0.02052,0.07935
15102,2,2_3,0.08,0.02191,0.09204
15103,2,2_3,0.08,0.02019,0.0695
15104,2,2_3,0.08,0.03214,0.0793
15105,2,2_3,0.08,0.02037,0.07855
15106,2,2_3,0.08,0.01811,0.0711
15107,2,2_3,0.08,0.01659,0.07336
15108,2,2_3,0.08,0.01967,0.0675
15109,2,2_3,0.08,0.02649,0.0798
15110,2,2_3,0.08,0.01929,0.0777
15111,2,2_3,0.08,0.02444,0.0717
15112,2,2_3,0.08,0.02162,0.0744
15113,2,2_3,0.08,0.03397,0.07056
15114,2,2_3,0.08,0.03174,0.07056
15115,2,2_3,0.08,0.02225,0.0674
15116,2,2_3,0.08,0.02185,0.08527
15117,2,2_3,0.08,0.02046,0.0788
15118,2,2_3,0.08,0.02232,0.0745
15119,2,2_3,0.08,0.01855,0.06995
15120,2,2_3,0.08,0.02284,0.0962
15121,2,2_3,0.08,0.01958,0.0905
15122,2,2_3,0.08,0.02512,0.0742
15123,2,2_3,0.08,0.02597,0.0704
15124,2,2_3,0.08,0.02502,0.0692
15125,2,2_3,0.08,0.02928,0.074
15126,2,2_3,0.08,0.01585,0.06726
15127,2,2_3,0.08,0.0238,0.0729
15128,2,2_3,0.08,0.03,0.06976
15129,2,2_3,0.08,0.02759,0.06995
15130,2,2_3,0.08,0.0193,0.0663
15131,2,2_3,0.08,0.04544,0.08984
15132,2,2_3,0.08,0.0352,0.0744
15133,2,2_3,0.08,0.0342,0.07446
15134,2,2_3,0.08,0.05963,0.069
15135,2,2_3,0.08,0.02545,0.0779
15136,2,2_3,0.08,0.02124,0.07184
15137,2,2_3,0.08,0.04803,0.0734
15138,2,2_3,0.08,0.02016,0.082
15139,2,2_3,0.08,0.02087,0.08264
15140,2,2_3,0.08,0.01796,0.0733
15141,2,2_3,0.08,0.05142,0.0683
15142,2,2_3,0.08,0.02278,0.07007
15143,2,2_3,0.08,0.04065,0.0798
15144,2,2_3,0.08,0.0211,0.07074
15145,2,2_3,0.08,0.03653,0.0689
15146,2,2_3,0.08,0.01869,0.0793
15147,2,2_3,0.08,0.0447,0.0694
15148,2,2_3,0.08,0.03015,0.0743
15149,2,2_3,0.08,0.0564,0.07983
15150,2,2_3,0.08,0.03014,0.0859
15151,2,2_3,0.08,0.02025,0.06824
15152,2,2_3,0.08,0.02565,0.0713
15153,2,2_3,0.08,0.02113,0.07043
15154,2,2_3,0.08,0.04446,0.07874
15155,2,2_3,0.08,0.01822,0.07684
15156,2,2_3,0.08,0.0287,0.07043
15157,2,2_3,0.08,0.02788,0.0875
15158,2,2_3,0.08,0.02881,0.0825
15159,2,2_3,0.08,0.014755,0.07465
15160,2,2_3,0.08,0.02927,0.07007
15161,2,2_3,0.08,0.02913,0.0701
15162,2,2_3,0.08,0.02086,0.0776
15163,2,2_3,0.08,0.014084,0.0761
15164,2,2_3,0.08,0.02658,0.07544
15165,2,2_3,0.08,0.03162,0.0717
15166,2,2_3,0.08,0.01756,0.0674
15167,2,2_3,0.08,0.01732,0.0699
15168,2,2_3,0.08,0.02142,0.07367
15169,2,2_3,0.08,0.0262,0.0708
15170,2,2_3,0.08,0.02032,0.077
15171,2,2_3,0.08,0.02231,0.0749
15172,2,2_3,0.08,0.03418,0.06793
15173,2,2_3,0.08,0.02422,0.06946
15174,2,2_3,0.08,0.02516,0.06805
15175,2,2_3,0.08,0.01793,0.0712
15176,2,2_3,0.08,0.0374,0.068
15177,2,2_3,0.08,0.02733,0.07556
15178,2,2_3,0.08,0.01799,0.0712
15179,2,2_3,0.08,0.01718,0.0778
15180,2,2_3,0.08,0.02827,0.0755
15181,2,2_3,0.08,0.02032,0.0842
15182,2,2_3,0.08,0.02223,0.0705
15183,2,2_3,0.08,0.02383,0.077
15184,2,2_3,0.08,0.03857,0.068
15185,2,2_3,0.08,0.01727,0.0683
15186,2,2_3,0.08,0.0476,0.0753
15187,2,2_3,0.08,0.03564,0.07184
15188,2,2_3,0.08,0.017,0.06934
15189,2,2_3,0.08,0.03204,0.07544
15190,2,2_3,0.08,0.02477,0.0709
15191,2,2_3,0.08,0.01709,0.07367
15192,2,2_3,0.08,0.01543,0.0725
15193,2,2_3,0.08,0.01498,0.06665
15194,2,2_3,0.08,0.02551,0.0723
15195,2,2_3,0.08,0.02222,0.06885
15196,2,2_3,0.08,0.04382,0.06824
15197,2,2_3,0.08,0.02003,0.0778
15198,2,2_3,0.08,0.02032,0.07214
15199,2,2_3,0.08,0.03394,0.0734
15200,2,2_3,0.08,0.01542,0.07196
15201,2,2_3,0.08,0.02606,0.07263
15202,2,2_3,0.08,0.02396,0.07947
15203,2,2_3,0.08,0.03278,0.07117
15204,2,2_3,0.08,0.01784,0.0711
15205,2,2_3,0.08,0.02515,0.06903
15206,2,2_3,0.08,0.0198,0.0694
15207,2,2_3,0.08,0.02899,0.07153
15208,2,2_3,0.08,0.02711,0.0759
15209,2,2_3,0.08,0.03099,0.0816
15210,2,2_3,0.08,0.01953,0.06824
15211,2,2_3,0.08,0.02144,0.0759
15212,2,2_3,0.08,0.02713,0.08295
15213,2,2_3,0.08,0.02464,0.0696
15214,2,2_3,0.08,0.01802,0.0715
15215,2,2_3,0.08,0.03372,0.06934
15216,2,2_3,0.08,0.03192,0.0884
15217,2,2_3,0.08,0.01991,0.081
15218,2,2_3,0.08,0.01721,0.07196
15219,2,2_3,0.08,0.02097,0.0736
15220,2,2_3,0.08,0.02774,0.0867
15221,2,2_3,0.08,0.01901,0.0822
15222,2,2_3,0.08,0.02821,0.07324
15223,2,2_3,0.08,0.02304,0.07117
15224,2,2_3,0.08,0.02061,0.0821
15225,2,2_3,0.08,0.02832,0.0855
15226,2,2_3,0.08,0.01955,0.0717
15227,2,2_3,0.08,0.02171,0.0692
15228,2,2_3,0.08,0.03043,0.07404
15229,2,2_3,0.08,0.0171,0.07745
15230,2,2_3,0.08,0.02313,0.0728
15231,2,2_3,0.08,0.03387,0.0698
15232,2,2_3,0.08,0.04196,0.07513
15233,2,2_3,0.08,0.047,0.08813
15234,2,2_3,0.08,0.02097,0.07043
15235,2,2_3,0.08,0.03047,0.0736
15236,2,2_3,0.08,0.0196,0.0766
15237,2,2_3,0.08,0.02202,0.07056
15238,2,2_3,0.08,0.01874,0.07117
15239,2,2_3,0.08,0.02481,0.0785
15240,2,2_3,0.08,0.02162,0.07465
15241,2,2_3,0.08,0.04138,0.07605
15242,2,2_3,0.08,0.02222,0.06946
15243,2,2_3,0.08,0.03008,0.0713
15244,2,2_3,0.08,0.03038,0.0707
15245,2,2_3,0.08,0.02768,0.07886
15246,2,2_3,0.08,0.01532,0.0683
15247,2,2_3,0.08,0.02971,0.09033
15248,2,2_3,0.08,0.02267,0.0686
15249,2,2_3,0.08,0.02559,0.06934
15250,2,2_3,0.08,0.03177,0.07104
15251,2,2_3,0.08,0.04364,0.0725
15252,2,2_3,0.08,0.0159,0.0786
15253,2,2_3,0.08,0.03497,0.0793
15254,2,2_3,0.08,0.01953,0.0698
15255,2,2_3,0.08,0.04272,0.0745
15256,2,2_3,0.08,0.0215,0.074
15257,2,2_3,0.08,0.01964,0.07306
15258,2,2_3,0.08,0.0401,0.0751
15259,2,2_3,0.08,0.03253,0.0724
15260,2,2_3,0.08,0.0253,0.06934
15261,2,2_3,0.08,0.04398,0.0775
15262,2,2_3,0.08,0.015335,0.06915
15263,2,2_3,0.08,0.02017,0.07007
15264,2,2_3,0.08,0.02983,0.07043
15265,2,2_3,0.08,0.0154,0.0735
15266,2,2_3,0.08,0.01936,0.07166
15267,2,2_3,0.08,0.02646,0.0781
15268,2,2_3,0.08,0.02802,0.07605
15269,2,2_3,0.08,0.02153,0.07263
15270,2,2_3,0.08,0.02676,0.0719
15271,2,2_3,0.08,0.02846,0.0854
15272,2,2_3,0.08,0.03488,0.0721
15273,2,2_3,0.08,0.01718,0.0683
15274,2,2_3,0.08,0.01587,0.06946
15275,2,2_3,0.08,0.01906,0.0719
15276,2,2_3,0.08,0.02443,0.0735
15277,2,2_3,0.08,0.03384,0.0737
15278,2,2_3,0.08,0.02235,0.0731
15279,2,2_3,0.08,0.01805,0.0781
15280,2,2_3,0.08,0.03986,0.071
15281,2,2_3,0.08,0.018,0.07153
15282,2,2_3,0.08,0.01897,0.07245
15283,2,2_3,0.08,0.02266,0.08185
15284,2,2_3,0.08,0.0411,0.07196
15285,2,2_3,0.08,0.02148,0.0793
15286,2,2_3,0.08,0.02705,0.06934
15287,2,2_3,0.08,0.03983,0.07306
15288,2,2_3,0.08,0.01895,0.0678
15289,2,2_3,0.08,0.01831,0.0698
15290,2,2_3,0.08,0.02122,0.0841
15291,2,2_3,0.08,0.02977,0.06964
15292,2,2_3,0.08,0.02167,0.07245
15293,2,2_3,0.08,0.02068,0.06934
15294,2,2_3,0.08,0.0172,0.07623
15295,2,2_3,0.08,0.01883,0.0738
15296,2,2_3,0.08,0.01894,0.07153
15297,2,2_3,0.08,0.04294,0.07404
15298,2,2_3,0.08,0.02858,0.0724
15299,2,2_3,0.08,0.01796,0.076
15300,2,2_3,0.08,0.03125,0.0694
15301,2,2_3,0.08,0.0666,0.0732
15302,2,2_3,0.08,0.04855,0.06805
15303,2,2_3,0.08,0.02477,0.06903
15304,2,2_3,0.08,0.02591,0.0756
15305,2,2_3,0.08,0.02142,0.0791
15306,2,2_3,0.08,0.01831,0.07007
15307,2,2_3,0.08,0.02103,0.07166
15308,2,2_3,0.08,0.02629,0.0723
15309,2,2_3,0.08,0.01656,0.0697
15310,2,2_3,0.08,0.02356,0.0726
15311,2,2_3,0.08,0.02881,0.0779
15312,2,2_3,0.08,0.0233,0.0729
15313,2,2_3,0.08,0.02774,0.0766
15314,2,2_3,0.08,0.0259,0.072
15315,2,2_3,0.08,0.02414,0.0741
15316,2,2_3,0.08,0.02467,0.07245
15317,2,2_3,0.08,0.02989,0.0711
15318,2,2_3,0.08,0.01796,0.07385
15319,2,2_3,0.08,0.032,0.07367
15320,2,2_3,0.08,0.01805,0.0798
15321,2,2_3,0.08,0.02148,0.0707
15322,2,2_3,0.08,0.01927,0.08307
15323,2,2_3,0.08,0.0231,0.07526
15324,2,2_3,0.08,0.0199,0.07025
15325,2,2_3,0.08,0.01797,0.06866
15326,2,2_3,0.08,0.01692,0.0742
15327,2,2_3,0.08,0.02039,0.0699
15328,2,2_3,0.08,0.03262,0.0771
15329,2,2_3,0.08,0.02295,0.0723
15330,2,2_3,0.08,0.03516,0.0697
15331,2,2_3,0.08,0.01736,0.08386
15332,2,2_3,0.08,0.02094,0.07007
15333,2,2_3,0.08,0.01903,0.078
15334,2,2_3,0.08,0.01634,0.0684
15335,2,2_3,0.08,0.01717,0.07
15336,2,2_3,0.08,0.03192,0.07043
15337,2,2_3,0.08,0.02219,0.06964
15338,2,2_3,0.08,0.01988,0.0705
15339,2,2_3,0.08,0.02075,0.0721
15340,2,2_3,0.08,0.02554,0.07184
15341,2,2_3,0.08,0.01959,0.0756
15342,2,2_3,0.08,0.02403,0.07184
15343,2,2_3,0.08,0.04257,0.0833
15344,2,2_3,0.08,0.02483,0.0771
15345,2,2_3,0.08,0.02783,0.0776
15346,2,2_3,0.08,0.01811,0.06995
15347,2,2_3,0.08,0.0167,0.0818
15348,2,2_3,0.08,0.02655,0.08167
15349,2,2_3,0.08,0.03616,0.06854
15350,2,2_3,0.08,0.01665,0.07574
15351,2,2_3,0.08,0.02547,0.0736
15352,2,2_3,0.08,0.0224,0.0729
15353,2,2_3,0.08,0.03003,0.07166
15354,2,2_3,0.08,0.02011,0.06885
15355,2,2_3,0.08,0.03247,0.0705
15356,2,2_3,0.08,0.05072,0.0764
15357,2,2_3,0.08,0.01657,0.0725
15358,2,2_3,0.08,0.0507,0.08105
15359,2,2_3,0.08,0.01611,0.07556
15360,2,2_3,0.08,0.014046,0.073
15361,2,2_3,0.08,0.01682,0.0734
15362,2,2_3,0.08,0.02354,0.06995
15363,2,2_3,0.08,0.02904,0.0714
15364,2,2_3,0.08,0.02232,0.06793
15365,2,2_3,0.08,0.02199,0.07697
15366,2,2_3,0.08,0.02057,0.07117
15367,2,2_3,0.08,0.02225,0.0711
15368,2,2_3,0.08,0.02138,0.0686
15369,2,2_3,0.08,0.02151,0.0693
15370,2,2_3,0.08,0.0192,0.0758
15371,2,2_3,0.08,0.0303,0.0734
15372,2,2_3,0.08,0.01793,0.07184
15373,2,2_3,0.08,0.01729,0.0702
15374,2,2_3,0.08,0.02208,0.0707
15375,2,2_3,0.08,0.02689,0.07764
15376,2,2_3,0.08,0.0343,0.0772
15377,2,2_3,0.08,0.02505,0.0733
15378,2,2_3,0.08,0.02684,0.069
15379,2,2_3,0.08,0.02327,0.0781
15380,2,2_3,0.08,0.03253,0.07336
15381,2,2_3,0.08,0.03937,0.0739
15382,2,2_3,0.08,0.03775,0.0691
15383,2,2_3,0.08,0.02676,0.0702
15384,2,2_3,0.08,0.01765,0.06976
15385,2,2_3,0.08,0.034,0.07153
15386,2,2_3,0.08,0.01913,0.08295
15387,2,2_3,0.08,0.06616,0.0706
15388,2,2_3,0.08,0.02328,0.0752
15389,2,2_3,0.08,0.01904,0.0789
15390,2,2_3,0.08,0.01863,0.06976
15391,2,2_3,0.08,0.02193,0.07745
15392,2,2_3,0.08,0.01852,0.06915
15393,2,2_3,0.08,0.03513,0.076
15394,2,2_3,0.08,0.04153,0.0698
15395,2,2_3,0.08,0.016,0.07324
15396,2,2_3,0.08,0.02223,0.07196
15397,2,2_3,0.08,0.02733,0.07916
15398,2,2_3,0.08,0.0409,0.0744
15399,2,2_3,0.08,0.02348,0.07385
15400,2,2_3,0.08,0.02017,0.0714
15401,2,2_3,0.08,0.0628,0.06824
15402,2,2_3,0.08,0.01662,0.07214
15403,2,2_3,0.08,0.04694,0.06976
15404,2,2_3,0.08,0.02234,0.0696
15405,2,2_3,0.08,0.0233,0.0693
15406,2,2_3,0.08,0.02342,0.08167
15407,2,2_3,0.08,0.03186,0.06995
15408,2,2_3,0.08,0.02002,0.07574
15409,2,2_3,0.08,0.02896,0.08295
15410,2,2_3,0.08,0.01958,0.0827
15411,2,2_3,0.08,0.02174,0.07477
15412,2,2_3,0.08,0.0236,0.0703
15413,2,2_3,0.08,0.02002,0.06824
15414,2,2_3,0.08,0.02202,0.0909
15415,2,2_3,0.08,0.03424,0.0721
15416,2,2_3,0.08,0.0214,0.079
15417,2,2_3,0.08,0.03021,0.078
15418,2,2_3,0.08,0.03026,0.082
15419,2,2_3,0.08,0.01402,0.0725
15420,2,2_3,0.08,0.02808,0.0807
15421,2,2_3,0.08,0.0392,0.0726
15422,2,2_3,0.08,0.01657,0.08075
15423,2,2_3,0.08,0.0343,0.07007
15424,2,2_3,0.08,0.01909,0.0697
15425,2,2_3,0.08,0.02213,0.07513
15426,2,2_3,0.08,0.01816,0.0926
15427,2,2_3,0.08,0.01688,0.0707
15428,2,2_3,0.08,0.02219,0.0729
15429,2,2_3,0.08,0.02373,0.07056
15430,2,2_3,0.08,0.02603,0.0704
15431,2,2_3,0.08,0.01924,0.0749
15432,2,2_3,0.08,0.03397,0.0719
15433,2,2_3,0.08,0.01941,0.07495
15434,2,2_3,0.08,0.02946,0.07196
15435,2,2_3,0.08,0.01994,0.07306
15436,2,2_3,0.08,0.0445,0.0728
15437,2,2_3,0.08,0.0188,0.07086
15438,2,2_3,0.08,0.02814,0.0721
15439,2,2_3,0.08,0.03015,0.0685
15440,2,2_3,0.08,0.02576,0.0769
15441,2,2_3,0.08,0.01852,0.07306
15442,2,2_3,0.08,0.02057,0.0718
15443,2,2_3,0.08,0.01952,0.07416
15444,2,2_3,0.08,0.02489,0.07074
15445,2,2_3,0.08,0.02495,0.0707
15446,2,2_3,0.08,0.02481,0.0728
15447,2,2_3,0.08,0.0179,0.0689
15448,2,2_3,0.08,0.02704,0.0789
15449,2,2_3,0.08,0.02663,0.0755
15450,2,2_3,0.08,0.02711,0.069
15451,2,2_3,0.08,0.02798,0.07434
15452,2,2_3,0.08,0.02089,0.07117
15453,2,2_3,0.08,0.02058,0.07043
15454,2,2_3,0.08,0.02315,0.07056
15455,2,2_3,0.08,0.03775,0.07306
15456,2,2_3,0.08,0.01956,0.0728
15457,2,2_3,0.08,0.02,0.0751
15458,2,2_3,0.08,0.0255,0.0737
15459,2,2_3,0.08,0.01539,0.0786
15460,2,2_3,0.08,0.01704,0.1006
15461,2,2_3,0.08,0.03528,0.0796
15462,2,2_3,0.08,0.0238,0.0698
15463,2,2_3,0.08,0.01498,0.08295
15464,2,2_3,0.08,0.03204,0.0769
15465,2,2_3,0.08,0.0318,0.0707
15466,2,2_3,0.08,0.02356,0.08014
15467,2,2_3,0.08,0.01991,0.076
15468,2,2_3,0.08,0.03253,0.0692
15469,2,2_3,0.08,0.01974,0.0789
15470,2,2_3,0.08,0.02798,0.0754
15471,2,2_3,0.08,0.02303,0.07587
15472,2,2_3,0.08,0.02444,0.07324
15473,2,2_3,0.08,0.02411,0.0709
15474,2,2_3,0.08,0.02289,0.07043
15475,2,2_3,0.08,0.01788,0.07916
15476,2,2_3,0.08,0.01999,0.07263
15477,2,2_3,0.08,0.02573,0.0783
15478,2,2_3,0.08,0.03265,0.0742
15479,2,2_3,0.08,0.05582,0.0713
15480,2,2_3,0.08,0.02107,0.08105
15481,2,2_3,0.08,0.02165,0.0703
15482,2,2_3,0.08,0.038,0.07227
15483,2,2_3,0.08,0.02063,0.07336
15484,2,2_3,0.08,0.03476,0.0699
15485,2,2_3,0.08,0.01868,0.0712
15486,2,2_3,0.08,0.03137,0.073
15487,2,2_3,0.08,0.02422,0.06976
15488,2,2_3,0.08,0.0215,0.0798
15489,2,2_3,0.08,0.02481,0.08185
15490,2,2_3,0.08,0.02455,0.07166
15491,2,2_3,0.08,0.02132,0.0702
15492,2,2_3,0.08,0.01753,0.0712
15493,2,2_3,0.08,0.01929,0.06793
15494,2,2_3,0.08,0.03075,0.07513
15495,2,2_3,0.08,0.02048,0.0945
15496,2,2_3,0.08,0.02948,0.06964
15497,2,2_3,0.08,0.01813,0.0827
15498,2,2_3,0.08,0.01868,0.0692
15499,2,2_3,0.08,0.0265,0.0714
15500,2,2_3,0.08,0.01956,0.0796
15501,2,2_3,0.08,0.01851,0.07495
15502,2,2_3,0.08,0.0214,0.0734
15503,2,2_3,0.08,0.02733,0.0841
15504,2,2_3,0.08,0.02841,0.06866
15505,2,2_3,0.08,0.02463,0.0722
15506,2,2_3,0.08,0.02827,0.07404
15507,2,2_3,0.08,0.0404,0.0708
15508,2,2_3,0.08,0.01657,0.07434
15509,2,2_3,0.08,0.01674,0.0768
15510,2,2_3,0.08,0.05145,0.0753
15511,2,2_3,0.08,0.01403,0.0692
15512,2,2_3,0.08,0.02596,0.0909
15513,2,2_3,0.08,0.044,0.07605
15514,2,2_3,0.08,0.01862,0.0729
15515,2,2_3,0.08,0.0189,0.0767
15516,2,2_3,0.08,0.02,0.0696
15517,2,2_3,0.08,0.02351,0.07166
15518,2,2_3,0.08,0.02248,0.07294
15519,2,2_3,0.08,0.0366,0.07654
15520,2,2_3,0.08,0.04233,0.07495
15521,2,2_3,0.08,0.02245,0.0815
15522,2,2_3,0.08,0.02219,0.0962
15523,2,2_3,0.08,0.02713,0.0748
15524,2,2_3,0.08,0.02591,0.07404
15525,2,2_3,0.08,0.0281,0.0699
15526,2,2_3,0.08,0.0233,0.0757
15527,2,2_3,0.08,0.02692,0.07056
15528,2,2_3,0.08,0.02621,0.0892
15529,2,2_3,0.08,0.01532,0.07446
15530,2,2_3,0.08,0.03873,0.07166
15531,2,2_3,0.08,0.02437,0.09033
15532,2,2_3,0.08,0.01942,0.0735
15533,2,2_3,0.08,0.04092,0.0926
15534,2,2_3,0.08,0.03864,0.06885
15535,2,2_3,0.08,0.0397,0.0802
15536,2,2_3,0.08,0.02689,0.07477
15537,2,2_3,0.08,0.02165,0.0736
15538,2,2_3,0.08,0.01595,0.0721
15539,2,2_3,0.08,0.01758,0.0748
15540,2,2_3,0.08,0.0178,0.0781
15541,2,2_3,0.08,0.0446,0.0977
15542,2,2_3,0.08,0.016,0.0948
15543,2,2_3,0.08,0.02419,0.07635
15544,2,2_3,0.08,0.0209,0.0695
15545,2,2_3,0.08,0.01706,0.0717
15546,2,2_3,0.08,0.01715,0.07336
15547,2,2_3,0.08,0.01528,0.07025
15548,2,2_3,0.08,0.02666,0.0721
15549,2,2_3,0.08,0.0248,0.07446
15550,2,2_3,0.08,0.02565,0.0962
15551,2,2_3,0.08,0.01901,0.06934
15552,2,2_3,0.08,0.0186,0.07684
15553,2,2_3,0.08,0.02982,0.0703
15554,2,2_3,0.08,0.02824,0.08636
15555,2,2_3,0.08,0.0515,0.07733
15556,2,2_3,0.08,0.04114,0.07446
15557,2,2_3,0.08,0.0219,0.07074
15558,2,2_3,0.08,0.01836,0.06915
15559,2,2_3,0.08,0.02177,0.078
15560,2,2_3,0.08,0.02953,0.07196
15561,2,2_3,0.08,0.0391,0.07935
15562,2,2_3,0.08,0.04984,0.07086
15563,2,2_3,0.08,0.02966,0.0777
15564,2,2_3,0.08,0.056,0.07587
15565,2,2_3,0.08,0.01988,0.06903
15566,2,2_3,0.08,0.04776,0.0726
15567,2,2_3,0.08,0.0306,0.07153
15568,2,2_3,0.08,0.03644,0.0718
15569,2,2_3,0.08,0.01588,0.06995
15570,2,2_3,0.08,0.03906,0.0752
15571,2,2_3,0.08,0.02565,0.08
15572,2,2_3,0.08,0.02313,0.0724
15573,2,2_3,0.08,0.01913,0.0716
15574,2,2_3,0.08,0.03995,0.0758
15575,2,2_3,0.08,0.03073,0.0716
15576,2,2_3,0.08,0.04697,0.0731
15577,2,2_3,0.08,0.02158,0.0739
15578,2,2_3,0.08,0.01865,0.06995
15579,2,2_3,0.08,0.02388,0.0724
15580,2,2_3,0.08,0.0219,0.0787
15581,2,2_3,0.08,0.02184,0.0754
15582,2,2_3,0.08,0.02965,0.0726
15583,2,2_3,0.08,0.01668,0.0698
15584,2,2_3,0.08,0.01659,0.07184
15585,2,2_3,0.08,0.02673,0.07294
15586,2,2_3,0.08,0.02487,0.0748
15587,2,2_3,0.08,0.03683,0.09
15588,2,2_3,0.08,0.02678,0.0818
15589,2,2_3,0.08,0.01784,0.0784
15590,2,2_3,0.08,0.02658,0.0736
15591,2,2_3,0.08,0.04382,0.0739
15592,2,2_3,0.08,0.03174,0.0707
15593,2,2_3,0.08,0.03323,0.0717
15594,2,2_3,0.08,0.02116,0.07043
15595,2,2_3,0.08,0.0167,0.0787
15596,2,2_3,0.08,0.01599,0.0797
15597,2,2_3,0.08,0.02455,0.07654
15598,2,2_3,0.08,0.03842,0.0698
15599,2,2_3,0.08,0.01958,0.07086
15600,2,2_3,0.08,0.01646,0.0726
15601,2,2_3,0.08,0.02188,0.0726
15602,2,2_3,0.08,0.02211,0.0788
15603,2,2_3,0.08,0.01837,0.07184
15604,2,2_3,0.08,0.0388,0.0695
15605,2,2_3,0.08,0.0408,0.0753
15606,2,2_3,0.08,0.03836,0.0747
15607,2,2_3,0.08,0.01796,0.06995
15608,2,2_3,0.08,0.02095,0.0752
15609,2,2_3,0.08,0.0218,0.0919
15610,2,2_3,0.08,0.014946,0.07184
15611,2,2_3,0.08,0.0348,0.077
15612,2,2_3,0.08,0.02711,0.0732
15613,2,2_3,0.08,0.02092,0.0775
15614,2,2_3,0.08,0.02902,0.0697
15615,2,2_3,0.08,0.02596,0.0741
15616,2,2_3,0.08,0.02045,0.0928
15617,2,2_3,0.08,0.02893,0.0832
15618,2,2_3,0.08,0.01802,0.09503
15619,2,2_3,0.08,0.01686,0.0757
15620,2,2_3,0.08,0.01747,0.0802
15621,2,2_3,0.08,0.01764,0.08264
15622,2,2_3,0.08,0.02048,0.07983
15623,2,2_3,0.08,0.01836,0.07294
15624,2,2_3,0.08,0.02724,0.06934
15625,2,2_3,0.08,0.03384,0.07263
15626,2,2_3,0.08,0.02438,0.0702
15627,2,2_3,0.08,0.0183,0.0721
15628,2,2_3,0.08,0.04922,0.07336
15629,2,2_3,0.08,0.0297,0.0741
15630,2,2_3,0.08,0.02545,0.07587
15631,2,2_3,0.08,0.01573,0.07263
15632,2,2_3,0.08,0.02048,0.07574
15633,2,2_3,0.08,0.01779,0.0704
15634,2,2_3,0.08,0.03696,0.07416
15635,2,2_3,0.08,0.02982,0.07227
15636,2,2_3,0.08,0.0254,0.07043
15637,2,2_3,0.08,0.02232,0.0714
15638,2,2_3,0.08,0.01735,0.0766
15639,2,2_3,0.08,0.03738,0.08594
15640,2,2_3,0.08,0.02135,0.0897
15641,2,2_3,0.08,0.01682,0.08154
15642,2,2_3,0.08,0.02254,0.0695
15643,2,2_3,0.08,0.04153,0.07495
15644,2,2_3,0.08,0.02727,0.06964
15645,2,2_3,0.08,0.0254,0.0881
15646,2,2_3,0.08,0.01846,0.0825
15647,2,2_3,0.08,0.02084,0.07043
15648,2,2_3,0.08,0.02295,0.08417
15649,2,2_3,0.08,0.02205,0.07074
15650,2,2_3,0.08,0.01825,0.0713
15651,2,2_3,0.08,0.01668,0.095
15652,2,2_3,0.08,0.03473,0.07806
15653,2,2_3,0.08,0.02045,0.0745
15654,2,2_3,0.08,0.06082,0.0705
15655,2,2_3,0.08,0.02402,0.0703
15656,2,2_3,0.08,0.02196,0.0741
15657,2,2_3,0.08,0.02118,0.0849
15658,2,2_3,0.08,0.0248,0.06866
15659,2,2_3,0.08,0.0194,0.0736
15660,2,2_3,0.08,0.01985,0.0742
15661,2,2_3,0.08,0.01735,0.08264
15662,2,2_3,0.08,0.02063,0.0858
15663,2,2_3,0.08,0.0156,0.0769
15664,2,2_3,0.08,0.0418,0.0797
15665,2,2_3,0.08,0.02267,0.07745
15666,2,2_3,0.08,0.01762,0.0793
15667,2,2_3,0.08,0.02882,0.0718
15668,2,2_3,0.08,0.01767,0.07587
15669,2,2_3,0.08,0.03073,0.09955
15670,2,2_3,0.08,0.02335,0.0726
15671,2,2_3,0.08,0.0208,0.09357
15672,2,2_3,0.08,0.04193,0.0715
15673,2,2_3,0.08,0.02048,0.0844
15674,2,2_3,0.08,0.03488,0.0706
15675,2,2_3,0.08,0.03165,0.0853
15676,2,2_3,0.08,0.01978,0.07056
15677,2,2_3,0.08,0.0562,0.0724
15678,2,2_3,0.08,0.02728,0.0852
15679,2,2_3,0.08,0.0401,0.0832
15680,2,2_3,0.08,0.02075,0.0768
15681,2,2_3,0.08,0.02147,0.0699
15682,2,2_3,0.08,0.01617,0.08826
15683,2,2_3,0.08,0.01624,0.0759
15684,2,2_3,0.08,0.03293,0.07275
15685,2,2_3,0.08,0.03041,0.0705
15686,2,2_3,0.08,0.04147,0.071
15687,2,2_3,0.08,0.02219,0.08014
15688,2,2_3,0.08,0.01845,0.0774
15689,2,2_3,0.08,0.03052,0.0705
15690,2,2_3,0.08,0.02364,0.0821
15691,2,2_3,0.08,0.02904,0.08716
15692,2,2_3,0.08,0.02583,0.0709
15693,2,2_3,0.08,0.0172,0.0696
15694,2,2_3,0.08,0.01784,0.0764
15695,2,2_3,0.08,0.01819,0.07245
15696,2,2_3,0.08,0.01695,0.0809
15697,2,2_3,0.08,0.0214,0.07654
15698,2,2_3,0.08,0.02812,0.0722
15699,2,2_3,0.08,0.02847,0.07684
15700,2,2_3,0.08,0.01935,0.0723
15701,2,2_3,0.08,0.02188,0.0884
15702,2,2_3,0.08,0.0466,0.07983
15703,2,2_3,0.08,0.02249,0.0722
15704,2,2_3,0.08,0.02037,0.07166
15705,2,2_3,0.08,0.04578,0.07434
15706,2,2_3,0.08,0.03583,0.0818
15707,2,2_3,0.08,0.03038,0.0711
15708,2,2_3,0.08,0.0316,0.0761
15709,2,2_3,0.08,0.03653,0.07544
15710,2,2_3,0.08,0.03555,0.07056
15711,2,2_3,0.08,0.0232,0.0733
15712,2,2_3,0.08,0.02084,0.072
15713,2,2_3,0.08,0.02682,0.0823
15714,2,2_3,0.08,0.0453,0.0744
15715,2,2_3,0.08,0.0263,0.0735
15716,2,2_3,0.08,0.03754,0.08856
15717,2,2_3,0.08,0.01944,0.07043
15718,2,2_3,0.08,0.02025,0.0702
15719,2,2_3,0.08,0.01753,0.0882
15720,2,2_3,0.08,0.03046,0.0686
15721,2,2_3,0.08,0.01878,0.0741
15722,2,2_3,0.08,0.01581,0.0791
15723,2,2_3,0.08,0.02895,0.0759
15724,2,2_3,0.08,0.01762,0.0798
15725,2,2_3,0.08,0.01776,0.0724
15726,2,2_3,0.08,0.02728,0.0725
15727,2,2_3,0.08,0.02968,0.0795
15728,2,2_3,0.08,0.0213,0.0698
15729,2,2_3,0.08,0.02615,0.0712
15730,2,2_3,0.08,0.0407,0.0845
15731,2,2_3,0.08,0.03833,0.0712
15732,2,2_3,0.08,0.03008,0.07306
15733,2,2_3,0.08,0.03882,0.0716
15734,2,2_3,0.08,0.05865,0.07367
15735,2,2_3,0.08,0.014786,0.0725
15736,2,2_3,0.08,0.02011,0.07355
15737,2,2_3,0.08,0.03043,0.0727
15738,2,2_3,0.08,0.03568,0.07196
15739,2,2_3,0.08,0.03099,0.0719
15740,2,2_3,0.08,0.02614,0.0786
15741,2,2_3,0.08,0.0188,0.07214
15742,2,2_3,0.08,0.02658,0.07513
15743,2,2_3,0.08,0.02942,0.07166
15744,2,2_3,0.08,0.02832,0.0708
15745,2,2_3,0.08,0.0227,0.0725
15746,2,2_3,0.08,0.02536,0.0801
15747,2,2_3,0.08,0.02916,0.0686
15748,2,2_3,0.08,0.02142,0.07056
15749,2,2_3,0.08,0.0229,0.0748
15750,2,2_3,0.08,0.03244,0.0698
15751,2,2_3,0.08,0.02112,0.08124
15752,2,2_3,0.08,0.01955,0.0758
15753,2,2_3,0.08,0.02565,0.0712
15754,2,2_3,0.08,0.02458,0.08154
15755,2,2_3,0.08,0.01755,0.0841
15756,2,2_3,0.08,0.0386,0.08124
15757,2,2_3,0.08,0.02237,0.091
15758,2,2_3,0.08,0.01753,0.0707
15759,2,2_3,0.08,0.02478,0.0892
15760,2,2_3,0.08,0.02287,0.0727
15761,2,2_3,0.08,0.02626,0.0749
15762,2,2_3,0.08,0.033,0.073
15763,2,2_3,0.08,0.02847,0.07166
15764,2,2_3,0.08,0.01337,0.07855
15765,2,2_3,0.08,0.01889,0.07074
15766,2,2_3,0.08,0.01982,0.0716
15767,2,2_3,0.08,0.02927,0.1017
15768,2,2_3,0.08,0.02806,0.07635
15769,2,2_3,0.08,0.01982,0.07
15770,2,2_3,0.08,0.03096,0.06946
15771,2,2_3,0.08,0.02208,0.0731
15772,2,2_3,0.08,0.0245,0.0748
15773,2,2_3,0.08,0.03116,0.0718
15774,2,2_3,0.08,0.02515,0.0729
15775,2,2_3,0.08,0.01819,0.0764
15776,2,2_3,0.08,0.02402,0.0806
15777,2,2_3,0.08,0.05096,0.077
15778,2,2_3,0.08,0.0519,0.0715
15779,2,2_3,0.08,0.01877,0.0693
15780,2,2_3,0.08,0.01511,0.07434
15781,2,2_3,0.08,0.02249,0.0772
15782,2,2_3,0.08,0.02306,0.0741
15783,2,2_3,0.08,0.02254,0.0904
15784,2,2_3,0.08,0.03577,0.07153
15785,2,2_3,0.08,0.02182,0.0725
15786,2,2_3,0.08,0.015045,0.0751
15787,2,2_3,0.08,0.02364,0.0714
15788,2,2_3,0.08,0.04434,0.07294
15789,2,2_3,0.08,0.01974,0.0711
15790,2,2_3,0.08,0.0199,0.08
15791,2,2_3,0.08,0.02292,0.0769
15792,2,2_3,0.08,0.06033,0.07794
15793,2,2_3,0.08,0.044,0.07513
15794,2,2_3,0.08,0.02525,0.07465
15795,2,2_3,0.08,0.02374,0.0693
15796,2,2_3,0.08,0.02428,0.0791
15797,2,2_3,0.08,0.0257,0.07544
15798,2,2_3,0.08,0.02335,0.06976
15799,2,2_3,0.08,0.02298,0.0715
15800,2,2_3,0.08,0.0171,0.0741
15801,2,2_3,0.08,0.02402,0.07605
15802,2,2_3,0.08,0.03256,0.0739
15803,2,2_3,0.08,0.0166,0.0709
15804,2,2_3,0.08,0.01762,0.0755
15805,2,2_3,0.08,0.02112,0.07324
15806,2,2_3,0.08,0.02223,0.0726
15807,2,2_3,0.08,0.02417,0.0726
15808,2,2_3,0.08,0.02945,0.069
15809,2,2_3,0.08,0.02907,0.0861
15810,2,2_3,0.08,0.0189,0.0754
15811,2,2_3,0.08,0.03848,0.0762
15812,2,2_3,0.08,0.02481,0.0795
15813,2,2_3,0.08,0.02765,0.0738
15814,2,2_3,0.08,0.0471,0.06946
15815,2,2_3,0.08,0.0412,0.0734
15816,2,2_3,0.08,0.02022,0.0708
15817,2,2_3,0.08,0.01285,0.08435
15818,2,2_3,0.08,0.0223,0.07294
15819,2,2_3,0.08,0.02391,0.07074
15820,2,2_3,0.08,0.03024,0.0776
15821,2,2_3,0.08,0.01987,0.0768
15822,2,2_3,0.08,0.03232,0.07184
15823,2,2_3,0.08,0.02017,0.0731
15824,2,2_3,0.08,0.02243,0.0824
15825,2,2_3,0.08,0.01988,0.078
15826,2,2_3,0.08,0.03708,0.07825
15827,2,2_3,0.08,0.0167,0.0783
15828,2,2_3,0.08,0.014145,0.0698
15829,2,2_3,0.08,0.02322,0.0682
15830,2,2_3,0.08,0.02629,0.07825
15831,2,2_3,0.08,0.04303,0.07025
15832,2,2_3,0.08,0.02469,0.0722
15833,2,2_3,0.08,0.02007,0.08826
15834,2,2_3,0.08,0.02277,0.082
15835,2,2_3,0.08,0.02612,0.0704
15836,2,2_3,0.08,0.01733,0.0744
15837,2,2_3,0.08,0.011955,0.0723
15838,2,2_3,0.08,0.0237,0.0771
15839,2,2_3,0.08,0.02786,0.073
15840,2,2_3,0.08,0.02115,0.07153
15841,2,2_3,0.08,0.01573,0.07
15842,2,2_3,0.08,0.0129,0.07214
15843,2,2_3,0.08,0.02576,0.0775
15844,2,2_3,0.08,0.02007,0.07935
15845,2,2_3,0.08,0.03525,0.0807
15846,2,2_3,0.08,0.0376,0.07794
15847,2,2_3,0.08,0.02402,0.07117
15848,2,2_3,0.08,0.0241,0.07544
15849,2,2_3,0.08,0.02275,0.0718
15850,2,2_3,0.08,0.03415,0.07776
15851,2,2_3,0.08,0.02716,0.0731
15852,2,2_3,0.08,0.01804,0.0706
15853,2,2_3,0.08,0.0249,0.0728
15854,2,2_3,0.08,0.0565,0.07275
15855,2,2_3,0.08,0.01924,0.0764
15856,2,2_3,0.08,0.03488,0.07104
15857,2,2_3,0.08,0.02696,0.074
15858,2,2_3,0.08,0.02472,0.07544
15859,2,2_3,0.08,0.01959,0.0718
15860,2,2_3,0.08,0.03516,0.09467
15861,2,2_3,0.08,0.0552,0.0778
15862,2,2_3,0.08,0.04602,0.0768
15863,2,2_3,0.08,0.02592,0.0732
15864,2,2_3,0.08,0.0195,0.0729
15865,2,2_3,0.08,0.02548,0.0711
15866,2,2_3,0.08,0.02518,0.0727
15867,2,2_3,0.08,0.02284,0.0714
15868,2,2_3,0.08,0.01749,0.0726
15869,2,2_3,0.08,0.01727,0.076
15870,2,2_3,0.08,0.02504,0.0801
15871,2,2_3,0.08,0.02266,0.07355
15872,2,2_3,0.08,0.02739,0.0707
15873,2,2_3,0.08,0.02907,0.0748
15874,2,2_3,0.08,0.01729,0.07635
15875,2,2_3,0.08,0.01645,0.0771
15876,2,2_3,0.08,0.02328,0.0819
15877,2,2_3,0.08,0.02374,0.0698
15878,2,2_3,0.08,0.01706,0.0732
15879,2,2_3,0.08,0.0386,0.0734
15880,2,2_3,0.08,0.01785,0.0747
15881,2,2_3,0.08,0.03745,0.10144
15882,2,2_3,0.08,0.02542,0.08295
15883,2,2_3,0.08,0.0224,0.07245
15884,2,2_3,0.08,0.02806,0.07306
15885,2,2_3,0.08,0.01825,0.0711
15886,2,2_3,0.08,0.0188,0.069
15887,2,2_3,0.08,0.03363,0.0819
15888,2,2_3,0.08,0.0367,0.07214
15889,2,2_3,0.08,0.02681,0.0883
15890,2,2_3,0.08,0.0393,0.07733
15891,2,2_3,0.08,0.0432,0.0808
15892,2,2_3,0.08,0.02448,0.0757
15893,2,2_3,0.08,0.0156,0.0869
15894,2,2_3,0.08,0.03033,0.0802
15895,2,2_3,0.08,0.01874,0.0716
15896,2,2_3,0.08,0.01828,0.07477
15897,2,2_3,0.08,0.0225,0.0796
15898,2,2_3,0.08,0.04422,0.07294
15899,2,2_3,0.08,0.0304,0.0733
15900,2,2_3,0.08,0.03265,0.07684
15901,2,2_3,0.08,0.01614,0.07275
15902,2,2_3,0.08,0.0209,0.069
15903,2,2_3,0.08,0.02684,0.07434
15904,2,2_3,0.08,0.01921,0.08295
15905,2,2_3,0.08,0.05728,0.07544
15906,2,2_3,0.08,0.01756,0.0729
15907,2,2_3,0.08,0.0163,0.0711
15908,2,2_3,0.08,0.02184,0.0719
15909,2,2_3,0.08,0.03049,0.0723
15910,2,2_3,0.08,0.01334,0.0736
15911,2,2_3,0.08,0.01802,0.0719
15912,2,2_3,0.08,0.01923,0.08813
15913,2,2_3,0.08,0.02086,0.0768
15914,2,2_3,0.08,0.01675,0.08185
15915,2,2_3,0.08,0.0312,0.07166
15916,2,2_3,0.08,0.02052,0.0808
15917,2,2_3,0.08,0.02301,0.0719
15918,2,2_3,0.08,0.01956,0.0813
15919,2,2_3,0.08,0.0218,0.0721
15920,2,2_3,0.08,0.01898,0.0711
15921,2,2_3,0.08,0.03384,0.0759
15922,2,2_3,0.08,0.02513,0.0745
15923,2,2_3,0.08,0.02083,0.07526
15924,2,2_3,0.08,0.0206,0.0741
15925,2,2_3,0.08,0.01585,0.07416
15926,2,2_3,0.08,0.03564,0.0758
15927,2,2_3,0.08,0.02785,0.0714
15928,2,2_3,0.08,0.01675,0.073
15929,2,2_3,0.08,0.02458,0.07935
15930,2,2_3,0.08,0.0159,0.07196
15931,2,2_3,0.08,0.0551,0.0739
15932,2,2_3,0.08,0.0251,0.0979
15933,2,2_3,0.08,0.02304,0.07324
15934,2,2_3,0.08,0.02032,0.07336
15935,2,2_3,0.08,0.05505,0.07526
15936,2,2_3,0.08,0.0399,0.07007
15937,2,2_3,0.08,0.02856,0.07196
15938,2,2_3,0.08,0.02585,0.07404
15939,2,2_3,0.08,0.01559,0.07117
15940,2,2_3,0.08,0.02112,0.07043
15941,2,2_3,0.08,0.01683,0.0733
15942,2,2_3,0.08,0.0463,0.0726
15943,2,2_3,0.08,0.0336,0.07446
15944,2,2_3,0.08,0.04388,0.0732
15945,2,2_3,0.08,0.02281,0.0758
15946,2,2_3,0.08,0.0407,0.07275
15947,2,2_3,0.08,0.02844,0.0786
15948,2,2_3,0.08,0.02452,0.0725
15949,2,2_3,0.08,0.0191,0.0707
15950,2,2_3,0.08,0.02757,0.07324
15951,2,2_3,0.08,0.02113,0.0734
15952,2,2_3,0.08,0.0289,0.07513
15953,2,2_3,0.08,0.0294,0.0695
15954,2,2_3,0.08,0.01874,0.0698
15955,2,2_3,0.08,0.0248,0.0745
15956,2,2_3,0.08,0.02652,0.07056
15957,2,2_3,0.08,0.02092,0.06995
15958,2,2_3,0.08,0.01791,0.0767
15959,2,2_3,0.08,0.0265,0.0706
15960,2,2_3,0.08,0.02219,0.07294
15961,2,2_3,0.08,0.0261,0.07446
15962,2,2_3,0.08,0.01544,0.0706
15963,2,2_3,0.08,0.01535,0.07556
15964,2,2_3,0.08,0.0253,0.0884
15965,2,2_3,0.08,0.06335,0.0721
15966,2,2_3,0.08,0.02516,0.0697
15967,2,2_3,0.08,0.02254,0.08136
15968,2,2_3,0.08,0.03488,0.07086
15969,2,2_3,0.08,0.01724,0.07385
15970,2,2_3,0.08,0.03915,0.0758
15971,2,2_3,0.08,0.02763,0.06964
15972,2,2_3,0.08,0.02353,0.06976
15973,2,2_3,0.08,0.015396,0.0761
15974,2,2_3,0.08,0.02402,0.0788
15975,2,2_3,0.08,0.02089,0.0746
15976,2,2_3,0.08,0.01541,0.07
15977,2,2_3,0.08,0.02548,0.0745
15978,2,2_3,0.08,0.0343,0.0802
15979,2,2_3,0.08,0.02243,0.07477
15980,2,2_3,0.08,0.02898,0.0744
15981,2,2_3,0.08,0.02072,0.07214
15982,2,2_3,0.08,0.02272,0.07025
15983,2,2_3,0.08,0.03305,0.07196
15984,2,2_3,0.08,0.02248,0.07086
15985,2,2_3,0.08,0.04236,0.07825
15986,2,2_3,0.08,0.03607,0.0869
15987,2,2_3,0.08,0.02333,0.0708
15988,2,2_3,0.08,0.02298,0.0714
15989,2,2_3,0.08,0.0255,0.0697
15990,2,2_3,0.08,0.03772,0.0726
15991,2,2_3,0.08,0.02245,0.07104
15992,2,2_3,0.08,0.0165,0.07446
15993,2,2_3,0.08,0.03326,0.0702
15994,2,2_3,0.08,0.0185,0.07965
15995,2,2_3,0.08,0.0388,0.0737
15996,2,2_3,0.08,0.02481,0.07587
15997,2,2_3,0.08,0.03305,0.07275
15998,2,2_3,0.08,0.02727,0.0727
15999,2,2_3,0.08,0.02477,0.07275
16000,2,2_3,0.16,0.02603,0.07635
16001,2,2_3,0.16,0.02136,0.07544
16002,2,2_3,0.16,0.0712,0.0819
16003,2,2_3,0.16,0.02187,0.0786
16004,2,2_3,0.16,0.03033,0.0741
16005,2,2_3,0.16,0.0268,0.0727
16006,2,2_3,0.16,0.089,0.0671
16007,2,2_3,0.16,0.02556,0.0805
16008,2,2_3,0.16,0.08374,0.0919
16009,2,2_3,0.16,0.05847,0.07306
16010,2,2_3,0.16,0.03075,0.07336
16011,2,2_3,0.16,0.02629,0.0679
16012,2,2_3,0.16,0.032,0.07733
16013,2,2_3,0.16,0.02097,0.07416
16014,2,2_3,0.16,0.03424,0.0682
16015,2,2_3,0.16,0.0518,0.07837
16016,2,2_3,0.16,0.04132,0.08295
16017,2,2_3,0.16,0.04816,0.0782
16018,2,2_3,0.16,0.0371,0.0803
16019,2,2_3,0.16,0.02963,0.0738
16020,2,2_3,0.16,0.065,0.1096
16021,2,2_3,0.16,0.06305,0.07385
16022,2,2_3,0.16,0.0385,0.0705
16023,2,2_3,0.16,0.03232,0.0818
16024,2,2_3,0.16,0.05246,0.07294
16025,2,2_3,0.16,0.02899,0.07416
16026,2,2_3,0.16,0.03873,0.07654
16027,2,2_3,0.16,0.0229,0.0694
16028,2,2_3,0.16,0.0632,0.0912
16029,2,2_3,0.16,0.04526,0.07587
16030,2,2_3,0.16,0.0447,0.07587
16031,2,2_3,0.16,0.02405,0.07745
16032,2,2_3,0.16,0.04843,0.0878
16033,2,2_3,0.16,0.02794,0.07733
16034,2,2_3,0.16,0.0248,0.07874
16035,2,2_3,0.16,0.05148,0.07477
16036,2,2_3,0.16,0.04245,0.0682
16037,2,2_3,0.16,0.03806,0.06903
16038,2,2_3,0.16,0.05188,0.07294
16039,2,2_3,0.16,0.06476,0.07214
16040,2,2_3,0.16,0.02518,0.0693
16041,2,2_3,0.16,0.0273,0.0745
16042,2,2_3,0.16,0.0314,0.0879
16043,2,2_3,0.16,0.02373,0.0844
16044,2,2_3,0.16,0.02907,0.0701
16045,2,2_3,0.16,0.02437,0.07495
16046,2,2_3,0.16,0.02817,0.0721
16047,2,2_3,0.16,0.05655,0.0701
16048,2,2_3,0.16,0.0349,0.0776
16049,2,2_3,0.16,0.02943,0.07446
16050,2,2_3,0.16,0.03207,0.0697
16051,2,2_3,0.16,0.0255,0.102
16052,2,2_3,0.16,0.02402,0.07214
16053,2,2_3,0.16,0.05716,0.06854
16054,2,2_3,0.16,0.02289,0.0868
16055,2,2_3,0.16,0.02452,0.07196
16056,2,2_3,0.16,0.02452,0.0809
16057,2,2_3,0.16,0.02702,0.0708
16058,2,2_3,0.16,0.01804,0.06946
16059,2,2_3,0.16,0.04422,0.07837
16060,2,2_3,0.16,0.01826,0.07715
16061,2,2_3,0.16,0.0509,0.06915
16062,2,2_3,0.16,0.0371,0.073
16063,2,2_3,0.16,0.02998,0.06946
16064,2,2_3,0.16,0.0689,0.0727
16065,2,2_3,0.16,0.0707,0.08563
16066,2,2_3,0.16,0.02968,0.0828
16067,2,2_3,0.16,0.02356,0.0694
16068,2,2_3,0.16,0.03934,0.0817
16069,2,2_3,0.16,0.0276,0.09515
16070,2,2_3,0.16,0.02834,0.0722
16071,2,2_3,0.16,0.04572,0.07245
16072,2,2_3,0.16,0.0348,0.0883
16073,2,2_3,0.16,0.02065,0.07605
16074,2,2_3,0.16,0.02832,0.0726
16075,2,2_3,0.16,0.0376,0.0861
16076,2,2_3,0.16,0.03412,0.08923
16077,2,2_3,0.16,0.03372,0.0865
16078,2,2_3,0.16,0.02196,0.0734
16079,2,2_3,0.16,0.0848,0.0828
16080,2,2_3,0.16,0.0287,0.0742
16081,2,2_3,0.16,0.02747,0.0818
16082,2,2_3,0.16,0.02036,0.0753
16083,2,2_3,0.16,0.06714,0.07074
16084,2,2_3,0.16,0.0293,0.08185
16085,2,2_3,0.16,0.05936,0.07324
16086,2,2_3,0.16,0.05478,0.07715
16087,2,2_3,0.16,0.02248,0.08
16088,2,2_3,0.16,0.06094,0.07794
16089,2,2_3,0.16,0.02579,0.0814
16090,2,2_3,0.16,0.06573,0.09296
16091,2,2_3,0.16,0.048,0.0709
16092,2,2_3,0.16,0.02652,0.0826
16093,2,2_3,0.16,0.03336,0.07544
16094,2,2_3,0.16,0.02597,0.0933
16095,2,2_3,0.16,0.02322,0.091
16096,2,2_3,0.16,0.03625,0.0771
16097,2,2_3,0.16,0.0338,0.0901
16098,2,2_3,0.16,0.02592,0.07465
16099,2,2_3,0.16,0.0634,0.0776
16100,2,2_3,0.16,0.02261,0.07245
16101,2,2_3,0.16,0.03888,0.0723
16102,2,2_3,0.16,0.05524,0.0975
16103,2,2_3,0.16,0.0437,0.0685
16104,2,2_3,0.16,0.06052,0.0804
16105,2,2_3,0.16,0.06256,0.08105
16106,2,2_3,0.16,0.04797,0.1007
16107,2,2_3,0.16,0.03943,0.076
16108,2,2_3,0.16,0.03009,0.0772
16109,2,2_3,0.16,0.0277,0.1166
16110,2,2_3,0.16,0.02878,0.0713
16111,2,2_3,0.16,0.06525,0.0773
16112,2,2_3,0.16,0.05222,0.06964
16113,2,2_3,0.16,0.03207,0.068
16114,2,2_3,0.16,0.03008,0.0807
16115,2,2_3,0.16,0.0804,0.0716
16116,2,2_3,0.16,0.03253,0.0862
16117,2,2_3,0.16,0.04538,0.09424
16118,2,2_3,0.16,0.03677,0.072
16119,2,2_3,0.16,0.04233,0.0698
16120,2,2_3,0.16,0.04004,0.0909
16121,2,2_3,0.16,0.02634,0.07495
16122,2,2_3,0.16,0.0266,0.0753
16123,2,2_3,0.16,0.02803,0.07104
16124,2,2_3,0.16,0.04132,0.06885
16125,2,2_3,0.16,0.02605,0.07275
16126,2,2_3,0.16,0.03143,0.0798
16127,2,2_3,0.16,0.04315,0.08203
16128,2,2_3,0.16,0.07794,0.0726
16129,2,2_3,0.16,0.02394,0.0842
16130,2,2_3,0.16,0.05878,0.0774
16131,2,2_3,0.16,0.0751,0.0819
16132,2,2_3,0.16,0.03433,0.07794
16133,2,2_3,0.16,0.0315,0.0842
16134,2,2_3,0.16,0.03084,0.0722
16135,2,2_3,0.16,0.05417,0.0743
16136,2,2_3,0.16,0.0384,0.0749
16137,2,2_3,0.16,0.0743,0.07764
16138,2,2_3,0.16,0.02122,0.07367
16139,2,2_3,0.16,0.03104,0.07104
16140,2,2_3,0.16,0.05807,0.0748
16141,2,2_3,0.16,0.04218,0.0817
16142,2,2_3,0.16,0.06836,0.08044
16143,2,2_3,0.16,0.02138,0.08746
16144,2,2_3,0.16,0.06122,0.079
16145,2,2_3,0.16,0.03052,0.0787
16146,2,2_3,0.16,0.061,0.07404
16147,2,2_3,0.16,0.04504,0.0707
16148,2,2_3,0.16,0.03375,0.07733
16149,2,2_3,0.16,0.05048,0.09174
16150,2,2_3,0.16,0.04694,0.07477
16151,2,2_3,0.16,0.02068,0.0709
16152,2,2_3,0.16,0.03008,0.0773
16153,2,2_3,0.16,0.05197,0.085
16154,2,2_3,0.16,0.05807,0.0901
16155,2,2_3,0.16,0.04883,0.08887
16156,2,2_3,0.16,0.0476,0.0802
16157,2,2_3,0.16,0.024,0.0842
16158,2,2_3,0.16,0.03998,0.0789
16159,2,2_3,0.16,0.03403,0.07874
16160,2,2_3,0.16,0.02158,0.0921
16161,2,2_3,0.16,0.02681,0.06836
16162,2,2_3,0.16,0.04013,0.07947
16163,2,2_3,0.16,0.01514,0.0774
16164,2,2_3,0.16,0.0727,0.0809
16165,2,2_3,0.16,0.03333,0.0774
16166,2,2_3,0.16,0.02052,0.0746
16167,2,2_3,0.16,0.03134,0.0689
16168,2,2_3,0.16,0.03406,0.08887
16169,2,2_3,0.16,0.03198,0.0759
16170,2,2_3,0.16,0.02885,0.0705
16171,2,2_3,0.16,0.0338,0.0772
16172,2,2_3,0.16,0.04373,0.07556
16173,2,2_3,0.16,0.03543,0.0852
16174,2,2_3,0.16,0.0453,0.0754
16175,2,2_3,0.16,0.04163,0.07513
16176,2,2_3,0.16,0.02742,0.1017
16177,2,2_3,0.16,0.03146,0.0843
16178,2,2_3,0.16,0.03363,0.09735
16179,2,2_3,0.16,0.0702,0.08704
16180,2,2_3,0.16,0.0351,0.075
16181,2,2_3,0.16,0.03008,0.07764
16182,2,2_3,0.16,0.03647,0.0809
16183,2,2_3,0.16,0.04727,0.073
16184,2,2_3,0.16,0.03766,0.07587
16185,2,2_3,0.16,0.05548,0.07367
16186,2,2_3,0.16,0.03162,0.07227
16187,2,2_3,0.16,0.02184,0.0744
16188,2,2_3,0.16,0.0321,0.0862
16189,2,2_3,0.16,0.03577,0.06946
16190,2,2_3,0.16,0.0246,0.08484
16191,2,2_3,0.16,0.02856,0.0751
16192,2,2_3,0.16,0.01695,0.08966
16193,2,2_3,0.16,0.02643,0.0897
16194,2,2_3,0.16,0.04996,0.07623
16195,2,2_3,0.16,0.04874,0.0763
16196,2,2_3,0.16,0.03687,0.07855
16197,2,2_3,0.16,0.03635,0.0711
16198,2,2_3,0.16,0.0292,0.07153
16199,2,2_3,0.16,0.02608,0.0923
16200,2,2_3,0.16,0.03476,0.07935
16201,2,2_3,0.16,0.03354,0.0753
16202,2,2_3,0.16,0.05103,0.0808
16203,2,2_3,0.16,0.02919,0.07947
16204,2,2_3,0.16,0.02242,0.07007
16205,2,2_3,0.16,0.0765,0.08466
16206,2,2_3,0.16,0.02725,0.0714
16207,2,2_3,0.16,0.03592,0.07245
16208,2,2_3,0.16,0.03848,0.0715
16209,2,2_3,0.16,0.02498,0.0792
16210,2,2_3,0.16,0.04044,0.0704
16211,2,2_3,0.16,0.03125,0.075
16212,2,2_3,0.16,0.02458,0.0782
16213,2,2_3,0.16,0.0355,0.0955
16214,2,2_3,0.16,0.02377,0.08124
16215,2,2_3,0.16,0.036,0.0761
16216,2,2_3,0.16,0.04587,0.0704
16217,2,2_3,0.16,0.0678,0.07513
16218,2,2_3,0.16,0.0549,0.0712
16219,2,2_3,0.16,0.05673,0.08124
16220,2,2_3,0.16,0.04773,0.07227
16221,2,2_3,0.16,0.02823,0.08795
16222,2,2_3,0.16,0.04187,0.08093
16223,2,2_3,0.16,0.0772,0.08154
16224,2,2_3,0.16,0.0361,0.0731
16225,2,2_3,0.16,0.0409,0.07245
16226,2,2_3,0.16,0.03235,0.0811
16227,2,2_3,0.16,0.0363,0.0683
16228,2,2_3,0.16,0.0285,0.0938
16229,2,2_3,0.16,0.03075,0.07086
16230,2,2_3,0.16,0.04697,0.07983
16231,2,2_3,0.16,0.02301,0.10205
16232,2,2_3,0.16,0.04523,0.07367
16233,2,2_3,0.16,0.04062,0.09937
16234,2,2_3,0.16,0.03067,0.0792
16235,2,2_3,0.16,0.0545,0.0712
16236,2,2_3,0.16,0.02138,0.07715
16237,2,2_3,0.16,0.1045,0.0867
16238,2,2_3,0.16,0.02724,0.0734
16239,2,2_3,0.16,0.02621,0.07336
16240,2,2_3,0.16,0.02449,0.07477
16241,2,2_3,0.16,0.03613,0.0745
16242,2,2_3,0.16,0.03043,0.08875
16243,2,2_3,0.16,0.0759,0.0846
16244,2,2_3,0.16,0.0357,0.0701
16245,2,2_3,0.16,0.03943,0.0801
16246,2,2_3,0.16,0.02327,0.0914
16247,2,2_3,0.16,0.02951,0.0703
16248,2,2_3,0.16,0.0259,0.0742
16249,2,2_3,0.16,0.0604,0.08136
16250,2,2_3,0.16,0.03745,0.0723
16251,2,2_3,0.16,0.08325,0.07794
16252,2,2_3,0.16,0.02187,0.07385
16253,2,2_3,0.16,0.1001,0.0822
16254,2,2_3,0.16,0.05432,0.07477
16255,2,2_3,0.16,0.04382,0.0748
16256,2,2_3,0.16,0.0232,0.08813
16257,2,2_3,0.16,0.03793,0.0867
16258,2,2_3,0.16,0.02574,0.0766
16259,2,2_3,0.16,0.0697,0.09143
16260,2,2_3,0.16,0.02965,0.0801
16261,2,2_3,0.16,0.04303,0.06995
16262,2,2_3,0.16,0.02776,0.0747
16263,2,2_3,0.16,0.03128,0.07556
16264,2,2_3,0.16,0.03226,0.0725
16265,2,2_3,0.16,0.0169,0.0818
16266,2,2_3,0.16,0.03146,0.07275
16267,2,2_3,0.16,0.03036,0.0699
16268,2,2_3,0.16,0.0464,0.0724
16269,2,2_3,0.16,0.0369,0.07605
16270,2,2_3,0.16,0.03778,0.0726
16271,2,2_3,0.16,0.031,0.0762
16272,2,2_3,0.16,0.03806,0.07745
16273,2,2_3,0.16,0.0485,0.0793
16274,2,2_3,0.16,0.02826,0.08405
16275,2,2_3,0.16,0.02351,0.0872
16276,2,2_3,0.16,0.0246,0.0766
16277,2,2_3,0.16,0.02747,0.0731
16278,2,2_3,0.16,0.0341,0.0874
16279,2,2_3,0.16,0.03143,0.0723
16280,2,2_3,0.16,0.033,0.0876
16281,2,2_3,0.16,0.02359,0.0685
16282,2,2_3,0.16,0.03104,0.0765
16283,2,2_3,0.16,0.0324,0.0776
16284,2,2_3,0.16,0.0329,0.0788
16285,2,2_3,0.16,0.0276,0.1144
16286,2,2_3,0.16,0.0532,0.0705
16287,2,2_3,0.16,0.03436,0.10205
16288,2,2_3,0.16,0.03912,0.0771
16289,2,2_3,0.16,0.0327,0.0748
16290,2,2_3,0.16,0.03845,0.0952
16291,2,2_3,0.16,0.02869,0.0776
16292,2,2_3,0.16,0.03064,0.06946
16293,2,2_3,0.16,0.0753,0.0771
16294,2,2_3,0.16,0.0273,0.0984
16295,2,2_3,0.16,0.0789,0.0714
16296,2,2_3,0.16,0.01865,0.07214
16297,2,2_3,0.16,0.04822,0.09155
16298,2,2_3,0.16,0.03134,0.1013
16299,2,2_3,0.16,0.03146,0.07477
16300,2,2_3,0.16,0.02211,0.07434
16301,2,2_3,0.16,0.02832,0.07495
16302,2,2_3,0.16,0.0788,0.10065
16303,2,2_3,0.16,0.0315,0.0714
16304,2,2_3,0.16,0.03647,0.08496
16305,2,2_3,0.16,0.05786,0.0885
16306,2,2_3,0.16,0.0275,0.0775
16307,2,2_3,0.16,0.0333,0.07166
16308,2,2_3,0.16,0.02382,0.07635
16309,2,2_3,0.16,0.02753,0.08105
16310,2,2_3,0.16,0.0678,0.0687
16311,2,2_3,0.16,0.05338,0.0897
16312,2,2_3,0.16,0.03122,0.0686
16313,2,2_3,0.16,0.0604,0.075
16314,2,2_3,0.16,0.06198,0.07306
16315,2,2_3,0.16,0.03882,0.0888
16316,2,2_3,0.16,0.03284,0.0738
16317,2,2_3,0.16,0.03397,0.0845
16318,2,2_3,0.16,0.07117,0.1055
16319,2,2_3,0.16,0.03275,0.0777
16320,2,2_3,0.16,0.03946,0.0711
16321,2,2_3,0.16,0.05518,0.0942
16322,2,2_3,0.16,0.03906,0.09283
16323,2,2_3,0.16,0.02208,0.0769
16324,2,2_3,0.16,0.02908,0.1147
16325,2,2_3,0.16,0.0384,0.0807
16326,2,2_3,0.16,0.06186,0.07465
16327,2,2_3,0.16,0.03348,0.0802
16328,2,2_3,0.16,0.05646,0.07837
16329,2,2_3,0.16,0.04724,0.0704
16330,2,2_3,0.16,0.0511,0.08545
16331,2,2_3,0.16,0.05966,0.104
16332,2,2_3,0.16,0.03625,0.0747
16333,2,2_3,0.16,0.02979,0.0824
16334,2,2_3,0.16,0.02429,0.0752
16335,2,2_3,0.16,0.0249,0.0862
16336,2,2_3,0.16,0.0344,0.0711
16337,2,2_3,0.16,0.02744,0.08325
16338,2,2_3,0.16,0.0857,0.09375
16339,2,2_3,0.16,0.02803,0.10034
16340,2,2_3,0.16,0.0887,0.0811
16341,2,2_3,0.16,0.0512,0.0751
16342,2,2_3,0.16,0.04617,0.0897
16343,2,2_3,0.16,0.046,0.0716
16344,2,2_3,0.16,0.038,0.0827
16345,2,2_3,0.16,0.02171,0.07385
16346,2,2_3,0.16,0.02916,0.0772
16347,2,2_3,0.16,0.01859,0.0797
16348,2,2_3,0.16,0.04376,0.0734
16349,2,2_3,0.16,0.05905,0.07733
16350,2,2_3,0.16,0.02258,0.0739
16351,2,2_3,0.16,0.04913,0.1066
16352,2,2_3,0.16,0.0311,0.08136
16353,2,2_3,0.16,0.03433,0.0984
16354,2,2_3,0.16,0.05847,0.08636
16355,2,2_3,0.16,0.03012,0.09106
16356,2,2_3,0.16,0.06384,0.10913
16357,2,2_3,0.16,0.02763,0.08594
16358,2,2_3,0.16,0.0208,0.0827
16359,2,2_3,0.16,0.02014,0.0747
16360,2,2_3,0.16,0.04016,0.07764
16361,2,2_3,0.16,0.0308,0.0751
16362,2,2_3,0.16,0.03506,0.08234
16363,2,2_3,0.16,0.0315,0.07184
16364,2,2_3,0.16,0.04123,0.08405
16365,2,2_3,0.16,0.03308,0.0712
16366,2,2_3,0.16,0.04578,0.075
16367,2,2_3,0.16,0.0422,0.0808
16368,2,2_3,0.16,0.0364,0.07263
16369,2,2_3,0.16,0.0328,0.0843
16370,2,2_3,0.16,0.02739,0.0922
16371,2,2_3,0.16,0.03668,0.0743
16372,2,2_3,0.16,0.02745,0.072
16373,2,2_3,0.16,0.03137,0.0737
16374,2,2_3,0.16,0.0539,0.0785
16375,2,2_3,0.16,0.0509,0.095
16376,2,2_3,0.16,0.04034,0.08026
16377,2,2_3,0.16,0.02707,0.0976
16378,2,2_3,0.16,0.03117,0.07074
16379,2,2_3,0.16,0.0223,0.08685
16380,2,2_3,0.16,0.04303,0.0968
16381,2,2_3,0.16,0.11487,0.0707
16382,2,2_3,0.16,0.03217,0.0761
16383,2,2_3,0.16,0.02945,0.07294
16384,2,2_3,0.16,0.02856,0.09894
16385,2,2_3,0.16,0.02956,0.07135
16386,2,2_3,0.16,0.0794,0.07745
16387,2,2_3,0.16,0.0341,0.10364
16388,2,2_3,0.16,0.02946,0.0766
16389,2,2_3,0.16,0.01974,0.0795
16390,2,2_3,0.16,0.02519,0.0791
16391,2,2_3,0.16,0.0418,0.0763
16392,2,2_3,0.16,0.0417,0.07904
16393,2,2_3,0.16,0.02237,0.0885
16394,2,2_3,0.16,0.04102,0.0982
16395,2,2_3,0.16,0.0269,0.0818
16396,2,2_3,0.16,0.03934,0.0794
16397,2,2_3,0.16,0.06866,0.07086
16398,2,2_3,0.16,0.05145,0.1096
16399,2,2_3,0.16,0.02295,0.0725
16400,2,2_3,0.16,0.02617,0.08594
16401,2,2_3,0.16,0.03268,0.09045
16402,2,2_3,0.16,0.02019,0.08203
16403,2,2_3,0.16,0.0439,0.0714
16404,2,2_3,0.16,0.0503,0.0846
16405,2,2_3,0.16,0.0306,0.0872
16406,2,2_3,0.16,0.0288,0.0791
16407,2,2_3,0.16,0.07294,0.0809
16408,2,2_3,0.16,0.04028,0.0881
16409,2,2_3,0.16,0.08154,0.0768
16410,2,2_3,0.16,0.02072,0.08075
16411,2,2_3,0.16,0.03387,0.0773
16412,2,2_3,0.16,0.03912,0.0708
16413,2,2_3,0.16,0.03558,0.0788
16414,2,2_3,0.16,0.0178,0.072
16415,2,2_3,0.16,0.03017,0.0974
16416,2,2_3,0.16,0.0328,0.0751
16417,2,2_3,0.16,0.04205,0.07996
16418,2,2_3,0.16,0.03006,0.07404
16419,2,2_3,0.16,0.0191,0.09125
16420,2,2_3,0.16,0.02518,0.0848
16421,2,2_3,0.16,0.0775,0.0912
16422,2,2_3,0.16,0.01909,0.07306
16423,2,2_3,0.16,0.04428,0.0763
16424,2,2_3,0.16,0.02089,0.0826
16425,2,2_3,0.16,0.02267,0.08093
16426,2,2_3,0.16,0.03503,0.07544
16427,2,2_3,0.16,0.05676,0.0949
16428,2,2_3,0.16,0.02441,0.06915
16429,2,2_3,0.16,0.03102,0.0787
16430,2,2_3,0.16,0.05133,0.0816
16431,2,2_3,0.16,0.0207,0.09863
16432,2,2_3,0.16,0.02783,0.0746
16433,2,2_3,0.16,0.03238,0.06995
16434,2,2_3,0.16,0.02066,0.095
16435,2,2_3,0.16,0.076,0.0749
16436,2,2_3,0.16,0.041,0.08154
16437,2,2_3,0.16,0.02658,0.0761
16438,2,2_3,0.16,0.04654,0.0718
16439,2,2_3,0.16,0.0318,0.07556
16440,2,2_3,0.16,0.02895,0.0698
16441,2,2_3,0.16,0.0465,0.07355
16442,2,2_3,0.16,0.02556,0.0782
16443,2,2_3,0.16,0.02501,0.0772
16444,2,2_3,0.16,0.07776,0.07764
16445,2,2_3,0.16,0.1066,0.0779
16446,2,2_3,0.16,0.03787,0.0764
16447,2,2_3,0.16,0.0324,0.07367
16448,2,2_3,0.16,0.0408,0.0753
16449,2,2_3,0.16,0.05685,0.0807
16450,2,2_3,0.16,0.05823,0.0715
16451,2,2_3,0.16,0.03232,0.09174
16452,2,2_3,0.16,0.0345,0.0766
16453,2,2_3,0.16,0.0706,0.07904
16454,2,2_3,0.16,0.06015,0.08093
16455,2,2_3,0.16,0.0626,0.0725
16456,2,2_3,0.16,0.05322,0.0873
16457,2,2_3,0.16,0.04355,0.1236
16458,2,2_3,0.16,0.02266,0.0879
16459,2,2_3,0.16,0.02242,0.07465
16460,2,2_3,0.16,0.02614,0.0801
16461,2,2_3,0.16,0.0421,0.07544
16462,2,2_3,0.16,0.02759,0.085
16463,2,2_3,0.16,0.0635,0.0863
16464,2,2_3,0.16,0.0313,0.06854
16465,2,2_3,0.16,0.04324,0.08185
16466,2,2_3,0.16,0.02693,0.0753
16467,2,2_3,0.16,0.02168,0.0733
16468,2,2_3,0.16,0.03442,0.0838
16469,2,2_3,0.16,0.03238,0.0751
16470,2,2_3,0.16,0.04297,0.0729
16471,2,2_3,0.16,0.0466,0.0715
16472,2,2_3,0.16,0.035,0.0969
16473,2,2_3,0.16,0.05478,0.07776
16474,2,2_3,0.16,0.0279,0.0807
16475,2,2_3,0.16,0.02304,0.06903
16476,2,2_3,0.16,0.05203,0.0819
16477,2,2_3,0.16,0.04205,0.0784
16478,2,2_3,0.16,0.07367,0.07495
16479,2,2_3,0.16,0.03772,0.0799
16480,2,2_3,0.16,0.0827,0.0779
16481,2,2_3,0.16,0.04495,0.07666
16482,2,2_3,0.16,0.02875,0.0725
16483,2,2_3,0.16,0.04538,0.07745
16484,2,2_3,0.16,0.03958,0.07745
16485,2,2_3,0.16,0.03452,0.07306
16486,2,2_3,0.16,0.02553,0.095
16487,2,2_3,0.16,0.03433,0.0764
16488,2,2_3,0.16,0.03574,0.0711
16489,2,2_3,0.16,0.04004,0.0887
16490,2,2_3,0.16,0.08325,0.0864
16491,2,2_3,0.16,0.03836,0.0818
16492,2,2_3,0.16,0.02759,0.08594
16493,2,2_3,0.16,0.045,0.07227
16494,2,2_3,0.16,0.02367,0.0726
16495,2,2_3,0.16,0.02603,0.0731
16496,2,2_3,0.16,0.0448,0.0797
16497,2,2_3,0.16,0.07416,0.1031
16498,2,2_3,0.16,0.03918,0.0898
16499,2,2_3,0.16,0.0307,0.09454
16500,2,2_3,0.16,0.02768,0.08124
16501,2,2_3,0.16,0.02435,0.08374
16502,2,2_3,0.16,0.02518,0.0781
16503,2,2_3,0.16,0.02528,0.0861
16504,2,2_3,0.16,0.02498,0.099
16505,2,2_3,0.16,0.01865,0.09064
16506,2,2_3,0.16,0.03937,0.0918
16507,2,2_3,0.16,0.05627,0.0767
16508,2,2_3,0.16,0.02034,0.08563
16509,2,2_3,0.16,0.02966,0.1177
16510,2,2_3,0.16,0.0327,0.08295
16511,2,2_3,0.16,0.02036,0.08594
16512,2,2_3,0.16,0.0236,0.0814
16513,2,2_3,0.16,0.02936,0.08276
16514,2,2_3,0.16,0.03226,0.07837
16515,2,2_3,0.16,0.01712,0.07825
16516,2,2_3,0.16,0.0348,0.0824
16517,2,2_3,0.16,0.01872,0.0703
16518,2,2_3,0.16,0.03748,0.08484
16519,2,2_3,0.16,0.03111,0.0762
16520,2,2_3,0.16,0.0362,0.0824
16521,2,2_3,0.16,0.0514,0.07385
16522,2,2_3,0.16,0.02652,0.0737
16523,2,2_3,0.16,0.03564,0.08325
16524,2,2_3,0.16,0.04095,0.077
16525,2,2_3,0.16,0.03067,0.0833
16526,2,2_3,0.16,0.033,0.0748
16527,2,2_3,0.16,0.0308,0.07227
16528,2,2_3,0.16,0.02077,0.09607
16529,2,2_3,0.16,0.0333,0.0764
16530,2,2_3,0.16,0.04144,0.08295
16531,2,2_3,0.16,0.0618,0.0762
16532,2,2_3,0.16,0.02892,0.1072
16533,2,2_3,0.16,0.03824,0.08685
16534,2,2_3,0.16,0.03467,0.0729
16535,2,2_3,0.16,0.02579,0.0862
16536,2,2_3,0.16,0.054,0.0748
16537,2,2_3,0.16,0.04214,0.0709
16538,2,2_3,0.16,0.01979,0.08594
16539,2,2_3,0.16,0.03632,0.0822
16540,2,2_3,0.16,0.0369,0.073
16541,2,2_3,0.16,0.02461,0.0811
16542,2,2_3,0.16,0.05026,0.0855
16543,2,2_3,0.16,0.02849,0.0707
16544,2,2_3,0.16,0.02702,0.07086
16545,2,2_3,0.16,0.02428,0.0719
16546,2,2_3,0.16,0.09283,0.07794
16547,2,2_3,0.16,0.02007,0.07446
16548,2,2_3,0.16,0.03635,0.0897
16549,2,2_3,0.16,0.0674,0.10065
16550,2,2_3,0.16,0.04993,0.0909
16551,2,2_3,0.16,0.02948,0.07465
16552,2,2_3,0.16,0.0197,0.07245
16553,2,2_3,0.16,0.0258,0.081
16554,2,2_3,0.16,0.03644,0.094
16555,2,2_3,0.16,0.0385,0.09186
16556,2,2_3,0.16,0.03644,0.0966
16557,2,2_3,0.16,0.03375,0.08075
16558,2,2_3,0.16,0.02528,0.085
16559,2,2_3,0.16,0.03085,0.07874
16560,2,2_3,0.16,0.04584,0.091
16561,2,2_3,0.16,0.02982,0.0719
16562,2,2_3,0.16,0.04166,0.08234
16563,2,2_3,0.16,0.02922,0.078
16564,2,2_3,0.16,0.02084,0.0938
16565,2,2_3,0.16,0.05093,0.07275
16566,2,2_3,0.16,0.0337,0.0738
16567,2,2_3,0.16,0.04257,0.07477
16568,2,2_3,0.16,0.0688,0.10565
16569,2,2_3,0.16,0.03375,0.08154
16570,2,2_3,0.16,0.03403,0.0894
16571,2,2_3,0.16,0.02968,0.0738
16572,2,2_3,0.16,0.035,0.0935
16573,2,2_3,0.16,0.02724,0.0733
16574,2,2_3,0.16,0.04208,0.0805
16575,2,2_3,0.16,0.0621,0.07794
16576,2,2_3,0.16,0.0531,0.0897
16577,2,2_3,0.16,0.03607,0.07874
16578,2,2_3,0.16,0.03406,0.10394
16579,2,2_3,0.16,0.05075,0.0771
16580,2,2_3,0.16,0.0246,0.07214
16581,2,2_3,0.16,0.02133,0.07324
16582,2,2_3,0.16,0.02773,0.0722
16583,2,2_3,0.16,0.1042,0.08606
16584,2,2_3,0.16,0.03754,0.0819
16585,2,2_3,0.16,0.0364,0.0772
16586,2,2_3,0.16,0.0467,0.07135
16587,2,2_3,0.16,0.02411,0.0807
16588,2,2_3,0.16,0.02992,0.0743
16589,2,2_3,0.16,0.0978,0.0772
16590,2,2_3,0.16,0.03084,0.08264
16591,2,2_3,0.16,0.04916,0.0731
16592,2,2_3,0.16,0.04288,0.08954
16593,2,2_3,0.16,0.05743,0.0714
16594,2,2_3,0.16,0.01968,0.07574
16595,2,2_3,0.16,0.0601,0.0834
16596,2,2_3,0.16,0.02103,0.0782
16597,2,2_3,0.16,0.02917,0.0759
16598,2,2_3,0.16,0.02393,0.08887
16599,2,2_3,0.16,0.03143,0.08167
16600,2,2_3,0.16,0.0256,0.0872
16601,2,2_3,0.16,0.03357,0.0716
16602,2,2_3,0.16,0.08264,0.0742
16603,2,2_3,0.16,0.02158,0.0878
16604,2,2_3,0.16,0.0524,0.085
16605,2,2_3,0.16,0.05994,0.07434
16606,2,2_3,0.16,0.03857,0.07587
16607,2,2_3,0.16,0.019,0.07135
16608,2,2_3,0.16,0.03067,0.0834
16609,2,2_3,0.16,0.03787,0.0841
16610,2,2_3,0.16,0.04755,0.0735
16611,2,2_3,0.16,0.03238,0.0967
16612,2,2_3,0.16,0.02762,0.0893
16613,2,2_3,0.16,0.03638,0.0708
16614,2,2_3,0.16,0.04498,0.07764
16615,2,2_3,0.16,0.03586,0.1012
16616,2,2_3,0.16,0.02531,0.0787
16617,2,2_3,0.16,0.05524,0.07166
16618,2,2_3,0.16,0.04422,0.0835
16619,2,2_3,0.16,0.04922,0.07245
16620,2,2_3,0.16,0.0485,0.10175
16621,2,2_3,0.16,0.0319,0.0762
16622,2,2_3,0.16,0.0403,0.07983
16623,2,2_3,0.16,0.02156,0.0723
16624,2,2_3,0.16,0.0373,0.0879
16625,2,2_3,0.16,0.03973,0.0745
16626,2,2_3,0.16,0.05933,0.07916
16627,2,2_3,0.16,0.031,0.0852
16628,2,2_3,0.16,0.03845,0.0876
16629,2,2_3,0.16,0.0549,0.0737
16630,2,2_3,0.16,0.03317,0.08386
16631,2,2_3,0.16,0.05942,0.07574
16632,2,2_3,0.16,0.04852,0.088
16633,2,2_3,0.16,0.03418,0.0749
16634,2,2_3,0.16,0.02184,0.07416
16635,2,2_3,0.16,0.02193,0.08484
16636,2,2_3,0.16,0.03102,0.0759
16637,2,2_3,0.16,0.0373,0.07623
16638,2,2_3,0.16,0.0288,0.07465
16639,2,2_3,0.16,0.0316,0.0849
16640,2,2_3,0.16,0.04324,0.0858
16641,2,2_3,0.16,0.0199,0.09064
16642,2,2_3,0.16,0.0385,0.0776
16643,2,2_3,0.16,0.06244,0.07855
16644,2,2_3,0.16,0.0413,0.0844
16645,2,2_3,0.16,0.04352,0.0788
16646,2,2_3,0.16,0.05057,0.1019
16647,2,2_3,0.16,0.03008,0.10565
16648,2,2_3,0.16,0.02678,0.0722
16649,2,2_3,0.16,0.0356,0.0768
16650,2,2_3,0.16,0.03053,0.07294
16651,2,2_3,0.16,0.02252,0.07263
16652,2,2_3,0.16,0.03052,0.0865
16653,2,2_3,0.16,0.01912,0.07715
16654,2,2_3,0.16,0.0529,0.0887
16655,2,2_3,0.16,0.04092,0.08636
16656,2,2_3,0.16,0.02391,0.0743
16657,2,2_3,0.16,0.0334,0.09
16658,2,2_3,0.16,0.02376,0.07745
16659,2,2_3,0.16,0.02759,0.0764
16660,2,2_3,0.16,0.038,0.07855
16661,2,2_3,0.16,0.03665,0.085
16662,2,2_3,0.16,0.0369,0.0845
16663,2,2_3,0.16,0.02438,0.08014
16664,2,2_3,0.16,0.0448,0.0842
16665,2,2_3,0.16,0.03001,0.07306
16666,2,2_3,0.16,0.04337,0.0764
16667,2,2_3,0.16,0.0469,0.07666
16668,2,2_3,0.16,0.0223,0.0956
16669,2,2_3,0.16,0.03207,0.0913
16670,2,2_3,0.16,0.06824,0.0906
16671,2,2_3,0.16,0.112,0.0732
16672,2,2_3,0.16,0.08307,0.0726
16673,2,2_3,0.16,0.03253,0.0729
16674,2,2_3,0.16,0.04984,0.08154
16675,2,2_3,0.16,0.03366,0.0714
16676,2,2_3,0.16,0.02936,0.0903
16677,2,2_3,0.16,0.0716,0.0709
16678,2,2_3,0.16,0.0525,0.07684
16679,2,2_3,0.16,0.0569,0.07794
16680,2,2_3,0.16,0.04352,0.0802
16681,2,2_3,0.16,0.024,0.07526
16682,2,2_3,0.16,0.0203,0.09503
16683,2,2_3,0.16,0.0634,0.08105
16684,2,2_3,0.16,0.03293,0.07446
16685,2,2_3,0.16,0.04916,0.07214
16686,2,2_3,0.16,0.02809,0.0735
16687,2,2_3,0.16,0.04987,0.0767
16688,2,2_3,0.16,0.04742,0.0818
16689,2,2_3,0.16,0.0659,0.0801
16690,2,2_3,0.16,0.0506,0.1086
16691,2,2_3,0.16,0.02829,0.0743
16692,2,2_3,0.16,0.03069,0.07965
16693,2,2_3,0.16,0.02202,0.07263
16694,2,2_3,0.16,0.02798,0.0751
16695,2,2_3,0.16,0.03046,0.07935
16696,2,2_3,0.16,0.0595,0.08203
16697,2,2_3,0.16,0.0744,0.0731
16698,2,2_3,0.16,0.03775,0.0843
16699,2,2_3,0.16,0.02153,0.07837
16700,2,2_3,0.16,0.0244,0.0825
16701,2,2_3,0.16,0.103,0.0709
16702,2,2_3,0.16,0.0676,0.077
16703,2,2_3,0.16,0.05542,0.08673
16704,2,2_3,0.16,0.04288,0.0756
16705,2,2_3,0.16,0.05585,0.0943
16706,2,2_3,0.16,0.05545,0.07587
16707,2,2_3,0.16,0.07025,0.0841
16708,2,2_3,0.16,0.02237,0.0717
16709,2,2_3,0.16,0.0347,0.0889
16710,2,2_3,0.16,0.027,0.0923
16711,2,2_3,0.16,0.02034,0.0819
16712,2,2_3,0.16,0.098,0.0977
16713,2,2_3,0.16,0.04456,0.08344
16714,2,2_3,0.16,0.03436,0.08215
16715,2,2_3,0.16,0.04187,0.0767
16716,2,2_3,0.16,0.02112,0.0709
16717,2,2_3,0.16,0.02457,0.07074
16718,2,2_3,0.16,0.03793,0.0861
16719,2,2_3,0.16,0.04764,0.0817
16720,2,2_3,0.16,0.04483,0.0758
16721,2,2_3,0.16,0.02069,0.07294
16722,2,2_3,0.16,0.02463,0.07056
16723,2,2_3,0.16,0.0512,0.07184
16724,2,2_3,0.16,0.03,0.08057
16725,2,2_3,0.16,0.0384,0.0882
16726,2,2_3,0.16,0.0555,0.0848
16727,2,2_3,0.16,0.03372,0.08746
16728,2,2_3,0.16,0.02783,0.0779
16729,2,2_3,0.16,0.02666,0.0793
16730,2,2_3,0.16,0.03433,0.0793
16731,2,2_3,0.16,0.03293,0.0784
16732,2,2_3,0.16,0.05954,0.0788
16733,2,2_3,0.16,0.04413,0.08044
16734,2,2_3,0.16,0.02266,0.08215
16735,2,2_3,0.16,0.02579,0.0836
16736,2,2_3,0.16,0.02075,0.0769
16737,2,2_3,0.16,0.0356,0.0728
16738,2,2_3,0.16,0.0666,0.0789
16739,2,2_3,0.16,0.0348,0.0832
16740,2,2_3,0.16,0.05716,0.1086
16741,2,2_3,0.16,0.05045,0.0739
16742,2,2_3,0.16,0.0564,0.0811
16743,2,2_3,0.16,0.04114,0.07904
16744,2,2_3,0.16,0.04456,0.08655
16745,2,2_3,0.16,0.0311,0.0788
16746,2,2_3,0.16,0.02304,0.07587
16747,2,2_3,0.16,0.02823,0.08093
16748,2,2_3,0.16,0.02248,0.08136
16749,2,2_3,0.16,0.08765,0.0806
16750,2,2_3,0.16,0.0686,0.0874
16751,2,2_3,0.16,0.04037,0.08685
16752,2,2_3,0.16,0.02795,0.0806
16753,2,2_3,0.16,0.0714,0.0795
16754,2,2_3,0.16,0.03616,0.0788
16755,2,2_3,0.16,0.02449,0.0733
16756,2,2_3,0.16,0.02971,0.07355
16757,2,2_3,0.16,0.02435,0.0734
16758,2,2_3,0.16,0.02957,0.0747
16759,2,2_3,0.16,0.02893,0.07465
16760,2,2_3,0.16,0.0961,0.0884
16761,2,2_3,0.16,0.02994,0.09357
16762,2,2_3,0.16,0.0343,0.083
16763,2,2_3,0.16,0.0303,0.07556
16764,2,2_3,0.16,0.02773,0.0832
16765,2,2_3,0.16,0.02245,0.07666
16766,2,2_3,0.16,0.02931,0.0874
16767,2,2_3,0.16,0.04803,0.08215
16768,2,2_3,0.16,0.02983,0.08344
16769,2,2_3,0.16,0.02234,0.095
16770,2,2_3,0.16,0.0865,0.07495
16771,2,2_3,0.16,0.0918,0.0755
16772,2,2_3,0.16,0.02773,0.0826
16773,2,2_3,0.16,0.05948,0.09924
16774,2,2_3,0.16,0.0381,0.0834
16775,2,2_3,0.16,0.03735,0.0733
16776,2,2_3,0.16,0.02454,0.07837
16777,2,2_3,0.16,0.0213,0.0903
16778,2,2_3,0.16,0.04218,0.07745
16779,2,2_3,0.16,0.0338,0.08887
16780,2,2_3,0.16,0.05377,0.0783
16781,2,2_3,0.16,0.0428,0.0804
16782,2,2_3,0.16,0.0384,0.0895
16783,2,2_3,0.16,0.03708,0.0747
16784,2,2_3,0.16,0.04147,0.0725
16785,2,2_3,0.16,0.04004,0.0937
16786,2,2_3,0.16,0.03119,0.0802
16787,2,2_3,0.16,0.06366,0.0802
16788,2,2_3,0.16,0.032,0.0722
16789,2,2_3,0.16,0.02895,0.0812
16790,2,2_3,0.16,0.06573,0.0772
16791,2,2_3,0.16,0.02449,0.0977
16792,2,2_3,0.16,0.1111,0.07495
16793,2,2_3,0.16,0.05905,0.0893
16794,2,2_3,0.16,0.01846,0.0697
16795,2,2_3,0.16,0.05484,0.07275
16796,2,2_3,0.16,0.06143,0.1015
16797,2,2_3,0.16,0.07764,0.07086
16798,2,2_3,0.16,0.03476,0.0761
16799,2,2_3,0.16,0.04596,0.0804
16800,2,2_3,0.16,0.02351,0.0784
16801,2,2_3,0.16,0.03064,0.0771
16802,2,2_3,0.16,0.03268,0.0742
16803,2,2_3,0.16,0.02406,0.0796
16804,2,2_3,0.16,0.02531,0.0823
16805,2,2_3,0.16,0.0949,0.08124
16806,2,2_3,0.16,0.03958,0.0856
16807,2,2_3,0.16,0.04532,0.0785
16808,2,2_3,0.16,0.0228,0.0729
16809,2,2_3,0.16,0.02948,0.0772
16810,2,2_3,0.16,0.0365,0.08154
16811,2,2_3,0.16,0.04068,0.1161
16812,2,2_3,0.16,0.0392,0.0813
16813,2,2_3,0.16,0.0265,0.07385
16814,2,2_3,0.16,0.02711,0.0851
16815,2,2_3,0.16,0.07416,0.0822
16816,2,2_3,0.16,0.05,0.07666
16817,2,2_3,0.16,0.02524,0.0792
16818,2,2_3,0.16,0.0349,0.08685
16819,2,2_3,0.16,0.07635,0.10535
16820,2,2_3,0.16,0.1014,0.0801
16821,2,2_3,0.16,0.02365,0.09753
16822,2,2_3,0.16,0.05804,0.0857
16823,2,2_3,0.16,0.02887,0.06934
16824,2,2_3,0.16,0.05365,0.07367
16825,2,2_3,0.16,0.02902,0.07684
16826,2,2_3,0.16,0.0331,0.0823
16827,2,2_3,0.16,0.02533,0.0801
16828,2,2_3,0.16,0.01862,0.0897
16829,2,2_3,0.16,0.0363,0.0846
16830,2,2_3,0.16,0.05304,0.0901
16831,2,2_3,0.16,0.0695,0.08374
16832,2,2_3,0.16,0.02953,0.076
16833,2,2_3,0.16,0.04156,0.0863
16834,2,2_3,0.16,0.02985,0.098
16835,2,2_3,0.16,0.0423,0.0827
16836,2,2_3,0.16,0.02086,0.0711
16837,2,2_3,0.16,0.02437,0.07776
16838,2,2_3,0.16,0.0679,0.07947
16839,2,2_3,0.16,0.03928,0.08466
16840,2,2_3,0.16,0.03317,0.07935
16841,2,2_3,0.16,0.01511,0.0799
16842,2,2_3,0.16,0.01952,0.0743
16843,2,2_3,0.16,0.02458,0.07416
16844,2,2_3,0.16,0.02577,0.0773
16845,2,2_3,0.16,0.0407,0.07275
16846,2,2_3,0.16,0.02333,0.08185
16847,2,2_3,0.16,0.04675,0.08276
16848,2,2_3,0.16,0.05408,0.0896
16849,2,2_3,0.16,0.0228,0.08887
16850,2,2_3,0.16,0.0406,0.08276
16851,2,2_3,0.16,0.0899,0.07983
16852,2,2_3,0.16,0.03644,0.0714
16853,2,2_3,0.16,0.09344,0.071
16854,2,2_3,0.16,0.0299,0.0724
16855,2,2_3,0.16,0.03763,0.0766
16856,2,2_3,0.16,0.04428,0.115
16857,2,2_3,0.16,0.0561,0.0851
16858,2,2_3,0.16,0.02701,0.0905
16859,2,2_3,0.16,0.02007,0.08325
16860,2,2_3,0.16,0.05014,0.1045
16861,2,2_3,0.16,0.0764,0.0782
16862,2,2_3,0.16,0.04483,0.0828
16863,2,2_3,0.16,0.0553,0.1079
16864,2,2_3,0.16,0.02583,0.07605
16865,2,2_3,0.16,0.03717,0.0834
16866,2,2_3,0.16,0.03497,0.09094
16867,2,2_3,0.16,0.0554,0.08984
16868,2,2_3,0.16,0.01799,0.0939
16869,2,2_3,0.16,0.0309,0.07825
16870,2,2_3,0.16,0.03162,0.0941
16871,2,2_3,0.16,0.04575,0.07886
16872,2,2_3,0.16,0.0731,0.07983
16873,2,2_3,0.16,0.02264,0.0834
16874,2,2_3,0.16,0.0352,0.07605
16875,2,2_3,0.16,0.01955,0.0863
16876,2,2_3,0.16,0.0978,0.09973
16877,2,2_3,0.16,0.0169,0.08527
16878,2,2_3,0.16,0.04065,0.09784
16879,2,2_3,0.16,0.03105,0.08356
16880,2,2_3,0.16,0.0852,0.07477
16881,2,2_3,0.16,0.03333,0.08344
16882,2,2_3,0.16,0.03162,0.0711
16883,2,2_3,0.16,0.0333,0.07544
16884,2,2_3,0.16,0.02248,0.08997
16885,2,2_3,0.16,0.02199,0.0757
16886,2,2_3,0.16,0.09076,0.0854
16887,2,2_3,0.16,0.02058,0.0886
16888,2,2_3,0.16,0.03094,0.0777
16889,2,2_3,0.16,0.02136,0.0894
16890,2,2_3,0.16,0.0636,0.11566
16891,2,2_3,0.16,0.05334,0.072
16892,2,2_3,0.16,0.03735,0.10065
16893,2,2_3,0.16,0.02602,0.08325
16894,2,2_3,0.16,0.04764,0.07513
16895,2,2_3,0.16,0.0533,0.0752
16896,2,2_3,0.16,0.04657,0.07245
16897,2,2_3,0.16,0.05582,0.0725
16898,2,2_3,0.16,0.07184,0.08923
16899,2,2_3,0.16,0.02748,0.088
16900,2,2_3,0.16,0.02942,0.0791
16901,2,2_3,0.16,0.01733,0.0976
16902,2,2_3,0.16,0.0646,0.08813
16903,2,2_3,0.16,0.03513,0.10315
16904,2,2_3,0.16,0.04984,0.0756
16905,2,2_3,0.16,0.04297,0.07355
16906,2,2_3,0.16,0.03195,0.0747
16907,2,2_3,0.16,0.01941,0.08075
16908,2,2_3,0.16,0.0237,0.0724
16909,2,2_3,0.16,0.05594,0.0727
16910,2,2_3,0.16,0.01912,0.0798
16911,2,2_3,0.16,0.0174,0.0741
16912,2,2_3,0.16,0.01347,0.07965
16913,2,2_3,0.16,0.04184,0.0804
16914,2,2_3,0.16,0.02425,0.0915
16915,2,2_3,0.16,0.109,0.0793
16916,2,2_3,0.16,0.06335,0.07947
16917,2,2_3,0.16,0.03284,0.08167
16918,2,2_3,0.16,0.04132,0.0897
16919,2,2_3,0.16,0.0411,0.0743
16920,2,2_3,0.16,0.02982,0.08966
16921,2,2_3,0.16,0.038,0.0765
16922,2,2_3,0.16,0.03326,0.0887
16923,2,2_3,0.16,0.02205,0.0756
16924,2,2_3,0.16,0.0628,0.0901
16925,2,2_3,0.16,0.0223,0.0716
16926,2,2_3,0.16,0.0763,0.0867
16927,2,2_3,0.16,0.0263,0.07574
16928,2,2_3,0.16,0.02368,0.0765
16929,2,2_3,0.16,0.02318,0.0798
16930,2,2_3,0.16,0.03955,0.07837
16931,2,2_3,0.16,0.04056,0.0775
16932,2,2_3,0.16,0.0716,0.1133
16933,2,2_3,0.16,0.04105,0.078
16934,2,2_3,0.16,0.0312,0.0798
16935,2,2_3,0.16,0.1004,0.07715
16936,2,2_3,0.16,0.03032,0.1066
16937,2,2_3,0.16,0.04437,0.08246
16938,2,2_3,0.16,0.03787,0.07825
16939,2,2_3,0.16,0.02347,0.0734
16940,2,2_3,0.16,0.02718,0.0787
16941,2,2_3,0.16,0.05283,0.0727
16942,2,2_3,0.16,0.0526,0.0769
16943,2,2_3,0.16,0.0669,0.07794
16944,2,2_3,0.16,0.0489,0.08466
16945,2,2_3,0.16,0.03043,0.07574
16946,2,2_3,0.16,0.07355,0.087
16947,2,2_3,0.16,0.04034,0.0898
16948,2,2_3,0.16,0.05484,0.0736
16949,2,2_3,0.16,0.02298,0.07416
16950,2,2_3,0.16,0.02719,0.0736
16951,2,2_3,0.16,0.03745,0.0804
16952,2,2_3,0.16,0.05765,0.1082
16953,2,2_3,0.16,0.0392,0.10504
16954,2,2_3,0.16,0.01909,0.07465
16955,2,2_3,0.16,0.0278,0.07196
16956,2,2_3,0.16,0.0292,0.0797
16957,2,2_3,0.16,0.0415,0.09155
16958,2,2_3,0.16,0.05237,0.0777
16959,2,2_3,0.16,0.03537,0.07556
16960,2,2_3,0.16,0.04465,0.0778
16961,2,2_3,0.16,0.04926,0.07574
16962,2,2_3,0.16,0.02264,0.07574
16963,2,2_3,0.16,0.0268,0.088
16964,2,2_3,0.16,0.03394,0.0713
16965,2,2_3,0.16,0.05008,0.0733
16966,2,2_3,0.16,0.0355,0.08026
16967,2,2_3,0.16,0.08936,0.0965
16968,2,2_3,0.16,0.04404,0.07196
16969,2,2_3,0.16,0.0486,0.0775
16970,2,2_3,0.16,0.03314,0.10034
16971,2,2_3,0.16,0.0823,0.08795
16972,2,2_3,0.16,0.05606,0.0809
16973,2,2_3,0.16,0.04077,0.07855
16974,2,2_3,0.16,0.03062,0.0703
16975,2,2_3,0.16,0.02786,0.0912
16976,2,2_3,0.16,0.01924,0.0845
16977,2,2_3,0.16,0.02318,0.0741
16978,2,2_3,0.16,0.057,0.09314
16979,2,2_3,0.16,0.062,0.07495
16980,2,2_3,0.16,0.06198,0.077
16981,2,2_3,0.16,0.02321,0.081
16982,2,2_3,0.16,0.04364,0.0827
16983,2,2_3,0.16,0.0775,0.0763
16984,2,2_3,0.16,0.0912,0.0791
16985,2,2_3,0.16,0.06274,0.08356
16986,2,2_3,0.16,0.06143,0.0764
16987,2,2_3,0.16,0.0521,0.0983
16988,2,2_3,0.16,0.03683,0.0785
16989,2,2_3,0.16,0.0428,0.0734
16990,2,2_3,0.16,0.0624,0.07477
16991,2,2_3,0.16,0.0796,0.07495
16992,2,2_3,0.16,0.02583,0.0844
16993,2,2_3,0.16,0.05167,0.07965
16994,2,2_3,0.16,0.02913,0.0832
16995,2,2_3,0.16,0.072,0.0797
16996,2,2_3,0.16,0.0855,0.08435
16997,2,2_3,0.16,0.0512,0.07385
16998,2,2_3,0.16,0.03882,0.08856
16999,2,2_3,0.16,0.05035,0.0771
17000,2,2_3,0.24,0.0737,0.0782
17001,2,2_3,0.24,0.04785,0.1231
17002,2,2_3,0.24,0.04047,0.07635
17003,2,2_3,0.24,0.04428,0.07904
17004,2,2_3,0.24,0.03253,0.0875
17005,2,2_3,0.24,0.05054,0.07544
17006,2,2_3,0.24,0.0998,0.08453
17007,2,2_3,0.24,0.04456,0.086
17008,2,2_3,0.24,0.04956,0.1009
17009,2,2_3,0.24,0.04218,0.10504
17010,2,2_3,0.24,0.03354,0.06915
17011,2,2_3,0.24,0.05435,0.07684
17012,2,2_3,0.24,0.0723,0.08453
17013,2,2_3,0.24,0.02702,0.07697
17014,2,2_3,0.24,0.03244,0.0831
17015,2,2_3,0.24,0.05432,0.07623
17016,2,2_3,0.24,0.0307,0.0765
17017,2,2_3,0.24,0.03357,0.0804
17018,2,2_3,0.24,0.03763,0.0751
17019,2,2_3,0.24,0.05853,0.08014
17020,2,2_3,0.24,0.11456,0.0806
17021,2,2_3,0.24,0.03017,0.08594
17022,2,2_3,0.24,0.0359,0.089
17023,2,2_3,0.24,0.05603,0.0795
17024,2,2_3,0.24,0.0764,0.09735
17025,2,2_3,0.24,0.03317,0.07324
17026,2,2_3,0.24,0.0357,0.0906
17027,2,2_3,0.24,0.02797,0.1044
17028,2,2_3,0.24,0.03616,0.0799
17029,2,2_3,0.24,0.0967,0.0981
17030,2,2_3,0.24,0.04565,0.07117
17031,2,2_3,0.24,0.02985,0.08057
17032,2,2_3,0.24,0.129,0.078
17033,2,2_3,0.24,0.0511,0.0805
17034,2,2_3,0.24,0.03403,0.0914
17035,2,2_3,0.24,0.0397,0.085
17036,2,2_3,0.24,0.07056,0.0911
17037,2,2_3,0.24,0.0639,0.09326
17038,2,2_3,0.24,0.03482,0.08167
17039,2,2_3,0.24,0.0734,0.10046
17040,2,2_3,0.24,0.04056,0.08154
17041,2,2_3,0.24,0.0964,0.0972
17042,2,2_3,0.24,0.07007,0.0845
17043,2,2_3,0.24,0.0392,0.0913
17044,2,2_3,0.24,0.1329,0.09393
17045,2,2_3,0.24,0.03008,0.08185
17046,2,2_3,0.24,0.0463,0.0934
17047,2,2_3,0.24,0.1132,0.0952
17048,2,2_3,0.24,0.06107,0.10846
17049,2,2_3,0.24,0.04318,0.0937
17050,2,2_3,0.24,0.03412,0.0749
17051,2,2_3,0.24,0.02156,0.08636
17052,2,2_3,0.24,0.03464,0.0752
17053,2,2_3,0.24,0.02881,0.07837
17054,2,2_3,0.24,0.04044,0.0848
17055,2,2_3,0.24,0.02985,0.0815
17056,2,2_3,0.24,0.0341,0.07733
17057,2,2_3,0.24,0.06476,0.1024
17058,2,2_3,0.24,0.08185,0.0745
17059,2,2_3,0.24,0.09045,0.0955
17060,2,2_3,0.24,0.0472,0.08704
17061,2,2_3,0.24,0.1305,0.0826
17062,2,2_3,0.24,0.121,0.0812
17063,2,2_3,0.24,0.03305,0.09534
17064,2,2_3,0.24,0.06525,0.1239
17065,2,2_3,0.24,0.04123,0.0889
17066,2,2_3,0.24,0.0571,0.07916
17067,2,2_3,0.24,0.1221,0.0935
17068,2,2_3,0.24,0.05734,0.0904
17069,2,2_3,0.24,0.0708,0.0772
17070,2,2_3,0.24,0.06366,0.07697
17071,2,2_3,0.24,0.05127,0.0785
17072,2,2_3,0.24,0.02306,0.07587
17073,2,2_3,0.24,0.03674,0.08276
17074,2,2_3,0.24,0.0717,0.07776
17075,2,2_3,0.24,0.04572,0.0786
17076,2,2_3,0.24,0.0427,0.07544
17077,2,2_3,0.24,0.0832,0.1109
17078,2,2_3,0.24,0.06433,0.07666
17079,2,2_3,0.24,0.03726,0.1059
17080,2,2_3,0.24,0.057,0.0901
17081,2,2_3,0.24,0.10614,0.07355
17082,2,2_3,0.24,0.05884,0.1092
17083,2,2_3,0.24,0.04224,0.09265
17084,2,2_3,0.24,0.02615,0.0821
17085,2,2_3,0.24,0.11084,0.07544
17086,2,2_3,0.24,0.07556,0.08685
17087,2,2_3,0.24,0.0345,0.08905
17088,2,2_3,0.24,0.09955,0.08905
17089,2,2_3,0.24,0.0259,0.11725
17090,2,2_3,0.24,0.1727,0.1052
17091,2,2_3,0.24,0.03973,0.08997
17092,2,2_3,0.24,0.03111,0.0825
17093,2,2_3,0.24,0.05478,0.1031
17094,2,2_3,0.24,0.03925,0.09265
17095,2,2_3,0.24,0.02657,0.0998
17096,2,2_3,0.24,0.0853,0.07544
17097,2,2_3,0.24,0.0565,0.0821
17098,2,2_3,0.24,0.0361,0.0912
17099,2,2_3,0.24,0.05243,0.08887
17100,2,2_3,0.24,0.049,0.0936
17101,2,2_3,0.24,0.06683,0.0934
17102,2,2_3,0.24,0.04718,0.08826
17103,2,2_3,0.24,0.09454,0.087
17104,2,2_3,0.24,0.0775,0.0984
17105,2,2_3,0.24,0.03455,0.1248
17106,2,2_3,0.24,0.1118,0.0888
17107,2,2_3,0.24,0.04807,0.07715
17108,2,2_3,0.24,0.05444,0.0789
17109,2,2_3,0.24,0.04324,0.10004
17110,2,2_3,0.24,0.067,0.0832
17111,2,2_3,0.24,0.05835,0.10004
17112,2,2_3,0.24,0.03632,0.07446
17113,2,2_3,0.24,0.05048,0.0843
17114,2,2_3,0.24,0.0438,0.07214
17115,2,2_3,0.24,0.03784,0.0902
17116,2,2_3,0.24,0.04776,0.0758
17117,2,2_3,0.24,0.02472,0.1185
17118,2,2_3,0.24,0.1501,0.1252
17119,2,2_3,0.24,0.03052,0.1053
17120,2,2_3,0.24,0.0464,0.0821
17121,2,2_3,0.24,0.02927,0.08466
17122,2,2_3,0.24,0.1466,0.0807
17123,2,2_3,0.24,0.078,0.0891
17124,2,2_3,0.24,0.03455,0.10046
17125,2,2_3,0.24,0.03522,0.081
17126,2,2_3,0.24,0.02975,0.0834
17127,2,2_3,0.24,0.10004,0.0829
17128,2,2_3,0.24,0.047,0.0983
17129,2,2_3,0.24,0.0663,0.07764
17130,2,2_3,0.24,0.0672,0.08484
17131,2,2_3,0.24,0.0679,0.0803
17132,2,2_3,0.24,0.05182,0.09735
17133,2,2_3,0.24,0.0328,0.0993
17134,2,2_3,0.24,0.05835,0.084
17135,2,2_3,0.24,0.0934,0.08966
17136,2,2_3,0.24,0.0596,0.1006
17137,2,2_3,0.24,0.0603,0.07666
17138,2,2_3,0.24,0.07227,0.097
17139,2,2_3,0.24,0.04193,0.0748
17140,2,2_3,0.24,0.03014,0.087
17141,2,2_3,0.24,0.0412,0.0916
17142,2,2_3,0.24,0.06323,0.08014
17143,2,2_3,0.24,0.04187,0.0857
17144,2,2_3,0.24,0.0331,0.06964
17145,2,2_3,0.24,0.03537,0.09247
17146,2,2_3,0.24,0.02643,0.0907
17147,2,2_3,0.24,0.05435,0.08386
17148,2,2_3,0.24,0.03534,0.09344
17149,2,2_3,0.24,0.0826,0.1614
17150,2,2_3,0.24,0.064,0.08813
17151,2,2_3,0.24,0.04056,0.09314
17152,2,2_3,0.24,0.0596,0.0807
17153,2,2_3,0.24,0.03766,0.0808
17154,2,2_3,0.24,0.03345,0.095
17155,2,2_3,0.24,0.0408,0.0908
17156,2,2_3,0.24,0.05048,0.0957
17157,2,2_3,0.24,0.03726,0.0705
17158,2,2_3,0.24,0.07056,0.11456
17159,2,2_3,0.24,0.0417,0.083
17160,2,2_3,0.24,0.0861,0.08105
17161,2,2_3,0.24,0.04965,0.1033
17162,2,2_3,0.24,0.102,0.0736
17163,2,2_3,0.24,0.02126,0.08575
17164,2,2_3,0.24,0.05765,0.11835
17165,2,2_3,0.24,0.0247,0.09406
17166,2,2_3,0.24,0.03867,0.0817
17167,2,2_3,0.24,0.0525,0.0877
17168,2,2_3,0.24,0.08527,0.0822
17169,2,2_3,0.24,0.04932,0.0738
17170,2,2_3,0.24,0.0412,0.07495
17171,2,2_3,0.24,0.03882,0.1085
17172,2,2_3,0.24,0.0333,0.0875
17173,2,2_3,0.24,0.07275,0.1061
17174,2,2_3,0.24,0.0868,0.1415
17175,2,2_3,0.24,0.03653,0.08356
17176,2,2_3,0.24,0.0676,0.11633
17177,2,2_3,0.24,0.04297,0.1027
17178,2,2_3,0.24,0.0758,0.1076
17179,2,2_3,0.24,0.0314,0.0808
17180,2,2_3,0.24,0.12024,0.08496
17181,2,2_3,0.24,0.05508,0.08765
17182,2,2_3,0.24,0.03717,0.0727
17183,2,2_3,0.24,0.0433,0.08923
17184,2,2_3,0.24,0.0525,0.0826
17185,2,2_3,0.24,0.0246,0.0871
17186,2,2_3,0.24,0.04224,0.0898
17187,2,2_3,0.24,0.03049,0.0822
17188,2,2_3,0.24,0.03918,0.08984
17189,2,2_3,0.24,0.0356,0.07446
17190,2,2_3,0.24,0.05157,0.1017
17191,2,2_3,0.24,0.0464,0.0984
17192,2,2_3,0.24,0.02274,0.0768
17193,2,2_3,0.24,0.0435,0.0781
17194,2,2_3,0.24,0.08044,0.08624
17195,2,2_3,0.24,0.03714,0.0766
17196,2,2_3,0.24,0.05515,0.1433
17197,2,2_3,0.24,0.0988,0.0761
17198,2,2_3,0.24,0.0385,0.09326
17199,2,2_3,0.24,0.05417,0.0918
17200,2,2_3,0.24,0.03226,0.09424
17201,2,2_3,0.24,0.03014,0.1022
17202,2,2_3,0.24,0.0393,0.0796
17203,2,2_3,0.24,0.0766,0.07635
17204,2,2_3,0.24,0.04074,0.08075
17205,2,2_3,0.24,0.0468,0.10126
17206,2,2_3,0.24,0.1114,0.0985
17207,2,2_3,0.24,0.0437,0.0925
17208,2,2_3,0.24,0.03287,0.0799
17209,2,2_3,0.24,0.0836,0.10913
17210,2,2_3,0.24,0.0868,0.08716
17211,2,2_3,0.24,0.0574,0.08716
17212,2,2_3,0.24,0.1103,0.09296
17213,2,2_3,0.24,0.08044,0.10144
17214,2,2_3,0.24,0.0271,0.10974
17215,2,2_3,0.24,0.03595,0.08844
17216,2,2_3,0.24,0.0532,0.112
17217,2,2_3,0.24,0.03067,0.0786
17218,2,2_3,0.24,0.03958,0.10565
17219,2,2_3,0.24,0.03824,0.0845
17220,2,2_3,0.24,0.1023,0.0717
17221,2,2_3,0.24,0.08997,0.1037
17222,2,2_3,0.24,0.07684,0.08765
17223,2,2_3,0.24,0.07587,0.08417
17224,2,2_3,0.24,0.0657,0.0985
17225,2,2_3,0.24,0.02885,0.0805
17226,2,2_3,0.24,0.035,0.08014
17227,2,2_3,0.24,0.032,0.0729
17228,2,2_3,0.24,0.0559,0.07477
17229,2,2_3,0.24,0.04575,0.0957
17230,2,2_3,0.24,0.05774,0.08075
17231,2,2_3,0.24,0.0654,0.0768
17232,2,2_3,0.24,0.03574,0.09735
17233,2,2_3,0.24,0.04868,0.1193
17234,2,2_3,0.24,0.0406,0.0828
17235,2,2_3,0.24,0.0979,0.0944
17236,2,2_3,0.24,0.101,0.08685
17237,2,2_3,0.24,0.1196,0.1315
17238,2,2_3,0.24,0.0634,0.10425
17239,2,2_3,0.24,0.03204,0.08545
17240,2,2_3,0.24,0.0904,0.10114
17241,2,2_3,0.24,0.09534,0.09674
17242,2,2_3,0.24,0.0517,0.084
17243,2,2_3,0.24,0.1307,0.11914
17244,2,2_3,0.24,0.04022,0.09076
17245,2,2_3,0.24,0.0336,0.09143
17246,2,2_3,0.24,0.0561,0.07996
17247,2,2_3,0.24,0.03824,0.0783
17248,2,2_3,0.24,0.02568,0.1054
17249,2,2_3,0.24,0.08356,0.1027
17250,2,2_3,0.24,0.03613,0.1153
17251,2,2_3,0.24,0.05215,0.08014
17252,2,2_3,0.24,0.0322,0.0743
17253,2,2_3,0.24,0.0527,0.09503
17254,2,2_3,0.24,0.0765,0.08936
17255,2,2_3,0.24,0.0727,0.0906
17256,2,2_3,0.24,0.0335,0.0954
17257,2,2_3,0.24,0.05713,0.0795
17258,2,2_3,0.24,0.0523,0.1157
17259,2,2_3,0.24,0.04214,0.1007
17260,2,2_3,0.24,0.05667,0.11365
17261,2,2_3,0.24,0.0735,0.09546
17262,2,2_3,0.24,0.03186,0.0968
17263,2,2_3,0.24,0.0797,0.0967
17264,2,2_3,0.24,0.1193,0.0785
17265,2,2_3,0.24,0.04504,0.1154
17266,2,2_3,0.24,0.02904,0.0887
17267,2,2_3,0.24,0.03833,0.08344
17268,2,2_3,0.24,0.05746,0.09106
17269,2,2_3,0.24,0.0977,0.10016
17270,2,2_3,0.24,0.05078,0.0817
17271,2,2_3,0.24,0.037,0.131
17272,2,2_3,0.24,0.0638,0.08575
17273,2,2_3,0.24,0.04913,0.0905
17274,2,2_3,0.24,0.03464,0.08484
17275,2,2_3,0.24,0.03955,0.0928
17276,2,2_3,0.24,0.04346,0.1101
17277,2,2_3,0.24,0.05682,0.11523
17278,2,2_3,0.24,0.07196,0.0857
17279,2,2_3,0.24,0.03854,0.0888
17280,2,2_3,0.24,0.03314,0.10394
17281,2,2_3,0.24,0.0606,0.0843
17282,2,2_3,0.24,0.0273,0.07556
17283,2,2_3,0.24,0.0457,0.1142
17284,2,2_3,0.24,0.03564,0.08527
17285,2,2_3,0.24,0.03458,0.08496
17286,2,2_3,0.24,0.07465,0.0818
17287,2,2_3,0.24,0.0454,0.08246
17288,2,2_3,0.24,0.0299,0.1119
17289,2,2_3,0.24,0.02669,0.0964
17290,2,2_3,0.24,0.0651,0.1169
17291,2,2_3,0.24,0.02936,0.0848
17292,2,2_3,0.24,0.04678,0.0813
17293,2,2_3,0.24,0.0631,0.0824
17294,2,2_3,0.24,0.04153,0.07947
17295,2,2_3,0.24,0.0462,0.07806
17296,2,2_3,0.24,0.02545,0.0825
17297,2,2_3,0.24,0.05014,0.11285
17298,2,2_3,0.24,0.0585,0.08997
17299,2,2_3,0.24,0.0381,0.0923
17300,2,2_3,0.24,0.04126,0.09155
17301,2,2_3,0.24,0.05228,0.1014
17302,2,2_3,0.24,0.06088,0.08704
17303,2,2_3,0.24,0.04468,0.08966
17304,2,2_3,0.24,0.043,0.1101
17305,2,2_3,0.24,0.04156,0.1072
17306,2,2_3,0.24,0.03528,0.11096
17307,2,2_3,0.24,0.0525,0.07556
17308,2,2_3,0.24,0.0499,0.09485
17309,2,2_3,0.24,0.0433,0.0803
17310,2,2_3,0.24,0.02827,0.0844
17311,2,2_3,0.24,0.0706,0.1027
17312,2,2_3,0.24,0.0346,0.0799
17313,2,2_3,0.24,0.10974,0.082
17314,2,2_3,0.24,0.0522,0.08887
17315,2,2_3,0.24,0.04367,0.09894
17316,2,2_3,0.24,0.1572,0.0876
17317,2,2_3,0.24,0.02516,0.1042
17318,2,2_3,0.24,0.03818,0.0862
17319,2,2_3,0.24,0.05618,0.1042
17320,2,2_3,0.24,0.0387,0.0856
17321,2,2_3,0.24,0.04926,0.08075
17322,2,2_3,0.24,0.0368,0.0722
17323,2,2_3,0.24,0.07324,0.0771
17324,2,2_3,0.24,0.0672,0.0841
17325,2,2_3,0.24,0.0725,0.1029
17326,2,2_3,0.24,0.06635,0.0811
17327,2,2_3,0.24,0.04303,0.08417
17328,2,2_3,0.24,0.04855,0.0958
17329,2,2_3,0.24,0.0536,0.0848
17330,2,2_3,0.24,0.0318,0.1023
17331,2,2_3,0.24,0.0283,0.0753
17332,2,2_3,0.24,0.0344,0.07623
17333,2,2_3,0.24,0.0894,0.1064
17334,2,2_3,0.24,0.0778,0.0916
17335,2,2_3,0.24,0.04776,0.09717
17336,2,2_3,0.24,0.03078,0.07465
17337,2,2_3,0.24,0.03262,0.0912
17338,2,2_3,0.24,0.06003,0.0841
17339,2,2_3,0.24,0.04974,0.11475
17340,2,2_3,0.24,0.08856,0.0946
17341,2,2_3,0.24,0.0753,0.0985
17342,2,2_3,0.24,0.04517,0.1146
17343,2,2_3,0.24,0.02925,0.0821
17344,2,2_3,0.24,0.04773,0.1349
17345,2,2_3,0.24,0.04578,0.0888
17346,2,2_3,0.24,0.02707,0.0835
17347,2,2_3,0.24,0.03574,0.07794
17348,2,2_3,0.24,0.0444,0.0786
17349,2,2_3,0.24,0.0499,0.08093
17350,2,2_3,0.24,0.05356,0.08453
17351,2,2_3,0.24,0.0328,0.11676
17352,2,2_3,0.24,0.06866,0.0829
17353,2,2_3,0.24,0.0343,0.0929
17354,2,2_3,0.24,0.05798,0.07837
17355,2,2_3,0.24,0.06604,0.08435
17356,2,2_3,0.24,0.08856,0.11426
17357,2,2_3,0.24,0.04352,0.078
17358,2,2_3,0.24,0.03574,0.08496
17359,2,2_3,0.24,0.05457,0.1101
17360,2,2_3,0.24,0.1288,0.0907
17361,2,2_3,0.24,0.04428,0.0979
17362,2,2_3,0.24,0.036,0.08636
17363,2,2_3,0.24,0.04025,0.0885
17364,2,2_3,0.24,0.038,0.0878
17365,2,2_3,0.24,0.03284,0.09705
17366,2,2_3,0.24,0.0593,0.10046
17367,2,2_3,0.24,0.06635,0.07635
17368,2,2_3,0.24,0.03525,0.09814
17369,2,2_3,0.24,0.08,0.1069
17370,2,2_3,0.24,0.0319,0.1081
17371,2,2_3,0.24,0.03934,0.0877
17372,2,2_3,0.24,0.03123,0.0896
17373,2,2_3,0.24,0.0264,0.08075
17374,2,2_3,0.24,0.06915,0.09546
17375,2,2_3,0.24,0.07245,0.0728
17376,2,2_3,0.24,0.02795,0.1001
17377,2,2_3,0.24,0.08124,0.1084
17378,2,2_3,0.24,0.06946,0.08203
17379,2,2_3,0.24,0.10645,0.0858
17380,2,2_3,0.24,0.0638,0.09296
17381,2,2_3,0.24,0.0452,0.0858
17382,2,2_3,0.24,0.0409,0.0985
17383,2,2_3,0.24,0.0493,0.10425
17384,2,2_3,0.24,0.04193,0.10767
17385,2,2_3,0.24,0.0475,0.1028
17386,2,2_3,0.24,0.05557,0.09607
17387,2,2_3,0.24,0.07556,0.0973
17388,2,2_3,0.24,0.03564,0.0836
17389,2,2_3,0.24,0.0182,0.0882
17390,2,2_3,0.24,0.03506,0.0746
17391,2,2_3,0.24,0.02785,0.1092
17392,2,2_3,0.24,0.02556,0.0991
17393,2,2_3,0.24,0.09265,0.0913
17394,2,2_3,0.24,0.0714,0.07874
17395,2,2_3,0.24,0.0222,0.08966
17396,2,2_3,0.24,0.02834,0.0888
17397,2,2_3,0.24,0.05804,0.0954
17398,2,2_3,0.24,0.03882,0.0771
17399,2,2_3,0.24,0.02602,0.10254
17400,2,2_3,0.24,0.06073,0.1042
17401,2,2_3,0.24,0.0925,0.1113
17402,2,2_3,0.24,0.02238,0.0996
17403,2,2_3,0.24,0.0692,0.09015
17404,2,2_3,0.24,0.03726,0.0912
17405,2,2_3,0.24,0.0324,0.0802
17406,2,2_3,0.24,0.0359,0.11523
17407,2,2_3,0.24,0.0393,0.09467
17408,2,2_3,0.24,0.0627,0.0887
17409,2,2_3,0.24,0.07513,0.09344
17410,2,2_3,0.24,0.02623,0.079
17411,2,2_3,0.24,0.02591,0.0756
17412,2,2_3,0.24,0.04007,0.0821
17413,2,2_3,0.24,0.03662,0.0706
17414,2,2_3,0.24,0.03278,0.0782
17415,2,2_3,0.24,0.06015,0.08215
17416,2,2_3,0.24,0.0858,0.0741
17417,2,2_3,0.24,0.05997,0.10956
17418,2,2_3,0.24,0.1462,0.0931
17419,2,2_3,0.24,0.0412,0.09076
17420,2,2_3,0.24,0.0786,0.08923
17421,2,2_3,0.24,0.05197,0.09216
17422,2,2_3,0.24,0.0232,0.08734
17423,2,2_3,0.24,0.0348,0.0751
17424,2,2_3,0.24,0.03748,0.0922
17425,2,2_3,0.24,0.02342,0.07635
17426,2,2_3,0.24,0.05634,0.093
17427,2,2_3,0.24,0.078,0.0872
17428,2,2_3,0.24,0.02734,0.0745
17429,2,2_3,0.24,0.04376,0.07715
17430,2,2_3,0.24,0.04404,0.10004
17431,2,2_3,0.24,0.02322,0.0834
17432,2,2_3,0.24,0.03403,0.0966
17433,2,2_3,0.24,0.0572,0.1025
17434,2,2_3,0.24,0.03084,0.07434
17435,2,2_3,0.24,0.10925,0.0797
17436,2,2_3,0.24,0.07043,0.1144
17437,2,2_3,0.24,0.06445,0.0921
17438,2,2_3,0.24,0.02426,0.075
17439,2,2_3,0.24,0.03882,0.09326
17440,2,2_3,0.24,0.1263,0.077
17441,2,2_3,0.24,0.07336,0.1113
17442,2,2_3,0.24,0.07184,0.0782
17443,2,2_3,0.24,0.02348,0.0851
17444,2,2_3,0.24,0.06097,0.1076
17445,2,2_3,0.24,0.06183,0.0783
17446,2,2_3,0.24,0.0784,0.0882
17447,2,2_3,0.24,0.02396,0.0817
17448,2,2_3,0.24,0.063,0.0953
17449,2,2_3,0.24,0.0594,0.0782
17450,2,2_3,0.24,0.1572,0.09827
17451,2,2_3,0.24,0.05966,0.08014
17452,2,2_3,0.24,0.0591,0.0766
17453,2,2_3,0.24,0.05707,0.0867
17454,2,2_3,0.24,0.03995,0.0919
17455,2,2_3,0.24,0.0796,0.0893
17456,2,2_3,0.24,0.1185,0.10223
17457,2,2_3,0.24,0.07086,0.0859
17458,2,2_3,0.24,0.03348,0.0784
17459,2,2_3,0.24,0.0294,0.0813
17460,2,2_3,0.24,0.0607,0.0749
17461,2,2_3,0.24,0.02873,0.0773
17462,2,2_3,0.24,0.04156,0.07996
17463,2,2_3,0.24,0.05917,0.1321
17464,2,2_3,0.24,0.06714,0.0918
17465,2,2_3,0.24,0.1165,0.1265
17466,2,2_3,0.24,0.03763,0.09576
17467,2,2_3,0.24,0.0276,0.0979
17468,2,2_3,0.24,0.0782,0.0836
17469,2,2_3,0.24,0.03772,0.0947
17470,2,2_3,0.24,0.04608,0.1104
17471,2,2_3,0.24,0.0662,0.09894
17472,2,2_3,0.24,0.06174,0.0747
17473,2,2_3,0.24,0.03662,0.08307
17474,2,2_3,0.24,0.03854,0.0992
17475,2,2_3,0.24,0.0679,0.1108
17476,2,2_3,0.24,0.03757,0.0773
17477,2,2_3,0.24,0.0455,0.08325
17478,2,2_3,0.24,0.1378,0.0779
17479,2,2_3,0.24,0.08044,0.10754
17480,2,2_3,0.24,0.04095,0.0782
17481,2,2_3,0.24,0.0655,0.0949
17482,2,2_3,0.24,0.0813,0.0729
17483,2,2_3,0.24,0.05765,0.0885
17484,2,2_3,0.24,0.0717,0.09656
17485,2,2_3,0.24,0.03104,0.08484
17486,2,2_3,0.24,0.038,0.08563
17487,2,2_3,0.24,0.027,0.1019
17488,2,2_3,0.24,0.03842,0.093
17489,2,2_3,0.24,0.0707,0.0783
17490,2,2_3,0.24,0.0387,0.0789
17491,2,2_3,0.24,0.05005,0.0718
17492,2,2_3,0.24,0.03983,0.07684
17493,2,2_3,0.24,0.03506,0.0958
17494,2,2_3,0.24,0.03555,0.0979
17495,2,2_3,0.24,0.03574,0.0959
17496,2,2_3,0.24,0.0786,0.0853
17497,2,2_3,0.24,0.03635,0.09283
17498,2,2_3,0.24,0.0399,0.12036
17499,2,2_3,0.24,0.0428,0.0904
17500,2,2_3,0.24,0.04297,0.1006
17501,2,2_3,0.24,0.08954,0.08154
17502,2,2_3,0.24,0.1025,0.07416
17503,2,2_3,0.24,0.06244,0.08636
17504,2,2_3,0.24,0.03043,0.0855
17505,2,2_3,0.24,0.04837,0.10223
17506,2,2_3,0.24,0.0455,0.0859
17507,2,2_3,0.24,0.11707,0.1024
17508,2,2_3,0.24,0.09753,0.0881
17509,2,2_3,0.24,0.03662,0.1002
17510,2,2_3,0.24,0.0887,0.07837
17511,2,2_3,0.24,0.02577,0.1119
17512,2,2_3,0.24,0.06696,0.11615
17513,2,2_3,0.24,0.0357,0.08716
17514,2,2_3,0.24,0.0361,0.0886
17515,2,2_3,0.24,0.02972,0.0969
17516,2,2_3,0.24,0.04117,0.1234
17517,2,2_3,0.24,0.02846,0.1006
17518,2,2_3,0.24,0.0257,0.0984
17519,2,2_3,0.24,0.03217,0.07697
17520,2,2_3,0.24,0.0322,0.09283
17521,2,2_3,0.24,0.04865,0.0871
17522,2,2_3,0.24,0.03476,0.0934
17523,2,2_3,0.24,0.10016,0.1306
17524,2,2_3,0.24,0.0772,0.09985
17525,2,2_3,0.24,0.04895,0.07446
17526,2,2_3,0.24,0.0873,0.11224
17527,2,2_3,0.24,0.0502,0.0903
17528,2,2_3,0.24,0.0384,0.08765
17529,2,2_3,0.24,0.03445,0.1355
17530,2,2_3,0.24,0.04297,0.0878
17531,2,2_3,0.24,0.0465,0.10223
17532,2,2_3,0.24,0.0556,0.0815
17533,2,2_3,0.24,0.0459,0.08215
17534,2,2_3,0.24,0.0884,0.106
17535,2,2_3,0.24,0.0543,0.11536
17536,2,2_3,0.24,0.1226,0.0917
17537,2,2_3,0.24,0.0248,0.0701
17538,2,2_3,0.24,0.03314,0.07654
17539,2,2_3,0.24,0.04007,0.0856
17540,2,2_3,0.24,0.07825,0.0979
17541,2,2_3,0.24,0.03616,0.08984
17542,2,2_3,0.24,0.02356,0.0838
17543,2,2_3,0.24,0.02805,0.1006
17544,2,2_3,0.24,0.06854,0.10034
17545,2,2_3,0.24,0.05215,0.1148
17546,2,2_3,0.24,0.10925,0.09033
17547,2,2_3,0.24,0.01874,0.0805
17548,2,2_3,0.24,0.04587,0.08826
17549,2,2_3,0.24,0.0776,0.0874
17550,2,2_3,0.24,0.04285,0.1348
17551,2,2_3,0.24,0.0582,0.0941
17552,2,2_3,0.24,0.03613,0.08167
17553,2,2_3,0.24,0.04245,0.08905
17554,2,2_3,0.24,0.1691,0.08673
17555,2,2_3,0.24,0.04462,0.08875
17556,2,2_3,0.24,0.06665,0.0903
17557,2,2_3,0.24,0.03235,0.0805
17558,2,2_3,0.24,0.0333,0.0804
17559,2,2_3,0.24,0.0827,0.0822
17560,2,2_3,0.24,0.02528,0.10126
17561,2,2_3,0.24,0.0659,0.11194
17562,2,2_3,0.24,0.0534,0.08203
17563,2,2_3,0.24,0.02399,0.0779
17564,2,2_3,0.24,0.0589,0.0908
17565,2,2_3,0.24,0.02942,0.075
17566,2,2_3,0.24,0.03714,0.0918
17567,2,2_3,0.24,0.057,0.0863
17568,2,2_3,0.24,0.04095,0.1018
17569,2,2_3,0.24,0.02621,0.10175
17570,2,2_3,0.24,0.0305,0.0773
17571,2,2_3,0.24,0.05817,0.0951
17572,2,2_3,0.24,0.1008,0.1048
17573,2,2_3,0.24,0.0509,0.07935
17574,2,2_3,0.24,0.046,0.08716
17575,2,2_3,0.24,0.04642,0.0796
17576,2,2_3,0.24,0.1761,0.11005
17577,2,2_3,0.24,0.09296,0.086
17578,2,2_3,0.24,0.04684,0.0942
17579,2,2_3,0.24,0.04782,0.08057
17580,2,2_3,0.24,0.05164,0.0971
17581,2,2_3,0.24,0.03546,0.1288
17582,2,2_3,0.24,0.03302,0.0958
17583,2,2_3,0.24,0.04874,0.0859
17584,2,2_3,0.24,0.06128,0.0907
17585,2,2_3,0.24,0.04163,0.109
17586,2,2_3,0.24,0.04968,0.09796
17587,2,2_3,0.24,0.02913,0.0933
17588,2,2_3,0.24,0.0426,0.09076
17589,2,2_3,0.24,0.1142,0.0807
17590,2,2_3,0.24,0.04694,0.1032
17591,2,2_3,0.24,0.04776,0.0935
17592,2,2_3,0.24,0.05148,0.0837
17593,2,2_3,0.24,0.1434,0.12225
17594,2,2_3,0.24,0.03723,0.0769
17595,2,2_3,0.24,0.0966,0.0815
17596,2,2_3,0.24,0.02994,0.09064
17597,2,2_3,0.24,0.1158,0.10706
17598,2,2_3,0.24,0.07056,0.09204
17599,2,2_3,0.24,0.1686,0.08716
17600,2,2_3,0.24,0.05267,0.08124
17601,2,2_3,0.24,0.0878,0.08496
17602,2,2_3,0.24,0.0347,0.0923
17603,2,2_3,0.24,0.04218,0.0991
17604,2,2_3,0.24,0.04022,0.08215
17605,2,2_3,0.24,0.05127,0.1098
17606,2,2_3,0.24,0.0965,0.1049
17607,2,2_3,0.24,0.06714,0.086
17608,2,2_3,0.24,0.04572,0.1007
17609,2,2_3,0.24,0.06244,0.0769
17610,2,2_3,0.24,0.0582,0.0973
17611,2,2_3,0.24,0.05798,0.07935
17612,2,2_3,0.24,0.0343,0.0909
17613,2,2_3,0.24,0.0718,0.10205
17614,2,2_3,0.24,0.0675,0.0871
17615,2,2_3,0.24,0.01878,0.0965
17616,2,2_3,0.24,0.02863,0.08075
17617,2,2_3,0.24,0.0366,0.07935
17618,2,2_3,0.24,0.0874,0.0831
17619,2,2_3,0.24,0.04245,0.0939
17620,2,2_3,0.24,0.0741,0.09216
17621,2,2_3,0.24,0.03665,0.08075
17622,2,2_3,0.24,0.09283,0.1029
17623,2,2_3,0.24,0.0247,0.1107
17624,2,2_3,0.24,0.0479,0.1267
17625,2,2_3,0.24,0.0841,0.0703
17626,2,2_3,0.24,0.0603,0.0899
17627,2,2_3,0.24,0.03928,0.09155
17628,2,2_3,0.24,0.02362,0.10425
17629,2,2_3,0.24,0.04266,0.0815
17630,2,2_3,0.24,0.06824,0.1084
17631,2,2_3,0.24,0.03262,0.09357
17632,2,2_3,0.24,0.08203,0.10364
17633,2,2_3,0.24,0.03009,0.0893
17634,2,2_3,0.24,0.02608,0.08746
17635,2,2_3,0.24,0.03662,0.1137
17636,2,2_3,0.24,0.05972,0.09686
17637,2,2_3,0.24,0.04596,0.08826
17638,2,2_3,0.24,0.05045,0.0857
17639,2,2_3,0.24,0.02519,0.0843
17640,2,2_3,0.24,0.0894,0.07385
17641,2,2_3,0.24,0.02887,0.08325
17642,2,2_3,0.24,0.073,0.0902
17643,2,2_3,0.24,0.04724,0.10626
17644,2,2_3,0.24,0.0951,0.0841
17645,2,2_3,0.24,0.04855,0.0805
17646,2,2_3,0.24,0.0427,0.0803
17647,2,2_3,0.24,0.02684,0.1155
17648,2,2_3,0.24,0.04138,0.0745
17649,2,2_3,0.24,0.02519,0.0919
17650,2,2_3,0.24,0.03815,0.09406
17651,2,2_3,0.24,0.02931,0.0825
17652,2,2_3,0.24,0.03165,0.0811
17653,2,2_3,0.24,0.0425,0.08386
17654,2,2_3,0.24,0.03812,0.0966
17655,2,2_3,0.24,0.0427,0.1039
17656,2,2_3,0.24,0.04193,0.072
17657,2,2_3,0.24,0.1025,0.0927
17658,2,2_3,0.24,0.086,0.07764
17659,2,2_3,0.24,0.0862,0.1227
17660,2,2_3,0.24,0.03577,0.08777
17661,2,2_3,0.24,0.0346,0.105
17662,2,2_3,0.24,0.0317,0.10034
17663,2,2_3,0.24,0.06036,0.1
17664,2,2_3,0.24,0.04294,0.0841
17665,2,2_3,0.24,0.03085,0.1178
17666,2,2_3,0.24,0.04355,0.0941
17667,2,2_3,0.24,0.05746,0.1025
17668,2,2_3,0.24,0.0599,0.09357
17669,2,2_3,0.24,0.05096,0.0936
17670,2,2_3,0.24,0.04755,0.09454
17671,2,2_3,0.24,0.05707,0.0962
17672,2,2_3,0.24,0.1827,0.08655
17673,2,2_3,0.24,0.05347,0.0841
17674,2,2_3,0.24,0.05392,0.0952
17675,2,2_3,0.24,0.09845,0.086
17676,2,2_3,0.24,0.04208,0.10693
17677,2,2_3,0.24,0.04025,0.1035
17678,2,2_3,0.24,0.11456,0.082
17679,2,2_3,0.24,0.05618,0.10175
17680,2,2_3,0.24,0.05023,0.1009
17681,2,2_3,0.24,0.0396,0.1254
17682,2,2_3,0.24,0.0328,0.08246
17683,2,2_3,0.24,0.10974,0.1516
17684,2,2_3,0.24,0.05954,0.1008
17685,2,2_3,0.24,0.06287,0.1148
17686,2,2_3,0.24,0.02583,0.0876
17687,2,2_3,0.24,0.0856,0.1111
17688,2,2_3,0.24,0.05536,0.0896
17689,2,2_3,0.24,0.0542,0.0955
17690,2,2_3,0.24,0.09375,0.082
17691,2,2_3,0.24,0.0363,0.0793
17692,2,2_3,0.24,0.03006,0.08514
17693,2,2_3,0.24,0.07513,0.073
17694,2,2_3,0.24,0.1315,0.0864
17695,2,2_3,0.24,0.03125,0.0894
17696,2,2_3,0.24,0.1092,0.1016
17697,2,2_3,0.24,0.0594,0.08594
17698,2,2_3,0.24,0.0784,0.09595
17699,2,2_3,0.24,0.0695,0.1241
17700,2,2_3,0.24,0.04205,0.0826
17701,2,2_3,0.24,0.03708,0.102
17702,2,2_3,0.24,0.05164,0.0907
17703,2,2_3,0.24,0.08716,0.09595
17704,2,2_3,0.24,0.05573,0.1022
17705,2,2_3,0.24,0.0778,0.0996
17706,2,2_3,0.24,0.10767,0.1001
17707,2,2_3,0.24,0.0599,0.0956
17708,2,2_3,0.24,0.08246,0.1089
17709,2,2_3,0.24,0.03735,0.0894
17710,2,2_3,0.24,0.02367,0.0793
17711,2,2_3,0.24,0.02682,0.0869
17712,2,2_3,0.24,0.0581,0.09503
17713,2,2_3,0.24,0.0631,0.08594
17714,2,2_3,0.24,0.05765,0.0848
17715,2,2_3,0.24,0.04718,0.08466
17716,2,2_3,0.24,0.03146,0.0769
17717,2,2_3,0.24,0.02362,0.0919
17718,2,2_3,0.24,0.09357,0.10266
17719,2,2_3,0.24,0.07166,0.0895
17720,2,2_3,0.24,0.04388,0.0983
17721,2,2_3,0.24,0.02814,0.08466
17722,2,2_3,0.24,0.1423,0.0792
17723,2,2_3,0.24,0.04553,0.08
17724,2,2_3,0.24,0.02902,0.10406
17725,2,2_3,0.24,0.02217,0.0945
17726,2,2_3,0.24,0.05676,0.1294
17727,2,2_3,0.24,0.03117,0.0949
17728,2,2_3,0.24,0.03247,0.1093
17729,2,2_3,0.24,0.06128,0.1008
17730,2,2_3,0.24,0.1092,0.08923
17731,2,2_3,0.24,0.0474,0.0817
17732,2,2_3,0.24,0.04153,0.08685
17733,2,2_3,0.24,0.02837,0.1187
17734,2,2_3,0.24,0.02963,0.08685
17735,2,2_3,0.24,0.02556,0.1137
17736,2,2_3,0.24,0.02455,0.1003
17737,2,2_3,0.24,0.02875,0.0776
17738,2,2_3,0.24,0.0655,0.1007
17739,2,2_3,0.24,0.02599,0.07526
17740,2,2_3,0.24,0.05838,0.086
17741,2,2_3,0.24,0.0416,0.0863
17742,2,2_3,0.24,0.10254,0.0938
17743,2,2_3,0.24,0.0858,0.1137
17744,2,2_3,0.24,0.052,0.1023
17745,2,2_3,0.24,0.02936,0.1076
17746,2,2_3,0.24,0.0512,0.0975
17747,2,2_3,0.24,0.04108,0.09656
17748,2,2_3,0.24,0.03717,0.07855
17749,2,2_3,0.24,0.13,0.1189
17750,2,2_3,0.24,0.11273,0.08014
17751,2,2_3,0.24,0.03632,0.08765
17752,2,2_3,0.24,0.09155,0.0931
17753,2,2_3,0.24,0.05466,0.0876
17754,2,2_3,0.24,0.04935,0.08325
17755,2,2_3,0.24,0.02591,0.0872
17756,2,2_3,0.24,0.1112,0.0933
17757,2,2_3,0.24,0.05093,0.08685
17758,2,2_3,0.24,0.06537,0.0745
17759,2,2_3,0.24,0.03156,0.09344
17760,2,2_3,0.24,0.05054,0.08374
17761,2,2_3,0.24,0.0378,0.0733
17762,2,2_3,0.24,0.0643,0.136
17763,2,2_3,0.24,0.09125,0.0743
17764,2,2_3,0.24,0.0342,0.0886
17765,2,2_3,0.24,0.0696,0.0936
17766,2,2_3,0.24,0.0998,0.0889
17767,2,2_3,0.24,0.04514,0.08624
17768,2,2_3,0.24,0.02908,0.07513
17769,2,2_3,0.24,0.03372,0.1255
17770,2,2_3,0.24,0.03568,0.11707
17771,2,2_3,0.24,0.054,0.0865
17772,2,2_3,0.24,0.04004,0.11786
17773,2,2_3,0.24,0.0751,0.0936
17774,2,2_3,0.24,0.07544,0.08307
17775,2,2_3,0.24,0.0638,0.0934
17776,2,2_3,0.24,0.0532,0.0741
17777,2,2_3,0.24,0.0377,0.07733
17778,2,2_3,0.24,0.05307,0.12225
17779,2,2_3,0.24,0.02818,0.0876
17780,2,2_3,0.24,0.03336,0.0868
17781,2,2_3,0.24,0.0544,0.08563
17782,2,2_3,0.24,0.1918,0.0818
17783,2,2_3,0.24,0.0691,0.08765
17784,2,2_3,0.24,0.06354,0.09924
17785,2,2_3,0.24,0.0797,0.0809
17786,2,2_3,0.24,0.02643,0.0838
17787,2,2_3,0.24,0.04718,0.0859
17788,2,2_3,0.24,0.0743,0.08514
17789,2,2_3,0.24,0.0631,0.10614
17790,2,2_3,0.24,0.02695,0.073
17791,2,2_3,0.24,0.03366,0.08167
17792,2,2_3,0.24,0.0683,0.08514
17793,2,2_3,0.24,0.1488,0.0913
17794,2,2_3,0.24,0.02675,0.0951
17795,2,2_3,0.24,0.0537,0.09393
17796,2,2_3,0.24,0.10657,0.0757
17797,2,2_3,0.24,0.02872,0.1006
17798,2,2_3,0.24,0.0757,0.08453
17799,2,2_3,0.24,0.096,0.08545
17800,2,2_3,0.24,0.0349,0.0804
17801,2,2_3,0.24,0.03644,0.08984
17802,2,2_3,0.24,0.02791,0.1021
17803,2,2_3,0.24,0.0296,0.0805
17804,2,2_3,0.24,0.04446,0.10236
17805,2,2_3,0.24,0.03323,0.0804
17806,2,2_3,0.24,0.02797,0.07556
17807,2,2_3,0.24,0.06476,0.1169
17808,2,2_3,0.24,0.0958,0.08405
17809,2,2_3,0.24,0.03427,0.0818
17810,2,2_3,0.24,0.05557,0.1215
17811,2,2_3,0.24,0.07947,0.11523
17812,2,2_3,0.24,0.1048,0.075
17813,2,2_3,0.24,0.04688,0.0971
17814,2,2_3,0.24,0.04645,0.0774
17815,2,2_3,0.24,0.0712,0.1077
17816,2,2_3,0.24,0.02608,0.0916
17817,2,2_3,0.24,0.02863,0.0884
17818,2,2_3,0.24,0.03287,0.07983
17819,2,2_3,0.24,0.05988,0.09454
17820,2,2_3,0.24,0.0426,0.1101
17821,2,2_3,0.24,0.04324,0.08954
17822,2,2_3,0.24,0.04355,0.08795
17823,2,2_3,0.24,0.03123,0.083
17824,2,2_3,0.24,0.05283,0.09863
17825,2,2_3,0.24,0.03946,0.0731
17826,2,2_3,0.24,0.07007,0.0846
17827,2,2_3,0.24,0.0554,0.1015
17828,2,2_3,0.24,0.02322,0.0738
17829,2,2_3,0.24,0.0821,0.09625
17830,2,2_3,0.24,0.06726,0.12146
17831,2,2_3,0.24,0.119,0.08
17832,2,2_3,0.24,0.0844,0.09296
17833,2,2_3,0.24,0.0847,0.10516
17834,2,2_3,0.24,0.0484,0.09296
17835,2,2_3,0.24,0.04028,0.0913
17836,2,2_3,0.24,0.03003,0.07404
17837,2,2_3,0.24,0.0527,0.087
17838,2,2_3,0.24,0.1292,0.0872
17839,2,2_3,0.24,0.0838,0.09454
17840,2,2_3,0.24,0.09576,0.0965
17841,2,2_3,0.24,0.01973,0.08606
17842,2,2_3,0.24,0.02112,0.0827
17843,2,2_3,0.24,0.11816,0.0816
17844,2,2_3,0.24,0.02002,0.1082
17845,2,2_3,0.24,0.1016,0.1001
17846,2,2_3,0.24,0.1488,0.08606
17847,2,2_3,0.24,0.04886,0.0841
17848,2,2_3,0.24,0.07623,0.09174
17849,2,2_3,0.24,0.0854,0.0982
17850,2,2_3,0.24,0.08093,0.09436
17851,2,2_3,0.24,0.06635,0.1153
17852,2,2_3,0.24,0.0635,0.09485
17853,2,2_3,0.24,0.06174,0.1012
17854,2,2_3,0.24,0.0884,0.09827
17855,2,2_3,0.24,0.04282,0.0887
17856,2,2_3,0.24,0.03558,0.0864
17857,2,2_3,0.24,0.03723,0.09753
17858,2,2_3,0.24,0.06158,0.1337
17859,2,2_3,0.24,0.03065,0.11505
17860,2,2_3,0.24,0.05493,0.0938
17861,2,2_3,0.24,0.05304,0.0885
17862,2,2_3,0.24,0.05585,0.1356
17863,2,2_3,0.24,0.0518,0.0806
17864,2,2_3,0.24,0.03674,0.10767
17865,2,2_3,0.24,0.0273,0.08124
17866,2,2_3,0.24,0.125,0.1026
17867,2,2_3,0.24,0.0373,0.0869
17868,2,2_3,0.24,0.0392,0.08905
17869,2,2_3,0.24,0.05844,0.0905
17870,2,2_3,0.24,0.04898,0.0934
17871,2,2_3,0.24,0.0347,0.102
17872,2,2_3,0.24,0.03644,0.0887
17873,2,2_3,0.24,0.04816,0.0967
17874,2,2_3,0.24,0.04486,0.09595
17875,2,2_3,0.24,0.07117,0.09094
17876,2,2_3,0.24,0.1293,0.0831
17877,2,2_3,0.24,0.02339,0.08545
17878,2,2_3,0.24,0.0368,0.0968
17879,2,2_3,0.24,0.05585,0.1023
17880,2,2_3,0.24,0.04086,0.10004
17881,2,2_3,0.24,0.0469,0.0813
17882,2,2_3,0.24,0.03867,0.08923
17883,2,2_3,0.24,0.08624,0.0795
17884,2,2_3,0.24,0.06885,0.10626
17885,2,2_3,0.24,0.08813,0.08276
17886,2,2_3,0.24,0.1056,0.1121
17887,2,2_3,0.24,0.03952,0.10474
17888,2,2_3,0.24,0.0736,0.0778
17889,2,2_3,0.24,0.0472,0.08936
17890,2,2_3,0.24,0.1841,0.09924
17891,2,2_3,0.24,0.05737,0.1044
17892,2,2_3,0.24,0.0676,0.0916
17893,2,2_3,0.24,0.02754,0.08575
17894,2,2_3,0.24,0.11615,0.0809
17895,2,2_3,0.24,0.04352,0.1048
17896,2,2_3,0.24,0.0468,0.08325
17897,2,2_3,0.24,0.0916,0.11847
17898,2,2_3,0.24,0.0777,0.09045
17899,2,2_3,0.24,0.05685,0.082
17900,2,2_3,0.24,0.0655,0.08075
17901,2,2_3,0.24,0.0292,0.08844
17902,2,2_3,0.24,0.09326,0.1058
17903,2,2_3,0.24,0.04364,0.0849
17904,2,2_3,0.24,0.02829,0.10583
17905,2,2_3,0.24,0.0479,0.1035
17906,2,2_3,0.24,0.03708,0.08984
17907,2,2_3,0.24,0.02985,0.0814
17908,2,2_3,0.24,0.03604,0.09326
17909,2,2_3,0.24,0.091,0.0857
17910,2,2_3,0.24,0.02376,0.0997
17911,2,2_3,0.24,0.03366,0.08966
17912,2,2_3,0.24,0.02835,0.07837
17913,2,2_3,0.24,0.07666,0.0769
17914,2,2_3,0.24,0.08246,0.11005
17915,2,2_3,0.24,0.046,0.08496
17916,2,2_3,0.24,0.03458,0.07245
17917,2,2_3,0.24,0.0709,0.08105
17918,2,2_3,0.24,0.0324,0.08813
17919,2,2_3,0.24,0.04575,0.0903
17920,2,2_3,0.24,0.05862,0.0844
17921,2,2_3,0.24,0.0859,0.0849
17922,2,2_3,0.24,0.0337,0.0857
17923,2,2_3,0.24,0.1283,0.0755
17924,2,2_3,0.24,0.0753,0.1115
17925,2,2_3,0.24,0.02173,0.0916
17926,2,2_3,0.24,0.04013,0.0776
17927,2,2_3,0.24,0.0658,0.1022
17928,2,2_3,0.24,0.04254,0.1015
17929,2,2_3,0.24,0.02731,0.0787
17930,2,2_3,0.24,0.03665,0.0916
17931,2,2_3,0.24,0.1097,0.07916
17932,2,2_3,0.24,0.11676,0.1791
17933,2,2_3,0.24,0.05194,0.0789
17934,2,2_3,0.24,0.0607,0.0744
17935,2,2_3,0.24,0.11774,0.08673
17936,2,2_3,0.24,0.04956,0.07996
17937,2,2_3,0.24,0.07733,0.0881
17938,2,2_3,0.24,0.06134,0.10944
17939,2,2_3,0.24,0.02896,0.0987
17940,2,2_3,0.24,0.0617,0.0999
17941,2,2_3,0.24,0.03696,0.09937
17942,2,2_3,0.24,0.05505,0.08057
17943,2,2_3,0.24,0.03693,0.09235
17944,2,2_3,0.24,0.04178,0.1054
17945,2,2_3,0.24,0.04193,0.09033
17946,2,2_3,0.24,0.0939,0.089
17947,2,2_3,0.24,0.0843,0.0908
17948,2,2_3,0.24,0.0752,0.1039
17949,2,2_3,0.24,0.03137,0.1054
17950,2,2_3,0.24,0.074,0.0805
17951,2,2_3,0.24,0.05786,0.103
17952,2,2_3,0.24,0.1056,0.11884
17953,2,2_3,0.24,0.03635,0.09406
17954,2,2_3,0.24,0.02963,0.11804
17955,2,2_3,0.24,0.02997,0.0858
17956,2,2_3,0.24,0.05475,0.08563
17957,2,2_3,0.24,0.11163,0.07855
17958,2,2_3,0.24,0.0357,0.09644
17959,2,2_3,0.24,0.06775,0.08594
17960,2,2_3,0.24,0.02544,0.10925
17961,2,2_3,0.24,0.10406,0.1164
17962,2,2_3,0.24,0.0282,0.09094
17963,2,2_3,0.24,0.07556,0.08026
17964,2,2_3,0.24,0.0665,0.0825
17965,2,2_3,0.24,0.0833,0.08093
17966,2,2_3,0.24,0.08276,0.08765
17967,2,2_3,0.24,0.0754,0.094
17968,2,2_3,0.24,0.08984,0.08295
17969,2,2_3,0.24,0.0763,0.0966
17970,2,2_3,0.24,0.04813,0.08777
17971,2,2_3,0.24,0.068,0.08264
17972,2,2_3,0.24,0.1146,0.1012
17973,2,2_3,0.24,0.0343,0.0804
17974,2,2_3,0.24,0.04,0.1112
17975,2,2_3,0.24,0.02528,0.0951
17976,2,2_3,0.24,0.05978,0.0865
17977,2,2_3,0.24,0.02777,0.1039
17978,2,2_3,0.24,0.04526,0.0965
17979,2,2_3,0.24,0.08777,0.10846
17980,2,2_3,0.24,0.1081,0.08826
17981,2,2_3,0.24,0.0676,0.083
17982,2,2_3,0.24,0.02925,0.0785
17983,2,2_3,0.24,0.1055,0.07916
17984,2,2_3,0.24,0.09564,0.1192
17985,2,2_3,0.24,0.0842,0.0922
17986,2,2_3,0.24,0.04553,0.0787
17987,2,2_3,0.24,0.09503,0.0732
17988,2,2_3,0.24,0.05893,0.0947
17989,2,2_3,0.24,0.02872,0.08716
17990,2,2_3,0.24,0.0533,0.0803
17991,2,2_3,0.24,0.0265,0.0788
17992,2,2_3,0.24,0.03268,0.0925
17993,2,2_3,0.24,0.0731,0.09894
17994,2,2_3,0.24,0.03073,0.11804
17995,2,2_3,0.24,0.08765,0.0778
17996,2,2_3,0.24,0.0743,0.0909
17997,2,2_3,0.24,0.05923,0.0808
17998,2,2_3,0.24,0.06635,0.10236
17999,2,2_3,0.24,0.0381,0.08984
